solid auto-kdk-case
facet normal -0.000044384312433878445 -0.9999999990150163 0
outer loop
vertex 41.35006332397461 -56.238162994384766 -4.949999809265137
vertex 41.35006332397461 -56.238162994384766 -9.949999809265137
vertex 51.49180603027344 -56.23861312866211 -5
endloop
endfacet
facet normal -0.00004386901851237979 -0.9999999990355901 0.000002080629883101676
outer loop
vertex 22.350061416625977 -56.23732376098633 -9.949999809265137
vertex 22.23587989807129 -56.23731994628906 -10.524024963378906
vertex 26.350061416625977 -56.23749923706055 -9.949999809265137
endloop
endfacet
facet normal 0.00019878785024811938 0.9999999569510509 -0.0002158269840815039
outer loop
vertex -44.240055084228516 56.257537841796875 -3.5
vertex -66.49168395996094 56.26250076293945 -1
vertex -44.44005584716797 56.25779342651367 -2.5
endloop
endfacet
facet normal 0.9726938795084976 0.23209182475118093 -0.000040624813869884514
outer loop
vertex 71.64884185791016 51.78466796875 -4.9469804763793945
vertex 71.62281799316406 51.89373016357422 -4.966922760009766
vertex 71.42022705078125 52.7428092956543 -4.83509635925293
endloop
endfacet
facet normal 0 0 1
outer loop
vertex 68.44719696044922 54.77785873413086 0
vertex 70.14268493652344 53.142520904541016 0
vertex 69.68500518798828 53.79221725463867 0
endloop
endfacet
facet normal 0 0 1
outer loop
vertex 68.44719696044922 54.77785873413086 0
vertex 67.67662811279297 53.492374420166016 0
vertex 68.11380767822266 53.22685623168945 0
endloop
endfacet
facet normal -0.7197573050378027 0.6942257715215703 0
outer loop
vertex -70.56719207763672 54.30116653442383 -4.781764030456543
vertex -70.56719207763672 54.30116653442383 -1
vertex -70.12874603271484 54.7557373046875 -1
endloop
endfacet
facet normal 0 0 1
outer loop
vertex 68.44719696044922 54.77785873413086 0
vertex 66.69278717041016 53.75535583496094 0
vertex 67.19721984863281 53.67067337036133 0
endloop
endfacet
facet normal -0.00004478330677666542 -0.999999998991556 0.0000033679957362453308
outer loop
vertex 40.42408752441406 -56.238121032714844 -3.564180612564087
vertex 40.91072082519531 -56.23814392089844 -3.8893399238586426
vertex 57.09180450439453 -56.238861083984375 -1.6686277389526367
endloop
endfacet
facet normal 0 0 1
outer loop
vertex -69.22966003417969 54.24744415283203 0
vertex -66.49993896484375 53.76250076293945 0
vertex -66.45677185058594 55.26249313354492 0
endloop
endfacet
facet normal -0.00004602796510435791 -0.9999999988199337 0.00001554216681766203
outer loop
vertex 54.39994430541992 -56.238739013671875 -1.5949000120162964
vertex 39.85006332397461 -56.23809814453125 -3.450000047683716
vertex 55.13463592529297 -56.238773345947266 -1.6280945539474487
endloop
endfacet
facet normal -0.5487093333212629 -0.8360131981769996 0
outer loop
vertex -58.760250091552734 26.5612850189209 -1
vertex -58.405975341796875 26.328760147094727 -6.4071478843688965
vertex -58.405975341796875 26.328760147094727 -1
endloop
endfacet
facet normal 0 0 1
outer loop
vertex 69.19291687011719 -51.25522232055664 0
vertex 69.10823822021484 -51.7596549987793 0
vertex 70.51598358154297 -52.2739372253418 0
endloop
endfacet
facet normal 0 0 1
outer loop
vertex -50.1999397277832 29.36250114440918 0
vertex -59.87204360961914 27.85568618774414 0
vertex -59.482303619384766 27.825119018554688 0
endloop
endfacet
facet normal -0.6820208781663812 -0.7313327024994564 0
outer loop
vertex -58.0960578918457 26.03973960876465 -6.460178852081299
vertex -58.405975341796875 26.328760147094727 -1
vertex -58.405975341796875 26.328760147094727 -6.4071478843688965
endloop
endfacet
facet normal 0.980442058936827 -0.19680794970659968 0
outer loop
vertex 71.47769927978516 -52.564048767089844 -1
vertex 71.67156219482422 -51.5982780456543 -10.6952543258667
vertex 71.67156219482422 -51.5982780456543 -1
endloop
endfacet
facet normal 0 0 1
outer loop
vertex -57.726131439208984 27.057750701904297 0
vertex -57.41621780395508 26.76873016357422 0
vertex -50.1999397277832 29.36250114440918 0
endloop
endfacet
facet normal 0 0 1
outer loop
vertex -68.80065155029297 30.649938583374023 0
vertex -69.0257797241211 31.109222412109375 0
vertex -68.44706726074219 28.347143173217773 0
endloop
endfacet
facet normal 0.6942189579998274 0.7197638768051878 0
outer loop
vertex 69.73872375488281 55.12975311279297 -4.835686206817627
vertex 69.73872375488281 55.12975311279297 -1
vertex 70.19327545166016 54.69133377075195 -1
endloop
endfacet
facet normal -0.9519914856720688 -0.3061245027881554 -7.694166788608081e-7
outer loop
vertex -57.56586456298828 25.0856990814209 -6.555595397949219
vertex -57.513671875 24.923389434814453 -6.600712776184082
vertex -57.643402099609375 25.326812744140625 -1
endloop
endfacet
facet normal -0.00004144955085044746 -0.9999999991370833 -0.000002787165166453135
outer loop
vertex 59.84905242919922 -56.238983154296875 -1.6280709505081177
vertex 57.89180374145508 -56.238895416259766 -4
vertex 60.58308029174805 -56.239013671875 -1.5949000120162964
endloop
endfacet
facet normal 0 0 1
outer loop
vertex -37.240055084228516 -54.5625 0
vertex 51.80046463012695 -55.024436950683594 0
vertex 51.63825225830078 -54.916053771972656 0
endloop
endfacet
facet normal 0 0 1
outer loop
vertex -48.931396484375 -55.024436950683594 0
vertex -49.09360885620117 -54.916053771972656 0
vertex -53.46137619018555 -55.07841873168945 0
endloop
endfacet
facet normal 0 0 1
outer loop
vertex -50.1999397277832 29.36250114440918 0
vertex -57.30271530151367 26.643543243408203 0
vertex -57.04607009887695 26.30632972717285 0
endloop
endfacet
facet normal -0.9975507422163705 -0.06994652745896751 0
outer loop
vertex -71.69993591308594 32.07075881958008 -1
vertex -71.64871978759766 31.340333938598633 -6.0545573234558105
vertex -71.64871978759766 31.340333938598633 -1
endloop
endfacet
facet normal -0.19681167234922747 -0.9804413116689217 -1.5746900081009508e-7
outer loop
vertex -53.751487731933594 -56.04013442993164 -1
vertex -52.81562042236328 -56.227996826171875 -10.882011413574219
vertex -52.78571701049805 -56.23400115966797 -1
endloop
endfacet
facet normal 0 0 1
outer loop
vertex -69.68488311767578 29.332782745361328 0
vertex -69.19993591308594 32.0625 0
vertex -69.19279479980469 51.255226135253906 0
endloop
endfacet
facet normal 0 0 1
outer loop
vertex -54.77577590942383 -52.015777587890625 0
vertex -54.910240173339844 -51.522274017333984 0
vertex -55.89256286621094 -53.142520904541016 0
endloop
endfacet
facet normal -0.5460094012683132 -0.8377790482738383 0
outer loop
vertex -55.48860168457031 -55.12975311279297 -1
vertex -54.663360595703125 -55.6675910949707 -10.679007530212402
vertex -54.663360595703125 -55.6675910949707 -1
endloop
endfacet
facet normal -0.00004238370971936843 -0.9999999986000365 0.00003167882586862891
outer loop
vertex -40.13922882080078 -56.23455810546875 -1.5949000120162964
vertex -40.884429931640625 -56.234527587890625 -1.6285758018493652
vertex 7.464242458343506 -56.236663818359375 -4.375974655151367
endloop
endfacet
facet normal 0.0002133602489510242 0.9999999772387019 0
outer loop
vertex 56.291805267333984 56.236297607421875 -1.100000023841858
vertex 56.291805267333984 56.236297607421875 -2.5
vertex 10.342422485351562 56.24610137939453 -1
endloop
endfacet
facet normal 0.0002134303761885848 0.999999977223737 0
outer loop
vertex -42.24007797241211 56.25732421875 -4.771388053894043
vertex -42.24007797241211 56.25732421875 -3.5
vertex 56.491825103759766 56.23625183105469 -4.812707424163818
endloop
endfacet
facet normal -0.00004432700680195744 -0.9999999989568621 0.000011017826443708888
outer loop
vertex 20.850061416625977 -56.23725509643555 -3.450000047683716
vertex 21.424087524414062 -56.237281799316406 -3.564180612564087
vertex 27.276037216186523 -56.23754119873047 -3.564180612564087
endloop
endfacet
facet normal 0 0 1
outer loop
vertex -67.070068359375 55.21949005126953 0
vertex -69.22966003417969 54.24744415283203 0
vertex -66.45677185058594 55.26249313354492 0
endloop
endfacet
facet normal -0.00004480137968970759 -0.9999999989858142 0.000004605235019816083
outer loop
vertex 39.85006332397461 -56.23809814453125 -3.450000047683716
vertex 53.75276184082031 -56.238712310791016 -1.5621885061264038
vertex 52.99180603027344 -56.238677978515625 -1.5099859237670898
endloop
endfacet
facet normal 0.719748041195793 -0.6942353759315488 0
outer loop
vertex 69.88347625732422 -55.010154724121094 -10.825228691101074
vertex 69.92717742919922 -54.964847564697266 -10.839598655700684
vertex 69.88347625732422 -55.010154724121094 -1
endloop
endfacet
facet normal -0.9975490075255837 -0.06997126247125242 0.0000035919886517163282
outer loop
vertex -71.65645599365234 31.450624465942383 -6.076059341430664
vertex -71.64871978759766 31.340333938598633 -6.0545573234558105
vertex -71.69993591308594 32.07075881958008 -1
endloop
endfacet
facet normal 0.999999961469548 -0.0002775984552878887 0
outer loop
vertex 71.70005798339844 51.05424499511719 -1
vertex 71.67159271240234 -51.48692321777344 -10.720702171325684
vertex 71.70005798339844 51.05424499511719 -4.936680793762207
endloop
endfacet
facet normal 0 0 1
outer loop
vertex -56.95530700683594 26.163755416870117 0
vertex -56.759300231933594 25.788042068481445 0
vertex -50.1999397277832 29.36250114440918 0
endloop
endfacet
facet normal -0.00014340085297203335 -0.9999999876884358 -0.00006371282112147134
outer loop
vertex -52.81562042236328 -56.227996826171875 -10.882011413574219
vertex 7.702424049377441 -56.23667526245117 -10.880489349365234
vertex 7.464242458343506 -56.236663818359375 -10.524024963378906
endloop
endfacet
facet normal 0 0 1
outer loop
vertex -58.2133903503418 27.394495010375977 0
vertex -57.85911178588867 27.161972045898438 0
vertex -50.1999397277832 29.36250114440918 0
endloop
endfacet
facet normal 0 0 1
outer loop
vertex 69.0259017944336 52.01578140258789 0
vertex 69.16036224365234 51.52227783203125 0
vertex 70.46961975097656 52.41816329956055 0
endloop
endfacet
facet normal 0 0 1
outer loop
vertex 68.66441345214844 -52.67624282836914 0
vertex 68.32120513916016 -53.05549621582031 0
vertex 69.781494140625 -53.67543029785156 0
endloop
endfacet
facet normal 0 0 1
outer loop
vertex -55.89256286621094 -53.142520904541016 0
vertex -55.434879302978516 -53.79221725463867 0
vertex -54.24293518066406 -52.88364028930664 0
endloop
endfacet
facet normal 0 0 1
outer loop
vertex -69.68488311767578 29.332782745361328 0
vertex -69.16024017333984 31.602725982666016 0
vertex -69.19993591308594 32.0625 0
endloop
endfacet
facet normal 0 0 1
outer loop
vertex 63.345359802246094 -54.916053771972656 0
vertex 63.18314743041992 -55.024436950683594 0
vertex 67.04766082763672 -55.22486114501953 0
endloop
endfacet
facet normal 0 0 1
outer loop
vertex -50.1999397277832 29.36250114440918 0
vertex -58.910518646240234 27.698143005371094 0
vertex -58.80669403076172 27.670324325561523 0
endloop
endfacet
facet normal 0 0 1
outer loop
vertex -50.1999397277832 29.36250114440918 0
vertex -54.85811233520508 -31.365341186523438 0
vertex -54.679813385009766 -30.88593101501465 0
endloop
endfacet
facet normal -0.6942224272640184 -0.7197605306514485 0
outer loop
vertex -70.44759368896484 28.67908477783203 -1
vertex -69.73860168457031 27.995248794555664 -6.182742595672607
vertex -69.73860168457031 27.995248794555664 -1
endloop
endfacet
facet normal 0.00010681273811431161 0.9999999279294199 0.00036432429787142725
outer loop
vertex 58.491783142089844 56.2358283996582 -3.5
vertex 56.49180603027344 56.23604202270508 -3.5
vertex 67.03584289550781 56.234004974365234 -1
endloop
endfacet
facet normal -0.3781982758881502 -0.9257246157012521 0
outer loop
vertex -68.01592254638672 27.09076499938965 -6.226997375488281
vertex -68.91336059570312 27.457406997680664 -1
vertex -68.91336059570312 27.457406997680664 -6.123653411865234
endloop
endfacet
facet normal -0.8377736257749532 0.5460177148722407 -0.00008367547572616139
outer loop
vertex -70.56719207763672 54.30116653442383 -4.781764030456543
vertex -71.0489273071289 53.56200408935547 -4.90986967086792
vertex -71.10503387451172 53.475921630859375 -4.885309219360352
endloop
endfacet
facet normal -0.8866024119722378 -0.4625323373397861 6.789729389339361e-8
outer loop
vertex -57.716800689697266 25.467506408691406 -6.501143932342529
vertex -57.643402099609375 25.326812744140625 -6.53805685043335
vertex -57.83940887451172 25.70252799987793 -1
endloop
endfacet
facet normal 0.9975507294718493 0.06994670921624145 0
outer loop
vertex 71.64884185791016 51.78466796875 -4.9469804763793945
vertex 71.70005798339844 51.05424499511719 -1
vertex 71.70005798339844 51.05424499511719 -4.936680793762207
endloop
endfacet
facet normal -0.000044206271834297954 -0.9999999990205964 -0.0000021477142194159578
outer loop
vertex 22.23587989807129 -56.23731994628906 -4.375974655151367
vertex 22.350061416625977 -56.23732376098633 -4.949999809265137
vertex 26.464242935180664 -56.23750686645508 -4.375974655151367
endloop
endfacet
facet normal 0 0 1
outer loop
vertex -69.22966003417969 54.24744415283203 0
vertex -67.9124984741211 53.36321258544922 0
vertex -67.45321655273438 53.588340759277344 0
endloop
endfacet
facet normal 0.5460173362163958 0.8377738761373322 0.000031827368099662796
outer loop
vertex 69.73872375488281 55.12975311279297 -4.835686206817627
vertex 69.68106079101562 55.167335510253906 -4.85368537902832
vertex 68.91348266601562 55.66759490966797 -4.642953872680664
endloop
endfacet
facet normal -0.00004412394481747573 -0.9999999990242674 0.0000021313382405142054
outer loop
vertex 41.23588180541992 -56.2381591796875 -10.524024963378906
vertex 66.98198699951172 -56.239295959472656 -10.880636215209961
vertex 41.35006332397461 -56.238162994384766 -9.949999809265137
endloop
endfacet
facet normal 0 0 1
outer loop
vertex 51.99180603027344 -55.0625 0
vertex -37.278114318847656 -54.753841400146484 0
vertex 57.09180450439453 -55.238861083984375 0
endloop
endfacet
facet normal 0.00021298711892198176 0.9999999546364862 -0.00021298711892198176
outer loop
vertex -44.240055084228516 56.257537841796875 -3.5
vertex -44.44005584716797 56.25779342651367 -2.5
vertex -42.04005432128906 56.25728225708008 -2.5
endloop
endfacet
facet normal -0.8377784313280422 0.546010347888687 0
outer loop
vertex -71.10503387451172 53.475921630859375 -4.885309219360352
vertex -71.10503387451172 53.475921630859375 -1
vertex -70.56719207763672 54.30116653442383 -1
endloop
endfacet
facet normal 0.00024192680685775522 0.9999999566005429 0.0001681378376398901
outer loop
vertex -44.24003601074219 56.25775146484375 -4.770550727844238
vertex -66.49168395996094 56.26250076293945 -1
vertex -44.240055084228516 56.257537841796875 -3.5
endloop
endfacet
facet normal 0.11582727706745381 -0.9932693702551887 0
outer loop
vertex 66.98198699951172 -56.239295959472656 -10.880636215209961
vertex 67.22222900390625 -56.211280822753906 -10.859509468078613
vertex 66.98198699951172 -56.239295959472656 -1
endloop
endfacet
facet normal -0.0005567802358563158 -0.9999996614299301 -0.0006059173162125729
outer loop
vertex -49.240055084228516 -56.23415756225586 -4
vertex -52.78571701049805 -56.23400115966797 -1
vertex -52.81562042236328 -56.227996826171875 -10.882011413574219
endloop
endfacet
facet normal 0.00021343884805769187 0.9999999772130279 0.000004219226497951642
outer loop
vertex -42.04005432128906 56.25728225708008 -1.100000023841858
vertex -66.49168395996094 56.26250076293945 -1
vertex 10.342422485351562 56.24610137939453 -1
endloop
endfacet
facet normal 0 0 1
outer loop
vertex -52.686317443847656 -55.234004974365234 0
vertex -48.740055084228516 -55.0625 0
vertex -53.46137619018555 -55.07841873168945 0
endloop
endfacet
facet normal 0 0 1
outer loop
vertex -49.240055084228516 -53.755401611328125 0
vertex -52.44266128540039 -53.75535202026367 0
vertex -49.240055084228516 -54.5625 0
endloop
endfacet
facet normal -0.9114658884960541 -0.4113756605684137 0
outer loop
vertex -71.42010498046875 30.38219451904297 -6.016308784484863
vertex -71.01488494873047 29.48436737060547 -6.123651504516602
vertex -71.42010498046875 30.38219451904297 -1
endloop
endfacet
facet normal -0.00004391095604800249 -0.9999999990337322 -0.0000020889718372383763
outer loop
vertex 41.23588180541992 -56.2381591796875 -4.375974655151367
vertex 41.35006332397461 -56.238162994384766 -4.949999809265137
vertex 57.09180450439453 -56.238861083984375 -1.6686277389526367
endloop
endfacet
facet normal 0 0 1
outer loop
vertex 68.44719696044922 54.77785873413086 0
vertex 70.46961975097656 52.41816329956055 0
vertex 70.14268493652344 53.142520904541016 0
endloop
endfacet
facet normal 0 0 1
outer loop
vertex -70.51586151123047 52.27394104003906 0
vertex -69.68488311767578 29.332782745361328 0
vertex -69.19279479980469 51.255226135253906 0
endloop
endfacet
facet normal 0 0 1
outer loop
vertex -43.64005661010742 -55.0625 0
vertex -52.686317443847656 -55.234004974365234 0
vertex -43.64005661010742 -55.234405517578125 0
endloop
endfacet
facet normal 0.5759055357218369 -0.8175162468874513 0
outer loop
vertex 69.07819366455078 -55.57744216918945 -1
vertex 69.88347625732422 -55.010154724121094 -10.825228691101074
vertex 69.88347625732422 -55.010154724121094 -1
endloop
endfacet
facet normal -0.7957434369723929 -0.6056338683688051 0
outer loop
vertex -58.0960578918457 26.03973960876465 -1
vertex -57.83940887451172 25.70252799987793 -6.490778923034668
vertex -57.83940887451172 25.70252799987793 -1
endloop
endfacet
facet normal -0.8175162468874513 -0.5759055357218369 0
outer loop
vertex -56.7648811340332 -53.64063262939453 -10.771060943603516
vertex -56.197593688964844 -54.44591522216797 -10.72584342956543
vertex -56.7648811340332 -53.64063262939453 -1
endloop
endfacet
facet normal 0 0 1
outer loop
vertex 70.21541595458984 -53.0096321105957 0
vertex 68.66441345214844 -52.67624282836914 0
vertex 69.781494140625 -53.67543029785156 0
endloop
endfacet
facet normal -0.00004421399825364998 -0.9999999990225004 -3.489459929366124e-7
outer loop
vertex 41.35006332397461 -56.238162994384766 -9.949999809265137
vertex 66.98198699951172 -56.239295959472656 -10.880636215209961
vertex 51.49180603027344 -56.23861312866211 -5
endloop
endfacet
facet normal 0 0 1
outer loop
vertex 67.45333862304688 -53.58833694458008 0
vertex 66.9598388671875 -53.722801208496094 0
vertex 68.58008575439453 -54.70512390136719 0
endloop
endfacet
facet normal -0.23208821088009507 0.9726947426456445 0
outer loop
vertex -68.18024444580078 55.982669830322266 -4.6237287521362305
vertex -67.22210693359375 56.21128463745117 -1
vertex -67.22210693359375 56.21128463745117 -4.8072662353515625
endloop
endfacet
facet normal 0 0 1
outer loop
vertex 68.58008575439453 -54.70512390136719 0
vertex 69.22978210449219 -54.247440338134766 0
vertex 69.781494140625 -53.67543029785156 0
endloop
endfacet
facet normal 0 0 1
outer loop
vertex -53.863685607910156 -53.22685241699219 0
vertex -54.24293518066406 -52.88364028930664 0
vertex -55.434879302978516 -53.79221725463867 0
endloop
endfacet
facet normal 0 0 1
outer loop
vertex -67.71138000488281 28.046579360961914 0
vertex -66.9343490600586 27.890600204467773 0
vertex -67.67650604248047 29.632627487182617 0
endloop
endfacet
facet normal -0.8175162468874513 -0.5759055357218369 0
outer loop
vertex -56.7648811340332 -53.64063262939453 -1
vertex -56.197593688964844 -54.44591522216797 -10.72584342956543
vertex -56.197593688964844 -54.44591522216797 -1
endloop
endfacet
facet normal 0 0 1
outer loop
vertex 67.04766082763672 -55.22486114501953 0
vertex 66.66474914550781 -53.7572135925293 0
vertex 63.49180603027344 -54.5625 0
endloop
endfacet
facet normal 0 0 1
outer loop
vertex -56.4499397277832 -51.01919937133789 0
vertex -54.9499397277832 -51.0625 0
vertex -54.94279098510742 -31.869775772094727 0
endloop
endfacet
facet normal 0.9999999616972612 -0.00027656013571430744 -0.000010952964781630738
outer loop
vertex 71.67156219482422 -51.5982780456543 -10.6952543258667
vertex 71.67159271240234 -51.48692321777344 -10.720702171325684
vertex 71.70005798339844 51.05424499511719 -1
endloop
endfacet
facet normal 0.8175144235971921 0.5759081239317179 0
outer loop
vertex 71.01500701904297 53.6406364440918 -1
vertex 70.44771575927734 54.445919036865234 -4.776871204376221
vertex 70.44771575927734 54.445919036865234 -1
endloop
endfacet
facet normal 0 0 1
outer loop
vertex -56.4499397277832 -51.01919937133789 0
vertex -54.94279098510742 -31.869775772094727 0
vertex -56.453941345214844 24.503904342651367 0
endloop
endfacet
facet normal 0 0 1
outer loop
vertex -56.46623992919922 24.64447593688965 0
vertex -56.453941345214844 24.503904342651367 0
vertex -50.1999397277832 29.36250114440918 0
endloop
endfacet
facet normal 0 0 1
outer loop
vertex -50.1999397277832 29.36250114440918 0
vertex -53.66250228881836 -29.761789321899414 0
vertex -53.203216552734375 -29.536659240722656 0
endloop
endfacet
facet normal -0.997550456101075 -0.06995060567543404 -0.00001726781364586423
outer loop
vertex -57.398719787597656 -51.784664154052734 -10.701966285705566
vertex -57.4499397277832 -51.05424118041992 -10.647223472595215
vertex -57.40645217895508 -51.67438888549805 -10.723468780517578
endloop
endfacet
facet normal -0.19681278638924465 -0.9804410880382879 0
outer loop
vertex -68.0014877319336 27.084867477416992 -1
vertex -67.03571319580078 26.89099884033203 -6.076357841491699
vertex -67.03571319580078 26.89099884033203 -1
endloop
endfacet
facet normal -0.00004446058301441088 -0.9999999990109036 0.0000012038782888620316
outer loop
vertex 61.99180603027344 -56.23907470703125 -1.5099469423294067
vertex 57.89180374145508 -56.238895416259766 -4
vertex 66.98198699951172 -56.239295959472656 -1
endloop
endfacet
facet normal -0.00004439653491415344 -0.9999999990066858 -0.0000039466430397720125
outer loop
vertex 7.789401531219482 -56.23667907714844 -3.8893399238586426
vertex 8.276036262512207 -56.23670196533203 -3.564180612564087
vertex -39.503395080566406 -56.234588623046875 -1.5627559423446655
endloop
endfacet
facet normal -0.9257258719742093 0.3781952008653598 0
outer loop
vertex -71.10503387451172 53.475921630859375 -4.885309219360352
vertex -71.47756958007812 52.564048767089844 -4.8412885665893555
vertex -71.10503387451172 53.475921630859375 -1
endloop
endfacet
facet normal -0.000044166695647226486 -0.9999999990246514 0
outer loop
vertex -38.740055084228516 -56.234622955322266 -1
vertex -38.740055084228516 -56.234622955322266 -1.5103834867477417
vertex 8.850061416625977 -56.236724853515625 -3.450000047683716
endloop
endfacet
facet normal -0.00004489662369486959 -0.9999999989916444 0.000001002211041908189
outer loop
vertex -49.240055084228516 -56.23415756225586 -4
vertex -46.97652816772461 -56.234256744384766 -1.5628013610839844
vertex -47.740055084228516 -56.234222412109375 -1.5104224681854248
endloop
endfacet
facet normal 0 0 1
outer loop
vertex -69.11286926269531 28.781068801879883 0
vertex -68.44706726074219 28.347143173217773 0
vertex -69.16024017333984 31.602725982666016 0
endloop
endfacet
facet normal -0.3782018383125398 -0.9257231602898437 0
outer loop
vertex -54.663360595703125 -55.6675910949707 -1
vertex -53.751487731933594 -56.04013442993164 -10.699835777282715
vertex -53.751487731933594 -56.04013442993164 -1
endloop
endfacet
facet normal 0 0 1
outer loop
vertex -37.38650131225586 -54.916053771972656 0
vertex -37.54871368408203 -55.024436950683594 0
vertex 57.09180450439453 -55.238861083984375 0
endloop
endfacet
facet normal 0.37819851959624085 0.9257245161359895 0
outer loop
vertex 68.91348266601562 55.66759490966797 -4.642953872680664
vertex 68.0016098022461 56.04013442993164 -4.622125625610352
vertex 68.91348266601562 55.66759490966797 -1
endloop
endfacet
facet normal 0 0 1
outer loop
vertex -70.65692901611328 31.492374420166016 0
vertex -69.68488311767578 29.332782745361328 0
vertex -70.69989013671875 32.105045318603516 0
endloop
endfacet
facet normal -0.548718961274799 -0.8360068788812033 -9.025708893279377e-7
outer loop
vertex -58.470848083496094 26.371339797973633 -6.38232421875
vertex -58.405975341796875 26.328760147094727 -6.4071478843688965
vertex -58.760250091552734 26.5612850189209 -1
endloop
endfacet
facet normal -0.7197583965341815 0.694224639881411 2.6256868520331665e-7
outer loop
vertex -69.88335418701172 55.010154724121094 -1
vertex -70.56719207763672 54.30116653442383 -4.781764030456543
vertex -70.12874603271484 54.7557373046875 -1
endloop
endfacet
facet normal -0.00004378392277500381 -0.9999999990106316 -0.000007855237338754248
outer loop
vertex 26.464242935180664 -56.23750686645508 -10.524024963378906
vertex 21.9976749420166 -56.237308502197266 -10.880524635314941
vertex 26.702455520629883 -56.23751449584961 -10.880537033081055
endloop
endfacet
facet normal 0.8377772767846426 -0.5460121193740193 0
outer loop
vertex 70.56731414794922 -54.30116271972656 -1
vertex 71.10515594482422 -53.475921630859375 -10.764753341674805
vertex 71.10515594482422 -53.475921630859375 -1
endloop
endfacet
facet normal -0.000046271779820183496 -0.9999999989294611 0
outer loop
vertex 57.89180374145508 -56.238895416259766 -4
vertex 58.63377380371094 -56.238929748535156 -1.6617064476013184
vertex 57.89180374145508 -56.238895416259766 -1.6686240434646606
endloop
endfacet
facet normal -0.00004418690292700977 -0.9999999990232235 0.000001034805067376774
outer loop
vertex 27.850061416625977 -56.23756790161133 -3.450000047683716
vertex 39.85006332397461 -56.23809814453125 -3.450000047683716
vertex -38.740055084228516 -56.234622955322266 -1
endloop
endfacet
facet normal 0 0 1
outer loop
vertex -37.240055084228516 -54.5625 0
vertex 51.52986526489258 -54.753841400146484 0
vertex 51.49180603027344 -54.5625 0
endloop
endfacet
facet normal 0.7197535777744383 -0.6942296358416955 5.102059124872707e-8
outer loop
vertex 69.88347625732422 -55.010154724121094 -1
vertex 69.92717742919922 -54.964847564697266 -10.839598655700684
vertex 70.12886047363281 -54.7557487487793 -1
endloop
endfacet
facet normal -0.00004205115733273443 -0.99999999899341 -0.000015648647026275358
outer loop
vertex 53.75276184082031 -56.238712310791016 -1.5621885061264038
vertex 39.85006332397461 -56.23809814453125 -3.450000047683716
vertex 54.39994430541992 -56.238739013671875 -1.5949000120162964
endloop
endfacet
facet normal -0.00004378704790510599 -0.9999999990295435 -0.000004858739534641351
outer loop
vertex 21.910720825195312 -56.2373046875 -3.8893399238586426
vertex 26.78940200805664 -56.237518310546875 -3.8893399238586426
vertex 27.276037216186523 -56.23754119873047 -3.564180612564087
endloop
endfacet
facet normal -0.00004453996403782714 -0.9999999990068241 0.0000015948937297896037
outer loop
vertex 40.91072082519531 -56.23814392089844 -3.8893399238586426
vertex 41.23588180541992 -56.2381591796875 -4.375974655151367
vertex 57.09180450439453 -56.238861083984375 -1.6686277389526367
endloop
endfacet
facet normal -0.000047287217556043814 -0.9999999988749466 0.0000037451102577248148
outer loop
vertex 60.58308029174805 -56.239013671875 -1.5949000120162964
vertex 57.89180374145508 -56.238895416259766 -4
vertex 61.231040954589844 -56.239044189453125 -1.5621429681777954
endloop
endfacet
facet normal -0.00004420627183359865 -0.9999999990047772 0.000006020899025121756
outer loop
vertex 22.23587989807129 -56.23731994628906 -4.375974655151367
vertex 26.464242935180664 -56.23750686645508 -4.375974655151367
vertex 26.78940200805664 -56.237518310546875 -3.8893399238586426
endloop
endfacet
facet normal 0.41137899386608395 -0.9114643840577251 1.2837504793706696e-8
outer loop
vertex 69.07819366455078 -55.57744216918945 -10.767707824707031
vertex 68.18036651611328 -55.982666015625 -1
vertex 68.20811462402344 -55.97014236450195 -10.873939514160156
endloop
endfacet
facet normal 0 0 1
outer loop
vertex -68.5799560546875 54.70512771606445 0
vertex -69.22966003417969 54.24744415283203 0
vertex -67.85559844970703 55.03205871582031 0
endloop
endfacet
facet normal -0.00004427771797837696 -0.9999999990197418 0
outer loop
vertex -42.840057373046875 -56.234439849853516 -1.6690984964370728
vertex -42.840057373046875 -56.234439849853516 -4
vertex -37.240055084228516 -56.23468780517578 -4
endloop
endfacet
facet normal -0.00004433755860813032 -0.9999999990170905 0
outer loop
vertex 61.99180603027344 -56.23907470703125 -1
vertex 61.99180603027344 -56.23907470703125 -1.5099469423294067
vertex 66.98198699951172 -56.239295959472656 -1
endloop
endfacet
facet normal 0.23208817164089432 -0.9726945781919477 -0.0005814983884556597
outer loop
vertex 67.22222900390625 -56.211280822753906 -1
vertex 68.20811462402344 -55.97014236450195 -10.873939514160156
vertex 68.18036651611328 -55.982666015625 -1
endloop
endfacet
facet normal 0 0 1
outer loop
vertex -52.44266128540039 -53.75535202026367 0
vertex -54.19707107543945 -54.777854919433594 0
vertex -49.201995849609375 -54.753841400146484 0
endloop
endfacet
facet normal 0.9257231602898436 -0.37820183831253973 0
outer loop
vertex 71.10515594482422 -53.475921630859375 -1
vertex 71.47769927978516 -52.564048767089844 -10.657261848449707
vertex 71.47769927978516 -52.564048767089844 -1
endloop
endfacet
facet normal 0 0 1
outer loop
vertex -52.44266128540039 -53.75535202026367 0
vertex -49.201995849609375 -54.753841400146484 0
vertex -49.240055084228516 -54.5625 0
endloop
endfacet
facet normal -0.6942225519402077 -0.7197604103989227 0
outer loop
vertex -70.44759368896484 28.67908477783203 -6.078433990478516
vertex -69.79219055175781 28.04693603515625 -6.197196006774902
vertex -70.44759368896484 28.67908477783203 -1
endloop
endfacet
facet normal -0.9804405643880453 0.19681539498334816 0
outer loop
vertex -71.47756958007812 52.564048767089844 -1
vertex -71.67144012451172 51.5982780456543 -4.957251071929932
vertex -71.67144012451172 51.5982780456543 -1
endloop
endfacet
facet normal 0 0 1
outer loop
vertex 69.0259017944336 52.01578140258789 0
vertex 68.44719696044922 54.77785873413086 0
vertex 68.80077362060547 52.47506332397461 0
endloop
endfacet
facet normal 0 0 1
outer loop
vertex 66.93635559082031 55.23402404785156 0
vertex -66.45677185058594 55.26249313354492 0
vertex 67.71150207519531 55.07842254638672 0
endloop
endfacet
facet normal 0 0 1
outer loop
vertex -57.04607009887695 26.30632972717285 0
vertex -56.973384857177734 26.20252799987793 0
vertex -50.1999397277832 29.36250114440918 0
endloop
endfacet
facet normal 0.00021338985230697185 0.9999999772319741 9.068373333529061e-7
outer loop
vertex 56.291805267333984 56.236297607421875 -2.5
vertex -42.24007797241211 56.25732421875 -3.5
vertex 10.342422485351562 56.24610137939453 -1
endloop
endfacet
facet normal -0.9114708798867528 -0.41136458609454674 -0.00011147076193149937
outer loop
vertex -71.42010498046875 30.38219451904297 -6.016308784484863
vertex -71.05572509765625 29.57486343383789 -6.144007682800293
vertex -71.01488494873047 29.48436737060547 -6.123651504516602
endloop
endfacet
facet normal -0.911465888496054 -0.4113756605684136 0
outer loop
vertex -71.42010498046875 30.38219451904297 -1
vertex -71.01488494873047 29.48436737060547 -6.123651504516602
vertex -71.01488494873047 29.48436737060547 -1
endloop
endfacet
facet normal 0.0002155554458787961 0.9999999639948146 0.00015983184797075772
outer loop
vertex 56.491825103759766 56.23625183105469 -4.812707424163818
vertex -42.24007797241211 56.25732421875 -3.5
vertex 56.49180603027344 56.23604202270508 -3.5
endloop
endfacet
facet normal -0.6942234303818536 -0.7197595631242779 0
outer loop
vertex -56.197593688964844 -54.44591522216797 -10.72584342956543
vertex -55.48860168457031 -55.12975311279297 -10.826095581054688
vertex -56.197593688964844 -54.44591522216797 -1
endloop
endfacet
facet normal 0.8377772767846426 -0.5460121193740193 0
outer loop
vertex 70.56731414794922 -54.30116271972656 -1
vertex 70.56731414794922 -54.30116271972656 -10.720520973205566
vertex 71.10515594482422 -53.475921630859375 -10.764753341674805
endloop
endfacet
facet normal 0 0 1
outer loop
vertex -70.67158508300781 51.4981803894043 0
vertex -69.68488311767578 29.332782745361328 0
vertex -70.51586151123047 52.27394104003906 0
endloop
endfacet
facet normal -0.00004386901851247474 -0.9999999990377546 0
outer loop
vertex 26.350061416625977 -56.23749923706055 -9.949999809265137
vertex 26.350061416625977 -56.23749923706055 -4.949999809265137
vertex 22.350061416625977 -56.23732376098633 -9.949999809265137
endloop
endfacet
facet normal 0 0 1
outer loop
vertex 68.44719696044922 54.77785873413086 0
vertex 69.68500518798828 53.79221725463867 0
vertex 69.11299133300781 54.34393310546875 0
endloop
endfacet
facet normal 0 0 1
outer loop
vertex -56.759300231933594 25.788042068481445 0
vertex -56.693885803222656 25.632160186767578 0
vertex -50.1999397277832 29.36250114440918 0
endloop
endfacet
facet normal 0 0 1
outer loop
vertex 68.44719696044922 54.77785873413086 0
vertex 68.11380767822266 53.22685623168945 0
vertex 68.49305725097656 52.883644104003906 0
endloop
endfacet
facet normal -0.00004420627183425465 -0.9999999990196167 -0.000002563645405539642
outer loop
vertex 22.23587989807129 -56.23731994628906 -10.524024963378906
vertex 21.9976749420166 -56.237308502197266 -10.880524635314941
vertex 26.464242935180664 -56.23750686645508 -10.524024963378906
endloop
endfacet
facet normal -0.00014364900168142153 -0.9999999894420607 -0.000021928125166834445
outer loop
vertex -52.81562042236328 -56.227996826171875 -10.882011413574219
vertex 7.464242458343506 -56.236663818359375 -10.524024963378906
vertex 7.350061416625977 -56.23666000366211 -9.949999809265137
endloop
endfacet
facet normal 0 0 1
outer loop
vertex 70.51598358154297 -52.2739372253418 0
vertex 70.7000503540039 51.01936721801758 0
vertex 69.19291687011719 -51.25522232055664 0
endloop
endfacet
facet normal 0.9999999614706145 -0.00027759461367525844 0
outer loop
vertex 71.67156219482422 -51.5982780456543 -1
vertex 71.67156219482422 -51.5982780456543 -10.6952543258667
vertex 71.70005798339844 51.05424499511719 -1
endloop
endfacet
facet normal 0 0 1
outer loop
vertex -69.7813720703125 53.67543411254883 0
vertex -68.9298095703125 52.239070892333984 0
vertex -68.66429138183594 52.676246643066406 0
endloop
endfacet
facet normal -0.951987985809304 -0.30613538651180994 9.561353973437714e-8
outer loop
vertex -57.643402099609375 25.326812744140625 -1
vertex -57.513671875 24.923389434814453 -6.600712776184082
vertex -57.57451248168945 25.112586975097656 -1
endloop
endfacet
facet normal -0.06994670921624145 0.9975507294718492 0
outer loop
vertex -67.22210693359375 56.21128463745117 -4.8072662353515625
vertex -66.49168395996094 56.26250076293945 -1
vertex -66.49168395996094 56.26250076293945 -4.7612385749816895
endloop
endfacet
facet normal 0 0 1
outer loop
vertex 67.9126205444336 -53.36320877075195 0
vertex 67.45333862304688 -53.58833694458008 0
vertex 69.781494140625 -53.67543029785156 0
endloop
endfacet
facet normal 0 0 1
outer loop
vertex -57.85911178588867 27.161972045898438 0
vertex -57.763187408447266 27.094804763793945 0
vertex -50.1999397277832 29.36250114440918 0
endloop
endfacet
facet normal 0 0 1
outer loop
vertex -50.1999397277832 29.36250114440918 0
vertex -66.69266510009766 29.369647979736328 0
vertex -59.945919036865234 27.862150192260742 0
endloop
endfacet
facet normal -0.000043081849741542284 -0.9999994753457144 -0.0010234511470048825
outer loop
vertex -37.240055084228516 -56.23468780517578 -5
vertex -52.81562042236328 -56.227996826171875 -10.882011413574219
vertex 7.350061416625977 -56.23666000366211 -4.949999809265137
endloop
endfacet
facet normal -0.9900152797994709 -0.14096008571072582 0
outer loop
vertex -57.513671875 24.923389434814453 -1
vertex -57.45393753051758 24.50385284423828 -6.65894889831543
vertex -57.45393753051758 24.50385284423828 -1
endloop
endfacet
facet normal 0 0 1
outer loop
vertex -55.89256286621094 -53.142520904541016 0
vertex -54.5506477355957 -52.47506332397461 0
vertex -54.77577590942383 -52.015777587890625 0
endloop
endfacet
facet normal 0 0 1
outer loop
vertex -66.69266510009766 29.369647979736328 0
vertex -67.19709777832031 29.454326629638672 0
vertex -66.9343490600586 27.890600204467773 0
endloop
endfacet
facet normal -0.5759081239317179 0.8175144235971921 0
outer loop
vertex -69.07807159423828 55.57744598388672 -4.646384239196777
vertex -69.88335418701172 55.010154724121094 -4.839011192321777
vertex -69.07807159423828 55.57744598388672 -1
endloop
endfacet
facet normal 0 0 1
outer loop
vertex -53.42650604248047 -53.492374420166016 0
vertex -55.434879302978516 -53.79221725463867 0
vertex -52.94709777832031 -53.67067337036133 0
endloop
endfacet
facet normal 0 0 1
outer loop
vertex -68.44706726074219 28.347143173217773 0
vertex -67.71138000488281 28.046579360961914 0
vertex -68.49293518066406 30.241357803344727 0
endloop
endfacet
facet normal -0.9726949512447829 -0.2320873366276355 0
outer loop
vertex -57.398719787597656 -51.784664154052734 -10.701966285705566
vertex -57.17010498046875 -52.74280548095703 -10.663718223571777
vertex -57.398719787597656 -51.784664154052734 -1
endloop
endfacet
facet normal 0 0 1
outer loop
vertex 66.66474914550781 -53.7572135925293 0
vertex 67.04766082763672 -55.22486114501953 0
vertex 67.85572052001953 -55.03205871582031 0
endloop
endfacet
facet normal 0 0 1
outer loop
vertex -54.9499397277832 -51.0625 0
vertex -56.406925201416016 -51.632625579833984 0
vertex -54.910240173339844 -51.522274017333984 0
endloop
endfacet
facet normal 0 0 1
outer loop
vertex 63.49180603027344 -54.5625 0
vertex 63.4537467956543 -54.753841400146484 0
vertex 67.04766082763672 -55.22486114501953 0
endloop
endfacet
facet normal -0.3996084696718501 -0.9166859172947527 0
outer loop
vertex -58.91716003417969 26.62968635559082 -1
vertex -58.760250091552734 26.5612850189209 -6.336463928222656
vertex -58.760250091552734 26.5612850189209 -1
endloop
endfacet
facet normal 0 0 1
outer loop
vertex -58.75048828125 27.644113540649414 0
vertex -58.36202621459961 27.474767684936523 0
vertex -50.1999397277832 29.36250114440918 0
endloop
endfacet
facet normal -0.07818877325807842 -0.99693857169657 0
outer loop
vertex -59.9499397277832 26.86250114440918 -1
vertex -59.56019592285156 26.831933975219727 -6.260392189025879
vertex -59.56019592285156 26.831933975219727 -1
endloop
endfacet
facet normal 0 0 1
outer loop
vertex -56.52886199951172 25.09703826904297 0
vertex -56.52597427368164 25.064014434814453 0
vertex -50.1999397277832 29.36250114440918 0
endloop
endfacet
facet normal 0 0 1
outer loop
vertex -50.1999397277832 29.36250114440918 0
vertex -54.41429138183594 -30.448753356933594 0
vertex -54.071083068847656 -30.069501876831055 0
endloop
endfacet
facet normal 0 0 1
outer loop
vertex -50.1999397277832 29.36250114440918 0
vertex -59.38654708862305 27.816741943359375 0
vertex -59.32200241088867 27.799448013305664 0
endloop
endfacet
facet normal 0 0 1
outer loop
vertex -50.1999397277832 29.36250114440918 0
vertex -52.709712982177734 -29.402196884155273 0
vertex -50.1999397277832 -29.362499237060547 0
endloop
endfacet
facet normal 0 0 1
outer loop
vertex -69.22966003417969 54.24744415283203 0
vertex -69.7813720703125 53.67543411254883 0
vertex -68.66429138183594 52.676246643066406 0
endloop
endfacet
facet normal -0.004021786129460347 -0.9999919125854613 0
outer loop
vertex -67.03571319580078 26.89099884033203 -1
vertex -59.9499397277832 26.86250114440918 -6.252506256103516
vertex -59.9499397277832 26.86250114440918 -1
endloop
endfacet
facet normal -0.719757696716504 0.6942253654378764 0
outer loop
vertex -69.88335418701172 55.010154724121094 -4.839011192321777
vertex -70.56719207763672 54.30116653442383 -4.781764030456543
vertex -69.88335418701172 55.010154724121094 -1
endloop
endfacet
facet normal -0.00004406342305911116 -0.9999999990269618 0.000002119263025144805
outer loop
vertex 7.350061416625977 -56.23666000366211 -4.949999809265137
vertex 7.464242458343506 -56.236663818359375 -4.375974655151367
vertex -40.884429931640625 -56.234527587890625 -1.6285758018493652
endloop
endfacet
facet normal 0.0002130442466506703 0.9999999773060742 0
outer loop
vertex 67.03584289550781 56.234004974365234 -1
vertex 58.69180679321289 56.235782623291016 -2.5
vertex 58.69180679321289 56.235782623291016 -1.100000023841858
endloop
endfacet
facet normal -0.00004606046358772957 -0.999999998549253 -0.000027927183681029326
outer loop
vertex -42.098873138427734 -56.234474182128906 -1.662188172340393
vertex -42.840057373046875 -56.234439849853516 -1.6690984964370728
vertex 7.350061416625977 -56.23666000366211 -4.949999809265137
endloop
endfacet
facet normal -0.6942246614651544 -0.7197583757161786 0
outer loop
vertex -55.94313430786133 -54.69134521484375 -1
vertex -55.48860168457031 -55.12975311279297 -10.826095581054688
vertex -55.48860168457031 -55.12975311279297 -1
endloop
endfacet
facet normal -0.004021786129460347 -0.9999919125854612 0
outer loop
vertex -67.03571319580078 26.89099884033203 -6.076357841491699
vertex -59.9499397277832 26.86250114440918 -6.252506256103516
vertex -67.03571319580078 26.89099884033203 -1
endloop
endfacet
facet normal -0.19961276889591473 -0.9798747038354716 -0.0005543257642370659
outer loop
vertex -67.03571319580078 26.89099884033203 -6.076357841491699
vertex -68.0014877319336 27.084867477416992 -1
vertex -68.01592254638672 27.09076499938965 -6.226997375488281
endloop
endfacet
facet normal -0.999998935277278 0.0014592615633457458 0
outer loop
vertex -71.67144012451172 51.5982780456543 -4.957251071929932
vertex -71.69993591308594 32.07075881958008 -5.998536109924316
vertex -71.67144012451172 51.5982780456543 -1
endloop
endfacet
facet normal -0.6942209567006885 -0.7197619490341441 3.8831925975470825e-7
outer loop
vertex -69.79219055175781 28.04693603515625 -6.197196006774902
vertex -69.73860168457031 27.995248794555664 -6.182742595672607
vertex -70.44759368896484 28.67908477783203 -1
endloop
endfacet
facet normal -0.00004076258919839901 -0.9999999991634799 0.0000033840189086597045
outer loop
vertex -46.34147262573242 -56.23428726196289 -1.5949000120162964
vertex -43.64005661010742 -56.234405517578125 -4
vertex -45.595603942871094 -56.234317779541016 -1.6285994052886963
endloop
endfacet
facet normal -0.7957442453700214 -0.6056328062122256 0
outer loop
vertex -58.0960578918457 26.03973960876465 -6.460178852081299
vertex -57.92523193359375 25.815290451049805 -6.462463855743408
vertex -58.0960578918457 26.03973960876465 -1
endloop
endfacet
facet normal -0.00004418688694064722 -0.9999994782879734 -0.001020525012014832
outer loop
vertex -52.81562042236328 -56.227996826171875 -10.882011413574219
vertex -37.240055084228516 -56.23468780517578 -5
vertex -49.240055084228516 -56.23415756225586 -5
endloop
endfacet
facet normal 0 0 1
outer loop
vertex -37.54871368408203 -55.024436950683594 0
vertex -42.840057373046875 -55.234439849853516 0
vertex 57.09180450439453 -55.238861083984375 0
endloop
endfacet
facet normal 0.6942214241421378 0.719761498179822 0
outer loop
vertex 69.73872375488281 55.12975311279297 -4.835686206817627
vertex 70.44771575927734 54.445919036865234 -1
vertex 70.44771575927734 54.445919036865234 -4.776871204376221
endloop
endfacet
facet normal 0 0 1
outer loop
vertex -37.240055084228516 -53.75558853149414 0
vertex -37.240055084228516 -54.5625 0
vertex 51.49180603027344 -53.75697326660156 0
endloop
endfacet
facet normal 0.911465888496054 0.4113756605684137 0
outer loop
vertex 71.42022705078125 52.7428092956543 -1
vertex 71.01500701904297 53.6406364440918 -4.880091190338135
vertex 71.01500701904297 53.6406364440918 -1
endloop
endfacet
facet normal -0.39962468674738233 -0.9166788476571588 0
outer loop
vertex -58.80236053466797 26.579639434814453 -6.323380947113037
vertex -59.148712158203125 26.73063087463379 -1
vertex -59.148712158203125 26.73063087463379 -6.286267280578613
endloop
endfacet
facet normal 0.9114658884960541 0.4113756605684137 0
outer loop
vertex 71.42022705078125 52.7428092956543 -4.83509635925293
vertex 71.01500701904297 53.6406364440918 -4.880091190338135
vertex 71.42022705078125 52.7428092956543 -1
endloop
endfacet
facet normal -0.23904909925571682 -0.9710074809933109 2.3555736717791435e-7
outer loop
vertex -59.56019592285156 26.831933975219727 -1
vertex -59.27825927734375 26.762523651123047 -6.275998115539551
vertex -59.148712158203125 26.73063087463379 -6.286267280578613
endloop
endfacet
facet normal -0.9114644364252834 -0.4113788778388366 0
outer loop
vertex -57.17010498046875 -52.74280548095703 -1
vertex -56.7648811340332 -53.64063262939453 -10.771060943603516
vertex -56.7648811340332 -53.64063262939453 -1
endloop
endfacet
facet normal -0.00004395697635329353 -0.999999999033611 7.498054797289235e-7
outer loop
vertex -45.595603942871094 -56.234317779541016 -1.6285994052886963
vertex -43.64005661010742 -56.234405517578125 -4
vertex -44.381221771240234 -56.234371185302734 -1.6621991395950317
endloop
endfacet
facet normal 0 0 1
outer loop
vertex -70.46949768066406 30.70684051513672 0
vertex -70.14256286621094 29.982481002807617 0
vertex -69.68488311767578 29.332782745361328 0
endloop
endfacet
facet normal -0.00003965391550218711 -0.9999999991912678 -0.000006710550591814066
outer loop
vertex 61.231040954589844 -56.239044189453125 -1.5621429681777954
vertex 57.89180374145508 -56.238895416259766 -4
vertex 61.99180603027344 -56.23907470703125 -1.5099469423294067
endloop
endfacet
facet normal -0.00004378704790552646 -0.9999999990391462 0.0000020981509975443945
outer loop
vertex 21.910720825195312 -56.2373046875 -3.8893399238586426
vertex 22.23587989807129 -56.23731994628906 -4.375974655151367
vertex 26.78940200805664 -56.237518310546875 -3.8893399238586426
endloop
endfacet
facet normal 0.00021346887832722567 0.9999999772155187 0
outer loop
vertex -66.49168395996094 56.26250076293945 -1
vertex -44.44005584716797 56.25779342651367 -1.100000023841858
vertex -44.44005584716797 56.25779342651367 -2.5
endloop
endfacet
facet normal -0.99755036594302 -0.06995189351938066 0
outer loop
vertex -57.4499397277832 -51.05424118041992 -1
vertex -57.398719787597656 -51.784664154052734 -10.701966285705566
vertex -57.398719787597656 -51.784664154052734 -1
endloop
endfacet
facet normal 0.00021355142252264486 0.9999999771978947 0
outer loop
vertex 67.01249694824219 56.2340087890625 -4.817110538482666
vertex 58.491783142089844 56.2358283996582 -4.813544273376465
vertex 58.491783142089844 56.2358283996582 -3.5
endloop
endfacet
facet normal -0.000043924668719018184 -0.9999999990350343 -7.447679833403087e-7
outer loop
vertex 58.63377380371094 -56.238929748535156 -1.6617064476013184
vertex 57.89180374145508 -56.238895416259766 -4
vertex 59.84905242919922 -56.238983154296875 -1.6280709505081177
endloop
endfacet
facet normal 0.8175112220426616 0.5759126661412359 -0.000053032134324812026
outer loop
vertex 71.01500701904297 53.6406364440918 -4.880091190338135
vertex 70.9568862915039 53.72313690185547 -4.904386043548584
vertex 70.44771575927734 54.445919036865234 -4.776871204376221
endloop
endfacet
facet normal 0.0002134469027136839 0.9999999772202096 0
outer loop
vertex -42.04005432128906 56.25728225708008 -2.5
vertex -42.04005432128906 56.25728225708008 -1.100000023841858
vertex 10.342422485351562 56.24610137939453 -1
endloop
endfacet
facet normal -0.00004386901851247474 -0.9999999990377546 0
outer loop
vertex 22.350061416625977 -56.23732376098633 -4.949999809265137
vertex 22.350061416625977 -56.23732376098633 -9.949999809265137
vertex 26.350061416625977 -56.23749923706055 -4.949999809265137
endloop
endfacet
facet normal 0.00010681247662341533 0.9999974798049542 0.0022425375883115993
outer loop
vertex -42.24007797241211 56.25732421875 -3.5
vertex -44.240055084228516 56.257537841796875 -3.5
vertex 10.342422485351562 56.24610137939453 -1
endloop
endfacet
facet normal -0.000044327006804284225 -0.9999999990093534 0.000004050894101448395
outer loop
vertex 21.424087524414062 -56.237281799316406 -3.564180612564087
vertex 21.910720825195312 -56.2373046875 -3.8893399238586426
vertex 27.276037216186523 -56.23754119873047 -3.564180612564087
endloop
endfacet
facet normal 0.00021998686744708552 0.9999999497226746 -0.0002283865722734895
outer loop
vertex 10.342422485351562 56.24610137939453 -1
vertex -44.240055084228516 56.257537841796875 -3.5
vertex -42.04005432128906 56.25728225708008 -2.5
endloop
endfacet
facet normal -0.00004479069811834288 -0.9999999988832192 -0.0000150782889656907
outer loop
vertex 20.850061416625977 -56.23725509643555 -3.450000047683716
vertex 27.276037216186523 -56.23754119873047 -3.564180612564087
vertex -38.740055084228516 -56.234622955322266 -1
endloop
endfacet
facet normal 0 0 1
outer loop
vertex -70.21529388427734 53.0096321105957 0
vertex -70.51586151123047 52.27394104003906 0
vertex -69.7813720703125 53.67543411254883 0
endloop
endfacet
facet normal -0.999998935295235 0.001459249257862968 0
outer loop
vertex -71.69993591308594 32.07075881958008 -5.998536109924316
vertex -71.69993591308594 32.07075881958008 -1
vertex -71.68354034423828 43.306365966796875 -1
endloop
endfacet
facet normal -0.00004420517735201548 -0.9999999990228505 4.4860539456688925e-7
outer loop
vertex 52.99180603027344 -56.238677978515625 -1
vertex -38.740055084228516 -56.234622955322266 -1
vertex 39.85006332397461 -56.23809814453125 -3.450000047683716
endloop
endfacet
facet normal -0.000043869018512017666 -0.9999999990273356 -0.000004564892938653241
outer loop
vertex 26.464242935180664 -56.23750686645508 -4.375974655151367
vertex 22.350061416625977 -56.23732376098633 -4.949999809265137
vertex 26.350061416625977 -56.23749923706055 -4.949999809265137
endloop
endfacet
facet normal -0.00004420627183395276 -0.9999999990127877 0.000004497808602241876
outer loop
vertex 26.350061416625977 -56.23749923706055 -9.949999809265137
vertex 22.23587989807129 -56.23731994628906 -10.524024963378906
vertex 26.464242935180664 -56.23750686645508 -10.524024963378906
endloop
endfacet
facet normal 0 0 1
outer loop
vertex -67.070068359375 55.21949005126953 0
vertex -67.85559844970703 55.03205871582031 0
vertex -69.22966003417969 54.24744415283203 0
endloop
endfacet
facet normal -0.00004385003284536669 -0.9999999990385873 0
outer loop
vertex -52.78571701049805 -56.23400115966797 -1
vertex -47.740055084228516 -56.234222412109375 -1.5104224681854248
vertex -47.740055084228516 -56.234222412109375 -1
endloop
endfacet
facet normal -0.000043719191590365 -0.9999999990443162 0
outer loop
vertex 63.49180603027344 -56.23914337158203 -5
vertex 66.98198699951172 -56.239295959472656 -10.880636215209961
vertex 66.98198699951172 -56.239295959472656 -1
endloop
endfacet
facet normal -0.000044121544362050364 -0.9999999990266447 0
outer loop
vertex 52.99180603027344 -56.238677978515625 -1
vertex 39.85006332397461 -56.23809814453125 -3.450000047683716
vertex 52.99180603027344 -56.238677978515625 -1.5099859237670898
endloop
endfacet
facet normal -0.00004427774814018684 -0.9999999990197405 0
outer loop
vertex 57.09180450439453 -56.238861083984375 -1.6686277389526367
vertex 51.49180603027344 -56.23861312866211 -4
vertex 57.09180450439453 -56.238861083984375 -4
endloop
endfacet
facet normal -0.000046105646415131044 -0.999999998775766 0.000017964897117693222
outer loop
vertex 56.349853515625 -56.238826751708984 -1.6617172956466675
vertex 39.85006332397461 -56.23809814453125 -3.450000047683716
vertex 57.09180450439453 -56.238861083984375 -1.6686277389526367
endloop
endfacet
facet normal -0.9999999986002491 -0.00005291031729141286 0
outer loop
vertex -57.45393753051758 24.50385284423828 -6.65894889831543
vertex -57.4499397277832 -51.05424118041992 -10.647223472595215
vertex -57.45393753051758 24.50385284423828 -1
endloop
endfacet
facet normal -0.5487072291862847 -0.836014579202247 0
outer loop
vertex -58.760250091552734 26.5612850189209 -6.336463928222656
vertex -58.470848083496094 26.371339797973633 -6.38232421875
vertex -58.760250091552734 26.5612850189209 -1
endloop
endfacet
facet normal 0 0 1
outer loop
vertex 63.18314743041992 -55.024436950683594 0
vertex 57.89180374145508 -55.238895416259766 0
vertex 67.04766082763672 -55.22486114501953 0
endloop
endfacet
facet normal -0.980441672456031 0.19680986921345378 0.00004787278874951797
outer loop
vertex -71.47756958007812 52.564048767089844 -4.8412885665893555
vertex -71.64937591552734 51.70819854736328 -4.973327159881592
vertex -71.67144012451172 51.5982780456543 -4.957251071929932
endloop
endfacet
facet normal 0.23758714958626911 -0.971366226688715 0
outer loop
vertex 67.22222900390625 -56.211280822753906 -10.859509468078613
vertex 68.20811462402344 -55.97014236450195 -10.873939514160156
vertex 67.22222900390625 -56.211280822753906 -1
endloop
endfacet
facet normal -0.000043990416283985314 -0.9999999990312182 -0.0000015515096235394172
outer loop
vertex 39.85006332397461 -56.23809814453125 -3.450000047683716
vertex 56.349853515625 -56.238826751708984 -1.6617172956466675
vertex 55.13463592529297 -56.238773345947266 -1.6280945539474487
endloop
endfacet
facet normal 0 0 1
outer loop
vertex -70.51586151123047 52.27394104003906 0
vertex -69.19279479980469 51.255226135253906 0
vertex -69.10810852050781 51.75965881347656 0
endloop
endfacet
facet normal 0.5759055357218369 -0.8175162468874513 0
outer loop
vertex 69.07819366455078 -55.57744216918945 -10.767707824707031
vertex 69.88347625732422 -55.010154724121094 -10.825228691101074
vertex 69.07819366455078 -55.57744216918945 -1
endloop
endfacet
facet normal 0 0 1
outer loop
vertex 51.80046463012695 -55.024436950683594 0
vertex -37.278114318847656 -54.753841400146484 0
vertex 51.99180603027344 -55.0625 0
endloop
endfacet
facet normal 0 0 1
outer loop
vertex -69.22966003417969 54.24744415283203 0
vertex -68.66429138183594 52.676246643066406 0
vertex -68.32108306884766 53.05550003051758 0
endloop
endfacet
facet normal 0 0 1
outer loop
vertex -69.22966003417969 54.24744415283203 0
vertex -66.959716796875 53.72280502319336 0
vertex -66.49993896484375 53.76250076293945 0
endloop
endfacet
facet normal 0 0 1
outer loop
vertex -69.22966003417969 54.24744415283203 0
vertex -67.45321655273438 53.588340759277344 0
vertex -66.959716796875 53.72280502319336 0
endloop
endfacet
facet normal 0 0 1
outer loop
vertex 57.09180450439453 -55.0625 0
vertex 51.99180603027344 -55.0625 0
vertex 57.09180450439453 -55.238861083984375 0
endloop
endfacet
facet normal -0.9257258719742093 0.37819520086535974 0
outer loop
vertex -71.10503387451172 53.475921630859375 -1
vertex -71.47756958007812 52.564048767089844 -4.8412885665893555
vertex -71.47756958007812 52.564048767089844 -1
endloop
endfacet
facet normal 0 0 1
outer loop
vertex -66.45677185058594 55.26249313354492 0
vertex -66.49993896484375 53.76250076293945 0
vertex 66.69278717041016 53.75535583496094 0
endloop
endfacet
facet normal -0.000042753500071363234 -0.9999999989812306 -0.000014480223720669244
outer loop
vertex 39.85006332397461 -56.23809814453125 -3.450000047683716
vertex 40.42408752441406 -56.238121032714844 -3.564180612564087
vertex 57.09180450439453 -56.238861083984375 -1.6686277389526367
endloop
endfacet
facet normal 0 0 1
outer loop
vertex 70.65705108642578 51.63262939453125 0
vertex 69.16036224365234 51.52227783203125 0
vertex 70.7000503540039 51.01936721801758 0
endloop
endfacet
facet normal 0 0 1
outer loop
vertex -54.19707107543945 -54.777854919433594 0
vertex -53.46137619018555 -55.07841873168945 0
vertex -49.201995849609375 -54.753841400146484 0
endloop
endfacet
facet normal -0.9975510593550087 -0.06994200440150455 0
outer loop
vertex -71.69993591308594 32.07075881958008 -5.998536109924316
vertex -71.65645599365234 31.450624465942383 -6.076059341430664
vertex -71.69993591308594 32.07075881958008 -1
endloop
endfacet
facet normal 0 0 1
outer loop
vertex -49.201995849609375 -54.753841400146484 0
vertex -53.46137619018555 -55.07841873168945 0
vertex -49.09360885620117 -54.916053771972656 0
endloop
endfacet
facet normal -0.5460094012683132 -0.8377790482738383 0
outer loop
vertex -54.663360595703125 -55.6675910949707 -10.679007530212402
vertex -55.48860168457031 -55.12975311279297 -1
vertex -55.48860168457031 -55.12975311279297 -10.826095581054688
endloop
endfacet
facet normal 0 0 1
outer loop
vertex -48.931396484375 -55.024436950683594 0
vertex -53.46137619018555 -55.07841873168945 0
vertex -48.740055084228516 -55.0625 0
endloop
endfacet
facet normal -0.9726948469455085 -0.2320877737530654 0
outer loop
vertex -71.64871978759766 31.340333938598633 -6.0545573234558105
vertex -71.42010498046875 30.38219451904297 -6.016308784484863
vertex -71.64871978759766 31.340333938598633 -1
endloop
endfacet
facet normal 0 0 1
outer loop
vertex -52.94709777832031 -53.67067337036133 0
vertex -54.86286926269531 -54.343929290771484 0
vertex -52.44266128540039 -53.75535202026367 0
endloop
endfacet
facet normal 0 0 1
outer loop
vertex 68.44719696044922 54.77785873413086 0
vertex 69.0259017944336 52.01578140258789 0
vertex 70.46961975097656 52.41816329956055 0
endloop
endfacet
facet normal 0 0 1
outer loop
vertex 69.16036224365234 51.52227783203125 0
vertex 69.19291687011719 -51.25522232055664 0
vertex 70.7000503540039 51.01936721801758 0
endloop
endfacet
facet normal 0.9257205561373589 -0.37820820716763776 0.00006305378765492096
outer loop
vertex 71.10515594482422 -53.475921630859375 -10.764753341674805
vertex 71.1403579711914 -53.38976287841797 -10.785245895385742
vertex 71.47769927978516 -52.564048767089844 -10.657261848449707
endloop
endfacet
facet normal -0.000044277717978367606 -0.9999999990195307 6.497860580020225e-7
outer loop
vertex 57.89180374145508 -56.238895416259766 -4
vertex 63.49180603027344 -56.23914337158203 -4
vertex 66.98198699951172 -56.239295959472656 -1
endloop
endfacet
facet normal 0 0 1
outer loop
vertex 67.71150207519531 55.07842254638672 0
vertex -66.45677185058594 55.26249313354492 0
vertex 68.44719696044922 54.77785873413086 0
endloop
endfacet
facet normal -0.8175144235971921 -0.5759081239317178 0
outer loop
vertex -71.01488494873047 29.48436737060547 -6.123651504516602
vertex -70.44759368896484 28.67908477783203 -6.078433990478516
vertex -70.44759368896484 28.67908477783203 -1
endloop
endfacet
facet normal 0 0 1
outer loop
vertex -66.45677185058594 55.26249313354492 0
vertex 66.69278717041016 53.75535583496094 0
vertex 68.44719696044922 54.77785873413086 0
endloop
endfacet
facet normal 0 0 1
outer loop
vertex 68.49305725097656 52.883644104003906 0
vertex 68.80077362060547 52.47506332397461 0
vertex 68.44719696044922 54.77785873413086 0
endloop
endfacet
facet normal -0.000043719191590365 -0.9999999990443161 0
outer loop
vertex 63.49180603027344 -56.23914337158203 -4
vertex 63.49180603027344 -56.23914337158203 -5
vertex 66.98198699951172 -56.239295959472656 -1
endloop
endfacet
facet normal 0 0 1
outer loop
vertex -56.973384857177734 26.20252799987793 0
vertex -56.95530700683594 26.163755416870117 0
vertex -50.1999397277832 29.36250114440918 0
endloop
endfacet
facet normal 0.00021555544376648757 0.9999999541954404 -0.00021247345188087972
outer loop
vertex 56.49180603027344 56.23604202270508 -3.5
vertex -42.24007797241211 56.25732421875 -3.5
vertex 56.291805267333984 56.236297607421875 -2.5
endloop
endfacet
facet normal -0.8175144235971921 -0.5759081239317179 0
outer loop
vertex -71.01488494873047 29.48436737060547 -6.123651504516602
vertex -70.44759368896484 28.67908477783203 -1
vertex -71.01488494873047 29.48436737060547 -1
endloop
endfacet
facet normal -0.9726948469455083 -0.2320877737530654 0
outer loop
vertex -71.64871978759766 31.340333938598633 -1
vertex -71.42010498046875 30.38219451904297 -6.016308784484863
vertex -71.42010498046875 30.38219451904297 -1
endloop
endfacet
facet normal 0.00021298712255103747 0.9999999716753359 -0.0001062347060535534
outer loop
vertex -66.49168395996094 56.26250076293945 -1
vertex -42.04005432128906 56.25728225708008 -1.100000023841858
vertex -44.44005584716797 56.25779342651367 -1.100000023841858
endloop
endfacet
facet normal 0 0 1
outer loop
vertex -43.64005661010742 -55.0625 0
vertex -48.740055084228516 -55.0625 0
vertex -52.686317443847656 -55.234004974365234 0
endloop
endfacet
facet normal -0.06994670921624145 0.9975507294718493 0
outer loop
vertex -66.49168395996094 56.26250076293945 -1
vertex -67.22210693359375 56.21128463745117 -4.8072662353515625
vertex -67.22210693359375 56.21128463745117 -1
endloop
endfacet
facet normal -0.000044384312433878445 -0.9999999990150163 0
outer loop
vertex 41.35006332397461 -56.238162994384766 -4.949999809265137
vertex 51.49180603027344 -56.23861312866211 -5
vertex 51.49180603027344 -56.23861312866211 -4
endloop
endfacet
facet normal -0.00004418907087891627 -0.9999999990203591 -0.000002570539292958397
outer loop
vertex 41.23588180541992 -56.2381591796875 -10.524024963378906
vertex 40.997642517089844 -56.2381477355957 -10.880572319030762
vertex 66.98198699951172 -56.239295959472656 -10.880636215209961
endloop
endfacet
facet normal 0.7197603496873342 -0.6942226148851436 0
outer loop
vertex 69.92717742919922 -54.964847564697266 -10.839598655700684
vertex 70.56731414794922 -54.30116271972656 -10.720520973205566
vertex 70.56731414794922 -54.30116271972656 -1
endloop
endfacet
facet normal 0 0 1
outer loop
vertex 70.65705108642578 51.63262939453125 0
vertex 70.46961975097656 52.41816329956055 0
vertex 69.16036224365234 51.52227783203125 0
endloop
endfacet
facet normal 0.9257231602898437 -0.3782018383125398 0
outer loop
vertex 71.47769927978516 -52.564048767089844 -10.657261848449707
vertex 71.10515594482422 -53.475921630859375 -1
vertex 71.10515594482422 -53.475921630859375 -10.764753341674805
endloop
endfacet
facet normal 0 0 1
outer loop
vertex -37.240055084228516 -54.5625 0
vertex 51.63825225830078 -54.916053771972656 0
vertex 51.52986526489258 -54.753841400146484 0
endloop
endfacet
facet normal 0.980442058936827 -0.19680794970659968 0
outer loop
vertex 71.47769927978516 -52.564048767089844 -10.657261848449707
vertex 71.67156219482422 -51.5982780456543 -10.6952543258667
vertex 71.47769927978516 -52.564048767089844 -1
endloop
endfacet
facet normal -0.9114649377194831 -0.41137776700126366 -0.000011183585565203149
outer loop
vertex -56.80572509765625 -53.55013656616211 -10.791417121887207
vertex -56.7648811340332 -53.64063262939453 -10.771060943603516
vertex -57.17010498046875 -52.74280548095703 -10.663718223571777
endloop
endfacet
facet normal -0.00004418690995035079 -0.99999999902372 -2.7759270636505194e-7
outer loop
vertex 51.49180603027344 -56.23861312866211 -5
vertex 66.98198699951172 -56.239295959472656 -10.880636215209961
vertex 63.49180603027344 -56.23914337158203 -5
endloop
endfacet
facet normal -0.23208821088009504 0.9726947426456444 0
outer loop
vertex -67.22210693359375 56.21128463745117 -1
vertex -68.18024444580078 55.982669830322266 -4.6237287521362305
vertex -68.18024444580078 55.982669830322266 -1
endloop
endfacet
facet normal 0 0 1
outer loop
vertex 67.19721984863281 53.67067337036133 0
vertex 67.67662811279297 53.492374420166016 0
vertex 68.44719696044922 54.77785873413086 0
endloop
endfacet
facet normal -0.3782018383125398 -0.9257231602898437 0
outer loop
vertex -53.751487731933594 -56.04013442993164 -10.699835777282715
vertex -54.663360595703125 -55.6675910949707 -1
vertex -54.663360595703125 -55.6675910949707 -10.679007530212402
endloop
endfacet
facet normal -0.00004458301963486653 -0.9999999989588261 -0.000009731504075637795
outer loop
vertex 27.276037216186523 -56.23754119873047 -3.564180612564087
vertex 27.850061416625977 -56.23756790161133 -3.450000047683716
vertex -38.740055084228516 -56.234622955322266 -1
endloop
endfacet
facet normal -0.4113788778388366 0.9114644364252834 0
outer loop
vertex -68.18024444580078 55.982669830322266 -1
vertex -69.07807159423828 55.57744598388672 -4.646384239196777
vertex -69.07807159423828 55.57744598388672 -1
endloop
endfacet
facet normal 0 0 1
outer loop
vertex -56.693885803222656 25.632160186767578 0
vertex -56.561683654785156 25.22953224182129 0
vertex -50.1999397277832 29.36250114440918 0
endloop
endfacet
facet normal -0.999998935252944 0.001459278237373268 -6.513968875510936e-8
outer loop
vertex -71.67144012451172 51.5982780456543 -1
vertex -71.69993591308594 32.07075881958008 -5.998536109924316
vertex -71.68354034423828 43.306365966796875 -1
endloop
endfacet
facet normal 0 0 1
outer loop
vertex 70.7000503540039 51.01936721801758 0
vertex 70.51598358154297 -52.2739372253418 0
vertex 70.67159271240234 -51.49876022338867 0
endloop
endfacet
facet normal 0 0 1
outer loop
vertex -54.86286926269531 -54.343929290771484 0
vertex -54.19707107543945 -54.777854919433594 0
vertex -52.44266128540039 -53.75535202026367 0
endloop
endfacet
facet normal -0.6820208781663811 -0.7313327024994563 0
outer loop
vertex -58.405975341796875 26.328760147094727 -1
vertex -58.0960578918457 26.03973960876465 -6.460178852081299
vertex -58.0960578918457 26.03973960876465 -1
endloop
endfacet
facet normal 0.4113788778388366 -0.9114644364252834 0
outer loop
vertex 68.18036651611328 -55.982666015625 -1
vertex 69.07819366455078 -55.57744216918945 -10.767707824707031
vertex 69.07819366455078 -55.57744216918945 -1
endloop
endfacet
facet normal -0.5759081239317179 0.8175144235971921 0
outer loop
vertex -69.07807159423828 55.57744598388672 -1
vertex -69.88335418701172 55.010154724121094 -4.839011192321777
vertex -69.88335418701172 55.010154724121094 -1
endloop
endfacet
facet normal 0 0 1
outer loop
vertex -69.22966003417969 54.24744415283203 0
vertex -68.32108306884766 53.05550003051758 0
vertex -67.9124984741211 53.36321258544922 0
endloop
endfacet
facet normal 0 0 1
outer loop
vertex 69.10823822021484 -51.7596549987793 0
vertex 68.929931640625 -52.23906707763672 0
vertex 70.51598358154297 -52.2739372253418 0
endloop
endfacet
facet normal 0 0 1
outer loop
vertex -57.41621780395508 26.76873016357422 0
vertex -57.330013275146484 26.682527542114258 0
vertex -50.1999397277832 29.36250114440918 0
endloop
endfacet
facet normal 0 0 1
outer loop
vertex 68.929931640625 -52.23906707763672 0
vertex 70.21541595458984 -53.0096321105957 0
vertex 70.51598358154297 -52.2739372253418 0
endloop
endfacet
facet normal 0.0002134357867949787 0.9999999772225822 0
outer loop
vertex -66.49168395996094 56.26250076293945 -4.7612385749816895
vertex -66.49168395996094 56.26250076293945 -1
vertex -44.24003601074219 56.25775146484375 -4.770550727844238
endloop
endfacet
facet normal -0.9519888106892996 -0.3061328213739468 0
outer loop
vertex -57.513671875 24.923389434814453 -6.600712776184082
vertex -57.513671875 24.923389434814453 -1
vertex -57.57451248168945 25.112586975097656 -1
endloop
endfacet
facet normal 0 0 1
outer loop
vertex -57.330013275146484 26.682527542114258 0
vertex -57.30271530151367 26.643543243408203 0
vertex -50.1999397277832 29.36250114440918 0
endloop
endfacet
facet normal 0 0 1
outer loop
vertex 68.929931640625 -52.23906707763672 0
vertex 68.66441345214844 -52.67624282836914 0
vertex 70.21541595458984 -53.0096321105957 0
endloop
endfacet
facet normal 0 0 1
outer loop
vertex 57.89180374145508 -55.0625 0
vertex 57.89180374145508 -55.238895416259766 0
vertex 63.18314743041992 -55.024436950683594 0
endloop
endfacet
facet normal 0 0 1
outer loop
vertex 68.32120513916016 -53.05549621582031 0
vertex 67.9126205444336 -53.36320877075195 0
vertex 69.781494140625 -53.67543029785156 0
endloop
endfacet
facet normal 0 0 1
outer loop
vertex -56.21949768066406 -52.41815948486328 0
vertex -55.89256286621094 -53.142520904541016 0
vertex -56.406925201416016 -51.632625579833984 0
endloop
endfacet
facet normal 0 0 1
outer loop
vertex 67.45333862304688 -53.58833694458008 0
vertex 68.58008575439453 -54.70512390136719 0
vertex 69.781494140625 -53.67543029785156 0
endloop
endfacet
facet normal 0 0 1
outer loop
vertex 66.9598388671875 -53.722801208496094 0
vertex 66.66474914550781 -53.7572135925293 0
vertex 68.58008575439453 -54.70512390136719 0
endloop
endfacet
facet normal 0 0 1
outer loop
vertex -57.763187408447266 27.094804763793945 0
vertex -57.726131439208984 27.057750701904297 0
vertex -50.1999397277832 29.36250114440918 0
endloop
endfacet
facet normal -0.8866028223859752 -0.4625315506397626 0
outer loop
vertex -57.83940887451172 25.70252799987793 -1
vertex -57.643402099609375 25.326812744140625 -6.53805685043335
vertex -57.643402099609375 25.326812744140625 -1
endloop
endfacet
facet normal -0.9114644364252834 -0.4113788778388366 0
outer loop
vertex -57.17010498046875 -52.74280548095703 -10.663718223571777
vertex -56.7648811340332 -53.64063262939453 -10.771060943603516
vertex -57.17010498046875 -52.74280548095703 -1
endloop
endfacet
facet normal 0 0 1
outer loop
vertex -70.69989013671875 32.105045318603516 0
vertex -69.68488311767578 29.332782745361328 0
vertex -70.67158508300781 51.4981803894043 0
endloop
endfacet
facet normal 0 0 1
outer loop
vertex -54.24293518066406 -52.88364028930664 0
vertex -54.5506477355957 -52.47506332397461 0
vertex -55.89256286621094 -53.142520904541016 0
endloop
endfacet
facet normal 0 0 1
outer loop
vertex -66.69266510009766 29.369647979736328 0
vertex -66.9343490600586 27.890600204467773 0
vertex -59.945919036865234 27.862150192260742 0
endloop
endfacet
facet normal -0.41137887783883664 0.9114644364252834 0
outer loop
vertex -68.18024444580078 55.982669830322266 -4.6237287521362305
vertex -69.07807159423828 55.57744598388672 -4.646384239196777
vertex -68.18024444580078 55.982669830322266 -1
endloop
endfacet
facet normal 0 0 1
outer loop
vertex 66.66474914550781 -53.7572135925293 0
vertex 67.85572052001953 -55.03205871582031 0
vertex 68.58008575439453 -54.70512390136719 0
endloop
endfacet
facet normal 0 0 1
outer loop
vertex -55.434879302978516 -53.79221725463867 0
vertex -54.86286926269531 -54.343929290771484 0
vertex -52.94709777832031 -53.67067337036133 0
endloop
endfacet
facet normal 0 0 1
outer loop
vertex -69.16024017333984 31.602725982666016 0
vertex -68.44706726074219 28.347143173217773 0
vertex -69.0257797241211 31.109222412109375 0
endloop
endfacet
facet normal -0.00014398868483884867 -0.9999999896336292 0
outer loop
vertex 7.350061416625977 -56.23666000366211 -4.949999809265137
vertex -52.81562042236328 -56.227996826171875 -10.882011413574219
vertex 7.350061416625977 -56.23666000366211 -9.949999809265137
endloop
endfacet
facet normal 0 0 1
outer loop
vertex -68.11368560791016 29.898147583007812 0
vertex -68.49293518066406 30.241357803344727 0
vertex -67.71138000488281 28.046579360961914 0
endloop
endfacet
facet normal 0 0 1
outer loop
vertex -53.863685607910156 -53.22685241699219 0
vertex -55.434879302978516 -53.79221725463867 0
vertex -53.42650604248047 -53.492374420166016 0
endloop
endfacet
facet normal 0 0 1
outer loop
vertex -67.19709777832031 29.454326629638672 0
vertex -67.67650604248047 29.632627487182617 0
vertex -66.9343490600586 27.890600204467773 0
endloop
endfacet
facet normal 0.00021457657807347663 0.9999999688045594 -0.000127858407769033
outer loop
vertex 56.291805267333984 56.236297607421875 -1.100000023841858
vertex 67.03584289550781 56.234004974365234 -1
vertex 58.69180679321289 56.235782623291016 -1.100000023841858
endloop
endfacet
facet normal 0 0 1
outer loop
vertex -67.67650604248047 29.632627487182617 0
vertex -68.11368560791016 29.898147583007812 0
vertex -67.71138000488281 28.046579360961914 0
endloop
endfacet
facet normal 0 0 1
outer loop
vertex -56.406925201416016 -51.632625579833984 0
vertex -55.89256286621094 -53.142520904541016 0
vertex -54.910240173339844 -51.522274017333984 0
endloop
endfacet
facet normal 0 0 1
outer loop
vertex -68.44706726074219 28.347143173217773 0
vertex -68.49293518066406 30.241357803344727 0
vertex -68.80065155029297 30.649938583374023 0
endloop
endfacet
facet normal 0 0 1
outer loop
vertex 63.49180603027344 -53.757164001464844 0
vertex 63.49180603027344 -54.5625 0
vertex 66.66474914550781 -53.7572135925293 0
endloop
endfacet
facet normal 0 0 1
outer loop
vertex -56.4499397277832 -51.01919937133789 0
vertex -56.406925201416016 -51.632625579833984 0
vertex -54.9499397277832 -51.0625 0
endloop
endfacet
facet normal 0 0 1
outer loop
vertex -42.840057373046875 -55.0625 0
vertex -42.840057373046875 -55.234439849853516 0
vertex -37.54871368408203 -55.024436950683594 0
endloop
endfacet
facet normal 0.5460121193740192 0.8377772767846425 0
outer loop
vertex 68.91348266601562 55.66759490966797 -4.642953872680664
vertex 68.91348266601562 55.66759490966797 -1
vertex 69.73872375488281 55.12975311279297 -1
endloop
endfacet
facet normal 0 0 1
outer loop
vertex -69.11286926269531 28.781068801879883 0
vertex -69.16024017333984 31.602725982666016 0
vertex -69.68488311767578 29.332782745361328 0
endloop
endfacet
facet normal 0 0 1
outer loop
vertex -50.1999397277832 29.36250114440918 0
vertex -58.260250091552734 27.427309036254883 0
vertex -58.2133903503418 27.394495010375977 0
endloop
endfacet
facet normal 0 0 1
outer loop
vertex 63.4537467956543 -54.753841400146484 0
vertex 63.345359802246094 -54.916053771972656 0
vertex 67.04766082763672 -55.22486114501953 0
endloop
endfacet
facet normal 0 0 1
outer loop
vertex 67.04766082763672 -55.22486114501953 0
vertex 57.89180374145508 -55.238895416259766 0
vertex 66.92389678955078 -55.239295959472656 0
endloop
endfacet
facet normal 0 0 1
outer loop
vertex -58.36202621459961 27.474767684936523 0
vertex -58.260250091552734 27.427309036254883 0
vertex -50.1999397277832 29.36250114440918 0
endloop
endfacet
facet normal 0.3781985195962408 0.9257245161359895 0
outer loop
vertex 68.91348266601562 55.66759490966797 -1
vertex 68.0016098022461 56.04013442993164 -4.622125625610352
vertex 68.0016098022461 56.04013442993164 -1
endloop
endfacet
facet normal -0.39962381711421613 -0.9166792267717072 -5.37023590713512e-7
outer loop
vertex -59.148712158203125 26.73063087463379 -1
vertex -58.760250091552734 26.5612850189209 -6.336463928222656
vertex -58.91716003417969 26.62968635559082 -1
endloop
endfacet
facet normal 0 0 1
outer loop
vertex -58.80669403076172 27.670324325561523 0
vertex -58.75048828125 27.644113540649414 0
vertex -50.1999397277832 29.36250114440918 0
endloop
endfacet
facet normal -0.23905195249231748 -0.9710067785600731 0
outer loop
vertex -59.56019592285156 26.831933975219727 -1
vertex -59.148712158203125 26.73063087463379 -6.286267280578613
vertex -59.148712158203125 26.73063087463379 -1
endloop
endfacet
facet normal -0.99755036594302 -0.06995189351938065 0
outer loop
vertex -57.4499397277832 -51.05424118041992 -10.647223472595215
vertex -57.398719787597656 -51.784664154052734 -10.701966285705566
vertex -57.4499397277832 -51.05424118041992 -1
endloop
endfacet
facet normal 0 0 1
outer loop
vertex -56.561683654785156 25.22953224182129 0
vertex -56.52886199951172 25.09703826904297 0
vertex -50.1999397277832 29.36250114440918 0
endloop
endfacet
facet normal -0.9999999985957945 -0.00005299070468620416 6.296027420843599e-7
outer loop
vertex -57.4499397277832 -51.05424118041992 -10.647223472595215
vertex -57.452911376953125 5.139068603515625 -1
vertex -57.45393753051758 24.50385284423828 -1
endloop
endfacet
facet normal 0 0 1
outer loop
vertex -56.52597427368164 25.064014434814453 0
vertex -56.46623992919922 24.64447593688965 0
vertex -50.1999397277832 29.36250114440918 0
endloop
endfacet
facet normal 0 0 1
outer loop
vertex -54.94279098510742 -31.869775772094727 0
vertex -54.85811233520508 -31.365341186523438 0
vertex -50.1999397277832 29.36250114440918 0
endloop
endfacet
facet normal 0 0 1
outer loop
vertex -50.1999397277832 29.36250114440918 0
vertex -54.679813385009766 -30.88593101501465 0
vertex -54.41429138183594 -30.448753356933594 0
endloop
endfacet
facet normal 0 0 1
outer loop
vertex -59.32200241088867 27.799448013305664 0
vertex -58.910518646240234 27.698143005371094 0
vertex -50.1999397277832 29.36250114440918 0
endloop
endfacet
facet normal 0 0 1
outer loop
vertex -50.1999397277832 29.36250114440918 0
vertex -54.071083068847656 -30.069501876831055 0
vertex -53.66250228881836 -29.761789321899414 0
endloop
endfacet
facet normal 0.6942258297863534 0.7197572488380913 -0.0000015719250412250967
outer loop
vertex 70.44771575927734 54.445919036865234 -1
vertex 69.73872375488281 55.12975311279297 -4.835686206817627
vertex 70.19327545166016 54.69133377075195 -1
endloop
endfacet
facet normal 0 0 1
outer loop
vertex -50.1999397277832 29.36250114440918 0
vertex -53.203216552734375 -29.536659240722656 0
vertex -52.709712982177734 -29.402196884155273 0
endloop
endfacet
facet normal 0 0 1
outer loop
vertex -50.1999397277832 29.36250114440918 0
vertex -59.482303619384766 27.825119018554688 0
vertex -59.38654708862305 27.816741943359375 0
endloop
endfacet
facet normal -0.000044229498354445336 -0.9999999990218758 0
outer loop
vertex -37.240055084228516 -56.23468780517578 -4
vertex -37.240055084228516 -56.23468780517578 -5
vertex 7.350061416625977 -56.23666000366211 -4.949999809265137
endloop
endfacet
facet normal 0 0 1
outer loop
vertex -70.65692901611328 31.492374420166016 0
vertex -70.46949768066406 30.70684051513672 0
vertex -69.68488311767578 29.332782745361328 0
endloop
endfacet
facet normal 0 0 1
outer loop
vertex -50.1999397277832 29.36250114440918 0
vertex -59.945919036865234 27.862150192260742 0
vertex -59.87204360961914 27.85568618774414 0
endloop
endfacet
facet normal -0.0000442268970461819 -0.9999999990219833 1.2209753897064425e-7
outer loop
vertex -42.840057373046875 -56.234439849853516 -1.6690984964370728
vertex -37.240055084228516 -56.23468780517578 -4
vertex 7.350061416625977 -56.23666000366211 -4.949999809265137
endloop
endfacet
facet normal -0.000044277748140182803 -0.9999999990196492 4.2743578296562896e-7
outer loop
vertex -49.240055084228516 -56.23415756225586 -4
vertex -43.64005661010742 -56.234405517578125 -4
vertex -46.97652816772461 -56.234256744384766 -1.5628013610839844
endloop
endfacet
facet normal -0.37819851959624035 -0.9257245161359883 -4.882683153326264e-8
outer loop
vertex -68.91336059570312 27.457406997680664 -1
vertex -68.01592254638672 27.09076499938965 -6.226997375488281
vertex -68.0014877319336 27.084867477416992 -1
endloop
endfacet
facet normal -0.6942212313220817 -0.7197616841577211 3.06282267092109e-7
outer loop
vertex -56.197593688964844 -54.44591522216797 -1
vertex -55.48860168457031 -55.12975311279297 -10.826095581054688
vertex -55.94313430786133 -54.69134521484375 -1
endloop
endfacet
facet normal -0.5460121193740193 -0.8377772767846428 0
outer loop
vertex -69.73860168457031 27.995248794555664 -6.182742595672607
vertex -68.91336059570312 27.457406997680664 -1
vertex -69.73860168457031 27.995248794555664 -1
endloop
endfacet
facet normal 0.11582727706745381 -0.9932693702551888 0
outer loop
vertex 66.98198699951172 -56.239295959472656 -1
vertex 67.22222900390625 -56.211280822753906 -10.859509468078613
vertex 67.22222900390625 -56.211280822753906 -1
endloop
endfacet
facet normal -0.00004433560388000659 -0.9999999990156778 -0.0000017316174540654736
outer loop
vertex 7.464242458343506 -56.236663818359375 -4.375974655151367
vertex 7.789401531219482 -56.23667907714844 -3.8893399238586426
vertex -40.13922882080078 -56.23455810546875 -1.5949000120162964
endloop
endfacet
facet normal -0.8377784313280421 0.546010347888687 0
outer loop
vertex -70.56719207763672 54.30116653442383 -4.781764030456543
vertex -71.10503387451172 53.475921630859375 -4.885309219360352
vertex -70.56719207763672 54.30116653442383 -1
endloop
endfacet
facet normal 0 0 1
outer loop
vertex -56.453941345214844 24.503904342651367 0
vertex -54.94279098510742 -31.869775772094727 0
vertex -50.1999397277832 29.36250114440918 0
endloop
endfacet
facet normal 0.0002752854967186974 0.9999999021717124 -0.00034622891412140104
outer loop
vertex 67.03584289550781 56.234004974365234 -1
vertex 56.49180603027344 56.23604202270508 -3.5
vertex 58.69180679321289 56.235782623291016 -2.5
endloop
endfacet
facet normal -0.00004404255479289102 -0.9999999990271929 0.0000024223168372127976
outer loop
vertex -40.884429931640625 -56.234527587890625 -1.6285758018493652
vertex -42.098873138427734 -56.234474182128906 -1.662188172340393
vertex 7.350061416625977 -56.23666000366211 -4.949999809265137
endloop
endfacet
facet normal -0.19681007400777573 -0.9804416325151915 0
outer loop
vertex -53.751487731933594 -56.04013442993164 -10.699835777282715
vertex -52.81562042236328 -56.227996826171875 -10.882011413574219
vertex -53.751487731933594 -56.04013442993164 -1
endloop
endfacet
facet normal -0.000046073427960173366 -0.9999999982153619 -0.00003803308223538574
outer loop
vertex -39.503395080566406 -56.234588623046875 -1.5627559423446655
vertex -40.13922882080078 -56.23455810546875 -1.5949000120162964
vertex 7.789401531219482 -56.23667907714844 -3.8893399238586426
endloop
endfacet
facet normal 0.00021457657497494487 0.9999999543643456 -0.00021266922642917548
outer loop
vertex 56.49180603027344 56.23604202270508 -3.5
vertex 56.291805267333984 56.236297607421875 -2.5
vertex 58.69180679321289 56.235782623291016 -2.5
endloop
endfacet
facet normal -0.00004446843727282202 -0.9999999989838734 -0.000007403483497805575
outer loop
vertex -38.740055084228516 -56.234622955322266 -1.5103834867477417
vertex -39.503395080566406 -56.234588623046875 -1.5627559423446655
vertex 8.850061416625977 -56.236724853515625 -3.450000047683716
endloop
endfacet
facet normal -0.9804405643880452 0.19681539498334813 0
outer loop
vertex -71.47756958007812 52.564048767089844 -4.8412885665893555
vertex -71.67144012451172 51.5982780456543 -4.957251071929932
vertex -71.47756958007812 52.564048767089844 -1
endloop
endfacet
facet normal -0.00004347309974744922 -0.9999999988912713 0.00001809825705560902
outer loop
vertex 8.850061416625977 -56.236724853515625 -3.450000047683716
vertex -39.503395080566406 -56.234588623046875 -1.5627559423446655
vertex 8.276036262512207 -56.23670196533203 -3.564180612564087
endloop
endfacet
facet normal 0.00021336523121041827 0.9999999772350182 0.000002289317255508218
outer loop
vertex 10.342422485351562 56.24610137939453 -1
vertex 67.03584289550781 56.234004974365234 -1
vertex 56.291805267333984 56.236297607421875 -1.100000023841858
endloop
endfacet
facet normal -0.5460121193740193 -0.8377772767846426 0
outer loop
vertex -69.73860168457031 27.995248794555664 -6.182742595672607
vertex -68.91336059570312 27.457406997680664 -6.123653411865234
vertex -68.91336059570312 27.457406997680664 -1
endloop
endfacet
facet normal -0.00004418690995034908 -0.9999999990236814 -3.9265347914427976e-7
outer loop
vertex 8.850061416625977 -56.236724853515625 -3.450000047683716
vertex 20.850061416625977 -56.23725509643555 -3.450000047683716
vertex -38.740055084228516 -56.234622955322266 -1
endloop
endfacet
facet normal -0.00004831255681434818 -0.9999999988199633 -0.0000050961289345476165
outer loop
vertex -46.97652816772461 -56.234256744384766 -1.5628013610839844
vertex -43.64005661010742 -56.234405517578125 -4
vertex -46.34147262573242 -56.23428726196289 -1.5949000120162964
endloop
endfacet
facet normal -0.5759083096104813 0.8175142927926393 0.0000011614582070249935
outer loop
vertex -69.07807159423828 55.57744598388672 -4.646384239196777
vertex -69.82437896728516 55.051700592041016 -4.857719898223877
vertex -69.88335418701172 55.010154724121094 -4.839011192321777
endloop
endfacet
facet normal -0.7957418026869991 -0.6056360156532978 2.0826316538392338e-7
outer loop
vertex -57.92523193359375 25.815290451049805 -6.462463855743408
vertex -57.83940887451172 25.70252799987793 -6.490778923034668
vertex -58.0960578918457 26.03973960876465 -1
endloop
endfacet
facet normal -0.00004381459849148912 -0.9999999990400792 3.502780181438264e-7
outer loop
vertex -52.78571701049805 -56.23400115966797 -1
vertex -49.240055084228516 -56.23415756225586 -4
vertex -47.740055084228516 -56.234222412109375 -1.5104224681854248
endloop
endfacet
facet normal -0.9519863190040325 -0.3061405697210883 0
outer loop
vertex -57.643402099609375 25.326812744140625 -6.53805685043335
vertex -57.56586456298828 25.0856990814209 -6.555595397949219
vertex -57.643402099609375 25.326812744140625 -1
endloop
endfacet
facet normal 0 0 1
outer loop
vertex -69.7813720703125 53.67543411254883 0
vertex -70.51586151123047 52.27394104003906 0
vertex -68.9298095703125 52.239070892333984 0
endloop
endfacet
facet normal -0.9900155283453036 -0.1409583400695723 0
outer loop
vertex -57.513671875 24.923389434814453 -6.600712776184082
vertex -57.47944641113281 24.683008193969727 -6.6246232986450195
vertex -57.513671875 24.923389434814453 -1
endloop
endfacet
facet normal 0.5460121193740193 0.8377772767846428 0
outer loop
vertex 69.73872375488281 55.12975311279297 -4.835686206817627
vertex 68.91348266601562 55.66759490966797 -4.642953872680664
vertex 69.73872375488281 55.12975311279297 -1
endloop
endfacet
facet normal 0 0 1
outer loop
vertex -37.240055084228516 -54.5625 0
vertex -37.278114318847656 -54.753841400146484 0
vertex 51.80046463012695 -55.024436950683594 0
endloop
endfacet
facet normal 0.19681599991025897 0.9804397051922448 -0.0012027725757448621
outer loop
vertex 68.0016098022461 56.04013442993164 -1
vertex 67.01249694824219 56.2340087890625 -4.817110538482666
vertex 67.03584289550781 56.234004974365234 -1
endloop
endfacet
facet normal 0 0 1
outer loop
vertex -37.278114318847656 -54.753841400146484 0
vertex -37.38650131225586 -54.916053771972656 0
vertex 57.09180450439453 -55.238861083984375 0
endloop
endfacet
facet normal 0.8175144235971921 0.5759081239317178 0
outer loop
vertex 70.44771575927734 54.445919036865234 -4.776871204376221
vertex 71.01500701904297 53.6406364440918 -1
vertex 71.01500701904297 53.6406364440918 -4.880091190338135
endloop
endfacet
facet normal -0.8866030637033518 -0.4625310880706617 0
outer loop
vertex -57.83940887451172 25.70252799987793 -6.490778923034668
vertex -57.716800689697266 25.467506408691406 -6.501143932342529
vertex -57.83940887451172 25.70252799987793 -1
endloop
endfacet
facet normal -0.972694951244783 -0.23208733662763553 0
outer loop
vertex -57.398719787597656 -51.784664154052734 -1
vertex -57.17010498046875 -52.74280548095703 -10.663718223571777
vertex -57.17010498046875 -52.74280548095703 -1
endloop
endfacet
facet normal -0.9900149415037476 -0.14096246166727822 1.797168701986985e-7
outer loop
vertex -57.47944641113281 24.683008193969727 -6.6246232986450195
vertex -57.45393753051758 24.50385284423828 -6.65894889831543
vertex -57.513671875 24.923389434814453 -1
endloop
endfacet
facet normal 0.19234821526954957 0.9813267366594162 0
outer loop
vertex 68.0016098022461 56.04013442993164 -4.622125625610352
vertex 67.01249694824219 56.2340087890625 -4.817110538482666
vertex 68.0016098022461 56.04013442993164 -1
endloop
endfacet
facet normal -0.3995581298445977 -0.9167078601433128 0.00000515325291700842
outer loop
vertex -58.80236053466797 26.579639434814453 -6.323380947113037
vertex -58.760250091552734 26.5612850189209 -6.336463928222656
vertex -59.148712158203125 26.73063087463379 -1
endloop
endfacet
facet normal 0.972694951244783 0.23208733662763553 0
outer loop
vertex 71.64884185791016 51.78466796875 -1
vertex 71.42022705078125 52.7428092956543 -4.83509635925293
vertex 71.42022705078125 52.7428092956543 -1
endloop
endfacet
facet normal 0.9726949512447829 0.2320873366276355 0
outer loop
vertex 71.42022705078125 52.7428092956543 -4.83509635925293
vertex 71.64884185791016 51.78466796875 -1
vertex 71.64884185791016 51.78466796875 -4.9469804763793945
endloop
endfacet
facet normal -0.2390532554348841 -0.9710064577879923 0
outer loop
vertex -59.56019592285156 26.831933975219727 -1
vertex -59.56019592285156 26.831933975219727 -6.260392189025879
vertex -59.27825927734375 26.762523651123047 -6.275998115539551
endloop
endfacet
facet normal -0.0017230077921973454 -0.9999985156209723 0
outer loop
vertex -52.81562042236328 -56.227996826171875 -10.882011413574219
vertex -49.240055084228516 -56.23415756225586 -5
vertex -49.240055084228516 -56.23415756225586 -4
endloop
endfacet
facet normal 0.0002135040521061772 0.9999999772079625 -3.064509531476069e-7
outer loop
vertex 67.01249694824219 56.2340087890625 -4.817110538482666
vertex 58.491783142089844 56.2358283996582 -3.5
vertex 67.03584289550781 56.234004974365234 -1
endloop
endfacet
facet normal -0.07818792580273472 -0.996938638161177 6.317439710125647e-8
outer loop
vertex -59.9499397277832 26.86250114440918 -1
vertex -59.86173629760742 26.85558319091797 -6.253366470336914
vertex -59.56019592285156 26.831933975219727 -6.260392189025879
endloop
endfacet
facet normal 0.9975507294718493 0.06994670921624145 0
outer loop
vertex 71.70005798339844 51.05424499511719 -1
vertex 71.64884185791016 51.78466796875 -4.9469804763793945
vertex 71.64884185791016 51.78466796875 -1
endloop
endfacet
facet normal -0.07819166544443316 -0.9969383448614191 0
outer loop
vertex -59.9499397277832 26.86250114440918 -6.252506256103516
vertex -59.86173629760742 26.85558319091797 -6.253366470336914
vertex -59.9499397277832 26.86250114440918 -1
endloop
endfacet
facet normal -0.00004632203070813112 -0.9999999989271346 0
outer loop
vertex -44.381221771240234 -56.234371185302734 -1.6621991395950317
vertex -43.64005661010742 -56.234405517578125 -4
vertex -43.64005661010742 -56.234405517578125 -1.6691021919250488
endloop
endfacet
facet normal -0.000044415250886224164 -0.9999999990135882 3.3028409164309455e-7
outer loop
vertex 57.09180450439453 -56.238861083984375 -1.6686277389526367
vertex 41.35006332397461 -56.238162994384766 -4.949999809265137
vertex 51.49180603027344 -56.23861312866211 -4
endloop
endfacet
facet normal 0 0 1
outer loop
vertex 51.49180603027344 -53.75697326660156 0
vertex -37.240055084228516 -54.5625 0
vertex 51.49180603027344 -54.5625 0
endloop
endfacet
facet normal 0.7197629128046055 -0.6942199574709085 -3.459928756913895e-7
outer loop
vertex 70.12886047363281 -54.7557487487793 -1
vertex 69.92717742919922 -54.964847564697266 -10.839598655700684
vertex 70.56731414794922 -54.30116271972656 -1
endloop
endfacet
facet normal -0.6942247262122689 -0.7197583130485684 -0.000017691216731447853
outer loop
vertex -56.197593688964844 -54.44591522216797 -10.72584342956543
vertex -55.52732467651367 -55.092403411865234 -10.843010902404785
vertex -55.48860168457031 -55.12975311279297 -10.826095581054688
endloop
endfacet
facet normal 0 0 1
outer loop
vertex -70.51586151123047 52.27394104003906 0
vertex -69.10810852050781 51.75965881347656 0
vertex -68.9298095703125 52.239070892333984 0
endloop
endfacet
facet normal -0.9999999986017145 -0.00005288261498019452 0
outer loop
vertex -57.4499397277832 -51.05424118041992 -10.647223472595215
vertex -57.4499397277832 -51.05424118041992 -1
vertex -57.452911376953125 5.139068603515625 -1
endloop
endfacet
facet normal -3.965140776288932e-8 0.05581547946081107 -0.9984411010433004
outer loop
vertex -67.00750732421875 55.385032653808594 -5.7425408363342285
vertex -43.240055084228516 55.257537841796875 -5.749669075012207
vertex 69.13899993896484 54.468502044677734 -5.793782711029053
endloop
endfacet
facet normal -2.8562524393924285e-8 0.055821063488717584 -0.9984407888658133
outer loop
vertex 69.13899993896484 54.468502044677734 -5.793782711029053
vertex 57.874488830566406 55.31216049194336 -5.746614933013916
vertex 66.84016418457031 55.40768051147461 -5.741274833679199
endloop
endfacet
facet normal -1.4634476198971813e-9 0.05582659167453073 -0.9984404797793434
outer loop
vertex -67.00750732421875 55.385032653808594 -5.7425408363342285
vertex -43.72622299194336 55.388973236083984 -5.742320537567139
vertex -43.622737884521484 55.33366012573242 -5.745413303375244
endloop
endfacet
facet normal 4.0282535121453924e-7 0.0558218423417577 -0.998440745321128
outer loop
vertex 70.65355682373047 51.78727340698242 -5.9436869621276855
vertex 69.13899993896484 54.468502044677734 -5.793782711029053
vertex 70.13459014892578 53.306888580322266 -5.858726978302002
endloop
endfacet
facet normal -1.9531616872289285e-8 0.05581839267713454 -0.9984409381825952
outer loop
vertex -67.00750732421875 55.385032653808594 -5.7425408363342285
vertex -43.622737884521484 55.33366012573242 -5.745413303375244
vertex -43.43514633178711 55.27675247192383 -5.748594760894775
endloop
endfacet
facet normal 6.95237015958871e-9 0.05582414021789285 -0.9984406168465568
outer loop
vertex -67.00750732421875 55.385032653808594 -5.7425408363342285
vertex -43.43514633178711 55.27675247192383 -5.748594760894775
vertex -43.240055084228516 55.257537841796875 -5.749669075012207
endloop
endfacet
facet normal 2.087276527421033e-7 0.05582182819337355 -0.9984407461122097
outer loop
vertex 66.87646484375 -55.07859802246094 -11.918416976928711
vertex -56.70319747924805 25.30612564086914 -7.42421293258667
vertex -56.87364959716797 25.867151260375977 -7.392846584320068
endloop
endfacet
facet normal -1.0171830235951723e-7 0.05582135241566348 -0.9984407727123707
outer loop
vertex 66.87646484375 -55.07859802246094 -11.918416976928711
vertex -56.64657974243164 24.732149124145508 -7.456303119659424
vertex -56.70319747924805 25.30612564086914 -7.42421293258667
endloop
endfacet
facet normal -4.3051252223160353e-7 0.055820857224423086 -0.9984408003975724
outer loop
vertex 66.87646484375 -55.07859802246094 -11.918416976928711
vertex -57.150447845458984 26.38419532775879 -7.36393928527832
vertex -57.42643356323242 26.719961166381836 -7.34516716003418
endloop
endfacet
facet normal 3.3486742239854557e-7 0.05582201668847901 -0.9984407355735838
outer loop
vertex 66.87646484375 -55.07859802246094 -11.918416976928711
vertex -57.42643356323242 26.719961166381836 -7.34516716003418
vertex -57.6807975769043 27.001113891601562 -7.329448223114014
endloop
endfacet
facet normal 4.718246693489657e-7 0.05582209069124777 -0.9984407314360906
outer loop
vertex -56.40392303466797 -51.451438903808594 -11.71562671661377
vertex -52.58993911743164 -55.07331466674805 -11.918121337890625
vertex -55.884464263916016 -52.97248077392578 -11.800666809082031
endloop
endfacet
facet normal 8.783245979664529e-8 0.055821643944350255 -0.99844075641339
outer loop
vertex -57.150447845458984 26.38419532775879 -7.36393928527832
vertex 66.87646484375 -55.07859802246094 -11.918416976928711
vertex -56.87364959716797 25.867151260375977 -7.392846584320068
endloop
endfacet
facet normal -2.119374219509008e-9 0.05582150608452946 -0.9984407641209642
outer loop
vertex -52.58993911743164 -55.07331466674805 -11.918121337890625
vertex -56.64657974243164 24.732149124145508 -7.456303119659424
vertex 66.87646484375 -55.07859802246094 -11.918416976928711
endloop
endfacet
facet normal -3.4736922987240865e-7 0.05582149864316305 -0.9984407645369408
outer loop
vertex -69.10669708251953 28.953359603881836 -7.220301151275635
vertex -70.13446807861328 30.15251922607422 -7.153257369995117
vertex -70.67595672607422 51.61989974975586 -5.953044414520264
endloop
endfacet
facet normal 5.73319120459408e-7 0.055821521794040076 -0.9984407632425014
outer loop
vertex -70.67595672607422 51.61989974975586 -5.953044414520264
vertex -70.13446807861328 30.15251922607422 -7.153257369995117
vertex -70.6535873413086 31.672571182250977 -7.068273544311523
endloop
endfacet
facet normal 6.08970232165357e-8 0.05582152682035516 -0.9984407629616494
outer loop
vertex -67.7421646118164 28.238239288330078 -7.260282516479492
vertex -69.10669708251953 28.953359603881836 -7.220301151275635
vertex -70.67595672607422 51.61989974975586 -5.953044414520264
endloop
endfacet
facet normal 4.788831884652758e-8 0.05582152519318628 -0.998440763052623
outer loop
vertex -59.829345703125 27.993667602539062 -7.273955821990967
vertex -67.7421646118164 28.238239288330078 -7.260282516479492
vertex -70.67595672607422 51.61989974975586 -5.953044414520264
endloop
endfacet
facet normal 2.0465656236722958e-7 0.055821673024094666 -0.9984407547875582
outer loop
vertex -55.884464263916016 -52.97248077392578 -11.800666809082031
vertex -52.58993911743164 -55.07331466674805 -11.918121337890625
vertex -54.88888168334961 -54.13409423828125 -11.86561107635498
endloop
endfacet
facet normal -5.29873170596071e-7 0.055821260774092066 -0.9984407778357763
outer loop
vertex -59.829345703125 27.993667602539062 -7.273955821990967
vertex -70.67595672607422 51.61989974975586 -5.953044414520264
vertex -59.33461380004883 27.94501495361328 -7.276676177978516
endloop
endfacet
facet normal 5.064952778930996e-7 0.05582176099644136 -0.9984407498690142
outer loop
vertex -58.937889099121094 27.824859619140625 -7.283393859863281
vertex -70.67595672607422 51.61989974975586 -5.953044414520264
vertex -58.76907730102539 27.772891998291016 -7.286299228668213
endloop
endfacet
facet normal 1.333632833044756e-7 0.05582157750439526 -0.9984407601279622
outer loop
vertex -70.67595672607422 51.61989974975586 -5.953044414520264
vertex -58.937889099121094 27.824859619140625 -7.283393859863281
vertex -59.33461380004883 27.94501495361328 -7.276676177978516
endloop
endfacet
facet normal -2.2768496581785128e-7 0.055821386593448645 -0.9984407708015197
outer loop
vertex -58.23121643066406 27.49046516418457 -7.302089214324951
vertex -70.67595672607422 51.61989974975586 -5.953044414520264
vertex -57.77731704711914 27.118539810180664 -7.322883129119873
endloop
endfacet
facet normal 9.845317976524465e-7 0.05582202277136844 -0.998440735233065
outer loop
vertex -57.6807975769043 27.001113891601562 -7.329448223114014
vertex -57.77731704711914 27.118539810180664 -7.322883129119873
vertex -70.67595672607422 51.61989974975586 -5.953044414520264
endloop
endfacet
facet normal 3.1924036264855696e-7 0.05582166779087025 -0.9984407550801118
outer loop
vertex -58.23121643066406 27.49046516418457 -7.302089214324951
vertex -58.76907730102539 27.772891998291016 -7.286299228668213
vertex -70.67595672607422 51.61989974975586 -5.953044414520264
endloop
endfacet
facet normal -5.478532463199728e-9 0.055821501817488045 -0.9984407643595289
outer loop
vertex -57.6807975769043 27.001113891601562 -7.329448223114014
vertex -70.67595672607422 51.61989974975586 -5.953044414520264
vertex 66.87646484375 -55.07859802246094 -11.918416976928711
endloop
endfacet
facet normal -1.4999103295293722e-8 0.05582149008591839 -0.9984407650154252
outer loop
vertex -70.67595672607422 51.61989974975586 -5.953044414520264
vertex -70.20707702636719 53.174224853515625 -5.866144180297852
vertex 67.8204574584961 -54.87644577026367 -11.90711498260498
endloop
endfacet
facet normal -6.706651663595708e-8 0.05582142378052188 -0.9984407687224671
outer loop
vertex 67.8204574584961 -54.87644577026367 -11.90711498260498
vertex -70.20707702636719 53.174224853515625 -5.866144180297852
vertex -69.25404357910156 54.3710823059082 -5.799229621887207
endloop
endfacet
facet normal 4.425517699111399e-8 0.055821564513257836 -0.9984407608542883
outer loop
vertex -69.25404357910156 54.3710823059082 -5.799229621887207
vertex -67.00750732421875 55.385032653808594 -5.7425408363342285
vertex 70.67620849609375 -51.28504943847656 -11.706324577331543
endloop
endfacet
facet normal -8.927834887742919e-8 0.05582150166790318 -0.998440764367888
outer loop
vertex -52.58993911743164 -55.07331466674805 -11.918121337890625
vertex -56.40392303466797 -51.451438903808594 -11.71562671661377
vertex -56.64657974243164 24.732149124145508 -7.456303119659424
endloop
endfacet
facet normal -1.1012985323074736e-9 0.055821506152105876 -0.9984407641171861
outer loop
vertex 70.67620849609375 -51.28504943847656 -11.706324577331543
vertex -67.00750732421875 55.385032653808594 -5.7425408363342285
vertex 70.65355682373047 51.78727340698242 -5.9436869621276855
endloop
endfacet
facet normal 1.7920222548867402e-9 0.05582161651427232 -0.9984407579469768
outer loop
vertex 70.65355682373047 51.78727340698242 -5.9436869621276855
vertex -67.00750732421875 55.385032653808594 -5.7425408363342285
vertex 69.13899993896484 54.468502044677734 -5.793782711029053
endloop
endfacet
facet normal -3.0279729476640415e-9 0.05579933870373632 -0.9984420032231345
outer loop
vertex -43.240055084228516 55.257537841796875 -5.749669075012207
vertex 57.296714782714844 55.25525665283203 -5.7497968673706055
vertex 57.49180603027344 55.23604202270508 -5.750870704650879
endloop
endfacet
facet normal 1.0697171595067696e-9 0.05582011389683411 -0.9984408419553681
outer loop
vertex 57.10912322998047 55.31216049194336 -5.746614933013916
vertex -42.75358200073242 55.389137268066406 -5.742311477661133
vertex 56.934486389160156 55.406005859375 -5.741368293762207
endloop
endfacet
facet normal -5.967935762066679e-8 0.05582143216118142 -0.9984407682539166
outer loop
vertex 66.87646484375 -55.07859802246094 -11.918416976928711
vertex -70.67595672607422 51.61989974975586 -5.953044414520264
vertex 67.8204574584961 -54.87644577026367 -11.90711498260498
endloop
endfacet
facet normal 5.810977434203974e-9 0.05583054679137656 -0.9984402586259109
outer loop
vertex 57.296714782714844 55.25525665283203 -5.7497968673706055
vertex -42.85737228393555 55.33366012573242 -5.745413303375244
vertex 57.10912322998047 55.31216049194336 -5.746614933013916
endloop
endfacet
facet normal 1.0258471004274656e-7 0.05582163598115037 -0.9984407568586018
outer loop
vertex 67.8204574584961 -54.87644577026367 -11.90711498260498
vertex -69.25404357910156 54.3710823059082 -5.799229621887207
vertex 69.2233657836914 -54.07535171508789 -11.862326622009277
endloop
endfacet
facet normal 6.464182748085575e-8 0.05582158768210136 -0.9984407595589462
outer loop
vertex 69.2233657836914 -54.07535171508789 -11.862326622009277
vertex -69.25404357910156 54.3710823059082 -5.799229621887207
vertex 70.20719909667969 -52.839813232421875 -11.793249130249023
endloop
endfacet
facet normal -9.475315879109736e-8 0.055821380985244556 -0.9984407711150878
outer loop
vertex 70.20719909667969 -52.839813232421875 -11.793249130249023
vertex -69.25404357910156 54.3710823059082 -5.799229621887207
vertex 70.67620849609375 -51.28504943847656 -11.706324577331543
endloop
endfacet
facet normal 1.6834657657011783e-9 0.05582134826980264 -0.9984407729441648
outer loop
vertex 69.13899993896484 54.468502044677734 -5.793782711029053
vertex -43.240055084228516 55.257537841796875 -5.749669075012207
vertex 57.49180603027344 55.23604202270508 -5.750870704650879
endloop
endfacet
facet normal -8.694753771734161e-7 0.055808169877640326 -0.9984415096409767
outer loop
vertex 69.13899993896484 54.468502044677734 -5.793782711029053
vertex 57.49180603027344 55.23604202270508 -5.750870704650879
vertex 57.68689727783203 55.25525665283203 -5.7497968673706055
endloop
endfacet
facet normal 5.473381313248262e-7 0.05582872894106004 -0.9984403602742259
outer loop
vertex 69.13899993896484 54.468502044677734 -5.793782711029053
vertex 57.68689727783203 55.25525665283203 -5.7497968673706055
vertex 57.874488830566406 55.31216049194336 -5.746614933013916
endloop
endfacet
facet normal 1.2065289506592392e-9 0.055818278019527406 -0.9984409445925858
outer loop
vertex 57.874488830566406 55.31216049194336 -5.746614933013916
vertex 58.049354553222656 55.40619659423828 -5.741357803344727
vertex 66.84016418457031 55.40768051147461 -5.741274833679199
endloop
endfacet
facet normal 4.5239436040927895e-9 0.055824581134598664 -0.998440592194221
outer loop
vertex -42.85737228393555 55.33366012573242 -5.745413303375244
vertex -42.75358200073242 55.389137268066406 -5.742311477661133
vertex 57.10912322998047 55.31216049194336 -5.746614933013916
endloop
endfacet
facet normal -3.673470972386052e-9 0.05581846893252885 -0.9984409339194925
outer loop
vertex 57.296714782714844 55.25525665283203 -5.7497968673706055
vertex -43.04496383666992 55.27675247192383 -5.748594760894775
vertex -42.85737228393555 55.33366012573242 -5.745413303375244
endloop
endfacet
facet normal -2.4644959013850865e-9 0.05582409479331296 -0.9984406193863045
outer loop
vertex -43.240055084228516 55.257537841796875 -5.749669075012207
vertex -43.04496383666992 55.27675247192383 -5.748594760894775
vertex 57.296714782714844 55.25525665283203 -5.7497968673706055
endloop
endfacet
facet normal 0.26288169790329124 -0.9648280742741077 0
outer loop
vertex -53.203216552734375 -29.536659240722656 0
vertex -53.203216552734375 -29.536659240722656 -4.099999904632568
vertex -52.709712982177734 -29.402196884155273 0
endloop
endfacet
facet normal 0 0 1
outer loop
vertex -67.45321655273438 53.588340759277344 -4.099999904632568
vertex -67.9124984741211 53.36321258544922 -4.099999904632568
vertex 60.35006332397461 -23.937498092651367 -4.099999904632568
endloop
endfacet
facet normal 0.000015576678023552015 0.9999999998777805 -0.0000013438789808724053
outer loop
vertex 39.85006332397461 -53.75679397583008 -3.450000047683716
vertex 27.850061416625977 -53.75660705566406 -3.450000047683716
vertex -37.240055084228516 -53.75558853149414 0
endloop
endfacet
facet normal 0.000015803745812690277 0.9999999998707986 0.000002940140918094022
outer loop
vertex 20.850061416625977 -53.75649642944336 -3.450000047683716
vertex -37.240055084228516 -53.75558853149414 0
vertex 27.850061416625977 -53.75660705566406 -3.450000047683716
endloop
endfacet
facet normal 0.00043333254479210995 0.9999999061114485 0
outer loop
vertex -50.1999397277832 29.36250114440918 -4.099999904632568
vertex -66.69266510009766 29.369647979736328 -4.099999904632568
vertex -66.69266510009766 29.369647979736328 0
endloop
endfacet
facet normal 0.6709989515241015 0.7414582975822421 0
outer loop
vertex -68.11368560791016 29.898147583007812 0
vertex -68.11368560791016 29.898147583007812 -4.099999904632568
vertex -68.49293518066406 30.241357803344727 0
endloop
endfacet
facet normal 0 0 1
outer loop
vertex 7.350061416625977 -51.9375 -4.099999904632568
vertex 41.05147933959961 -53.13749694824219 -4.099999904632568
vertex 51.63825225830078 -53.208946228027344 -4.099999904632568
endloop
endfacet
facet normal 0.00001580374580934739 0.9999999996592736 0.00002077725962647201
outer loop
vertex 27.276037216186523 -53.756595611572266 -3.564180612564087
vertex 20.850061416625977 -53.75649642944336 -3.450000047683716
vertex 27.850061416625977 -53.75660705566406 -3.450000047683716
endloop
endfacet
facet normal 0.0000156448259445077 0.9999999998776185 4.9426235376815346e-8
outer loop
vertex 26.78940200805664 -53.756587982177734 -3.8893399238586426
vertex 21.424087524414062 -53.75650405883789 -3.564180612564087
vertex 27.276037216186523 -53.756595611572266 -3.564180612564087
endloop
endfacet
facet normal 0.000015644825943412352 0.999999999807605 0.000011833397522183706
outer loop
vertex 21.424087524414062 -53.75650405883789 -3.564180612564087
vertex 20.850061416625977 -53.75649642944336 -3.450000047683716
vertex 27.276037216186523 -53.756595611572266 -3.564180612564087
endloop
endfacet
facet normal 0.00001563823140709101 0.9999999998231307 -0.00001044913330327808
outer loop
vertex 26.78940200805664 -53.756587982177734 -3.8893399238586426
vertex 26.648643493652344 -53.756587982177734 -4.099999904632568
vertex 21.910720825195312 -53.75651168823242 -3.8893399238586426
endloop
endfacet
facet normal 0.5191061853487081 0.8547097567787046 0
outer loop
vertex -67.67650604248047 29.632627487182617 0
vertex -67.67650604248047 29.632627487182617 -4.099999904632568
vertex -68.11368560791016 29.898147583007812 0
endloop
endfacet
facet normal 0 0 1
outer loop
vertex 60.35006332397461 -23.937498092651367 -4.099999904632568
vertex -50.1999397277832 29.36250114440918 -4.099999904632568
vertex 7.350061416625977 -23.937498092651367 -4.099999904632568
endloop
endfacet
facet normal 0.34859011950304275 0.9372752683096115 0
outer loop
vertex -67.19709777832031 29.454326629638672 0
vertex -67.19709777832031 29.454326629638672 -4.099999904632568
vertex -67.67650604248047 29.632627487182617 0
endloop
endfacet
facet normal 0.000015638231407944708 0.999999999877721 -5.9387387096675896e-8
outer loop
vertex 21.910720825195312 -53.75651168823242 -3.8893399238586426
vertex 21.424087524414062 -53.75650405883789 -3.564180612564087
vertex 26.78940200805664 -53.756587982177734 -3.8893399238586426
endloop
endfacet
facet normal 0.7987964749261642 0.6016013560868474 0
outer loop
vertex -68.49293518066406 30.241357803344727 0
vertex -68.49293518066406 30.241357803344727 -4.099999904632568
vertex -68.80065155029297 30.649938583374023 0
endloop
endfacet
facet normal 0.000015766084411693684 0.9999999998470356 -0.000007573610175021289
outer loop
vertex 26.648643493652344 -53.756587982177734 -4.099999904632568
vertex 22.051481246948242 -53.75651550292969 -4.099999904632568
vertex 21.910720825195312 -53.75651168823242 -3.8893399238586426
endloop
endfacet
facet normal 0.8979291896529449 0.4401399440737069 0
outer loop
vertex -68.80065155029297 30.649938583374023 0
vertex -68.80065155029297 30.649938583374023 -4.099999904632568
vertex -69.0257797241211 31.109222412109375 0
endloop
endfacet
facet normal 0.9648290200702897 0.26287822661872295 0
outer loop
vertex -69.0257797241211 31.109222412109375 0
vertex -69.0257797241211 31.109222412109375 -4.099999904632568
vertex -69.16024017333984 31.602725982666016 0
endloop
endfacet
facet normal 0 0 1
outer loop
vertex 26.648643493652344 -53.13749694824219 -4.099999904632568
vertex 41.05147933959961 -53.13749694824219 -4.099999904632568
vertex 7.350061416625977 -51.9375 -4.099999904632568
endloop
endfacet
facet normal 0 0 1
outer loop
vertex 26.648643493652344 -53.13749694824219 -4.099999904632568
vertex 22.051481246948242 -53.75651550292969 -4.099999904632568
vertex 26.648643493652344 -53.756587982177734 -4.099999904632568
endloop
endfacet
facet normal 0.9962936260643476 0.08601750207692552 0
outer loop
vertex -69.16024017333984 31.602725982666016 0
vertex -69.16024017333984 31.602725982666016 -4.099999904632568
vertex -69.19993591308594 32.0625 0
endloop
endfacet
facet normal 0.16555264734385197 0.9862009536384775 0
outer loop
vertex -66.69266510009766 29.369647979736328 0
vertex -66.69266510009766 29.369647979736328 -4.099999904632568
vertex -67.19709777832031 29.454326629638672 0
endloop
endfacet
facet normal 0 0 1
outer loop
vertex 26.648643493652344 -53.13749694824219 -4.099999904632568
vertex 22.051481246948242 -53.13749694824219 -4.099999904632568
vertex 22.051481246948242 -53.75651550292969 -4.099999904632568
endloop
endfacet
facet normal 0 0 1
outer loop
vertex 7.350061416625977 -51.9375 -4.099999904632568
vertex 22.051481246948242 -53.13749694824219 -4.099999904632568
vertex 26.648643493652344 -53.13749694824219 -4.099999904632568
endloop
endfacet
facet normal -0.7414635106665586 0.6709931909863334 0
outer loop
vertex 68.66441345214844 -52.67624282836914 -4.099999904632568
vertex 68.32120513916016 -53.05549621582031 -4.099999904632568
vertex 68.32120513916016 -53.05549621582031 0
endloop
endfacet
facet normal -0.8547094015637822 0.5191067702106008 0
outer loop
vertex 68.929931640625 -52.23906707763672 -4.099999904632568
vertex 68.66441345214844 -52.67624282836914 -4.099999904632568
vertex 68.66441345214844 -52.67624282836914 0
endloop
endfacet
facet normal -0.9372725195025521 0.34859751029710195 0
outer loop
vertex 69.10823822021484 -51.7596549987793 -4.099999904632568
vertex 68.929931640625 -52.23906707763672 -4.099999904632568
vertex 68.929931640625 -52.23906707763672 0
endloop
endfacet
facet normal -0.9862009536384775 0.16555264734385197 0
outer loop
vertex 69.19291687011719 -51.25522232055664 -4.099999904632568
vertex 69.10823822021484 -51.7596549987793 -4.099999904632568
vertex 69.10823822021484 -51.7596549987793 0
endloop
endfacet
facet normal 0.08601679368497075 -0.9962936872248852 0
outer loop
vertex -66.959716796875 53.72280502319336 0
vertex -66.959716796875 53.72280502319336 -4.099999904632568
vertex -66.49993896484375 53.76250076293945 0
endloop
endfacet
facet normal 0.2628870608150256 -0.9648266130533698 0
outer loop
vertex -67.45321655273438 53.588340759277344 0
vertex -67.45321655273438 53.588340759277344 -4.099999904632568
vertex -66.959716796875 53.72280502319336 0
endloop
endfacet
facet normal 0.44014141782829763 -0.8979284672578856 0
outer loop
vertex -67.9124984741211 53.36321258544922 0
vertex -67.9124984741211 53.36321258544922 -4.099999904632568
vertex -67.45321655273438 53.588340759277344 0
endloop
endfacet
facet normal 0.6015930133811593 -0.7988027580391646 0
outer loop
vertex -68.32108306884766 53.05550003051758 0
vertex -68.32108306884766 53.05550003051758 -4.099999904632568
vertex -67.9124984741211 53.36321258544922 0
endloop
endfacet
facet normal 0 0 1
outer loop
vertex -54.9499397277832 -51.0625 -4.099999904632568
vertex -54.85811233520508 -31.365341186523438 -4.099999904632568
vertex -54.94279098510742 -31.869775772094727 -4.099999904632568
endloop
endfacet
facet normal 0 0 1
outer loop
vertex 7.350061416625977 -51.9375 -4.099999904632568
vertex 7.648642539978027 -53.13749694824219 -4.099999904632568
vertex 22.051481246948242 -53.13749694824219 -4.099999904632568
endloop
endfacet
facet normal 0 0 1
outer loop
vertex -54.85811233520508 -31.365341186523438 -4.099999904632568
vertex -54.9499397277832 -51.0625 -4.099999904632568
vertex -54.679813385009766 -30.88593101501465 -4.099999904632568
endloop
endfacet
facet normal 0 0 1
outer loop
vertex -54.679813385009766 -30.88593101501465 -4.099999904632568
vertex -54.9499397277832 -51.0625 -4.099999904632568
vertex -54.41429138183594 -30.448753356933594 -4.099999904632568
endloop
endfacet
facet normal 0 0 1
outer loop
vertex -54.41429138183594 -30.448753356933594 -4.099999904632568
vertex -54.9499397277832 -51.0625 -4.099999904632568
vertex -54.071083068847656 -30.069501876831055 -4.099999904632568
endloop
endfacet
facet normal 0 0 1
outer loop
vertex -50.1999397277832 -29.362499237060547 -4.099999904632568
vertex 7.350061416625977 -23.937498092651367 -4.099999904632568
vertex -50.1999397277832 29.36250114440918 -4.099999904632568
endloop
endfacet
facet normal 0 0 1
outer loop
vertex -54.071083068847656 -30.069501876831055 -4.099999904632568
vertex -54.9499397277832 -51.0625 -4.099999904632568
vertex -53.66250228881836 -29.761789321899414 -4.099999904632568
endloop
endfacet
facet normal 0 0 1
outer loop
vertex -53.66250228881836 -29.761789321899414 -4.099999904632568
vertex -54.9499397277832 -51.0625 -4.099999904632568
vertex -53.203216552734375 -29.536659240722656 -4.099999904632568
endloop
endfacet
facet normal 0.7414635106665586 -0.6709931909863334 0
outer loop
vertex -68.66429138183594 52.676246643066406 0
vertex -68.66429138183594 52.676246643066406 -4.099999904632568
vertex -68.32108306884766 53.05550003051758 0
endloop
endfacet
facet normal 0.8547094015637822 -0.5191067702106008 0
outer loop
vertex -68.9298095703125 52.239070892333984 0
vertex -68.9298095703125 52.239070892333984 -4.099999904632568
vertex -68.66429138183594 52.676246643066406 0
endloop
endfacet
facet normal 0.000015629358184508423 0.9999999998778616 0
outer loop
vertex 66.66474914550781 -53.7572135925293 0
vertex 66.66474914550781 -53.7572135925293 -4.099999904632568
vertex 63.49180603027344 -53.757164001464844 0
endloop
endfacet
facet normal -0.11583171723091826 0.9932688524681202 0
outer loop
vertex 66.9598388671875 -53.722801208496094 0
vertex 66.9598388671875 -53.722801208496094 -4.099999904632568
vertex 66.66474914550781 -53.7572135925293 0
endloop
endfacet
facet normal 0.0000155766804994063 0.9999999998782935 -8.831200460991794e-7
outer loop
vertex 8.850061416625977 -53.756309509277344 -3.450000047683716
vertex -37.240055084228516 -53.75558853149414 0
vertex 20.850061416625977 -53.75649642944336 -3.450000047683716
endloop
endfacet
facet normal 0.000014999768994977879 0.9999999998506065 -0.000008590342672858151
outer loop
vertex 8.276036262512207 -53.75630187988281 -3.564180612564087
vertex -37.240055084228516 -53.75558853149414 0
vertex 8.850061416625977 -53.756309509277344 -3.450000047683716
endloop
endfacet
facet normal 0.000015673012774584996 0.9999999998771782 7.264654965379583e-9
outer loop
vertex 7.789401531219482 -53.75629425048828 -3.8893399238586426
vertex -37.240055084228516 -53.75558853149414 0
vertex 8.276036262512207 -53.75630187988281 -3.564180612564087
endloop
endfacet
facet normal 0.000016295970484985996 0.999999999841159 0.000007219657443546877
outer loop
vertex 7.648642539978027 -53.756290435791016 -4.099999904632568
vertex -37.240055084228516 -53.75558853149414 0
vertex 7.789401531219482 -53.75629425048828 -3.8893399238586426
endloop
endfacet
facet normal 0.000015636548484104042 0.9999999998777491 0
outer loop
vertex 7.648642539978027 -53.756290435791016 -4.099999904632568
vertex -37.240055084228516 -53.75558853149414 -4.099999904632568
vertex -37.240055084228516 -53.75558853149414 0
endloop
endfacet
facet normal 0 0 1
outer loop
vertex 7.350061416625977 -23.937498092651367 -4.099999904632568
vertex -37.278114318847656 -53.371158599853516 -4.099999904632568
vertex 7.350061416625977 -51.9375 -4.099999904632568
endloop
endfacet
facet normal 0 0 1
outer loop
vertex 7.350061416625977 -51.9375 -4.099999904632568
vertex -37.240055084228516 -53.75558853149414 -4.099999904632568
vertex 7.648642539978027 -53.13749694824219 -4.099999904632568
endloop
endfacet
facet normal 0 0 1
outer loop
vertex 7.648642539978027 -53.756290435791016 -4.099999904632568
vertex 7.648642539978027 -53.13749694824219 -4.099999904632568
vertex -37.240055084228516 -53.75558853149414 -4.099999904632568
endloop
endfacet
facet normal 0 0 1
outer loop
vertex -50.1999397277832 -29.362499237060547 -4.099999904632568
vertex -52.44266128540039 -53.75535202026367 -4.099999904632568
vertex 7.350061416625977 -23.937498092651367 -4.099999904632568
endloop
endfacet
facet normal 0 0 1
outer loop
vertex 7.350061416625977 -23.937498092651367 -4.099999904632568
vertex -37.54871368408203 -53.10055923461914 -4.099999904632568
vertex -37.38650131225586 -53.208946228027344 -4.099999904632568
endloop
endfacet
facet normal 0 0 1
outer loop
vertex -37.38650131225586 -53.208946228027344 -4.099999904632568
vertex -37.278114318847656 -53.371158599853516 -4.099999904632568
vertex 7.350061416625977 -23.937498092651367 -4.099999904632568
endloop
endfacet
facet normal 0 0 1
outer loop
vertex 7.350061416625977 -23.937498092651367 -4.099999904632568
vertex -48.931396484375 -53.10055923461914 -4.099999904632568
vertex -37.54871368408203 -53.10055923461914 -4.099999904632568
endloop
endfacet
facet normal 0 0 1
outer loop
vertex -37.278114318847656 -53.371158599853516 -4.099999904632568
vertex -37.240055084228516 -53.5625 -4.099999904632568
vertex 7.350061416625977 -51.9375 -4.099999904632568
endloop
endfacet
facet normal 0 0 1
outer loop
vertex -37.240055084228516 -53.5625 -4.099999904632568
vertex -37.240055084228516 -53.75558853149414 -4.099999904632568
vertex 7.350061416625977 -51.9375 -4.099999904632568
endloop
endfacet
facet normal 0 0 1
outer loop
vertex -48.931396484375 -53.10055923461914 -4.099999904632568
vertex 7.350061416625977 -23.937498092651367 -4.099999904632568
vertex -52.44266128540039 -53.75535202026367 -4.099999904632568
endloop
endfacet
facet normal 1 0 0
outer loop
vertex -50.1999397277832 -29.362499237060547 0
vertex -50.1999397277832 -29.362499237060547 -4.099999904632568
vertex -50.1999397277832 29.36250114440918 0
endloop
endfacet
facet normal -0.44014141782829763 0.8979284672578856 0
outer loop
vertex 67.9126205444336 -53.36320877075195 -4.099999904632568
vertex 67.45333862304688 -53.58833694458008 -4.099999904632568
vertex 67.45333862304688 -53.58833694458008 0
endloop
endfacet
facet normal 0.015815246292468704 -0.9998749311712483 0
outer loop
vertex -52.709712982177734 -29.402196884155273 0
vertex -50.1999397277832 -29.362499237060547 -4.099999904632568
vertex -50.1999397277832 -29.362499237060547 0
endloop
endfacet
facet normal -0.6015930133811593 0.7988027580391646 0
outer loop
vertex 68.32120513916016 -53.05549621582031 -4.099999904632568
vertex 67.9126205444336 -53.36320877075195 -4.099999904632568
vertex 67.9126205444336 -53.36320877075195 0
endloop
endfacet
facet normal 0.4401414769120123 -0.8979284382965673 0
outer loop
vertex -53.66250228881836 -29.761789321899414 0
vertex -53.66250228881836 -29.761789321899414 -4.099999904632568
vertex -53.203216552734375 -29.536659240722656 0
endloop
endfacet
facet normal 0.015815246292468704 -0.9998749311712483 0
outer loop
vertex -52.709712982177734 -29.402196884155273 -4.099999904632568
vertex -50.1999397277832 -29.362499237060547 -4.099999904632568
vertex -52.709712982177734 -29.402196884155273 0
endloop
endfacet
facet normal 0.26288169790329124 -0.9648280742741077 0
outer loop
vertex -53.203216552734375 -29.536659240722656 -4.099999904632568
vertex -52.709712982177734 -29.402196884155273 -4.099999904632568
vertex -52.709712982177734 -29.402196884155273 0
endloop
endfacet
facet normal 0.4401414769120123 -0.8979284382965673 0
outer loop
vertex -53.66250228881836 -29.761789321899414 -4.099999904632568
vertex -53.203216552734375 -29.536659240722656 -4.099999904632568
vertex -53.203216552734375 -29.536659240722656 0
endloop
endfacet
facet normal -0.2628870608150256 0.9648266130533698 0
outer loop
vertex 67.45333862304688 -53.58833694458008 0
vertex 67.45333862304688 -53.58833694458008 -4.099999904632568
vertex 66.9598388671875 -53.722801208496094 0
endloop
endfacet
facet normal -0.44014141782829763 0.8979284672578856 0
outer loop
vertex 67.9126205444336 -53.36320877075195 0
vertex 67.9126205444336 -53.36320877075195 -4.099999904632568
vertex 67.45333862304688 -53.58833694458008 0
endloop
endfacet
facet normal 0.999999930780498 -0.00037207391678603885 0
outer loop
vertex -69.19993591308594 32.0625 0
vertex -69.19993591308594 32.0625 -4.099999904632568
vertex -69.19279479980469 51.255226135253906 0
endloop
endfacet
facet normal 0.00043333254479210995 0.9999999061114485 0
outer loop
vertex -50.1999397277832 29.36250114440918 0
vertex -50.1999397277832 29.36250114440918 -4.099999904632568
vertex -66.69266510009766 29.369647979736328 0
endloop
endfacet
facet normal 0.999999930780498 -0.00037207391678603885 0
outer loop
vertex -69.19279479980469 51.255226135253906 0
vertex -69.19993591308594 32.0625 -4.099999904632568
vertex -69.19279479980469 51.255226135253906 -4.099999904632568
endloop
endfacet
facet normal 0.9861985182301761 -0.16556715447396214 0
outer loop
vertex -69.19279479980469 51.255226135253906 -4.099999904632568
vertex -69.10810852050781 51.75965881347656 -4.099999904632568
vertex -69.10810852050781 51.75965881347656 0
endloop
endfacet
facet normal 0.9372773928934327 -0.3485844069531653 0
outer loop
vertex -69.10810852050781 51.75965881347656 -4.099999904632568
vertex -68.9298095703125 52.239070892333984 -4.099999904632568
vertex -68.9298095703125 52.239070892333984 0
endloop
endfacet
facet normal 0 0 1
outer loop
vertex 60.35006332397461 -51.9375 -4.099999904632568
vertex 69.19291687011719 -51.25522232055664 -4.099999904632568
vertex 69.20005798339844 51.0625 -4.099999904632568
endloop
endfacet
facet normal 0 0 1
outer loop
vertex 60.35006332397461 -23.937498092651367 -4.099999904632568
vertex 60.35006332397461 -51.9375 -4.099999904632568
vertex 69.20005798339844 51.0625 -4.099999904632568
endloop
endfacet
facet normal -0.9999999975644328 0.00006979351281378766 0
outer loop
vertex 69.20005798339844 51.0625 -4.099999904632568
vertex 69.19291687011719 -51.25522232055664 -4.099999904632568
vertex 69.19291687011719 -51.25522232055664 0
endloop
endfacet
facet normal 0.8547094015637822 -0.5191067702106008 0
outer loop
vertex -68.9298095703125 52.239070892333984 -4.099999904632568
vertex -68.66429138183594 52.676246643066406 -4.099999904632568
vertex -68.66429138183594 52.676246643066406 0
endloop
endfacet
facet normal 0.16555264734385197 0.9862009536384775 0
outer loop
vertex -66.69266510009766 29.369647979736328 -4.099999904632568
vertex -67.19709777832031 29.454326629638672 -4.099999904632568
vertex -67.19709777832031 29.454326629638672 0
endloop
endfacet
facet normal -0.6015930133811593 0.7988027580391646 0
outer loop
vertex 68.32120513916016 -53.05549621582031 0
vertex 68.32120513916016 -53.05549621582031 -4.099999904632568
vertex 67.9126205444336 -53.36320877075195 0
endloop
endfacet
facet normal 0.9962936260643476 0.08601750207692552 0
outer loop
vertex -69.16024017333984 31.602725982666016 -4.099999904632568
vertex -69.19993591308594 32.0625 -4.099999904632568
vertex -69.19993591308594 32.0625 0
endloop
endfacet
facet normal 0.9648290200702897 0.26287822661872295 0
outer loop
vertex -69.0257797241211 31.109222412109375 -4.099999904632568
vertex -69.16024017333984 31.602725982666016 -4.099999904632568
vertex -69.16024017333984 31.602725982666016 0
endloop
endfacet
facet normal 0.7987964749261642 0.6016013560868474 0
outer loop
vertex -68.49293518066406 30.241357803344727 -4.099999904632568
vertex -68.80065155029297 30.649938583374023 -4.099999904632568
vertex -68.80065155029297 30.649938583374023 0
endloop
endfacet
facet normal 0.8979291896529449 0.4401399440737069 0
outer loop
vertex -68.80065155029297 30.649938583374023 -4.099999904632568
vertex -69.0257797241211 31.109222412109375 -4.099999904632568
vertex -69.0257797241211 31.109222412109375 0
endloop
endfacet
facet normal 0.34859011950304275 0.9372752683096115 0
outer loop
vertex -67.19709777832031 29.454326629638672 -4.099999904632568
vertex -67.67650604248047 29.632627487182617 -4.099999904632568
vertex -67.67650604248047 29.632627487182617 0
endloop
endfacet
facet normal 0.5191061853487081 0.8547097567787046 0
outer loop
vertex -67.67650604248047 29.632627487182617 -4.099999904632568
vertex -68.11368560791016 29.898147583007812 -4.099999904632568
vertex -68.11368560791016 29.898147583007812 0
endloop
endfacet
facet normal 0 0 1
outer loop
vertex -66.49993896484375 53.76250076293945 -4.099999904632568
vertex 60.35006332397461 -23.937498092651367 -4.099999904632568
vertex 69.20005798339844 51.0625 -4.099999904632568
endloop
endfacet
facet normal -0.7414635106665586 0.6709931909863334 0
outer loop
vertex 68.66441345214844 -52.67624282836914 0
vertex 68.66441345214844 -52.67624282836914 -4.099999904632568
vertex 68.32120513916016 -53.05549621582031 0
endloop
endfacet
facet normal -0.8547094015637822 0.5191067702106008 0
outer loop
vertex 68.929931640625 -52.23906707763672 0
vertex 68.929931640625 -52.23906707763672 -4.099999904632568
vertex 68.66441345214844 -52.67624282836914 0
endloop
endfacet
facet normal -0.9372725195025521 0.34859751029710195 0
outer loop
vertex 69.10823822021484 -51.7596549987793 0
vertex 69.10823822021484 -51.7596549987793 -4.099999904632568
vertex 68.929931640625 -52.23906707763672 0
endloop
endfacet
facet normal -0.9862009536384775 0.16555264734385197 0
outer loop
vertex 69.19291687011719 -51.25522232055664 -4.099999904632568
vertex 69.10823822021484 -51.7596549987793 0
vertex 69.19291687011719 -51.25522232055664 0
endloop
endfacet
facet normal 0.6709989515241015 0.7414582975822421 0
outer loop
vertex -68.11368560791016 29.898147583007812 -4.099999904632568
vertex -68.49293518066406 30.241357803344727 -4.099999904632568
vertex -68.49293518066406 30.241357803344727 0
endloop
endfacet
facet normal 0.9372773928934327 -0.3485844069531653 0
outer loop
vertex -69.10810852050781 51.75965881347656 0
vertex -69.10810852050781 51.75965881347656 -4.099999904632568
vertex -68.9298095703125 52.239070892333984 0
endloop
endfacet
facet normal 0 0 1
outer loop
vertex -66.49993896484375 53.76250076293945 -4.099999904632568
vertex 69.20005798339844 51.0625 -4.099999904632568
vertex 66.69278717041016 53.75535583496094 -4.099999904632568
endloop
endfacet
facet normal 0.9861985182301761 -0.16556715447396214 0
outer loop
vertex -69.19279479980469 51.255226135253906 0
vertex -69.19279479980469 51.255226135253906 -4.099999904632568
vertex -69.10810852050781 51.75965881347656 0
endloop
endfacet
facet normal 0 0 1
outer loop
vertex 7.350061416625977 -51.9375 -4.099999904632568
vertex 51.63825225830078 -53.208946228027344 -4.099999904632568
vertex 51.80046463012695 -53.10055923461914 -4.099999904632568
endloop
endfacet
facet normal 0 0 1
outer loop
vertex 60.35006332397461 -51.9375 -4.099999904632568
vertex 7.350061416625977 -51.9375 -4.099999904632568
vertex 51.80046463012695 -53.10055923461914 -4.099999904632568
endloop
endfacet
facet normal 0 0 1
outer loop
vertex 41.05147933959961 -53.13749694824219 -4.099999904632568
vertex 41.05147933959961 -53.756813049316406 -4.099999904632568
vertex 51.49180603027344 -53.5625 -4.099999904632568
endloop
endfacet
facet normal 0.00001534600303988206 0.999999999851404 -0.00000785444235322615
outer loop
vertex 41.05147933959961 -53.756813049316406 -4.099999904632568
vertex 40.91072082519531 -53.75680923461914 -3.8893399238586426
vertex 51.49180603027344 -53.75697326660156 -4.099999904632568
endloop
endfacet
facet normal 0.000015496987131290146 0.9999999998798851 -2.707735175068098e-7
outer loop
vertex 51.49180603027344 -53.75697326660156 -4.099999904632568
vertex 40.91072082519531 -53.75680923461914 -3.8893399238586426
vertex 40.42408752441406 -53.75680160522461 -3.564180612564087
endloop
endfacet
facet normal -0.34858684363133263 -0.9372764866607638 0
outer loop
vertex 67.19721984863281 53.67067337036133 0
vertex 67.19721984863281 53.67067337036133 -4.099999904632568
vertex 67.67662811279297 53.492374420166016 0
endloop
endfacet
facet normal -0.7987964749261642 -0.6016013560868474 0
outer loop
vertex 68.49305725097656 52.883644104003906 0
vertex 68.49305725097656 52.883644104003906 -4.099999904632568
vertex 68.80077362060547 52.47506332397461 0
endloop
endfacet
facet normal -0.2628870608150256 0.9648266130533698 0
outer loop
vertex 67.45333862304688 -53.58833694458008 -4.099999904632568
vertex 66.9598388671875 -53.722801208496094 -4.099999904632568
vertex 66.9598388671875 -53.722801208496094 0
endloop
endfacet
facet normal 0.7414635106665586 -0.6709931909863334 0
outer loop
vertex -68.66429138183594 52.676246643066406 -4.099999904632568
vertex -68.32108306884766 53.05550003051758 -4.099999904632568
vertex -68.32108306884766 53.05550003051758 0
endloop
endfacet
facet normal 0 0 1
outer loop
vertex 51.49180603027344 -53.5625 -4.099999904632568
vertex 41.05147933959961 -53.756813049316406 -4.099999904632568
vertex 51.49180603027344 -53.75697326660156 -4.099999904632568
endloop
endfacet
facet normal -0.11583171723091826 0.9932688524681202 0
outer loop
vertex 66.9598388671875 -53.722801208496094 -4.099999904632568
vertex 66.66474914550781 -53.7572135925293 -4.099999904632568
vertex 66.66474914550781 -53.7572135925293 0
endloop
endfacet
facet normal 0.6015930133811593 -0.7988027580391646 0
outer loop
vertex -68.32108306884766 53.05550003051758 -4.099999904632568
vertex -67.9124984741211 53.36321258544922 -4.099999904632568
vertex -67.9124984741211 53.36321258544922 0
endloop
endfacet
facet normal 0 0 1
outer loop
vertex 41.05147933959961 -53.13749694824219 -4.099999904632568
vertex 51.49180603027344 -53.5625 -4.099999904632568
vertex 51.52986526489258 -53.371158599853516 -4.099999904632568
endloop
endfacet
facet normal 0 0 1
outer loop
vertex 51.63825225830078 -53.208946228027344 -4.099999904632568
vertex 41.05147933959961 -53.13749694824219 -4.099999904632568
vertex 51.52986526489258 -53.371158599853516 -4.099999904632568
endloop
endfacet
facet normal -0.00005364352975987521 -0.9999999985611858 0
outer loop
vertex 66.69278717041016 53.75535583496094 0
vertex -66.49993896484375 53.76250076293945 -4.099999904632568
vertex 66.69278717041016 53.75535583496094 -4.099999904632568
endloop
endfacet
facet normal -0.9999534268861144 -0.00031673382059485935 -0.009645918224982475
outer loop
vertex 69.20005798339844 51.0625 -4.099999904632568
vertex 69.19291687011719 -51.25522232055664 0
vertex 69.16036224365234 51.52227783203125 0
endloop
endfacet
facet normal 0 0 1
outer loop
vertex -69.19279479980469 51.255226135253906 -4.099999904632568
vertex -50.1999397277832 29.36250114440918 -4.099999904632568
vertex 60.35006332397461 -23.937498092651367 -4.099999904632568
endloop
endfacet
facet normal 0.000014138357218202361 0.9999999998909813 0.000004259609923959478
outer loop
vertex 40.42408752441406 -53.75680160522461 -3.564180612564087
vertex 39.85006332397461 -53.75679397583008 -3.450000047683716
vertex 51.49180603027344 -53.75697326660156 0
endloop
endfacet
facet normal 0 0 1
outer loop
vertex -69.10810852050781 51.75965881347656 -4.099999904632568
vertex -69.19279479980469 51.255226135253906 -4.099999904632568
vertex 60.35006332397461 -23.937498092651367 -4.099999904632568
endloop
endfacet
facet normal 0.00001551009603664909 0.9999999998797183 0
outer loop
vertex 51.49180603027344 -53.75697326660156 -4.099999904632568
vertex 40.42408752441406 -53.75680160522461 -3.564180612564087
vertex 51.49180603027344 -53.75697326660156 0
endloop
endfacet
facet normal 0.44014141782829763 -0.8979284672578856 0
outer loop
vertex -67.9124984741211 53.36321258544922 -4.099999904632568
vertex -67.45321655273438 53.588340759277344 -4.099999904632568
vertex -67.45321655273438 53.588340759277344 0
endloop
endfacet
facet normal -0.9648290200702897 -0.26287822661872295 0
outer loop
vertex 69.0259017944336 52.01578140258789 0
vertex 69.0259017944336 52.01578140258789 -4.099999904632568
vertex 69.16036224365234 51.52227783203125 0
endloop
endfacet
facet normal 0.000015484596398094057 0.9999999998801137 0
outer loop
vertex -49.240055084228516 -53.755401611328125 -4.099999904632568
vertex -52.44266128540039 -53.75535202026367 0
vertex -49.240055084228516 -53.755401611328125 0
endloop
endfacet
facet normal 0.1655514296988746 0.9862011580426473 0
outer loop
vertex -52.44266128540039 -53.75535202026367 0
vertex -52.44266128540039 -53.75535202026367 -4.099999904632568
vertex -52.94709777832031 -53.67067337036133 0
endloop
endfacet
facet normal 0.34858684363133263 0.9372764866607638 0
outer loop
vertex -52.94709777832031 -53.67067337036133 0
vertex -52.94709777832031 -53.67067337036133 -4.099999904632568
vertex -53.42650604248047 -53.492374420166016 0
endloop
endfacet
facet normal 0.5191089094606629 0.854708102289057 0
outer loop
vertex -53.42650604248047 -53.492374420166016 0
vertex -53.42650604248047 -53.492374420166016 -4.099999904632568
vertex -53.863685607910156 -53.22685241699219 0
endloop
endfacet
facet normal -0.8979284672578856 -0.44014141782829763 0
outer loop
vertex 68.80077362060547 52.47506332397461 0
vertex 68.80077362060547 52.47506332397461 -4.099999904632568
vertex 69.0259017944336 52.01578140258789 0
endloop
endfacet
facet normal 0 0 1
outer loop
vertex -68.9298095703125 52.239070892333984 -4.099999904632568
vertex -69.10810852050781 51.75965881347656 -4.099999904632568
vertex 60.35006332397461 -23.937498092651367 -4.099999904632568
endloop
endfacet
facet normal -0.6710010015697953 -0.741456442343265 0
outer loop
vertex 68.11380767822266 53.22685623168945 0
vertex 68.11380767822266 53.22685623168945 -4.099999904632568
vertex 68.49305725097656 52.883644104003906 0
endloop
endfacet
facet normal 0 0 1
outer loop
vertex -68.66429138183594 52.676246643066406 -4.099999904632568
vertex -68.9298095703125 52.239070892333984 -4.099999904632568
vertex 60.35006332397461 -23.937498092651367 -4.099999904632568
endloop
endfacet
facet normal 0 0 1
outer loop
vertex -52.44266128540039 -53.75535202026367 -4.099999904632568
vertex -49.240055084228516 -53.755401611328125 -4.099999904632568
vertex -49.240055084228516 -53.5625 -4.099999904632568
endloop
endfacet
facet normal 0 0 1
outer loop
vertex -52.44266128540039 -53.75535202026367 -4.099999904632568
vertex -49.240055084228516 -53.5625 -4.099999904632568
vertex -49.201995849609375 -53.371158599853516 -4.099999904632568
endloop
endfacet
facet normal 0 0 1
outer loop
vertex -52.44266128540039 -53.75535202026367 -4.099999904632568
vertex -49.201995849609375 -53.371158599853516 -4.099999904632568
vertex -49.09360885620117 -53.208946228027344 -4.099999904632568
endloop
endfacet
facet normal 0 0 1
outer loop
vertex 66.69278717041016 53.75535583496094 -4.099999904632568
vertex 69.16036224365234 51.52227783203125 -4.099999904632568
vertex 69.0259017944336 52.01578140258789 -4.099999904632568
endloop
endfacet
facet normal 0 0 1
outer loop
vertex 66.69278717041016 53.75535583496094 -4.099999904632568
vertex 69.0259017944336 52.01578140258789 -4.099999904632568
vertex 67.19721984863281 53.67067337036133 -4.099999904632568
endloop
endfacet
facet normal 0 0 1
outer loop
vertex 67.67662811279297 53.492374420166016 -4.099999904632568
vertex 68.80077362060547 52.47506332397461 -4.099999904632568
vertex 68.49305725097656 52.883644104003906 -4.099999904632568
endloop
endfacet
facet normal 0 0 1
outer loop
vertex 51.80046463012695 -53.10055923461914 -4.099999904632568
vertex 63.18314743041992 -53.10055923461914 -4.099999904632568
vertex 60.35006332397461 -51.9375 -4.099999904632568
endloop
endfacet
facet normal 0 0 1
outer loop
vertex 67.19721984863281 53.67067337036133 -4.099999904632568
vertex 69.0259017944336 52.01578140258789 -4.099999904632568
vertex 67.67662811279297 53.492374420166016 -4.099999904632568
endloop
endfacet
facet normal 0.00001560583864533196 0.9999999998779894 -6.922860085389323e-7
outer loop
vertex 39.85006332397461 -53.75679397583008 -3.450000047683716
vertex -37.240055084228516 -53.75558853149414 0
vertex 51.49180603027344 -53.75697326660156 0
endloop
endfacet
facet normal 0 0 1
outer loop
vertex 69.16036224365234 51.52227783203125 -4.099999904632568
vertex 66.69278717041016 53.75535583496094 -4.099999904632568
vertex 69.20005798339844 51.0625 -4.099999904632568
endloop
endfacet
facet normal 0 0 1
outer loop
vertex 68.80077362060547 52.47506332397461 -4.099999904632568
vertex 67.67662811279297 53.492374420166016 -4.099999904632568
vertex 69.0259017944336 52.01578140258789 -4.099999904632568
endloop
endfacet
facet normal 0.000015484596398094057 0.9999999998801137 0
outer loop
vertex -49.240055084228516 -53.755401611328125 -4.099999904632568
vertex -52.44266128540039 -53.75535202026367 -4.099999904632568
vertex -52.44266128540039 -53.75535202026367 0
endloop
endfacet
facet normal 0 0 1
outer loop
vertex 63.18314743041992 -53.10055923461914 -4.099999904632568
vertex 66.66474914550781 -53.7572135925293 -4.099999904632568
vertex 60.35006332397461 -51.9375 -4.099999904632568
endloop
endfacet
facet normal 0 0 1
outer loop
vertex 66.66474914550781 -53.7572135925293 -4.099999904632568
vertex 63.18314743041992 -53.10055923461914 -4.099999904632568
vertex 63.345359802246094 -53.208946228027344 -4.099999904632568
endloop
endfacet
facet normal 0 0 1
outer loop
vertex 63.49180603027344 -53.5625 -4.099999904632568
vertex 63.49180603027344 -53.757164001464844 -4.099999904632568
vertex 66.66474914550781 -53.7572135925293 -4.099999904632568
endloop
endfacet
facet normal 0 0 1
outer loop
vertex 63.4537467956543 -53.371158599853516 -4.099999904632568
vertex 63.49180603027344 -53.5625 -4.099999904632568
vertex 66.66474914550781 -53.7572135925293 -4.099999904632568
endloop
endfacet
facet normal 0 0 1
outer loop
vertex 63.345359802246094 -53.208946228027344 -4.099999904632568
vertex 63.4537467956543 -53.371158599853516 -4.099999904632568
vertex 66.66474914550781 -53.7572135925293 -4.099999904632568
endloop
endfacet
facet normal 0.1655514296988746 0.9862011580426473 0
outer loop
vertex -52.44266128540039 -53.75535202026367 -4.099999904632568
vertex -52.94709777832031 -53.67067337036133 -4.099999904632568
vertex -52.94709777832031 -53.67067337036133 0
endloop
endfacet
facet normal 0.000015629358184508423 0.9999999998778616 0
outer loop
vertex 66.66474914550781 -53.7572135925293 -4.099999904632568
vertex 63.49180603027344 -53.757164001464844 -4.099999904632568
vertex 63.49180603027344 -53.757164001464844 0
endloop
endfacet
facet normal 0 0 1
outer loop
vertex 66.66474914550781 -53.7572135925293 -4.099999904632568
vertex 66.9598388671875 -53.722801208496094 -4.099999904632568
vertex 60.35006332397461 -51.9375 -4.099999904632568
endloop
endfacet
facet normal 0 0 1
outer loop
vertex 66.9598388671875 -53.722801208496094 -4.099999904632568
vertex 67.45333862304688 -53.58833694458008 -4.099999904632568
vertex 60.35006332397461 -51.9375 -4.099999904632568
endloop
endfacet
facet normal 0 0 1
outer loop
vertex 67.45333862304688 -53.58833694458008 -4.099999904632568
vertex 67.9126205444336 -53.36320877075195 -4.099999904632568
vertex 60.35006332397461 -51.9375 -4.099999904632568
endloop
endfacet
facet normal 0 0 1
outer loop
vertex 67.9126205444336 -53.36320877075195 -4.099999904632568
vertex 68.32120513916016 -53.05549621582031 -4.099999904632568
vertex 60.35006332397461 -51.9375 -4.099999904632568
endloop
endfacet
facet normal 0 0 1
outer loop
vertex 68.32120513916016 -53.05549621582031 -4.099999904632568
vertex 68.66441345214844 -52.67624282836914 -4.099999904632568
vertex 60.35006332397461 -51.9375 -4.099999904632568
endloop
endfacet
facet normal 0 0 1
outer loop
vertex 68.66441345214844 -52.67624282836914 -4.099999904632568
vertex 68.929931640625 -52.23906707763672 -4.099999904632568
vertex 60.35006332397461 -51.9375 -4.099999904632568
endloop
endfacet
facet normal 0.34858684363133263 0.9372764866607638 0
outer loop
vertex -52.94709777832031 -53.67067337036133 -4.099999904632568
vertex -53.42650604248047 -53.492374420166016 -4.099999904632568
vertex -53.42650604248047 -53.492374420166016 0
endloop
endfacet
facet normal 0 0 1
outer loop
vertex 68.929931640625 -52.23906707763672 -4.099999904632568
vertex 69.10823822021484 -51.7596549987793 -4.099999904632568
vertex 60.35006332397461 -51.9375 -4.099999904632568
endloop
endfacet
facet normal 0 0 1
outer loop
vertex 60.35006332397461 -51.9375 -4.099999904632568
vertex 69.10823822021484 -51.7596549987793 -4.099999904632568
vertex 69.19291687011719 -51.25522232055664 -4.099999904632568
endloop
endfacet
facet normal 0.5191089094606629 0.854708102289057 0
outer loop
vertex -53.42650604248047 -53.492374420166016 -4.099999904632568
vertex -53.863685607910156 -53.22685241699219 -4.099999904632568
vertex -53.863685607910156 -53.22685241699219 0
endloop
endfacet
facet normal 0 0 1
outer loop
vertex -52.44266128540039 -53.75535202026367 -4.099999904632568
vertex -49.09360885620117 -53.208946228027344 -4.099999904632568
vertex -48.931396484375 -53.10055923461914 -4.099999904632568
endloop
endfacet
facet normal -0.5191034612209339 -0.8547114112660753 0
outer loop
vertex 67.67662811279297 53.492374420166016 0
vertex 67.67662811279297 53.492374420166016 -4.099999904632568
vertex 68.11380767822266 53.22685623168945 0
endloop
endfacet
facet normal 0.6015965973303076 -0.7988000588887033 0
outer loop
vertex -54.071083068847656 -30.069501876831055 0
vertex -54.071083068847656 -30.069501876831055 -4.099999904632568
vertex -53.66250228881836 -29.761789321899414 0
endloop
endfacet
facet normal 0.74146183175266 -0.6709950462216471 0
outer loop
vertex -54.41429138183594 -30.448753356933594 0
vertex -54.41429138183594 -30.448753356933594 -4.099999904632568
vertex -54.071083068847656 -30.069501876831055 0
endloop
endfacet
facet normal 0.8547070974255119 -0.5191105639557496 0
outer loop
vertex -54.679813385009766 -30.88593101501465 0
vertex -54.679813385009766 -30.88593101501465 -4.099999904632568
vertex -54.41429138183594 -30.448753356933594 0
endloop
endfacet
facet normal 0.9372769397794737 -0.3485856252882852 0
outer loop
vertex -54.85811233520508 -31.365341186523438 0
vertex -54.85811233520508 -31.365341186523438 -4.099999904632568
vertex -54.679813385009766 -30.88593101501465 0
endloop
endfacet
facet normal 0.9862010558411262 -0.16555203851915587 0
outer loop
vertex -54.94279098510742 -31.869775772094727 0
vertex -54.94279098510742 -31.869775772094727 -4.099999904632568
vertex -54.85811233520508 -31.365341186523438 0
endloop
endfacet
facet normal 0.6015965973303076 -0.7988000588887033 0
outer loop
vertex -54.071083068847656 -30.069501876831055 -4.099999904632568
vertex -53.66250228881836 -29.761789321899414 -4.099999904632568
vertex -53.66250228881836 -29.761789321899414 0
endloop
endfacet
facet normal 0.74146183175266 -0.6709950462216471 0
outer loop
vertex -54.41429138183594 -30.448753356933594 -4.099999904632568
vertex -54.071083068847656 -30.069501876831055 -4.099999904632568
vertex -54.071083068847656 -30.069501876831055 0
endloop
endfacet
facet normal 0.8547070974255119 -0.5191105639557496 0
outer loop
vertex -54.679813385009766 -30.88593101501465 -4.099999904632568
vertex -54.41429138183594 -30.448753356933594 -4.099999904632568
vertex -54.41429138183594 -30.448753356933594 0
endloop
endfacet
facet normal 0.9372769397794737 -0.3485856252882852 0
outer loop
vertex -54.85811233520508 -31.365341186523438 -4.099999904632568
vertex -54.679813385009766 -30.88593101501465 -4.099999904632568
vertex -54.679813385009766 -30.88593101501465 0
endloop
endfacet
facet normal 0.9862010558411262 -0.16555203851915587 0
outer loop
vertex -54.94279098510742 -31.869775772094727 -4.099999904632568
vertex -54.85811233520508 -31.365341186523438 -4.099999904632568
vertex -54.85811233520508 -31.365341186523438 0
endloop
endfacet
facet normal 0.9999999306325003 -0.00037247146861501434 0
outer loop
vertex -54.94279098510742 -31.869775772094727 0
vertex -54.9499397277832 -51.0625 -4.099999904632568
vertex -54.94279098510742 -31.869775772094727 -4.099999904632568
endloop
endfacet
facet normal 0.9999999306325003 -0.00037247146861501434 0
outer loop
vertex -54.9499397277832 -51.0625 0
vertex -54.9499397277832 -51.0625 -4.099999904632568
vertex -54.94279098510742 -31.869775772094727 0
endloop
endfacet
facet normal -0.16555990092234152 -0.9861997359594986 0
outer loop
vertex 66.69278717041016 53.75535583496094 0
vertex 66.69278717041016 53.75535583496094 -4.099999904632568
vertex 67.19721984863281 53.67067337036133 0
endloop
endfacet
facet normal 0 0 1
outer loop
vertex -53.863685607910156 -53.22685241699219 -4.099999904632568
vertex -53.42650604248047 -53.492374420166016 -4.099999904632568
vertex -50.1999397277832 -29.362499237060547 -4.099999904632568
endloop
endfacet
facet normal 0 0 1
outer loop
vertex -50.1999397277832 -29.362499237060547 -4.099999904632568
vertex -53.42650604248047 -53.492374420166016 -4.099999904632568
vertex -52.94709777832031 -53.67067337036133 -4.099999904632568
endloop
endfacet
facet normal 0 0 1
outer loop
vertex -50.1999397277832 -29.362499237060547 -4.099999904632568
vertex -52.94709777832031 -53.67067337036133 -4.099999904632568
vertex -52.44266128540039 -53.75535202026367 -4.099999904632568
endloop
endfacet
facet normal 0 0 1
outer loop
vertex -54.77577590942383 -52.015777587890625 -4.099999904632568
vertex -50.1999397277832 -29.362499237060547 -4.099999904632568
vertex -54.910240173339844 -51.522274017333984 -4.099999904632568
endloop
endfacet
facet normal 0 0 1
outer loop
vertex -54.24293518066406 -52.88364028930664 -4.099999904632568
vertex -50.1999397277832 -29.362499237060547 -4.099999904632568
vertex -54.5506477355957 -52.47506332397461 -4.099999904632568
endloop
endfacet
facet normal 0 0 1
outer loop
vertex -68.32108306884766 53.05550003051758 -4.099999904632568
vertex -68.66429138183594 52.676246643066406 -4.099999904632568
vertex 60.35006332397461 -23.937498092651367 -4.099999904632568
endloop
endfacet
facet normal 0 0 1
outer loop
vertex -67.9124984741211 53.36321258544922 -4.099999904632568
vertex -68.32108306884766 53.05550003051758 -4.099999904632568
vertex 60.35006332397461 -23.937498092651367 -4.099999904632568
endloop
endfacet
facet normal 0.2628870608150256 -0.9648266130533698 0
outer loop
vertex -67.45321655273438 53.588340759277344 -4.099999904632568
vertex -66.959716796875 53.72280502319336 -4.099999904632568
vertex -66.959716796875 53.72280502319336 0
endloop
endfacet
facet normal 0.08601679368497075 -0.9962936872248852 0
outer loop
vertex -66.959716796875 53.72280502319336 -4.099999904632568
vertex -66.49993896484375 53.76250076293945 -4.099999904632568
vertex -66.49993896484375 53.76250076293945 0
endloop
endfacet
facet normal 0.9648271284672908 0.26288516917765103 0
outer loop
vertex -54.77577590942383 -52.015777587890625 0
vertex -54.77577590942383 -52.015777587890625 -4.099999904632568
vertex -54.910240173339844 -51.522274017333984 0
endloop
endfacet
facet normal 0.8979299120407476 0.4401384703277997 0
outer loop
vertex -54.5506477355957 -52.47506332397461 0
vertex -54.5506477355957 -52.47506332397461 -4.099999904632568
vertex -54.77577590942383 -52.015777587890625 0
endloop
endfacet
facet normal 0.9962929176332983 0.08602570705161279 0
outer loop
vertex -54.910240173339844 -51.522274017333984 0
vertex -54.910240173339844 -51.522274017333984 -4.099999904632568
vertex -54.9499397277832 -51.0625 0
endloop
endfacet
facet normal 1 0 0
outer loop
vertex -50.1999397277832 29.36250114440918 0
vertex -50.1999397277832 -29.362499237060547 -4.099999904632568
vertex -50.1999397277832 29.36250114440918 -4.099999904632568
endloop
endfacet
facet normal 0.6710010015697953 0.741456442343265 0
outer loop
vertex -53.863685607910156 -53.22685241699219 -4.099999904632568
vertex -54.24293518066406 -52.88364028930664 0
vertex -53.863685607910156 -53.22685241699219 0
endloop
endfacet
facet normal 0.7987973596900015 0.6016001813100478 0
outer loop
vertex -54.24293518066406 -52.88364028930664 0
vertex -54.24293518066406 -52.88364028930664 -4.099999904632568
vertex -54.5506477355957 -52.47506332397461 0
endloop
endfacet
facet normal 0.9648271284672908 0.26288516917765103 0
outer loop
vertex -54.77577590942383 -52.015777587890625 -4.099999904632568
vertex -54.910240173339844 -51.522274017333984 -4.099999904632568
vertex -54.910240173339844 -51.522274017333984 0
endloop
endfacet
facet normal 0.8979299120407476 0.4401384703277997 0
outer loop
vertex -54.5506477355957 -52.47506332397461 -4.099999904632568
vertex -54.77577590942383 -52.015777587890625 -4.099999904632568
vertex -54.77577590942383 -52.015777587890625 0
endloop
endfacet
facet normal 0.9962929176332983 0.08602570705161279 0
outer loop
vertex -54.910240173339844 -51.522274017333984 -4.099999904632568
vertex -54.9499397277832 -51.0625 -4.099999904632568
vertex -54.9499397277832 -51.0625 0
endloop
endfacet
facet normal 0.6710010015697953 0.741456442343265 0
outer loop
vertex -53.863685607910156 -53.22685241699219 -4.099999904632568
vertex -54.24293518066406 -52.88364028930664 -4.099999904632568
vertex -54.24293518066406 -52.88364028930664 0
endloop
endfacet
facet normal 0 0 1
outer loop
vertex -68.49293518066406 30.241357803344727 -4.099999904632568
vertex -68.11368560791016 29.898147583007812 -4.099999904632568
vertex -67.67650604248047 29.632627487182617 -4.099999904632568
endloop
endfacet
facet normal 0 0 1
outer loop
vertex -69.0257797241211 31.109222412109375 -4.099999904632568
vertex -67.67650604248047 29.632627487182617 -4.099999904632568
vertex -67.19709777832031 29.454326629638672 -4.099999904632568
endloop
endfacet
facet normal 0 0 1
outer loop
vertex -69.0257797241211 31.109222412109375 -4.099999904632568
vertex -67.19709777832031 29.454326629638672 -4.099999904632568
vertex -66.69266510009766 29.369647979736328 -4.099999904632568
endloop
endfacet
facet normal 0 0 1
outer loop
vertex -69.0257797241211 31.109222412109375 -4.099999904632568
vertex -68.80065155029297 30.649938583374023 -4.099999904632568
vertex -67.67650604248047 29.632627487182617 -4.099999904632568
endloop
endfacet
facet normal 0 0 1
outer loop
vertex -69.16024017333984 31.602725982666016 -4.099999904632568
vertex -66.69266510009766 29.369647979736328 -4.099999904632568
vertex -69.19993591308594 32.0625 -4.099999904632568
endloop
endfacet
facet normal 0 0 1
outer loop
vertex -67.67650604248047 29.632627487182617 -4.099999904632568
vertex -68.80065155029297 30.649938583374023 -4.099999904632568
vertex -68.49293518066406 30.241357803344727 -4.099999904632568
endloop
endfacet
facet normal 0 0 1
outer loop
vertex -66.69266510009766 29.369647979736328 -4.099999904632568
vertex -69.16024017333984 31.602725982666016 -4.099999904632568
vertex -69.0257797241211 31.109222412109375 -4.099999904632568
endloop
endfacet
facet normal 0 0 1
outer loop
vertex -69.19993591308594 32.0625 -4.099999904632568
vertex -50.1999397277832 29.36250114440918 -4.099999904632568
vertex -69.19279479980469 51.255226135253906 -4.099999904632568
endloop
endfacet
facet normal 0 0 1
outer loop
vertex -50.1999397277832 29.36250114440918 -4.099999904632568
vertex -69.19993591308594 32.0625 -4.099999904632568
vertex -66.69266510009766 29.369647979736328 -4.099999904632568
endloop
endfacet
facet normal 0.7987973596900015 0.6016001813100478 0
outer loop
vertex -54.24293518066406 -52.88364028930664 -4.099999904632568
vertex -54.5506477355957 -52.47506332397461 -4.099999904632568
vertex -54.5506477355957 -52.47506332397461 0
endloop
endfacet
facet normal 0 0 1
outer loop
vertex -52.709712982177734 -29.402196884155273 -4.099999904632568
vertex -54.9499397277832 -51.0625 -4.099999904632568
vertex -50.1999397277832 -29.362499237060547 -4.099999904632568
endloop
endfacet
facet normal -0.00005364352975987521 -0.9999999985611858 0
outer loop
vertex -66.49993896484375 53.76250076293945 0
vertex -66.49993896484375 53.76250076293945 -4.099999904632568
vertex 66.69278717041016 53.75535583496094 0
endloop
endfacet
facet normal 0 0 1
outer loop
vertex -53.203216552734375 -29.536659240722656 -4.099999904632568
vertex -54.9499397277832 -51.0625 -4.099999904632568
vertex -52.709712982177734 -29.402196884155273 -4.099999904632568
endloop
endfacet
facet normal -0.16555990092234152 -0.9861997359594986 0
outer loop
vertex 66.69278717041016 53.75535583496094 -4.099999904632568
vertex 67.19721984863281 53.67067337036133 -4.099999904632568
vertex 67.19721984863281 53.67067337036133 0
endloop
endfacet
facet normal -0.9962936872248852 -0.08601679368497075 0
outer loop
vertex 69.16036224365234 51.52227783203125 -4.099999904632568
vertex 69.20005798339844 51.0625 -4.099999904632568
vertex 69.16036224365234 51.52227783203125 0
endloop
endfacet
facet normal -0.5191034612209339 -0.8547114112660753 0
outer loop
vertex 67.67662811279297 53.492374420166016 -4.099999904632568
vertex 68.11380767822266 53.22685623168945 -4.099999904632568
vertex 68.11380767822266 53.22685623168945 0
endloop
endfacet
facet normal -0.9648290200702897 -0.26287822661872295 0
outer loop
vertex 69.0259017944336 52.01578140258789 -4.099999904632568
vertex 69.16036224365234 51.52227783203125 -4.099999904632568
vertex 69.16036224365234 51.52227783203125 0
endloop
endfacet
facet normal -0.8979284672578856 -0.44014141782829763 0
outer loop
vertex 68.80077362060547 52.47506332397461 -4.099999904632568
vertex 69.0259017944336 52.01578140258789 -4.099999904632568
vertex 69.0259017944336 52.01578140258789 0
endloop
endfacet
facet normal -0.6710010015697953 -0.741456442343265 0
outer loop
vertex 68.11380767822266 53.22685623168945 -4.099999904632568
vertex 68.49305725097656 52.883644104003906 -4.099999904632568
vertex 68.49305725097656 52.883644104003906 0
endloop
endfacet
facet normal -0.7987964749261642 -0.6016013560868474 0
outer loop
vertex 68.49305725097656 52.883644104003906 -4.099999904632568
vertex 68.80077362060547 52.47506332397461 -4.099999904632568
vertex 68.80077362060547 52.47506332397461 0
endloop
endfacet
facet normal -0.34858684363133263 -0.9372764866607638 0
outer loop
vertex 67.19721984863281 53.67067337036133 -4.099999904632568
vertex 67.67662811279297 53.492374420166016 -4.099999904632568
vertex 67.67662811279297 53.492374420166016 0
endloop
endfacet
facet normal 0 0 1
outer loop
vertex -54.910240173339844 -51.522274017333984 -4.099999904632568
vertex -50.1999397277832 -29.362499237060547 -4.099999904632568
vertex -54.9499397277832 -51.0625 -4.099999904632568
endloop
endfacet
facet normal 0 0 1
outer loop
vertex -54.5506477355957 -52.47506332397461 -4.099999904632568
vertex -50.1999397277832 -29.362499237060547 -4.099999904632568
vertex -54.77577590942383 -52.015777587890625 -4.099999904632568
endloop
endfacet
facet normal 0 0 1
outer loop
vertex -66.49993896484375 53.76250076293945 -4.099999904632568
vertex -66.959716796875 53.72280502319336 -4.099999904632568
vertex 60.35006332397461 -23.937498092651367 -4.099999904632568
endloop
endfacet
facet normal 0 0 1
outer loop
vertex -66.959716796875 53.72280502319336 -4.099999904632568
vertex -67.45321655273438 53.588340759277344 -4.099999904632568
vertex 60.35006332397461 -23.937498092651367 -4.099999904632568
endloop
endfacet
facet normal 0 0 1
outer loop
vertex -50.1999397277832 -29.362499237060547 -4.099999904632568
vertex -54.24293518066406 -52.88364028930664 -4.099999904632568
vertex -53.863685607910156 -53.22685241699219 -4.099999904632568
endloop
endfacet
facet normal 0 0 1
outer loop
vertex 67.67662811279297 53.492374420166016 -4.099999904632568
vertex 68.49305725097656 52.883644104003906 -4.099999904632568
vertex 68.11380767822266 53.22685623168945 -4.099999904632568
endloop
endfacet
facet normal 0 0 1
outer loop
vertex 7.350061416625977 -23.937498092651367 -8.199999809265137
vertex 38.85006332397461 -42.9375 -8.199999809265137
vertex 47.85006332397461 -42.9375 -8.199999809265137
endloop
endfacet
facet normal 0 0 1
outer loop
vertex 7.350061416625977 -23.937498092651367 -8.199999809265137
vertex 28.850061416625977 -42.9375 -8.199999809265137
vertex 38.85006332397461 -42.9375 -8.199999809265137
endloop
endfacet
facet normal 0 0 1
outer loop
vertex 7.350061416625977 -23.937498092651367 -8.199999809265137
vertex 19.850061416625977 -42.9375 -8.199999809265137
vertex 28.850061416625977 -42.9375 -8.199999809265137
endloop
endfacet
facet normal 0 1 0
outer loop
vertex 38.85006332397461 -51.9375 -8.199999809265137
vertex 38.60006332397461 -51.9375 -8.199999809265137
vertex 38.60006332397461 -51.9375 -6.699999809265137
endloop
endfacet
facet normal 0 1 0
outer loop
vertex 38.85006332397461 -51.9375 -8.199999809265137
vertex 38.60006332397461 -51.9375 -6.699999809265137
vertex 47.85006332397461 -51.9375 -8.199999809265137
endloop
endfacet
facet normal 0 0 1
outer loop
vertex 47.85006332397461 -42.9375 -8.199999809265137
vertex 38.85006332397461 -42.9375 -8.199999809265137
vertex 38.85006332397461 -51.9375 -8.199999809265137
endloop
endfacet
facet normal 0 1 0
outer loop
vertex 18.982744216918945 -51.9375 -5.776120662689209
vertex 29.100061416625977 -51.9375 -6.699999809265137
vertex 19.30716896057129 -51.9375 -5.992893218994141
endloop
endfacet
facet normal 0 1 0
outer loop
vertex 38.52394104003906 -51.9375 -6.31731653213501
vertex 57.85006332397461 -51.9375 -8.199999809265137
vertex 47.85006332397461 -51.9375 -8.199999809265137
endloop
endfacet
facet normal 0 1 0
outer loop
vertex 57.85006332397461 -51.9375 -8.199999809265137
vertex 38.52394104003906 -51.9375 -6.31731653213501
vertex 60.35006332397461 -51.9375 -8.199999809265137
endloop
endfacet
facet normal 0 1 0
outer loop
vertex 29.100061416625977 -51.9375 -6.699999809265137
vertex 19.523941040039062 -51.9375 -6.31731653213501
vertex 19.30716896057129 -51.9375 -5.992893218994141
endloop
endfacet
facet normal 0 1 0
outer loop
vertex 29.100061416625977 -51.9375 -6.699999809265137
vertex 18.982744216918945 -51.9375 -5.776120662689209
vertex 18.600061416625977 -51.9375 -5.699999809265137
endloop
endfacet
facet normal 0 0 1
outer loop
vertex 47.85006332397461 -42.9375 -8.199999809265137
vertex 38.85006332397461 -51.9375 -8.199999809265137
vertex 47.85006332397461 -51.9375 -8.199999809265137
endloop
endfacet
facet normal 0 1 0
outer loop
vertex 38.52394104003906 -51.9375 -6.31731653213501
vertex 47.85006332397461 -51.9375 -8.199999809265137
vertex 38.60006332397461 -51.9375 -6.699999809265137
endloop
endfacet
facet normal 0 1 0
outer loop
vertex 60.35006332397461 -51.9375 -8.199999809265137
vertex 38.52394104003906 -51.9375 -6.31731653213501
vertex 60.35006332397461 -51.9375 -4.099999904632568
endloop
endfacet
facet normal 0 0 1
outer loop
vertex 7.350061416625977 -23.937498092651367 -8.199999809265137
vertex 47.85006332397461 -42.9375 -8.199999809265137
vertex 60.35006332397461 -23.937498092651367 -8.199999809265137
endloop
endfacet
facet normal 0 1 0
outer loop
vertex 29.100061416625977 -51.9375 -8.199999809265137
vertex 19.523941040039062 -51.9375 -6.31731653213501
vertex 29.100061416625977 -51.9375 -6.699999809265137
endloop
endfacet
facet normal 0 1 0
outer loop
vertex 19.523941040039062 -51.9375 -6.31731653213501
vertex 28.850061416625977 -51.9375 -8.199999809265137
vertex 19.600061416625977 -51.9375 -6.699999809265137
endloop
endfacet
facet normal 0 0 1
outer loop
vertex 57.85006332397461 -42.9375 -8.199999809265137
vertex 57.85006332397461 -51.9375 -8.199999809265137
vertex 60.35006332397461 -51.9375 -8.199999809265137
endloop
endfacet
facet normal 0 0 1
outer loop
vertex 19.850061416625977 -42.9375 -8.199999809265137
vertex 19.850061416625977 -51.9375 -8.199999809265137
vertex 28.850061416625977 -42.9375 -8.199999809265137
endloop
endfacet
facet normal -1 0 0
outer loop
vertex 60.35006332397461 -23.937498092651367 -4.099999904632568
vertex 60.35006332397461 -23.937498092651367 -8.199999809265137
vertex 60.35006332397461 -51.9375 -4.099999904632568
endloop
endfacet
facet normal 0 0 1
outer loop
vertex 19.850061416625977 -51.9375 -8.199999809265137
vertex 28.850061416625977 -51.9375 -8.199999809265137
vertex 28.850061416625977 -42.9375 -8.199999809265137
endloop
endfacet
facet normal 0 1 0
outer loop
vertex 28.850061416625977 -51.9375 -8.199999809265137
vertex 19.523941040039062 -51.9375 -6.31731653213501
vertex 29.100061416625977 -51.9375 -8.199999809265137
endloop
endfacet
facet normal 0 1 0
outer loop
vertex 19.850061416625977 -51.9375 -8.199999809265137
vertex 19.600061416625977 -51.9375 -6.699999809265137
vertex 28.850061416625977 -51.9375 -8.199999809265137
endloop
endfacet
facet normal 0 1 0
outer loop
vertex 19.850061416625977 -51.9375 -8.199999809265137
vertex 19.600061416625977 -51.9375 -8.199999809265137
vertex 19.600061416625977 -51.9375 -6.699999809265137
endloop
endfacet
facet normal 0 1 0
outer loop
vertex 60.35006332397461 -51.9375 -4.099999904632568
vertex 37.98274612426758 -51.9375 -5.776120662689209
vertex 37.60006332397461 -51.9375 -5.699999809265137
endloop
endfacet
facet normal 0 0 1
outer loop
vertex 60.35006332397461 -23.937498092651367 -8.199999809265137
vertex 47.85006332397461 -42.9375 -8.199999809265137
vertex 57.85006332397461 -42.9375 -8.199999809265137
endloop
endfacet
facet normal 0 1 0
outer loop
vertex 60.35006332397461 -51.9375 -4.099999904632568
vertex 38.307167053222656 -51.9375 -5.992893218994141
vertex 37.98274612426758 -51.9375 -5.776120662689209
endloop
endfacet
facet normal 0 1 0
outer loop
vertex 60.35006332397461 -51.9375 -4.099999904632568
vertex 38.52394104003906 -51.9375 -6.31731653213501
vertex 38.307167053222656 -51.9375 -5.992893218994141
endloop
endfacet
facet normal 0 1 0
outer loop
vertex 37.60006332397461 -51.9375 -5.699999809265137
vertex 30.100061416625977 -51.9375 -5.699999809265137
vertex 60.35006332397461 -51.9375 -4.099999904632568
endloop
endfacet
facet normal 0 -1 0
outer loop
vertex 7.350061416625977 -23.937498092651367 -4.099999904632568
vertex 7.350061416625977 -23.937498092651367 -8.199999809265137
vertex 60.35006332397461 -23.937498092651367 -4.099999904632568
endloop
endfacet
facet normal 0 0 1
outer loop
vertex 57.85006332397461 -42.9375 -8.199999809265137
vertex 60.35006332397461 -51.9375 -8.199999809265137
vertex 60.35006332397461 -23.937498092651367 -8.199999809265137
endloop
endfacet
facet normal -1 0 0
outer loop
vertex 60.35006332397461 -23.937498092651367 -8.199999809265137
vertex 60.35006332397461 -51.9375 -8.199999809265137
vertex 60.35006332397461 -51.9375 -4.099999904632568
endloop
endfacet
facet normal 0 -1 0
outer loop
vertex 7.350061416625977 -23.937498092651367 -8.199999809265137
vertex 60.35006332397461 -23.937498092651367 -8.199999809265137
vertex 60.35006332397461 -23.937498092651367 -4.099999904632568
endloop
endfacet
facet normal 1 0 0
outer loop
vertex 7.350061416625977 -51.9375 -8.199999809265137
vertex 7.350061416625977 -23.937498092651367 -8.199999809265137
vertex 7.350061416625977 -23.937498092651367 -4.099999904632568
endloop
endfacet
facet normal 0 0 1
outer loop
vertex 7.350061416625977 -23.937498092651367 -8.199999809265137
vertex 9.850061416625977 -42.9375 -8.199999809265137
vertex 19.850061416625977 -42.9375 -8.199999809265137
endloop
endfacet
facet normal 0 0 1
outer loop
vertex 9.850061416625977 -42.9375 -8.199999809265137
vertex 7.350061416625977 -23.937498092651367 -8.199999809265137
vertex 7.350061416625977 -51.9375 -8.199999809265137
endloop
endfacet
facet normal 0 1 0
outer loop
vertex 10.17618179321289 -51.9375 -6.31731653213501
vertex 10.100061416625977 -51.9375 -6.699999809265137
vertex 7.350061416625977 -51.9375 -4.099999904632568
endloop
endfacet
facet normal 0 1 0
outer loop
vertex 10.39295482635498 -51.9375 -5.992893218994141
vertex 10.17618179321289 -51.9375 -6.31731653213501
vertex 7.350061416625977 -51.9375 -4.099999904632568
endloop
endfacet
facet normal 0 1 0
outer loop
vertex 10.717377662658691 -51.9375 -5.776120662689209
vertex 10.39295482635498 -51.9375 -5.992893218994141
vertex 7.350061416625977 -51.9375 -4.099999904632568
endloop
endfacet
facet normal 0 1 0
outer loop
vertex 10.100061416625977 -51.9375 -6.699999809265137
vertex 10.100061416625977 -51.9375 -8.199999809265137
vertex 7.350061416625977 -51.9375 -4.099999904632568
endloop
endfacet
facet normal 0 1 0
outer loop
vertex 11.100061416625977 -51.9375 -5.699999809265137
vertex 10.717377662658691 -51.9375 -5.776120662689209
vertex 7.350061416625977 -51.9375 -4.099999904632568
endloop
endfacet
facet normal 0 1 0
outer loop
vertex 18.600061416625977 -51.9375 -5.699999809265137
vertex 11.100061416625977 -51.9375 -5.699999809265137
vertex 7.350061416625977 -51.9375 -4.099999904632568
endloop
endfacet
facet normal 0 1 0
outer loop
vertex 10.100061416625977 -51.9375 -8.199999809265137
vertex 9.850061416625977 -51.9375 -8.199999809265137
vertex 7.350061416625977 -51.9375 -4.099999904632568
endloop
endfacet
facet normal 1 0 0
outer loop
vertex 7.350061416625977 -23.937498092651367 -4.099999904632568
vertex 7.350061416625977 -51.9375 -4.099999904632568
vertex 7.350061416625977 -51.9375 -8.199999809265137
endloop
endfacet
facet normal 0 1 0
outer loop
vertex 29.17618179321289 -51.9375 -6.31731653213501
vertex 29.100061416625977 -51.9375 -6.699999809265137
vertex 7.350061416625977 -51.9375 -4.099999904632568
endloop
endfacet
facet normal 0 1 0
outer loop
vertex 18.600061416625977 -51.9375 -5.699999809265137
vertex 7.350061416625977 -51.9375 -4.099999904632568
vertex 29.100061416625977 -51.9375 -6.699999809265137
endloop
endfacet
facet normal 0 1 0
outer loop
vertex 29.392953872680664 -51.9375 -5.992893218994141
vertex 29.17618179321289 -51.9375 -6.31731653213501
vertex 7.350061416625977 -51.9375 -4.099999904632568
endloop
endfacet
facet normal 0 1 0
outer loop
vertex 9.850061416625977 -51.9375 -8.199999809265137
vertex 7.350061416625977 -51.9375 -8.199999809265137
vertex 7.350061416625977 -51.9375 -4.099999904632568
endloop
endfacet
facet normal 0 0 1
outer loop
vertex 9.850061416625977 -51.9375 -8.199999809265137
vertex 9.850061416625977 -42.9375 -8.199999809265137
vertex 7.350061416625977 -51.9375 -8.199999809265137
endloop
endfacet
facet normal 0 1 0
outer loop
vertex 7.350061416625977 -51.9375 -4.099999904632568
vertex 29.717378616333008 -51.9375 -5.776120662689209
vertex 29.392953872680664 -51.9375 -5.992893218994141
endloop
endfacet
facet normal 0 1 0
outer loop
vertex 29.717378616333008 -51.9375 -5.776120662689209
vertex 7.350061416625977 -51.9375 -4.099999904632568
vertex 30.100061416625977 -51.9375 -5.699999809265137
endloop
endfacet
facet normal 0 1 0
outer loop
vertex 30.100061416625977 -51.9375 -5.699999809265137
vertex 7.350061416625977 -51.9375 -4.099999904632568
vertex 60.35006332397461 -51.9375 -4.099999904632568
endloop
endfacet
facet normal 0 0 1
outer loop
vertex 28.850061416625977 -42.9375 -9.5
vertex 38.85006332397461 -51.9375 -9.5
vertex 38.85006332397461 -42.9375 -9.5
endloop
endfacet
facet normal -1 0 0
outer loop
vertex 38.85006332397461 -42.9375 -9.5
vertex 38.85006332397461 -51.9375 -9.5
vertex 38.85006332397461 -51.9375 -8.199999809265137
endloop
endfacet
facet normal 0 1 0
outer loop
vertex 29.100061416625977 -51.9375 -8.199999809265137
vertex 29.17618179321289 -51.9375 -8.582683563232422
vertex 28.850061416625977 -51.9375 -8.199999809265137
endloop
endfacet
facet normal 1 0 0
outer loop
vertex 28.850061416625977 -42.9375 -8.199999809265137
vertex 28.850061416625977 -51.9375 -8.199999809265137
vertex 28.850061416625977 -51.9375 -9.5
endloop
endfacet
facet normal 0 0 1
outer loop
vertex 28.850061416625977 -42.9375 -9.5
vertex 28.850061416625977 -51.9375 -9.5
vertex 38.85006332397461 -51.9375 -9.5
endloop
endfacet
facet normal -1 0 0
outer loop
vertex 38.85006332397461 -42.9375 -8.199999809265137
vertex 38.85006332397461 -42.9375 -9.5
vertex 38.85006332397461 -51.9375 -8.199999809265137
endloop
endfacet
facet normal 0 1 0
outer loop
vertex 38.85006332397461 -51.9375 -8.199999809265137
vertex 38.85006332397461 -51.9375 -9.5
vertex 38.60006332397461 -51.9375 -8.199999809265137
endloop
endfacet
facet normal 0 1 0
outer loop
vertex 38.52394104003906 -51.9375 -8.582683563232422
vertex 38.60006332397461 -51.9375 -8.199999809265137
vertex 38.85006332397461 -51.9375 -9.5
endloop
endfacet
facet normal 0 -1 0
outer loop
vertex 28.850061416625977 -42.9375 -8.199999809265137
vertex 28.850061416625977 -42.9375 -9.5
vertex 38.85006332397461 -42.9375 -8.199999809265137
endloop
endfacet
facet normal 0 -1 0
outer loop
vertex 28.850061416625977 -42.9375 -9.5
vertex 38.85006332397461 -42.9375 -9.5
vertex 38.85006332397461 -42.9375 -8.199999809265137
endloop
endfacet
facet normal 1 0 0
outer loop
vertex 28.850061416625977 -51.9375 -9.5
vertex 28.850061416625977 -42.9375 -9.5
vertex 28.850061416625977 -42.9375 -8.199999809265137
endloop
endfacet
facet normal 0 1 0
outer loop
vertex 37.60006332397461 -51.9375 -9.199999809265137
vertex 28.850061416625977 -51.9375 -9.5
vertex 30.100061416625977 -51.9375 -9.199999809265137
endloop
endfacet
facet normal 0 1 0
outer loop
vertex 28.850061416625977 -51.9375 -9.5
vertex 37.60006332397461 -51.9375 -9.199999809265137
vertex 38.85006332397461 -51.9375 -9.5
endloop
endfacet
facet normal 0 1 0
outer loop
vertex 29.392953872680664 -51.9375 -8.907106399536133
vertex 28.850061416625977 -51.9375 -9.5
vertex 29.17618179321289 -51.9375 -8.582683563232422
endloop
endfacet
facet normal 0 1 0
outer loop
vertex 29.717378616333008 -51.9375 -9.123879432678223
vertex 28.850061416625977 -51.9375 -9.5
vertex 29.392953872680664 -51.9375 -8.907106399536133
endloop
endfacet
facet normal 0 1 0
outer loop
vertex 28.850061416625977 -51.9375 -9.5
vertex 29.717378616333008 -51.9375 -9.123879432678223
vertex 30.100061416625977 -51.9375 -9.199999809265137
endloop
endfacet
facet normal 0 1 0
outer loop
vertex 38.85006332397461 -51.9375 -9.5
vertex 37.60006332397461 -51.9375 -9.199999809265137
vertex 37.98274612426758 -51.9375 -9.123879432678223
endloop
endfacet
facet normal 0 1 0
outer loop
vertex 37.98274612426758 -51.9375 -9.123879432678223
vertex 38.307167053222656 -51.9375 -8.907106399536133
vertex 38.85006332397461 -51.9375 -9.5
endloop
endfacet
facet normal 0 1 0
outer loop
vertex 38.307167053222656 -51.9375 -8.907106399536133
vertex 38.52394104003906 -51.9375 -8.582683563232422
vertex 38.85006332397461 -51.9375 -9.5
endloop
endfacet
facet normal 0 1 0
outer loop
vertex 29.17618179321289 -51.9375 -8.582683563232422
vertex 28.850061416625977 -51.9375 -9.5
vertex 28.850061416625977 -51.9375 -8.199999809265137
endloop
endfacet
facet normal 0 1 0
outer loop
vertex 19.30716896057129 -51.9375 -8.907106399536133
vertex 19.523941040039062 -51.9375 -8.582683563232422
vertex 19.850061416625977 -51.9375 -9.5
endloop
endfacet
facet normal -1 0 0
outer loop
vertex 19.850061416625977 -42.9375 -8.199999809265137
vertex 19.850061416625977 -42.9375 -9.5
vertex 19.850061416625977 -51.9375 -8.199999809265137
endloop
endfacet
facet normal 0 1 0
outer loop
vertex 19.850061416625977 -51.9375 -8.199999809265137
vertex 19.850061416625977 -51.9375 -9.5
vertex 19.600061416625977 -51.9375 -8.199999809265137
endloop
endfacet
facet normal 0 1 0
outer loop
vertex 19.523941040039062 -51.9375 -8.582683563232422
vertex 19.600061416625977 -51.9375 -8.199999809265137
vertex 19.850061416625977 -51.9375 -9.5
endloop
endfacet
facet normal 0 -1 0
outer loop
vertex 9.850061416625977 -42.9375 -8.199999809265137
vertex 9.850061416625977 -42.9375 -9.5
vertex 19.850061416625977 -42.9375 -8.199999809265137
endloop
endfacet
facet normal 1 0 0
outer loop
vertex 9.850061416625977 -51.9375 -8.199999809265137
vertex 9.850061416625977 -51.9375 -9.5
vertex 9.850061416625977 -42.9375 -8.199999809265137
endloop
endfacet
facet normal 0 1 0
outer loop
vertex 10.17618179321289 -51.9375 -8.582683563232422
vertex 9.850061416625977 -51.9375 -8.199999809265137
vertex 10.100061416625977 -51.9375 -8.199999809265137
endloop
endfacet
facet normal 0 1 0
outer loop
vertex 9.850061416625977 -51.9375 -9.5
vertex 10.717377662658691 -51.9375 -9.123879432678223
vertex 11.100061416625977 -51.9375 -9.199999809265137
endloop
endfacet
facet normal 0 1 0
outer loop
vertex 10.17618179321289 -51.9375 -8.582683563232422
vertex 9.850061416625977 -51.9375 -9.5
vertex 9.850061416625977 -51.9375 -8.199999809265137
endloop
endfacet
facet normal 0 1 0
outer loop
vertex 10.717377662658691 -51.9375 -9.123879432678223
vertex 9.850061416625977 -51.9375 -9.5
vertex 10.39295482635498 -51.9375 -8.907106399536133
endloop
endfacet
facet normal 0 1 0
outer loop
vertex 10.39295482635498 -51.9375 -8.907106399536133
vertex 9.850061416625977 -51.9375 -9.5
vertex 10.17618179321289 -51.9375 -8.582683563232422
endloop
endfacet
facet normal 0 1 0
outer loop
vertex 11.100061416625977 -51.9375 -9.199999809265137
vertex 18.600061416625977 -51.9375 -9.199999809265137
vertex 9.850061416625977 -51.9375 -9.5
endloop
endfacet
facet normal 0 1 0
outer loop
vertex 9.850061416625977 -51.9375 -9.5
vertex 18.600061416625977 -51.9375 -9.199999809265137
vertex 19.850061416625977 -51.9375 -9.5
endloop
endfacet
facet normal 0 0 1
outer loop
vertex 9.850061416625977 -51.9375 -9.5
vertex 19.850061416625977 -51.9375 -9.5
vertex 9.850061416625977 -42.9375 -9.5
endloop
endfacet
facet normal 1 0 0
outer loop
vertex 9.850061416625977 -51.9375 -9.5
vertex 9.850061416625977 -42.9375 -9.5
vertex 9.850061416625977 -42.9375 -8.199999809265137
endloop
endfacet
facet normal 0 0 1
outer loop
vertex 9.850061416625977 -42.9375 -9.5
vertex 19.850061416625977 -51.9375 -9.5
vertex 19.850061416625977 -42.9375 -9.5
endloop
endfacet
facet normal 0 -1 0
outer loop
vertex 9.850061416625977 -42.9375 -9.5
vertex 19.850061416625977 -42.9375 -9.5
vertex 19.850061416625977 -42.9375 -8.199999809265137
endloop
endfacet
facet normal -1 0 0
outer loop
vertex 19.850061416625977 -42.9375 -9.5
vertex 19.850061416625977 -51.9375 -9.5
vertex 19.850061416625977 -51.9375 -8.199999809265137
endloop
endfacet
facet normal 0 1 0
outer loop
vertex 19.850061416625977 -51.9375 -9.5
vertex 18.600061416625977 -51.9375 -9.199999809265137
vertex 18.982744216918945 -51.9375 -9.123879432678223
endloop
endfacet
facet normal 0 1 0
outer loop
vertex 18.982744216918945 -51.9375 -9.123879432678223
vertex 19.30716896057129 -51.9375 -8.907106399536133
vertex 19.850061416625977 -51.9375 -9.5
endloop
endfacet
facet normal 1 0 0
outer loop
vertex 47.85006332397461 -51.9375 -9.5
vertex 47.85006332397461 -42.9375 -9.5
vertex 47.85006332397461 -42.9375 -8.199999809265137
endloop
endfacet
facet normal -1 0 0
outer loop
vertex 57.85006332397461 -51.9375 -9.5
vertex 57.85006332397461 -51.9375 -8.199999809265137
vertex 57.85006332397461 -42.9375 -9.5
endloop
endfacet
facet normal 0 0 1
outer loop
vertex 47.85006332397461 -42.9375 -9.5
vertex 47.85006332397461 -51.9375 -9.5
vertex 57.85006332397461 -51.9375 -9.5
endloop
endfacet
facet normal 0 1 0
outer loop
vertex 47.85006332397461 -51.9375 -9.5
vertex 47.85006332397461 -51.9375 -8.199999809265137
vertex 57.85006332397461 -51.9375 -9.5
endloop
endfacet
facet normal 0 -1 0
outer loop
vertex 47.85006332397461 -42.9375 -8.199999809265137
vertex 47.85006332397461 -42.9375 -9.5
vertex 57.85006332397461 -42.9375 -8.199999809265137
endloop
endfacet
facet normal 0 1 0
outer loop
vertex 57.85006332397461 -51.9375 -8.199999809265137
vertex 57.85006332397461 -51.9375 -9.5
vertex 47.85006332397461 -51.9375 -8.199999809265137
endloop
endfacet
facet normal 1 0 0
outer loop
vertex 47.85006332397461 -51.9375 -8.199999809265137
vertex 47.85006332397461 -51.9375 -9.5
vertex 47.85006332397461 -42.9375 -8.199999809265137
endloop
endfacet
facet normal -1 0 0
outer loop
vertex 57.85006332397461 -42.9375 -8.199999809265137
vertex 57.85006332397461 -42.9375 -9.5
vertex 57.85006332397461 -51.9375 -8.199999809265137
endloop
endfacet
facet normal 0 -1 0
outer loop
vertex 47.85006332397461 -42.9375 -9.5
vertex 57.85006332397461 -42.9375 -9.5
vertex 57.85006332397461 -42.9375 -8.199999809265137
endloop
endfacet
facet normal 0 0 1
outer loop
vertex 47.85006332397461 -42.9375 -9.5
vertex 57.85006332397461 -51.9375 -9.5
vertex 57.85006332397461 -42.9375 -9.5
endloop
endfacet
facet normal 0.16410842684941562 -0.6877994508064187 0.707107021395912
outer loop
vertex 67.04766082763672 -55.22486114501953 0
vertex 67.22222900390625 -56.211280822753906 -1
vertex 67.85572052001953 -55.03205871582031 0
endloop
endfacet
facet normal 0.1641113749388396 -0.6878000007239836 0.7071058022812227
outer loop
vertex 67.22222900390625 -56.211280822753906 -1
vertex 68.18036651611328 -55.982666015625 -1
vertex 67.85572052001953 -55.03205871582031 0
endloop
endfacet
facet normal 0.2908890630127619 -0.6445032794928186 0.7071061276375417
outer loop
vertex 68.18036651611328 -55.982666015625 -1
vertex 69.07819366455078 -55.57744216918945 -1
vertex 68.58008575439453 -54.70512390136719 0
endloop
endfacet
facet normal 0.29088993862637924 -0.6445032748283149 0.7071057716788336
outer loop
vertex 67.85572052001953 -55.03205871582031 0
vertex 68.18036651611328 -55.982666015625 -1
vertex 68.58008575439453 -54.70512390136719 0
endloop
endfacet
facet normal 0.4072272452436449 -0.5780720046543657 0.7071058818636395
outer loop
vertex 68.58008575439453 -54.70512390136719 0
vertex 69.07819366455078 -55.57744216918945 -1
vertex 69.22978210449219 -54.247440338134766 0
endloop
endfacet
facet normal 0.40722722201216777 -0.5780720092445657 0.7071058914902374
outer loop
vertex 69.07819366455078 -55.57744216918945 -1
vertex 69.88347625732422 -55.010154724121094 -1
vertex 69.22978210449219 -54.247440338134766 0
endloop
endfacet
facet normal 0.5089494661388865 -0.49088919158337085 0.7071055384478097
outer loop
vertex 69.22978210449219 -54.247440338134766 0
vertex 69.88347625732422 -55.010154724121094 -1
vertex 69.781494140625 -53.67543029785156 0
endloop
endfacet
facet normal 0.5089407917924764 -0.4908927047554068 0.7071093429361319
outer loop
vertex 69.781494140625 -53.67543029785156 0
vertex 69.88347625732422 -55.010154724121094 -1
vertex 70.12886047363281 -54.7557487487793 -1
endloop
endfacet
facet normal 0.508949228165839 -0.4908876315332701 0.7071067927527308
outer loop
vertex 69.781494140625 -53.67543029785156 0
vertex 70.12886047363281 -54.7557487487793 -1
vertex 70.56731414794922 -54.30116271972656 -1
endloop
endfacet
facet normal 0.5924002105520739 -0.3860860225759785 0.7071064797534524
outer loop
vertex 69.781494140625 -53.67543029785156 0
vertex 70.56731414794922 -54.30116271972656 -1
vertex 70.21541595458984 -53.0096321105957 0
endloop
endfacet
facet normal 0.5923969049293147 -0.38608816273040486 0.7071080805857255
outer loop
vertex 70.56731414794922 -54.30116271972656 -1
vertex 71.10515594482422 -53.475921630859375 -1
vertex 70.21541595458984 -53.0096321105957 0
endloop
endfacet
facet normal 0.654584072263591 -0.2674286547856122 0.7071079174626541
outer loop
vertex 71.10515594482422 -53.475921630859375 -1
vertex 71.47769927978516 -52.564048767089844 -1
vertex 70.51598358154297 -52.2739372253418 0
endloop
endfacet
facet normal 0.6545831896929002 -0.2674295008881301 0.7071084144784265
outer loop
vertex 70.21541595458984 -53.0096321105957 0
vertex 71.10515594482422 -53.475921630859375 -1
vertex 70.51598358154297 -52.2739372253418 0
endloop
endfacet
facet normal 0.6932779089632511 -0.13916437243409563 0.7071060870821055
outer loop
vertex 71.47769927978516 -52.564048767089844 -1
vertex 71.67156219482422 -51.5982780456543 -1
vertex 70.67159271240234 -51.49876022338867 0
endloop
endfacet
facet normal 0.6932752336860563 -0.1391681593860557 0.7071079647201278
outer loop
vertex 70.51598358154297 -52.2739372253418 0
vertex 71.47769927978516 -52.564048767089844 -1
vertex 70.67159271240234 -51.49876022338867 0
endloop
endfacet
facet normal 0.7071074932290929 -0.00019628923897271425 0.7071060418988109
outer loop
vertex 70.7000503540039 51.01936721801758 0
vertex 71.67156219482422 -51.5982780456543 -1
vertex 71.70005798339844 51.05424499511719 -1
endloop
endfacet
facet normal 0.7071077903182058 -0.0001962835312423093 0.7071057448105479
outer loop
vertex 70.67159271240234 -51.49876022338867 0
vertex 71.67156219482422 -51.5982780456543 -1
vertex 70.7000503540039 51.01936721801758 0
endloop
endfacet
facet normal 0.7053756168920128 0.04945984370047507 0.7071060478848535
outer loop
vertex 70.7000503540039 51.01936721801758 0
vertex 71.70005798339844 51.05424499511719 -1
vertex 71.64884185791016 51.78466796875 -1
endloop
endfacet
facet normal 0.7053764432860706 0.049457917983121664 0.7071053582075781
outer loop
vertex 71.64884185791016 51.78466796875 -1
vertex 70.65705108642578 51.63262939453125 0
vertex 70.7000503540039 51.01936721801758 0
endloop
endfacet
facet normal 0.6878001776386913 0.16411076376606681 0.7071057720428415
outer loop
vertex 71.64884185791016 51.78466796875 -1
vertex 71.42022705078125 52.7428092956543 -1
vertex 70.46961975097656 52.41816329956055 0
endloop
endfacet
facet normal 0.6878003607250568 0.1641117452827753 0.7071053661560793
outer loop
vertex 70.65705108642578 51.63262939453125 0
vertex 71.64884185791016 51.78466796875 -1
vertex 70.46961975097656 52.41816329956055 0
endloop
endfacet
facet normal 0.6445022826405652 0.2908858747271273 0.7071083478190134
outer loop
vertex 71.42022705078125 52.7428092956543 -1
vertex 71.01500701904297 53.6406364440918 -1
vertex 70.14268493652344 53.142520904541016 0
endloop
endfacet
facet normal 0.6445022471210476 0.2908925386140225 0.7071056388083815
outer loop
vertex 70.46961975097656 52.41816329956055 0
vertex 71.42022705078125 52.7428092956543 -1
vertex 70.14268493652344 53.142520904541016 0
endloop
endfacet
facet normal 0.5780713233841156 0.4072233711672524 0.707108669905917
outer loop
vertex 70.14268493652344 53.142520904541016 0
vertex 71.01500701904297 53.6406364440918 -1
vertex 69.68500518798828 53.79221725463867 0
endloop
endfacet
facet normal 0.5780702643155988 0.40722873115538294 0.7071064488715052
outer loop
vertex 71.01500701904297 53.6406364440918 -1
vertex 70.44771575927734 54.445919036865234 -1
vertex 69.68500518798828 53.79221725463867 0
endloop
endfacet
facet normal 0.4908904945494298 0.508943886381182 0.7071086499797855
outer loop
vertex 69.11299133300781 54.34393310546875 0
vertex 70.44771575927734 54.445919036865234 -1
vertex 70.19327545166016 54.69133377075195 -1
endloop
endfacet
facet normal 0.4908868923701709 0.508949876193518 0.70710683946753
outer loop
vertex 70.19327545166016 54.69133377075195 -1
vertex 69.73872375488281 55.12975311279297 -1
vertex 69.11299133300781 54.34393310546875 0
endloop
endfacet
facet normal 0.49088855329142794 0.5089486794906252 0.7071065477650436
outer loop
vertex 69.68500518798828 53.79221725463867 0
vertex 70.44771575927734 54.445919036865234 -1
vertex 69.11299133300781 54.34393310546875 0
endloop
endfacet
facet normal 0.3860898354411188 0.5923974588256826 0.707106703225138
outer loop
vertex 69.11299133300781 54.34393310546875 0
vertex 69.73872375488281 55.12975311279297 -1
vertex 68.44719696044922 54.77785873413086 0
endloop
endfacet
facet normal 0.38608918176080537 0.5923984684852939 0.7071062142730398
outer loop
vertex 69.73872375488281 55.12975311279297 -1
vertex 68.91348266601562 55.66759490966797 -1
vertex 68.44719696044922 54.77785873413086 0
endloop
endfacet
facet normal 0.2674273138845546 0.6545861443711519 0.7071065063947591
outer loop
vertex 68.44719696044922 54.77785873413086 0
vertex 68.91348266601562 55.66759490966797 -1
vertex 67.71150207519531 55.07842254638672 0
endloop
endfacet
facet normal 0.2674269275871198 0.6545865473154577 0.7071062794763892
outer loop
vertex 68.91348266601562 55.66759490966797 -1
vertex 68.0016098022461 56.04013442993164 -1
vertex 67.71150207519531 55.07842254638672 0
endloop
endfacet
facet normal 0.13916719178650613 0.693277111326748 0.7071063142418527
outer loop
vertex 67.71150207519531 55.07842254638672 0
vertex 68.0016098022461 56.04013442993164 -1
vertex 66.93635559082031 55.23402404785156 0
endloop
endfacet
facet normal 0.1391698603504937 0.6932752261802859 0.7071076373047441
outer loop
vertex 68.0016098022461 56.04013442993164 -1
vertex 67.03584289550781 56.234004974365234 -1
vertex 66.93635559082031 55.23402404785156 0
endloop
endfacet
facet normal 0.00015092404513377032 0.707106710273633 0.7071068359929303
outer loop
vertex 10.342422485351562 56.24610137939453 -1
vertex -66.49168395996094 56.26250076293945 -1
vertex -66.45677185058594 55.26249313354492 0
endloop
endfacet
facet normal 0.00015087184111347275 0.7071060117104554 0.707107534566434
outer loop
vertex 67.03584289550781 56.234004974365234 -1
vertex 10.342422485351562 56.24610137939453 -1
vertex 66.93635559082031 55.23402404785156 0
endloop
endfacet
facet normal 0.00015091252906876109 0.7071071561412949 0.7071063901275245
outer loop
vertex 10.342422485351562 56.24610137939453 -1
vertex -66.45677185058594 55.26249313354492 0
vertex 66.93635559082031 55.23402404785156 0
endloop
endfacet
facet normal -0.04945942077372522 0.7053747890209661 0.7071069033112004
outer loop
vertex -66.49168395996094 56.26250076293945 -1
vertex -67.070068359375 55.21949005126953 0
vertex -66.45677185058594 55.26249313354492 0
endloop
endfacet
facet normal -0.04945979213961811 0.7053748815526231 0.7071067850304709
outer loop
vertex -66.49168395996094 56.26250076293945 -1
vertex -67.22210693359375 56.21128463745117 -1
vertex -67.070068359375 55.21949005126953 0
endloop
endfacet
facet normal -0.1641122022457702 0.6877989357848636 0.7071066461342677
outer loop
vertex -67.22210693359375 56.21128463745117 -1
vertex -67.85559844970703 55.03205871582031 0
vertex -67.070068359375 55.21949005126953 0
endloop
endfacet
facet normal -0.16411107046854173 0.6877987246718442 0.7071071141555951
outer loop
vertex -67.22210693359375 56.21128463745117 -1
vertex -68.18024444580078 55.982669830322266 -1
vertex -67.85559844970703 55.03205871582031 0
endloop
endfacet
facet normal -0.2908891526080601 0.6445022651731457 0.7071070152965878
outer loop
vertex -67.85559844970703 55.03205871582031 0
vertex -68.18024444580078 55.982669830322266 -1
vertex -68.5799560546875 54.70512771606445 0
endloop
endfacet
facet normal -0.2908886065250207 0.6445022680837157 0.707107237290694
outer loop
vertex -68.18024444580078 55.982669830322266 -1
vertex -69.07807159423828 55.57744598388672 -1
vertex -68.5799560546875 54.70512771606445 0
endloop
endfacet
facet normal -0.4072230474983975 0.5780728340604362 0.7071076213048854
outer loop
vertex -68.5799560546875 54.70512771606445 0
vertex -69.07807159423828 55.57744598388672 -1
vertex -69.22966003417969 54.24744415283203 0
endloop
endfacet
facet normal -0.4072296258033328 0.5780715342883127 0.7071048954105985
outer loop
vertex -69.07807159423828 55.57744598388672 -1
vertex -69.88335418701172 55.010154724121094 -1
vertex -69.22966003417969 54.24744415283203 0
endloop
endfacet
facet normal -0.5089496766976296 0.49088939467035303 0.7071052459072501
outer loop
vertex -69.22966003417969 54.24744415283203 0
vertex -70.12874603271484 54.7557373046875 -1
vertex -69.7813720703125 53.67543411254883 0
endloop
endfacet
facet normal -0.5089474866447311 0.49089234295262335 0.7071047754530408
outer loop
vertex -69.88335418701172 55.010154724121094 -1
vertex -70.12874603271484 54.7557373046875 -1
vertex -69.22966003417969 54.24744415283203 0
endloop
endfacet
facet normal -0.5089454584777418 0.49089193135115533 0.7071065209918616
outer loop
vertex -70.12874603271484 54.7557373046875 -1
vertex -70.56719207763672 54.30116653442383 -1
vertex -69.7813720703125 53.67543411254883 0
endloop
endfacet
facet normal -0.5924012963049804 0.3860845181205684 0.7071063915732819
outer loop
vertex -69.7813720703125 53.67543411254883 0
vertex -70.56719207763672 54.30116653442383 -1
vertex -70.21529388427734 53.0096321105957 0
endloop
endfacet
facet normal -0.5923976617126275 0.3860868712595248 0.7071081517267657
outer loop
vertex -70.56719207763672 54.30116653442383 -1
vertex -71.10503387451172 53.475921630859375 -1
vertex -70.21529388427734 53.0096321105957 0
endloop
endfacet
facet normal -0.6545826476671762 0.2674306661152675 0.7071084755496669
outer loop
vertex -70.21529388427734 53.0096321105957 0
vertex -71.10503387451172 53.475921630859375 -1
vertex -70.51586151123047 52.27394104003906 0
endloop
endfacet
facet normal -0.6545885501809662 0.26742500746133646 0.7071051515554706
outer loop
vertex -71.10503387451172 53.475921630859375 -1
vertex -71.47756958007812 52.564048767089844 -1
vertex -70.51586151123047 52.27394104003906 0
endloop
endfacet
facet normal -0.693276448610345 0.13916955603633493 0.7071064986795674
outer loop
vertex -71.47756958007812 52.564048767089844 -1
vertex -71.67144012451172 51.5982780456543 -1
vertex -70.67158508300781 51.4981803894043 0
endloop
endfacet
facet normal -0.6932786672480707 0.1391664171320988 0.707104941208413
outer loop
vertex -71.47756958007812 52.564048767089844 -1
vertex -70.67158508300781 51.4981803894043 0
vertex -70.51586151123047 52.27394104003906 0
endloop
endfacet
facet normal -0.7071079095615462 0.001031847790869981 0.7071048999445816
outer loop
vertex -71.68354034423828 43.306365966796875 -1
vertex -71.69993591308594 32.07075881958008 -1
vertex -70.69989013671875 32.105045318603516 0
endloop
endfacet
facet normal -0.7071077947796393 0.0010318681150774682 0.7071050146972999
outer loop
vertex -71.68354034423828 43.306365966796875 -1
vertex -70.69989013671875 32.105045318603516 0
vertex -71.67144012451172 51.5982780456543 -1
endloop
endfacet
facet normal -0.7071060022558393 0.0010320493978981697 0.7071068069590373
outer loop
vertex -71.67144012451172 51.5982780456543 -1
vertex -70.69989013671875 32.105045318603516 0
vertex -70.67158508300781 51.4981803894043 0
endloop
endfacet
facet normal -0.7053761909015431 -0.04945975479520525 0.7071054814982188
outer loop
vertex -71.69993591308594 32.07075881958008 -1
vertex -71.64871978759766 31.340333938598633 -1
vertex -70.65692901611328 31.492374420166016 0
endloop
endfacet
facet normal -0.7053766872731013 -0.04946174693707454 0.7071048469933989
outer loop
vertex -71.69993591308594 32.07075881958008 -1
vertex -70.65692901611328 31.492374420166016 0
vertex -70.69989013671875 32.105045318603516 0
endloop
endfacet
facet normal -0.687800089181537 -0.16411106935189249 0.7071057871620398
outer loop
vertex -71.64871978759766 31.340333938598633 -1
vertex -71.42010498046875 30.38219451904297 -1
vertex -70.46949768066406 30.70684051513672 0
endloop
endfacet
facet normal -0.6878002084894543 -0.16411170895878968 0.7071055226658104
outer loop
vertex -71.64871978759766 31.340333938598633 -1
vertex -70.46949768066406 30.70684051513672 0
vertex -70.65692901611328 31.492374420166016 0
endloop
endfacet
facet normal -0.6445025040500603 -0.29089188861296805 0.7071056720267366
outer loop
vertex -70.46949768066406 30.70684051513672 0
vertex -71.42010498046875 30.38219451904297 -1
vertex -70.14256286621094 29.982481002807617 0
endloop
endfacet
facet normal -0.6445025354907205 -0.2908859888470312 0.7071080704096917
outer loop
vertex -71.42010498046875 30.38219451904297 -1
vertex -71.01488494873047 29.48436737060547 -1
vertex -70.14256286621094 29.982481002807617 0
endloop
endfacet
facet normal -0.5780721657167246 -0.40722276904409893 0.7071083280485615
outer loop
vertex -70.14256286621094 29.982481002807617 0
vertex -71.01488494873047 29.48436737060547 -1
vertex -69.68488311767578 29.332782745361328 0
endloop
endfacet
facet normal -0.578070899301607 -0.40722917847911216 0.7071056721423317
outer loop
vertex -71.01488494873047 29.48436737060547 -1
vertex -70.44759368896484 28.67908477783203 -1
vertex -69.68488311767578 29.332782745361328 0
endloop
endfacet
facet normal -0.49089017627943216 -0.5089483714361412 0.7071056427754254
outer loop
vertex -70.44759368896484 28.67908477783203 -1
vertex -69.73860168457031 27.995248794555664 -1
vertex -69.68488311767578 29.332782745361328 0
endloop
endfacet
facet normal -0.4908874981887646 -0.5089493450696457 0.7071068011801007
outer loop
vertex -69.68488311767578 29.332782745361328 0
vertex -69.73860168457031 27.995248794555664 -1
vertex -69.11286926269531 28.781068801879883 0
endloop
endfacet
facet normal -0.3860868265144648 -0.5923996303551496 0.7071065268734772
outer loop
vertex -69.11286926269531 28.781068801879883 0
vertex -69.73860168457031 27.995248794555664 -1
vertex -68.44706726074219 28.347143173217773 0
endloop
endfacet
facet normal -0.3860883775877064 -0.5923972345970248 0.7071076870841458
outer loop
vertex -69.73860168457031 27.995248794555664 -1
vertex -68.91336059570312 27.457406997680664 -1
vertex -68.44706726074219 28.347143173217773 0
endloop
endfacet
facet normal -0.26742925850936866 -0.6545841159406888 0.7071076487008724
outer loop
vertex -68.44706726074219 28.347143173217773 0
vertex -68.91336059570312 27.457406997680664 -1
vertex -67.71138000488281 28.046579360961914 0
endloop
endfacet
facet normal -0.2674269275871198 -0.6545865473154577 0.7071062794763892
outer loop
vertex -68.91336059570312 27.457406997680664 -1
vertex -68.0014877319336 27.084867477416992 -1
vertex -67.71138000488281 28.046579360961914 0
endloop
endfacet
facet normal -0.13916765538926837 -0.6932765394608945 0.7071067836802166
outer loop
vertex -68.0014877319336 27.084867477416992 -1
vertex -67.03571319580078 26.89099884033203 -1
vertex -66.9343490600586 27.890600204467773 0
endloop
endfacet
facet normal -0.13916665819820953 -0.6932772451032329 0.7071062880982001
outer loop
vertex -67.71138000488281 28.046579360961914 0
vertex -68.0014877319336 27.084867477416992 -1
vertex -66.9343490600586 27.890600204467773 0
endloop
endfacet
facet normal -0.0028443198136186227 -0.7072222934954683 0.7069855284429856
outer loop
vertex -67.03571319580078 26.89099884033203 -1
vertex -59.9499397277832 26.86250114440918 -1
vertex -59.945919036865234 27.862150192260742 0
endloop
endfacet
facet normal -0.002878611094006502 -0.707098895004366 0.707108807950922
outer loop
vertex -66.9343490600586 27.890600204467773 0
vertex -67.03571319580078 26.89099884033203 -1
vertex -59.945919036865234 27.862150192260742 0
endloop
endfacet
facet normal -0.06175282186733337 -0.7057569479390842 0.7057575500319712
outer loop
vertex -59.945919036865234 27.862150192260742 0
vertex -59.9499397277832 26.86250114440918 -1
vertex -59.87204360961914 27.85568618774414 0
endloop
endfacet
facet normal -0.05539199490072712 -0.7062704014741531 0.7057718093707457
outer loop
vertex -59.9499397277832 26.86250114440918 -1
vertex -59.56019592285156 26.831933975219727 -1
vertex -59.482303619384766 27.825119018554688 0
endloop
endfacet
facet normal -0.05539252549111369 -0.7062702538844507 0.7057719154214837
outer loop
vertex -59.87204360961914 27.85568618774414 0
vertex -59.9499397277832 26.86250114440918 -1
vertex -59.482303619384766 27.825119018554688 0
endloop
endfacet
facet normal -0.18335355924648086 -0.6843150374876931 0.7057580334504628
outer loop
vertex -59.56019592285156 26.831933975219727 -1
vertex -59.32200241088867 27.799448013305664 0
vertex -59.38654708862305 27.816741943359375 0
endloop
endfacet
facet normal -0.0617418736398285 -0.7057579745478028 0.7057574812934159
outer loop
vertex -59.482303619384766 27.825119018554688 0
vertex -59.56019592285156 26.831933975219727 -1
vertex -59.38654708862305 27.816741943359375 0
endloop
endfacet
facet normal -0.1693396697315599 -0.6878419752449128 0.7058310657277582
outer loop
vertex -59.56019592285156 26.831933975219727 -1
vertex -59.148712158203125 26.73063087463379 -1
vertex -58.910518646240234 27.698143005371094 0
endloop
endfacet
facet normal -0.16934251906217784 -0.6878405982037918 0.7058317240676604
outer loop
vertex -59.32200241088867 27.799448013305664 0
vertex -59.56019592285156 26.831933975219727 -1
vertex -58.910518646240234 27.698143005371094 0
endloop
endfacet
facet normal -0.29942082188905556 -0.6420704977024224 0.7057567905443389
outer loop
vertex -58.80669403076172 27.670324325561523 0
vertex -59.148712158203125 26.73063087463379 -1
vertex -58.75048828125 27.644113540649414 0
endloop
endfacet
facet normal -0.18335488273290954 -0.6843153710444427 0.7057573661891937
outer loop
vertex -58.910518646240234 27.698143005371094 0
vertex -59.148712158203125 26.73063087463379 -1
vertex -58.80669403076172 27.670324325561523 0
endloop
endfacet
facet normal -0.28306579902219187 -0.6493239815247193 0.7058697616705324
outer loop
vertex -58.75048828125 27.644113540649414 0
vertex -59.148712158203125 26.73063087463379 -1
vertex -58.36202621459961 27.474767684936523 0
endloop
endfacet
facet normal -0.28305931894310277 -0.64932680642946 0.7058697616498283
outer loop
vertex -58.91716003417969 26.62968635559082 -1
vertex -58.760250091552734 26.5612850189209 -1
vertex -58.36202621459961 27.474767684936523 0
endloop
endfacet
facet normal -0.283069784560296 -0.6493211368305484 0.7058707801956899
outer loop
vertex -58.36202621459961 27.474767684936523 0
vertex -59.148712158203125 26.73063087463379 -1
vertex -58.91716003417969 26.62968635559082 -1
endloop
endfacet
facet normal -0.4063736809143443 -0.5803178675135788 0.7057560514119726
outer loop
vertex -58.760250091552734 26.5612850189209 -1
vertex -58.2133903503418 27.394495010375977 0
vertex -58.260250091552734 27.427309036254883 0
endloop
endfacet
facet normal -0.29940383737506227 -0.642078159405728 0.7057570257384901
outer loop
vertex -58.36202621459961 27.474767684936523 0
vertex -58.760250091552734 26.5612850189209 -1
vertex -58.260250091552734 27.427309036254883 0
endloop
endfacet
facet normal -0.3886430078556463 -0.5921474776360989 0.7059164094806991
outer loop
vertex -58.760250091552734 26.5612850189209 -1
vertex -57.85911178588867 27.161972045898438 0
vertex -58.2133903503418 27.394495010375977 0
endloop
endfacet
facet normal -0.3886474442308741 -0.5921430037431795 0.7059177198589184
outer loop
vertex -58.760250091552734 26.5612850189209 -1
vertex -58.405975341796875 26.328760147094727 -1
vertex -57.85911178588867 27.161972045898438 0
endloop
endfacet
facet normal -0.40635335029050956 -0.5803300494905667 0.7057577405639663
outer loop
vertex -58.405975341796875 26.328760147094727 -1
vertex -57.763187408447266 27.094804763793945 0
vertex -57.85911178588867 27.161972045898438 0
endloop
endfacet
facet normal -0.5009386859279491 -0.5009644716223912 0.7057584793063968
outer loop
vertex -57.763187408447266 27.094804763793945 0
vertex -58.405975341796875 26.328760147094727 -1
vertex -57.726131439208984 27.057750701904297 0
endloop
endfacet
facet normal -0.483036430759146 -0.5179548037713263 0.7059735319469644
outer loop
vertex -58.405975341796875 26.328760147094727 -1
vertex -57.41621780395508 26.76873016357422 0
vertex -57.726131439208984 27.057750701904297 0
endloop
endfacet
facet normal -0.4830338791467392 -0.5179584431270181 0.7059726076767349
outer loop
vertex -58.405975341796875 26.328760147094727 -1
vertex -58.0960578918457 26.03973960876465 -1
vertex -57.41621780395508 26.76873016357422 0
endloop
endfacet
facet normal -0.5009468401301249 -0.5009579242509377 0.7057573389585368
outer loop
vertex -57.41621780395508 26.76873016357422 0
vertex -58.0960578918457 26.03973960876465 -1
vertex -57.330013275146484 26.682527542114258 0
endloop
endfacet
facet normal -0.5803244933192869 -0.40636059241575584 0.7057581394395881
outer loop
vertex -58.0960578918457 26.03973960876465 -1
vertex -57.30271530151367 26.643543243408203 0
vertex -57.330013275146484 26.682527542114258 0
endloop
endfacet
facet normal -0.5635297950835528 -0.4288891503094653 0.7060370151769055
outer loop
vertex -58.0960578918457 26.03973960876465 -1
vertex -57.04607009887695 26.30632972717285 0
vertex -57.30271530151367 26.643543243408203 0
endloop
endfacet
facet normal -0.563526734506964 -0.4288956217436371 0.70603552682925
outer loop
vertex -58.0960578918457 26.03973960876465 -1
vertex -57.83940887451172 25.70252799987793 -1
vertex -57.04607009887695 26.30632972717285 0
endloop
endfacet
facet normal -0.6420918482309431 -0.2993775352977606 0.7057557295512447
outer loop
vertex -56.973384857177734 26.20252799987793 0
vertex -57.83940887451172 25.70252799987793 -1
vertex -56.95530700683594 26.163755416870117 0
endloop
endfacet
facet normal -0.580325276863772 -0.4063620530433395 0.7057566541516903
outer loop
vertex -57.83940887451172 25.70252799987793 -1
vertex -56.973384857177734 26.20252799987793 0
vertex -57.04607009887695 26.30632972717285 0
endloop
endfacet
facet normal -0.6278069443163585 -0.32752207219810064 0.7061074513777764
outer loop
vertex -57.83940887451172 25.70252799987793 -1
vertex -56.759300231933594 25.788042068481445 0
vertex -56.95530700683594 26.163755416870117 0
endloop
endfacet
facet normal -0.627807349229524 -0.3275206207450531 0.7061077646083305
outer loop
vertex -57.83940887451172 25.70252799987793 -1
vertex -57.643402099609375 25.326812744140625 -1
vertex -56.759300231933594 25.788042068481445 0
endloop
endfacet
facet normal -0.6540792161886444 -0.2744784563045964 0.7048701695877719
outer loop
vertex -57.643402099609375 25.326812744140625 -1
vertex -56.693885803222656 25.632160186767578 0
vertex -56.759300231933594 25.788042068481445 0
endloop
endfacet
facet normal -0.6731565009079222 -0.21647019569600354 0.7071074739109582
outer loop
vertex -57.643402099609375 25.326812744140625 -1
vertex -57.57451248168945 25.112586975097656 -1
vertex -56.561683654785156 25.22953224182129 0
endloop
endfacet
facet normal -0.6731569039540272 -0.21646832391400245 0.7071076632316265
outer loop
vertex -57.57451248168945 25.112586975097656 -1
vertex -57.513671875 24.923389434814453 -1
vertex -56.561683654785156 25.22953224182129 0
endloop
endfacet
facet normal -0.6726966330004838 -0.22087870761479317 0.7061811640593587
outer loop
vertex -56.693885803222656 25.632160186767578 0
vertex -57.643402099609375 25.326812744140625 -1
vertex -56.561683654785156 25.22953224182129 0
endloop
endfacet
facet normal -0.6871605246458082 -0.17022469312754723 0.7062817902354058
outer loop
vertex -57.513671875 24.923389434814453 -1
vertex -56.52886199951172 25.09703826904297 0
vertex -56.561683654785156 25.22953224182129 0
endloop
endfacet
facet normal -0.7057609189196463 -0.06171433702462426 0.7057569453652636
outer loop
vertex -57.513671875 24.923389434814453 -1
vertex -56.52597427368164 25.064014434814453 0
vertex -56.52886199951172 25.09703826904297 0
endloop
endfacet
facet normal -0.700866765604268 -0.09979062077848709 0.7062772889425629
outer loop
vertex -57.513671875 24.923389434814453 -1
vertex -57.45393753051758 24.50385284423828 -1
vertex -56.46623992919922 24.64447593688965 0
endloop
endfacet
facet normal -0.7008667346978116 -0.09979016269971251 0.7062773843345065
outer loop
vertex -57.513671875 24.923389434814453 -1
vertex -56.46623992919922 24.64447593688965 0
vertex -56.52597427368164 25.064014434814453 0
endloop
endfacet
facet normal -0.705757278258362 -0.061746579785751946 0.705757765858875
outer loop
vertex -56.46623992919922 24.64447593688965 0
vertex -57.45393753051758 24.50385284423828 -1
vertex -56.453941345214844 24.503904342651367 0
endloop
endfacet
facet normal -0.7071081284257649 -0.000037470158067240034 0.7071054329519745
outer loop
vertex -57.45393753051758 24.50385284423828 -1
vertex -57.452911376953125 5.139068603515625 -1
vertex -56.453941345214844 24.503904342651367 0
endloop
endfacet
facet normal -0.707108165146405 -0.000037466367516105476 0.7071053962313935
outer loop
vertex -57.452911376953125 5.139068603515625 -1
vertex -56.4499397277832 -51.01919937133789 0
vertex -56.453941345214844 24.503904342651367 0
endloop
endfacet
facet normal -0.7071061255218117 -0.00003739362103839402 0.707107435861941
outer loop
vertex -57.452911376953125 5.139068603515625 -1
vertex -57.4499397277832 -51.05424118041992 -1
vertex -56.4499397277832 -51.01919937133789 0
endloop
endfacet
facet normal -0.7053741321459309 -0.04946207675134956 0.7071073727962526
outer loop
vertex -57.4499397277832 -51.05424118041992 -1
vertex -56.406925201416016 -51.632625579833984 0
vertex -56.4499397277832 -51.01919937133789 0
endloop
endfacet
facet normal -0.7053744736658161 -0.04946344741853242 0.7071069362339384
outer loop
vertex -57.4499397277832 -51.05424118041992 -1
vertex -57.398719787597656 -51.784664154052734 -1
vertex -56.406925201416016 -51.632625579833984 0
endloop
endfacet
facet normal -0.6878001776386913 -0.16411076376606681 0.7071057720428415
outer loop
vertex -57.398719787597656 -51.784664154052734 -1
vertex -57.17010498046875 -52.74280548095703 -1
vertex -56.21949768066406 -52.41815948486328 0
endloop
endfacet
facet normal -0.6877997086603527 -0.16410824961567724 0.7071068117157497
outer loop
vertex -56.406925201416016 -51.632625579833984 0
vertex -57.398719787597656 -51.784664154052734 -1
vertex -56.21949768066406 -52.41815948486328 0
endloop
endfacet
facet normal -0.6445027609776087 -0.29089123861467603 0.7071057052445968
outer loop
vertex -56.21949768066406 -52.41815948486328 0
vertex -57.17010498046875 -52.74280548095703 -1
vertex -55.89256286621094 -53.142520904541016 0
endloop
endfacet
facet normal -0.6445027737880688 -0.29088883476880173 0.7071066824647708
outer loop
vertex -57.17010498046875 -52.74280548095703 -1
vertex -56.7648811340332 -53.64063262939453 -1
vertex -55.89256286621094 -53.142520904541016 0
endloop
endfacet
facet normal -0.578071374260192 -0.4072267746925978 0.7071066682151973
outer loop
vertex -56.7648811340332 -53.64063262939453 -1
vertex -56.197593688964844 -54.44591522216797 -1
vertex -55.434879302978516 -53.79221725463867 0
endloop
endfacet
facet normal -0.5780713696699694 -0.40722679792403005 0.707106658588665
outer loop
vertex -55.89256286621094 -53.142520904541016 0
vertex -56.7648811340332 -53.64063262939453 -1
vertex -55.434879302978516 -53.79221725463867 0
endloop
endfacet
facet normal -0.49088848162002174 -0.5089487300553187 0.7071065611263042
outer loop
vertex -55.434879302978516 -53.79221725463867 0
vertex -55.94313430786133 -54.69134521484375 -1
vertex -54.86286926269531 -54.343929290771484 0
endloop
endfacet
facet normal -0.49089043649066033 -0.5089454795187481 0.7071075436165566
outer loop
vertex -55.94313430786133 -54.69134521484375 -1
vertex -55.48860168457031 -55.12975311279297 -1
vertex -54.86286926269531 -54.343929290771484 0
endloop
endfacet
facet normal -0.4908887194304441 -0.508948553414899 0.7071065231723013
outer loop
vertex -55.434879302978516 -53.79221725463867 0
vertex -56.197593688964844 -54.44591522216797 -1
vertex -55.94313430786133 -54.69134521484375 -1
endloop
endfacet
facet normal -0.3860877140292418 -0.5923975979823801 0.7071077449585605
outer loop
vertex -54.86286926269531 -54.343929290771484 0
vertex -55.48860168457031 -55.12975311279297 -1
vertex -54.19707107543945 -54.777854919433594 0
endloop
endfacet
facet normal -0.38608679808450064 -0.5923990127257498 0.707107059833527
outer loop
vertex -55.48860168457031 -55.12975311279297 -1
vertex -54.663360595703125 -55.6675910949707 -1
vertex -54.19707107543945 -54.777854919433594 0
endloop
endfacet
facet normal -0.26742712097387134 -0.6545856721805647 0.7071070164717251
outer loop
vertex -54.19707107543945 -54.777854919433594 0
vertex -54.663360595703125 -55.6675910949707 -1
vertex -53.46137619018555 -55.07841873168945 0
endloop
endfacet
facet normal -0.2674286547856122 -0.654584072263591 0.7071079174626541
outer loop
vertex -54.663360595703125 -55.6675910949707 -1
vertex -53.751487731933594 -56.04013442993164 -1
vertex -53.46137619018555 -55.07841873168945 0
endloop
endfacet
facet normal -0.1391668287140285 -0.693276503657136 0.7071069814834368
outer loop
vertex -53.751487731933594 -56.04013442993164 -1
vertex -52.78571701049805 -56.23400115966797 -1
vertex -52.686317443847656 -55.234004974365234 0
endloop
endfacet
facet normal -0.13916888365801827 -0.6932750521008477 0.7071080002064379
outer loop
vertex -53.46137619018555 -55.07841873168945 0
vertex -53.751487731933594 -56.04013442993164 -1
vertex -52.686317443847656 -55.234004974365234 0
endloop
endfacet
facet normal -0.000031667085120252555 -0.7071077511637491 0.7071058104989247
outer loop
vertex 57.09180450439453 -55.238861083984375 0
vertex 56.479248046875 -55.50499725341797 -0.2661643326282501
vertex 57.09180450439453 -55.499473571777344 -0.26061320304870605
endloop
endfacet
facet normal -0.00003216354170427278 -0.707115207058654 0.7070983544825313
outer loop
vertex -52.686317443847656 -55.234004974365234 0
vertex -46.60379409790039 -55.58866500854492 -0.35439181327819824
vertex -45.91935729980469 -55.5544548034668 -0.32014966011047363
endloop
endfacet
facet normal -0.000031348665703063826 -0.7070979052020554 0.7071156563647323
outer loop
vertex -39.876121520996094 -55.58900451660156 -0.354433536529541
vertex -39.12234878540039 -55.639705657958984 -0.4050999879837036
vertex 57.09180450439453 -55.238861083984375 0
endloop
endfacet
facet normal -0.000031253183555484 -0.7071093039726569 0.7071042577007602
outer loop
vertex -39.12234878540039 -55.639705657958984 -0.4050999879837036
vertex -38.740055084228516 -55.668800354003906 -0.4341779947280884
vertex 57.09180450439453 -55.238861083984375 0
endloop
endfacet
facet normal -0.00003132870989424945 -0.7070988452635147 0.7071147163265066
outer loop
vertex 57.09180450439453 -55.238861083984375 0
vertex -41.14107131958008 -55.5294075012207 -0.2948921024799347
vertex -40.56126403808594 -55.554691314697266 -0.32014966011047363
endloop
endfacet
facet normal -0.00003127376437990056 -0.7071080648177434 0.7071054968614358
outer loop
vertex 57.09180450439453 -55.238861083984375 0
vertex -42.22834777832031 -55.50017166137695 -0.2657042443752289
vertex -41.14107131958008 -55.5294075012207 -0.2948921024799347
endloop
endfacet
facet normal -0.000031257764220705025 -0.7071064084020999 0.7071071532799219
outer loop
vertex -38.740055084228516 -55.668800354003906 -0.4341779947280884
vertex -38.740055084228516 -56.234622955322266 -1
vertex 52.99180603027344 -56.238677978515625 -1
endloop
endfacet
facet normal -0.000031284133130601406 -0.7071061107444855 0.7071074509359313
outer loop
vertex -42.840057373046875 -55.234439849853516 0
vertex -42.22834777832031 -55.50017166137695 -0.2657042443752289
vertex 57.09180450439453 -55.238861083984375 0
endloop
endfacet
facet normal -0.00003211042961337064 -0.7071075489903904 0.7071060126527866
outer loop
vertex 57.89180374145508 -55.49951171875 -0.26061686873435974
vertex 58.50437927246094 -55.505096435546875 -0.266173779964447
vertex 57.89180374145508 -55.238895416259766 0
endloop
endfacet
facet normal -0.00003155912103980071 -0.7071076974718057 0.7071058641958383
outer loop
vertex 61.99180603027344 -55.673736572265625 -0.434661865234375
vertex 66.98198699951172 -56.239295959472656 -1
vertex 66.92389678955078 -55.239295959472656 0
endloop
endfacet
facet normal -0.000031574662374190124 -0.7071076092756715 0.7071059523914962
outer loop
vertex 61.603153228759766 -55.64415740966797 -0.4050999879837036
vertex 61.99180603027344 -55.673736572265625 -0.434661865234375
vertex 66.92389678955078 -55.239295959472656 0
endloop
endfacet
facet normal -0.0000299885810462527 -0.7071180283987326 0.7070955331595401
outer loop
vertex 60.858673095703125 -55.594085693359375 -0.3550582528114319
vertex 61.603153228759766 -55.64415740966797 -0.4050999879837036
vertex 66.92389678955078 -55.239295959472656 0
endloop
endfacet
facet normal -0.000032429280848567605 -0.7071074288412567 0.7071061327876099
outer loop
vertex -42.22834777832031 -55.50017166137695 -0.2657042443752289
vertex -42.840057373046875 -55.234439849853516 0
vertex -42.840057373046875 -55.49459457397461 -0.26015520095825195
endloop
endfacet
facet normal -0.00003147314312620465 -0.7071076313832544 0.7071059302883868
outer loop
vertex -43.64005661010742 -55.234405517578125 0
vertex -44.25174331665039 -55.50007247924805 -0.26569482684135437
vertex -43.64005661010742 -55.49455642700195 -0.26015153527259827
endloop
endfacet
facet normal -0.00003130876320447007 -0.7071078206155621 0.7071057410628707
outer loop
vertex -52.686317443847656 -55.234004974365234 0
vertex -44.25174331665039 -55.50007247924805 -0.26569482684135437
vertex -43.64005661010742 -55.234405517578125 0
endloop
endfacet
facet normal -0.00003109764259745728 -0.7071044719174218 0.7071090897643167
outer loop
vertex -52.686317443847656 -55.234004974365234 0
vertex -45.33896255493164 -55.52920150756836 -0.2948714792728424
vertex -44.25174331665039 -55.50007247924805 -0.26569482684135437
endloop
endfacet
facet normal -0.00003126299212576233 -0.7071082161908102 0.7071053454882629
outer loop
vertex 57.09180450439453 -55.238861083984375 0
vertex -38.740055084228516 -55.668800354003906 -0.4341779947280884
vertex 56.479248046875 -55.50499725341797 -0.2661643326282501
endloop
endfacet
facet normal -0.00003081992570622323 -0.7071010138539854 0.7071125478004179
outer loop
vertex -52.686317443847656 -55.234004974365234 0
vertex -45.91935729980469 -55.5544548034668 -0.32014966011047363
vertex -45.33896255493164 -55.52920150756836 -0.2948714792728424
endloop
endfacet
facet normal -0.00003119203508315294 -0.7071285779356993 0.7070849830774888
outer loop
vertex 55.39109420776367 -55.534149169921875 -0.2953660488128662
vertex 56.479248046875 -55.50499725341797 -0.2661643326282501
vertex -38.740055084228516 -55.668800354003906 -0.4341779947280884
endloop
endfacet
facet normal -0.000031372929255527524 -0.7070663099228195 0.7071472494380974
outer loop
vertex -38.740055084228516 -55.668800354003906 -0.4341779947280884
vertex 54.822059631347656 -55.55891036987305 -0.32014966011047363
vertex 55.39109420776367 -55.534149169921875 -0.2953660488128662
endloop
endfacet
facet normal -0.000031271138633593286 -0.7071088433333965 0.707104718342214
outer loop
vertex -38.740055084228516 -55.668800354003906 -0.4341779947280884
vertex 54.1251335144043 -55.593746185302734 -0.3550164997577667
vertex 54.822059631347656 -55.55891036987305 -0.32014966011047363
endloop
endfacet
facet normal -0.00003125436643857296 -0.7071189430664038 0.7070946184067706
outer loop
vertex -38.740055084228516 -55.668800354003906 -0.4341779947280884
vertex 53.379940032958984 -55.643795013427734 -0.4050999879837036
vertex 54.1251335144043 -55.593746185302734 -0.3550164997577667
endloop
endfacet
facet normal -0.00003127135094463403 -0.7070900133090358 0.7071235479749846
outer loop
vertex -38.740055084228516 -55.668800354003906 -0.4341779947280884
vertex 52.99180603027344 -55.67329788208008 -0.43461862206459045
vertex 53.379940032958984 -55.643795013427734 -0.4050999879837036
endloop
endfacet
facet normal -0.00003127229672055631 -0.7071075822093783 0.7071059794712888
outer loop
vertex -38.740055084228516 -55.668800354003906 -0.4341779947280884
vertex 52.99180603027344 -56.238677978515625 -1
vertex 52.99180603027344 -55.67329788208008 -0.43461862206459045
endloop
endfacet
facet normal -0.00003135138836847272 -0.7071067808390366 0.7071067808390366
outer loop
vertex 61.99180603027344 -55.673736572265625 -0.434661865234375
vertex 61.99180603027344 -56.23907470703125 -1
vertex 66.98198699951172 -56.239295959472656 -1
endloop
endfacet
facet normal -0.00003135782383625762 -0.7071066830240161 0.7071068786537581
outer loop
vertex 57.89180374145508 -55.238895416259766 0
vertex 58.50437927246094 -55.505096435546875 -0.266173779964447
vertex 66.92389678955078 -55.239295959472656 0
endloop
endfacet
facet normal -0.000030941272827633316 -0.7071098882831415 0.7071036733993403
outer loop
vertex 66.92389678955078 -55.239295959472656 0
vertex 60.16104507446289 -55.559146881103516 -0.32014966011047363
vertex 60.858673095703125 -55.594085693359375 -0.3550582528114319
endloop
endfacet
facet normal -0.00003357845337224125 -0.7070820208511712 0.7071315398576925
outer loop
vertex 66.92389678955078 -55.239295959472656 0
vertex 59.59259033203125 -55.53435516357422 -0.2953866720199585
vertex 60.16104507446289 -55.559146881103516 -0.32014966011047363
endloop
endfacet
facet normal -0.000031006647161664116 -0.7071065885217501 0.7071069731714715
outer loop
vertex -52.686317443847656 -55.234004974365234 0
vertex -52.78571701049805 -56.23400115966797 -1
vertex -47.740055084228516 -56.234222412109375 -1
endloop
endfacet
facet normal -0.000031257610328336944 -0.7071072091134845 0.7071063525684809
outer loop
vertex -52.686317443847656 -55.234004974365234 0
vertex -47.740055084228516 -56.234222412109375 -1
vertex -47.740055084228516 -55.668357849121094 -0.43413475155830383
endloop
endfacet
facet normal -0.000030504281945879016 -0.7071201918603068 0.7070933696004592
outer loop
vertex 58.50437927246094 -55.505096435546875 -0.266173779964447
vertex 59.59259033203125 -55.53435516357422 -0.2953866720199585
vertex 66.92389678955078 -55.239295959472656 0
endloop
endfacet
facet normal -0.00003071184230327234 -0.7071041008299896 0.7071094608659925
outer loop
vertex -52.686317443847656 -55.234004974365234 0
vertex -47.740055084228516 -55.668357849121094 -0.43413475155830383
vertex -47.35828399658203 -55.639339447021484 -0.4050999879837036
endloop
endfacet
facet normal -0.000031383934291362165 -0.7071085193477041 0.7071050423246508
outer loop
vertex -52.686317443847656 -55.234004974365234 0
vertex -47.35828399658203 -55.639339447021484 -0.4050999879837036
vertex -46.60379409790039 -55.58866500854492 -0.35439181327819824
endloop
endfacet
facet normal -0.000031215255562409856 -0.7071162658662538 0.7070972956906094
outer loop
vertex 57.09180450439453 -55.238861083984375 0
vertex -40.56126403808594 -55.554691314697266 -0.32014966011047363
vertex -39.876121520996094 -55.58900451660156 -0.354433536529541
endloop
endfacet
facet normal 0.08190224451711695 -0.7023474339867908 0.7071068549485496
outer loop
vertex 66.98198699951172 -56.239295959472656 -1
vertex 67.22222900390625 -56.211280822753906 -1
vertex 67.04766082763672 -55.22486114501953 0
endloop
endfacet
facet normal 0.08191595960788277 -0.7023470913102929 0.7071056066030665
outer loop
vertex 66.92389678955078 -55.239295959472656 0
vertex 66.98198699951172 -56.239295959472656 -1
vertex 67.04766082763672 -55.22486114501953 0
endloop
endfacet
facet normal 0.14828932553043395 -0.6508331409223683 -0.7445982128711118
outer loop
vertex 67.22222900390625 -56.211280822753906 -10.859509468078613
vertex 66.87646484375 -55.07859802246094 -11.918416976928711
vertex 68.20811462402344 -55.97014236450195 -10.873939514160156
endloop
endfacet
facet normal 0.14827927557128082 -0.6508417158409735 -0.7445927191137675
outer loop
vertex 66.87646484375 -55.07859802246094 -11.918416976928711
vertex 68.18036651611328 -55.87130355834961 -10.965859413146973
vertex 68.20811462402344 -55.97014236450195 -10.873939514160156
endloop
endfacet
facet normal 0.14828814546206584 -0.6508335647824517 -0.7445980774001417
outer loop
vertex 66.87646484375 -55.07859802246094 -11.918416976928711
vertex 67.8204574584961 -54.87644577026367 -11.90711498260498
vertex 68.18036651611328 -55.87130355834961 -10.965859413146973
endloop
endfacet
facet normal 0.14829389096312506 -0.6508319062003141 -0.7445983828713855
outer loop
vertex 66.98198699951172 -56.127933502197266 -10.980207443237305
vertex 66.87646484375 -55.07859802246094 -11.918416976928711
vertex 67.22222900390625 -56.211280822753906 -10.859509468078613
endloop
endfacet
facet normal 0.14183423787738633 -0.659800367530534 -0.7379339563757136
outer loop
vertex 66.98198699951172 -56.127933502197266 -10.980207443237305
vertex 67.22222900390625 -56.211280822753906 -10.859509468078613
vertex 66.98198699951172 -56.239295959472656 -10.880636215209961
endloop
endfacet
facet normal 0.35104575367695867 -0.5733901084544728 -0.7402639139873995
outer loop
vertex 67.8204574584961 -54.87644577026367 -11.90711498260498
vertex 69.92717742919922 -54.964847564697266 -10.839598655700684
vertex 69.88347625732422 -55.010154724121094 -10.825228691101074
endloop
endfacet
facet normal 0.35105308051134626 -0.5733691910406287 -0.7402766411476923
outer loop
vertex 67.8204574584961 -54.87644577026367 -11.90711498260498
vertex 69.88347625732422 -54.89878845214844 -10.911487579345703
vertex 69.92717742919922 -54.964847564697266 -10.839598655700684
endloop
endfacet
facet normal 0.3510481873920335 -0.5733839645033815 -0.7402675187924652
outer loop
vertex 68.18036651611328 -55.87130355834961 -10.965859413146973
vertex 67.8204574584961 -54.87644577026367 -11.90711498260498
vertex 69.07819366455078 -55.57744216918945 -10.767707824707031
endloop
endfacet
facet normal 0.3510487265465403 -0.5733831015196512 -0.7402679315502987
outer loop
vertex 67.8204574584961 -54.87644577026367 -11.90711498260498
vertex 69.2233657836914 -54.07535171508789 -11.862326622009277
vertex 69.88347625732422 -54.89878845214844 -10.911487579345703
endloop
endfacet
facet normal 0.35104798415798455 -0.5733841952697936 -0.740267436426476
outer loop
vertex 69.07819366455078 -55.57744216918945 -10.767707824707031
vertex 67.8204574584961 -54.87644577026367 -11.90711498260498
vertex 69.88347625732422 -55.010154724121094 -10.825228691101074
endloop
endfacet
facet normal 0.3523054093054363 -0.5824015106465738 -0.7325908673814585
outer loop
vertex 68.18036651611328 -55.87130355834961 -10.965859413146973
vertex 69.07819366455078 -55.57744216918945 -10.767707824707031
vertex 68.20811462402344 -55.97014236450195 -10.873939514160156
endloop
endfacet
facet normal 0.5534946004954686 -0.3998908664919719 -0.7305689715000641
outer loop
vertex 69.2233657836914 -54.07535171508789 -11.862326622009277
vertex 70.20719909667969 -52.839813232421875 -11.793249130249023
vertex 71.10515594482422 -53.36455535888672 -10.82571029663086
endloop
endfacet
facet normal 0.5534946417514491 -0.3998916339142885 -0.7305685201798634
outer loop
vertex 69.88347625732422 -54.89878845214844 -10.911487579345703
vertex 69.2233657836914 -54.07535171508789 -11.862326622009277
vertex 71.10515594482422 -53.36455535888672 -10.82571029663086
endloop
endfacet
facet normal 0.5535247038541287 -0.3999098602626679 -0.7305357663303643
outer loop
vertex 70.56731414794922 -54.30116271972656 -10.720520973205566
vertex 71.1403579711914 -53.38976287841797 -10.785245895385742
vertex 71.10515594482422 -53.475921630859375 -10.764753341674805
endloop
endfacet
facet normal 0.5529081096212503 -0.400656282757026 -0.7305937074752133
outer loop
vertex 71.1403579711914 -53.38976287841797 -10.785245895385742
vertex 69.92717742919922 -54.964847564697266 -10.839598655700684
vertex 71.10515594482422 -53.36455535888672 -10.82571029663086
endloop
endfacet
facet normal 0.5486815608758022 -0.3972268842249842 -0.7356353357498567
outer loop
vertex 69.92717742919922 -54.964847564697266 -10.839598655700684
vertex 71.1403579711914 -53.38976287841797 -10.785245895385742
vertex 70.56731414794922 -54.30116271972656 -10.720520973205566
endloop
endfacet
facet normal 0.5635134413730221 -0.40857220236442426 -0.7179981593618592
outer loop
vertex 69.88347625732422 -54.89878845214844 -10.911487579345703
vertex 71.10515594482422 -53.36455535888672 -10.82571029663086
vertex 69.92717742919922 -54.964847564697266 -10.839598655700684
endloop
endfacet
facet normal 0.6770636977675293 -0.16413468590375047 -0.7173873110451822
outer loop
vertex 70.20719909667969 -52.839813232421875 -11.793249130249023
vertex 70.67620849609375 -51.28504943847656 -11.706324577331543
vertex 71.67159271240234 -51.48692321777344 -10.720702171325684
endloop
endfacet
facet normal 0.6878038182056627 -0.17167817359361404 -0.7053031350938918
outer loop
vertex 71.1403579711914 -53.38976287841797 -10.785245895385742
vertex 71.10515594482422 -53.36455535888672 -10.82571029663086
vertex 71.47769927978516 -52.564048767089844 -10.657261848449707
endloop
endfacet
facet normal 0.6770617191665942 -0.16413026125270988 -0.7173901907471925
outer loop
vertex 71.67156219482422 -51.5982780456543 -10.6952543258667
vertex 70.20719909667969 -52.839813232421875 -11.793249130249023
vertex 71.67159271240234 -51.48692321777344 -10.720702171325684
endloop
endfacet
facet normal 0.6770618878218809 -0.1641306871173075 -0.7173899341400543
outer loop
vertex 71.47769927978516 -52.564048767089844 -10.657261848449707
vertex 70.20719909667969 -52.839813232421875 -11.793249130249023
vertex 71.67156219482422 -51.5982780456543 -10.6952543258667
endloop
endfacet
facet normal 0.6770619233107995 -0.16413592937563184 -0.717388701256633
outer loop
vertex 71.10515594482422 -53.36455535888672 -10.82571029663086
vertex 70.20719909667969 -52.839813232421875 -11.793249130249023
vertex 71.47769927978516 -52.564048767089844 -10.657261848449707
endloop
endfacet
facet normal 0.7071070019247009 0.03963339706004186 -0.7059949586693535
outer loop
vertex 70.65355682373047 51.78727340698242 -5.9436869621276855
vertex 71.62281799316406 51.89373016357422 -4.966922760009766
vertex 71.64884185791016 51.78466796875 -4.9469804763793945
endloop
endfacet
facet normal 0.7071071989707153 0.03962603293223478 -0.7059951746845319
outer loop
vertex 71.70005798339844 51.05424499511719 -4.936680793762207
vertex 70.65355682373047 51.78727340698242 -5.9436869621276855
vertex 71.64884185791016 51.78466796875 -4.9469804763793945
endloop
endfacet
facet normal 0.7071073998521451 0.039626643170253106 -0.7059949392349749
outer loop
vertex 71.70005798339844 51.05424499511719 -4.936680793762207
vertex 70.67620849609375 -51.28504943847656 -11.706324577331543
vertex 70.65355682373047 51.78727340698242 -5.9436869621276855
endloop
endfacet
facet normal 0.7071076334920284 0.03962662541931191 -0.7059947062231987
outer loop
vertex 71.67159271240234 -51.48692321777344 -10.720702171325684
vertex 70.67620849609375 -51.28504943847656 -11.706324577331543
vertex 71.70005798339844 51.05424499511719 -4.936680793762207
endloop
endfacet
facet normal 0.6692712596751923 0.26732186027589816 -0.6932640218498393
outer loop
vertex 71.42022705078125 52.7428092956543 -4.83509635925293
vertex 70.65355682373047 51.78727340698242 -5.9436869621276855
vertex 71.01500701904297 53.6406364440918 -4.880091190338135
endloop
endfacet
facet normal 0.6692699139653719 0.2673233014312077 -0.693264765275651
outer loop
vertex 70.65355682373047 51.78727340698242 -5.9436869621276855
vertex 70.13459014892578 53.306888580322266 -5.858726978302002
vertex 70.9568862915039 53.72313690185547 -4.904386043548584
endloop
endfacet
facet normal 0.6692701712935653 0.2673233058498074 -0.6932645151500345
outer loop
vertex 71.62281799316406 51.89373016357422 -4.966922760009766
vertex 70.65355682373047 51.78727340698242 -5.9436869621276855
vertex 71.42022705078125 52.7428092956543 -4.83509635925293
endloop
endfacet
facet normal 0.6692585326389386 0.2673296658965351 -0.6932732983619242
outer loop
vertex 71.01500701904297 53.6406364440918 -4.880091190338135
vertex 70.65355682373047 51.78727340698242 -5.9436869621276855
vertex 70.9568862915039 53.72313690185547 -4.904386043548584
endloop
endfacet
facet normal 0.5372469792134137 0.49849813715881053 -0.6803420394002251
outer loop
vertex 70.13459014892578 53.306888580322266 -5.858726978302002
vertex 69.13899993896484 54.468502044677734 -5.793782711029053
vertex 69.68106079101562 55.167335510253906 -4.85368537902832
endloop
endfacet
facet normal 0.5372494122333582 0.49849750256342634 -0.6803405830853677
outer loop
vertex 70.9568862915039 53.72313690185547 -4.904386043548584
vertex 70.13459014892578 53.306888580322266 -5.858726978302002
vertex 70.44771575927734 54.445919036865234 -4.776871204376221
endloop
endfacet
facet normal 0.5372479021135055 0.49849841520630417 -0.6803411068805415
outer loop
vertex 70.44771575927734 54.445919036865234 -4.776871204376221
vertex 70.13459014892578 53.306888580322266 -5.858726978302002
vertex 69.73872375488281 55.12975311279297 -4.835686206817627
endloop
endfacet
facet normal 0.5372615719432551 0.49849622578376773 -0.6803319161941481
outer loop
vertex 69.73872375488281 55.12975311279297 -4.835686206817627
vertex 70.13459014892578 53.306888580322266 -5.858726978302002
vertex 69.68106079101562 55.167335510253906 -4.85368537902832
endloop
endfacet
facet normal 0.2677855395511221 0.6928902225849738 -0.6694729600614651
outer loop
vertex 69.13899993896484 54.468502044677734 -5.793782711029053
vertex 66.84016418457031 55.40768051147461 -5.741274833679199
vertex 67.01249694824219 56.2340087890625 -4.817110538482666
endloop
endfacet
facet normal 0.2677845817945142 0.69289003695542 -0.6694735352805619
outer loop
vertex 69.68106079101562 55.167335510253906 -4.85368537902832
vertex 69.13899993896484 54.468502044677734 -5.793782711029053
vertex 68.91348266601562 55.66759490966797 -4.642953872680664
endloop
endfacet
facet normal 0.2677861508513157 0.6928906047851717 -0.669472319974975
outer loop
vertex 69.13899993896484 54.468502044677734 -5.793782711029053
vertex 67.01249694824219 56.2340087890625 -4.817110538482666
vertex 68.0016098022461 56.04013442993164 -4.622125625610352
endloop
endfacet
facet normal 0.26778401749902275 0.692890092390546 -0.6694737036203167
outer loop
vertex 68.91348266601562 55.66759490966797 -4.642953872680664
vertex 69.13899993896484 54.468502044677734 -5.793782711029053
vertex 68.0016098022461 56.04013442993164 -4.622125625610352
endloop
endfacet
facet normal -0.00011980984303522938 0.745478891822854 -0.6665292247847585
outer loop
vertex 56.784698486328125 55.528934478759766 -5.603854656219482
vertex -42.24007797241211 56.25732421875 -4.771388053894043
vertex 56.660335540771484 55.68046951293945 -5.434348106384277
endloop
endfacet
facet normal -0.00011991534640047319 0.7454775404443655 -0.6665307362105135
outer loop
vertex -44.07152557373047 55.701969146728516 -5.392191410064697
vertex -67.00750732421875 55.385032653808594 -5.7425408363342285
vertex -44.163936614990234 55.874855041503906 -5.1988115310668945
endloop
endfacet
facet normal -0.00011970071598508952 0.7454705950527855 -0.6665385042016587
outer loop
vertex -43.94716262817383 55.55043029785156 -5.561697959899902
vertex -67.00750732421875 55.385032653808594 -5.7425408363342285
vertex -44.07152557373047 55.701969146728516 -5.392191410064697
endloop
endfacet
facet normal -0.00011987620806148527 0.745499609176692 -0.6665060527460304
outer loop
vertex -43.72622299194336 55.388973236083984 -5.742320537567139
vertex -67.00750732421875 55.385032653808594 -5.7425408363342285
vertex -43.79562759399414 55.42606735229492 -5.700817584991455
endloop
endfacet
facet normal -0.00011982431377552692 0.745481008695779 -0.6665268571603531
outer loop
vertex -44.22084045410156 56.06245040893555 -4.98898983001709
vertex -66.49168395996094 56.26250076293945 -4.7612385749816895
vertex -44.24003601074219 56.25775146484375 -4.770550727844238
endloop
endfacet
facet normal -0.00011977410989375873 0.7454750549526304 -0.6665335161096815
outer loop
vertex 66.84016418457031 55.40768051147461 -5.741274833679199
vertex 58.491783142089844 56.2358283996582 -4.813544273376465
vertex 67.01249694824219 56.2340087890625 -4.817110538482666
endloop
endfacet
facet normal -0.00011965027537456393 0.7454720254826532 -0.6665369043845973
outer loop
vertex -44.163936614990234 55.874855041503906 -5.1988115310668945
vertex -67.00750732421875 55.385032653808594 -5.7425408363342285
vertex -44.22084045410156 56.06245040893555 -4.98898983001709
endloop
endfacet
facet normal -0.00011978704195658953 0.7454760096098089 -0.6665324483828983
outer loop
vertex -67.00750732421875 55.385032653808594 -5.7425408363342285
vertex -43.94716262817383 55.55043029785156 -5.561697959899902
vertex -43.79562759399414 55.42606735229492 -5.700817584991455
endloop
endfacet
facet normal -0.0014009125956281308 0.6794062974557272 -0.7337609422839291
outer loop
vertex -44.22084045410156 56.06245040893555 -4.98898983001709
vertex -67.22210693359375 56.21128463745117 -4.8072662353515625
vertex -66.49168395996094 56.26250076293945 -4.7612385749816895
endloop
endfacet
facet normal -0.00011979405806605844 0.7454749656921049 -0.6665336159382651
outer loop
vertex 66.84016418457031 55.40768051147461 -5.741274833679199
vertex 58.472591400146484 56.040950775146484 -5.031498908996582
vertex 58.491783142089844 56.2358283996582 -4.813544273376465
endloop
endfacet
facet normal -0.00011985554880776705 0.7454751684050382 -0.6665333892057678
outer loop
vertex 56.934486389160156 55.406005859375 -5.741368293762207
vertex -42.684486389160156 55.42606735229492 -5.701017379760742
vertex -42.5329475402832 55.55043029785156 -5.561952590942383
endloop
endfacet
facet normal -0.00011984204700239198 0.7454958000624148 -0.6665103132939384
outer loop
vertex -42.75358200073242 55.389137268066406 -5.742311477661133
vertex -42.684486389160156 55.42606735229492 -5.701017379760742
vertex 56.934486389160156 55.406005859375 -5.741368293762207
endloop
endfacet
facet normal -0.00012030040492382988 0.745471996774125 -0.6665369363759308
outer loop
vertex 66.84016418457031 55.40768051147461 -5.741274833679199
vertex 58.41568374633789 55.853355407714844 -5.241300106048584
vertex 58.472591400146484 56.040950775146484 -5.031498908996582
endloop
endfacet
facet normal -0.00011957746553756698 0.7454780577438993 -0.6665301577000198
outer loop
vertex 66.84016418457031 55.40768051147461 -5.741274833679199
vertex 58.32327651977539 55.68046951293945 -5.434647083282471
vertex 58.41568374633789 55.853355407714844 -5.241300106048584
endloop
endfacet
facet normal -0.00011954034037803451 0.745478571264169 -0.666529583361489
outer loop
vertex 66.84016418457031 55.40768051147461 -5.741274833679199
vertex 58.19891357421875 55.528934478759766 -5.604108810424805
vertex 58.32327651977539 55.68046951293945 -5.434647083282471
endloop
endfacet
facet normal -0.00011954830257106761 0.7454783207662444 -0.6665298635288172
outer loop
vertex 66.84016418457031 55.40768051147461 -5.741274833679199
vertex 58.049354553222656 55.40619659423828 -5.741357803344727
vertex 58.19891357421875 55.528934478759766 -5.604108810424805
endloop
endfacet
facet normal -0.00011982184242479944 0.7454781157539935 -0.6665300927749637
outer loop
vertex 56.934486389160156 55.406005859375 -5.741368293762207
vertex -42.40858459472656 55.701969146728516 -5.392490386962891
vertex -42.31617736816406 55.874855041503906 -5.199143409729004
endloop
endfacet
facet normal -0.00011991854758203873 0.7454724050671316 -0.6665364797990943
outer loop
vertex 56.934486389160156 55.406005859375 -5.741368293762207
vertex -42.24007797241211 56.25732421875 -4.771388053894043
vertex 56.784698486328125 55.528934478759766 -5.603854656219482
endloop
endfacet
facet normal -0.00011988873678527552 0.7454719413284683 -0.6665369984619426
outer loop
vertex 56.934486389160156 55.406005859375 -5.741368293762207
vertex -42.31617736816406 55.874855041503906 -5.199143409729004
vertex -42.25926971435547 56.06245040893555 -4.989342212677002
endloop
endfacet
facet normal -0.00011981665811868264 0.745478380562612 -0.6665297966015576
outer loop
vertex 56.660335540771484 55.68046951293945 -5.434348106384277
vertex -42.24007797241211 56.25732421875 -4.771388053894043
vertex 56.56792449951172 55.853355407714844 -5.240967750549316
endloop
endfacet
facet normal -0.00011987670665879215 0.7454719949488997 -0.6665369384936463
outer loop
vertex 56.56792449951172 55.853355407714844 -5.240967750549316
vertex -42.24007797241211 56.25732421875 -4.771388053894043
vertex 56.51102066040039 56.040950775146484 -5.031146049499512
endloop
endfacet
facet normal -0.00011975616579351493 0.7454807225466398 -0.6665271772177042
outer loop
vertex 56.934486389160156 55.406005859375 -5.741368293762207
vertex -42.25926971435547 56.06245040893555 -4.989342212677002
vertex -42.24007797241211 56.25732421875 -4.771388053894043
endloop
endfacet
facet normal -0.00011983415164377176 0.7454802853033784 -0.6665276662403217
outer loop
vertex 56.51102066040039 56.040950775146484 -5.031146049499512
vertex -42.24007797241211 56.25732421875 -4.771388053894043
vertex 56.491825103759766 56.23625183105469 -4.812707424163818
endloop
endfacet
facet normal -0.0003820898289654519 0.7493927760861047 -0.6621256082929614
outer loop
vertex -67.00750732421875 55.385032653808594 -5.7425408363342285
vertex -67.22210693359375 56.21128463745117 -4.8072662353515625
vertex -44.22084045410156 56.06245040893555 -4.98898983001709
endloop
endfacet
facet normal -0.00011986902119281037 0.7454712851554938 -0.6665377323453145
outer loop
vertex 56.934486389160156 55.406005859375 -5.741368293762207
vertex -42.5329475402832 55.55043029785156 -5.561952590942383
vertex -42.40858459472656 55.701969146728516 -5.392490386962891
endloop
endfacet
facet normal -0.29126642409050246 0.6827988823466514 -0.6700369814149777
outer loop
vertex -67.00750732421875 55.385032653808594 -5.7425408363342285
vertex -69.25404357910156 54.3710823059082 -5.799229621887207
vertex -69.07807159423828 55.57744598388672 -4.646384239196777
endloop
endfacet
facet normal -0.2912661174892423 0.6827994787300519 -0.670036506952205
outer loop
vertex -68.18024444580078 55.982669830322266 -4.6237287521362305
vertex -67.00750732421875 55.385032653808594 -5.7425408363342285
vertex -69.07807159423828 55.57744598388672 -4.646384239196777
endloop
endfacet
facet normal -0.2912682491425325 0.6827986331161506 -0.6700364420359237
outer loop
vertex -69.07807159423828 55.57744598388672 -4.646384239196777
vertex -69.25404357910156 54.3710823059082 -5.799229621887207
vertex -69.82437896728516 55.051700592041016 -4.857719898223877
endloop
endfacet
facet normal -0.2912678732871628 0.682797802419246 -0.6700374519399803
outer loop
vertex -67.00750732421875 55.385032653808594 -5.7425408363342285
vertex -68.18024444580078 55.982669830322266 -4.6237287521362305
vertex -67.22210693359375 56.21128463745117 -4.8072662353515625
endloop
endfacet
facet normal -0.5534954978549698 0.47883556807368116 -0.6814390894290072
outer loop
vertex -69.25404357910156 54.3710823059082 -5.799229621887207
vertex -70.20707702636719 53.174224853515625 -5.866144180297852
vertex -71.0489273071289 53.56200408935547 -4.90986967086792
endloop
endfacet
facet normal -0.5534949860157317 0.47883549268620185 -0.6814395581410043
outer loop
vertex -69.25404357910156 54.3710823059082 -5.799229621887207
vertex -69.88335418701172 55.010154724121094 -4.839011192321777
vertex -69.82437896728516 55.051700592041016 -4.857719898223877
endloop
endfacet
facet normal -0.5534938435667368 0.47883671812692263 -0.6814396249904745
outer loop
vertex -69.25404357910156 54.3710823059082 -5.799229621887207
vertex -70.56719207763672 54.30116653442383 -4.781764030456543
vertex -69.88335418701172 55.010154724121094 -4.839011192321777
endloop
endfacet
facet normal -0.5534952425315606 0.47883207778094244 -0.6814417493688762
outer loop
vertex -69.25404357910156 54.3710823059082 -5.799229621887207
vertex -71.0489273071289 53.56200408935547 -4.90986967086792
vertex -70.56719207763672 54.30116653442383 -4.781764030456543
endloop
endfacet
facet normal -0.6770539001023284 0.24310364677691274 -0.6946212156852052
outer loop
vertex -71.0489273071289 53.56200408935547 -4.90986967086792
vertex -70.20707702636719 53.174224853515625 -5.866144180297852
vertex -71.10503387451172 53.475921630859375 -4.885309219360352
endloop
endfacet
facet normal -0.6770641076007186 0.24307430393356702 -0.6946215350577999
outer loop
vertex -71.10503387451172 53.475921630859375 -4.885309219360352
vertex -70.20707702636719 53.174224853515625 -5.866144180297852
vertex -71.47756958007812 52.564048767089844 -4.8412885665893555
endloop
endfacet
facet normal -0.6770647940383674 0.24308049723728714 -0.6946186986661504
outer loop
vertex -70.20707702636719 53.174224853515625 -5.866144180297852
vertex -71.64937591552734 51.70819854736328 -4.973327159881592
vertex -71.47756958007812 52.564048767089844 -4.8412885665893555
endloop
endfacet
facet normal -0.6770642017152829 0.24307930983026527 -0.6946196915493316
outer loop
vertex -70.20707702636719 53.174224853515625 -5.866144180297852
vertex -70.67595672607422 51.61989974975586 -5.953044414520264
vertex -71.64937591552734 51.70819854736328 -4.973327159881592
endloop
endfacet
facet normal -0.7071071770433761 0.03868123426090815 -0.7060475920855479
outer loop
vertex -70.67595672607422 51.61989974975586 -5.953044414520264
vertex -70.6535873413086 31.672571182250977 -7.068273544311523
vertex -71.65645599365234 31.450624465942383 -6.076059341430664
endloop
endfacet
facet normal -0.7071245533192654 0.03868197259421879 -0.7060301488529009
outer loop
vertex -70.67595672607422 51.61989974975586 -5.953044414520264
vertex -71.65645599365234 31.450624465942383 -6.076059341430664
vertex -71.69993591308594 32.07075881958008 -5.998536109924316
endloop
endfacet
facet normal -0.707107374901022 0.03868111293841087 -0.706047400577632
outer loop
vertex -70.67595672607422 51.61989974975586 -5.953044414520264
vertex -71.69993591308594 32.07075881958008 -5.998536109924316
vertex -71.67144012451172 51.5982780456543 -4.957251071929932
endloop
endfacet
facet normal -0.7071074596639186 0.03867598342317586 -0.706047596691533
outer loop
vertex -71.64937591552734 51.70819854736328 -4.973327159881592
vertex -70.67595672607422 51.61989974975586 -5.953044414520264
vertex -71.67144012451172 51.5982780456543 -4.957251071929932
endloop
endfacet
facet normal -0.6692691555803862 -0.188381052976919 -0.7187429138906511
outer loop
vertex -70.6535873413086 31.672571182250977 -7.068273544311523
vertex -70.13446807861328 30.15251922607422 -7.153257369995117
vertex -71.01488494873047 29.595731735229492 -6.187510013580322
endloop
endfacet
facet normal -0.6692703479446163 -0.1883816960938734 -0.7187416350392455
outer loop
vertex -70.6535873413086 31.672571182250977 -7.068273544311523
vertex -71.42010498046875 30.38219451904297 -6.016308784484863
vertex -71.64871978759766 31.340333938598633 -6.0545573234558105
endloop
endfacet
facet normal -0.6692705434406753 -0.18838147813091463 -0.7187415101271355
outer loop
vertex -71.42010498046875 30.38219451904297 -6.016308784484863
vertex -70.6535873413086 31.672571182250977 -7.068273544311523
vertex -71.05572509765625 29.57486343383789 -6.144007682800293
endloop
endfacet
facet normal -0.6693115350109679 -0.18835935564416834 -0.7187091360505832
outer loop
vertex -71.01488494873047 29.595731735229492 -6.187510013580322
vertex -71.05572509765625 29.57486343383789 -6.144007682800293
vertex -70.6535873413086 31.672571182250977 -7.068273544311523
endloop
endfacet
facet normal -0.6696676581107983 -0.18709107917732856 -0.7187086723928281
outer loop
vertex -71.65645599365234 31.450624465942383 -6.076059341430664
vertex -70.6535873413086 31.672571182250977 -7.068273544311523
vertex -71.64871978759766 31.340333938598633 -6.0545573234558105
endloop
endfacet
facet normal -0.5372484689285375 -0.41955526338350746 -0.7316675909189487
outer loop
vertex -70.13446807861328 30.15251922607422 -7.153257369995117
vertex -70.44759368896484 28.67908477783203 -6.078433990478516
vertex -71.01488494873047 29.48436737060547 -6.123651504516602
endloop
endfacet
facet normal -0.5372505568572645 -0.4195525485422923 -0.7316676145410748
outer loop
vertex -70.13446807861328 30.15251922607422 -7.153257369995117
vertex -71.01488494873047 29.48436737060547 -6.123651504516602
vertex -71.01488494873047 29.595731735229492 -6.187510013580322
endloop
endfacet
facet normal -0.5372440368747708 -0.4195553672981901 -0.7316707856773979
outer loop
vertex -70.13446807861328 30.15251922607422 -7.153257369995117
vertex -69.73860168457031 28.106613159179688 -6.2707648277282715
vertex -69.79219055175781 28.04693603515625 -6.197196006774902
endloop
endfacet
facet normal -0.5372473875697156 -0.41955503625965956 -0.7316685151751927
outer loop
vertex -70.13446807861328 30.15251922607422 -7.153257369995117
vertex -69.10669708251953 28.953359603881836 -7.220301151275635
vertex -69.73860168457031 28.106613159179688 -6.2707648277282715
endloop
endfacet
facet normal -0.5565394220077116 -0.4132840580090963 -0.720735845609788
outer loop
vertex -71.01488494873047 29.595731735229492 -6.187510013580322
vertex -71.01488494873047 29.48436737060547 -6.123651504516602
vertex -71.05572509765625 29.57486343383789 -6.144007682800293
endloop
endfacet
facet normal -0.5372497366316366 -0.4195545946715958 -0.7316670435240267
outer loop
vertex -70.13446807861328 30.15251922607422 -7.153257369995117
vertex -69.79219055175781 28.04693603515625 -6.197196006774902
vertex -70.44759368896484 28.67908477783203 -6.078433990478516
endloop
endfacet
facet normal -0.3619392477633949 -0.5947626753199046 -0.7178142802806152
outer loop
vertex -68.0014877319336 27.196231842041016 -6.321662902832031
vertex -68.01592254638672 27.09076499938965 -6.226997375488281
vertex -69.10669708251953 28.953359603881836 -7.220301151275635
endloop
endfacet
facet normal -0.3605034931866156 -0.5783949211259002 -0.7317762954728798
outer loop
vertex -69.73860168457031 28.106613159179688 -6.2707648277282715
vertex -69.73860168457031 27.995248794555664 -6.182742595672607
vertex -69.79219055175781 28.04693603515625 -6.197196006774902
endloop
endfacet
facet normal -0.3286362933979555 -0.5856490912556456 -0.7409543363616203
outer loop
vertex -69.73860168457031 27.995248794555664 -6.182742595672607
vertex -69.10669708251953 28.953359603881836 -7.220301151275635
vertex -68.91336059570312 27.457406997680664 -6.123653411865234
endloop
endfacet
facet normal -0.3249203521753419 -0.5861050945230805 -0.7422314887663706
outer loop
vertex -69.10669708251953 28.953359603881836 -7.220301151275635
vertex -68.01592254638672 27.09076499938965 -6.226997375488281
vertex -68.91336059570312 27.457406997680664 -6.123653411865234
endloop
endfacet
facet normal -0.3286358387436333 -0.5856495829423929 -0.7409541493862288
outer loop
vertex -68.0014877319336 27.196231842041016 -6.321662902832031
vertex -69.10669708251953 28.953359603881836 -7.220301151275635
vertex -67.7421646118164 28.238239288330078 -7.260282516479492
endloop
endfacet
facet normal -0.32863607701599673 -0.5856492241484734 -0.7409543272954326
outer loop
vertex -69.73860168457031 28.106613159179688 -6.2707648277282715
vertex -69.10669708251953 28.953359603881836 -7.220301151275635
vertex -69.73860168457031 27.995248794555664 -6.182742595672607
endloop
endfacet
facet normal -0.05945339084064655 -0.66551187254271 -0.7440156193402427
outer loop
vertex -59.829345703125 27.993667602539062 -7.273955821990967
vertex -59.86173629760742 26.85558319091797 -6.253366470336914
vertex -59.9499397277832 26.86250114440918 -6.252506256103516
endloop
endfacet
facet normal -0.02121209992942059 -0.666214848689965 -0.7454581290733848
outer loop
vertex -68.0014877319336 27.196231842041016 -6.321662902832031
vertex -67.7421646118164 28.238239288330078 -7.260282516479492
vertex -67.03571319580078 26.89099884033203 -6.076357841491699
endloop
endfacet
facet normal -0.021210502457030912 -0.6662119282664991 -0.745460784495706
outer loop
vertex -68.01592254638672 27.09076499938965 -6.226997375488281
vertex -68.0014877319336 27.196231842041016 -6.321662902832031
vertex -67.03571319580078 26.89099884033203 -6.076357841491699
endloop
endfacet
facet normal -0.021211078564893397 -0.6662145630152367 -0.7454584134427157
outer loop
vertex -67.03571319580078 26.89099884033203 -6.076357841491699
vertex -67.7421646118164 28.238239288330078 -7.260282516479492
vertex -59.9499397277832 26.86250114440918 -6.252506256103516
endloop
endfacet
facet normal -0.021953935907065618 -0.6687444354999221 -0.7431681537082162
outer loop
vertex -59.9499397277832 26.86250114440918 -6.252506256103516
vertex -67.7421646118164 28.238239288330078 -7.260282516479492
vertex -59.829345703125 27.993667602539062 -7.273955821990967
endloop
endfacet
facet normal -0.06947571281107572 -0.664922022123552 -0.7436745456343921
outer loop
vertex -59.86173629760742 26.85558319091797 -6.253366470336914
vertex -59.33461380004883 27.94501495361328 -7.276676177978516
vertex -59.56019592285156 26.831933975219727 -6.260392189025879
endloop
endfacet
facet normal -0.1983811174081079 -0.6386360511805339 -0.7434977648846329
outer loop
vertex -59.33461380004883 27.94501495361328 -7.276676177978516
vertex -59.27825927734375 26.762523651123047 -6.275998115539551
vertex -59.56019592285156 26.831933975219727 -6.260392189025879
endloop
endfacet
facet normal -0.2151105249567657 -0.6348156825335688 -0.7421162383766198
outer loop
vertex -58.937889099121094 27.824859619140625 -7.283393859863281
vertex -59.148712158203125 26.73063087463379 -6.286267280578613
vertex -59.27825927734375 26.762523651123047 -6.275998115539551
endloop
endfacet
facet normal -0.20575353394584694 -0.6378568434556245 -0.742161795382666
outer loop
vertex -59.33461380004883 27.94501495361328 -7.276676177978516
vertex -58.937889099121094 27.824859619140625 -7.283393859863281
vertex -59.27825927734375 26.762523651123047 -6.275998115539551
endloop
endfacet
facet normal -0.06947851167877842 -0.6649211525646198 -0.7436750616277512
outer loop
vertex -59.829345703125 27.993667602539062 -7.273955821990967
vertex -59.33461380004883 27.94501495361328 -7.276676177978516
vertex -59.86173629760742 26.85558319091797 -6.253366470336914
endloop
endfacet
facet normal -0.20870522230658523 -0.6364448178127803 -0.7425497451761839
outer loop
vertex -59.148712158203125 26.73063087463379 -6.286267280578613
vertex -58.937889099121094 27.824859619140625 -7.283393859863281
vertex -58.76907730102539 27.772891998291016 -7.286299228668213
endloop
endfacet
facet normal -0.5254451158131249 -0.43448086687189974 -0.7315284045000401
outer loop
vertex -57.42643356323242 26.719961166381836 -7.34516716003418
vertex -58.0960578918457 26.03973960876465 -6.460178852081299
vertex -57.6807975769043 27.001113891601562 -7.329448223114014
endloop
endfacet
facet normal -0.5283194959585804 -0.43245325600490153 -0.7306590802561963
outer loop
vertex -58.405975341796875 26.328760147094727 -6.4071478843688965
vertex -57.6807975769043 27.001113891601562 -7.329448223114014
vertex -58.0960578918457 26.03973960876465 -6.460178852081299
endloop
endfacet
facet normal -0.44961559502534476 -0.5077232250965217 -0.7348897491512533
outer loop
vertex -58.80236053466797 26.579639434814453 -6.323380947113037
vertex -58.23121643066406 27.49046516418457 -7.302089214324951
vertex -58.760250091552734 26.5612850189209 -6.336463928222656
endloop
endfacet
facet normal -0.4496674086781766 -0.5076868761001572 -0.7348831590180286
outer loop
vertex -58.470848083496094 26.371339797973633 -6.38232421875
vertex -58.760250091552734 26.5612850189209 -6.336463928222656
vertex -58.23121643066406 27.49046516418457 -7.302089214324951
endloop
endfacet
facet normal -0.3345933420779213 -0.5861307983673592 -0.7379010656194835
outer loop
vertex -58.76907730102539 27.772891998291016 -7.286299228668213
vertex -58.80236053466797 26.579639434814453 -6.323380947113037
vertex -59.148712158203125 26.73063087463379 -6.286267280578613
endloop
endfacet
facet normal -0.4496657571844414 -0.5076876313994648 -0.7348836477563944
outer loop
vertex -57.77731704711914 27.118539810180664 -7.322883129119873
vertex -58.470848083496094 26.371339797973633 -6.38232421875
vertex -58.23121643066406 27.49046516418457 -7.302089214324951
endloop
endfacet
facet normal -0.5479186313333994 -0.4095879660868037 -0.729398979622682
outer loop
vertex -57.77731704711914 27.118539810180664 -7.322883129119873
vertex -57.6807975769043 27.001113891601562 -7.329448223114014
vertex -58.470848083496094 26.371339797973633 -6.38232421875
endloop
endfacet
facet normal -0.5479309518157537 -0.40957204032442235 -0.7293986672778969
outer loop
vertex -58.470848083496094 26.371339797973633 -6.38232421875
vertex -57.6807975769043 27.001113891601562 -7.329448223114014
vertex -58.405975341796875 26.328760147094727 -6.4071478843688965
endloop
endfacet
facet normal -0.3300401162596235 -0.5872157086888619 -0.7390881091780411
outer loop
vertex -58.23121643066406 27.49046516418457 -7.302089214324951
vertex -58.80236053466797 26.579639434814453 -6.323380947113037
vertex -58.76907730102539 27.772891998291016 -7.286299228668213
endloop
endfacet
facet normal -0.7075057401072707 0.03721381638176503 -0.7057271141068391
outer loop
vertex -56.64657974243164 24.732149124145508 -7.456303119659424
vertex -57.4499397277832 -51.05424118041992 -10.647223472595215
vertex -57.45393753051758 24.50385284423828 -6.65894889831543
endloop
endfacet
facet normal -0.7071328108290144 0.037225570249332963 -0.7061001662431963
outer loop
vertex -56.64657974243164 24.732149124145508 -7.456303119659424
vertex -57.40645217895508 -51.67438888549805 -10.723468780517578
vertex -57.4499397277832 -51.05424118041992 -10.647223472595215
endloop
endfacet
facet normal -0.707103371808306 0.03722653590726277 -0.7061295961802407
outer loop
vertex -56.64657974243164 24.732149124145508 -7.456303119659424
vertex -56.40392303466797 -51.451438903808594 -11.71562671661377
vertex -57.40645217895508 -51.67438888549805 -10.723468780517578
endloop
endfacet
facet normal -0.7072008183860489 0.03460487202211804 -0.7061653526663819
outer loop
vertex -57.47944641113281 24.683008193969727 -6.6246232986450195
vertex -56.64657974243164 24.732149124145508 -7.456303119659424
vertex -57.45393753051758 24.50385284423828 -6.65894889831543
endloop
endfacet
facet normal -0.6782898126639579 -0.16606087507976638 -0.7157839868312472
outer loop
vertex -56.87364959716797 25.867151260375977 -7.392846584320068
vertex -56.70319747924805 25.30612564086914 -7.42421293258667
vertex -57.56586456298828 25.0856990814209 -6.555595397949219
endloop
endfacet
facet normal -0.625114520798907 -0.29423682879304075 -0.7229498768712584
outer loop
vertex -57.150447845458984 26.38419532775879 -7.36393928527832
vertex -57.83940887451172 25.70252799987793 -6.490778923034668
vertex -57.92523193359375 25.815290451049805 -6.462463855743408
endloop
endfacet
facet normal -0.6251155382324926 -0.2942348029369292 -0.7229498216342318
outer loop
vertex -57.150447845458984 26.38419532775879 -7.36393928527832
vertex -56.87364959716797 25.867151260375977 -7.392846584320068
vertex -57.716800689697266 25.467506408691406 -6.501143932342529
endloop
endfacet
facet normal -0.6251172434530928 -0.2942330377951621 -0.72294906556924
outer loop
vertex -57.150447845458984 26.38419532775879 -7.36393928527832
vertex -57.716800689697266 25.467506408691406 -6.501143932342529
vertex -57.83940887451172 25.70252799987793 -6.490778923034668
endloop
endfacet
facet normal -0.7053963831974421 -0.02999238637880988 -0.7081782256828232
outer loop
vertex -57.47944641113281 24.683008193969727 -6.6246232986450195
vertex -57.513671875 24.923389434814453 -6.600712776184082
vertex -56.70319747924805 25.30612564086914 -7.42421293258667
endloop
endfacet
facet normal -0.7054000669481565 -0.02997800134456403 -0.7081751654675005
outer loop
vertex -57.56586456298828 25.0856990814209 -6.555595397949219
vertex -56.70319747924805 25.30612564086914 -7.42421293258667
vertex -57.513671875 24.923389434814453 -6.600712776184082
endloop
endfacet
facet normal -0.6782907709425104 -0.16605941598444549 -0.715783417254912
outer loop
vertex -56.87364959716797 25.867151260375977 -7.392846584320068
vertex -57.56586456298828 25.0856990814209 -6.555595397949219
vertex -57.643402099609375 25.326812744140625 -6.53805685043335
endloop
endfacet
facet normal -0.6782896868717477 -0.16606173451666917 -0.7157839066455335
outer loop
vertex -57.716800689697266 25.467506408691406 -6.501143932342529
vertex -56.87364959716797 25.867151260375977 -7.392846584320068
vertex -57.643402099609375 25.326812744140625 -6.53805685043335
endloop
endfacet
facet normal -0.5479174716998348 -0.40958873599669354 -0.729399418392071
outer loop
vertex -57.42643356323242 26.719961166381836 -7.34516716003418
vertex -57.92523193359375 25.815290451049805 -6.462463855743408
vertex -58.0960578918457 26.03973960876465 -6.460178852081299
endloop
endfacet
facet normal -0.7053981308641784 -0.029988202751980216 -0.7081766620477052
outer loop
vertex -56.70319747924805 25.30612564086914 -7.42421293258667
vertex -56.64657974243164 24.732149124145508 -7.456303119659424
vertex -57.47944641113281 24.683008193969727 -6.6246232986450195
endloop
endfacet
facet normal -0.5479190539732133 -0.40958742317236496 -0.7293989670078518
outer loop
vertex -57.150447845458984 26.38419532775879 -7.36393928527832
vertex -57.92523193359375 25.815290451049805 -6.462463855743408
vertex -57.42643356323242 26.719961166381836 -7.34516716003418
endloop
endfacet
facet normal -0.6692698051900011 -0.1883808627827133 -0.7187423588450723
outer loop
vertex -57.17010498046875 -52.74280548095703 -10.663718223571777
vertex -57.398719787597656 -51.784664154052734 -10.701966285705566
vertex -56.40392303466797 -51.451438903808594 -11.71562671661377
endloop
endfacet
facet normal -0.6692697164360056 -0.1883809616529462 -0.7187424155762479
outer loop
vertex -56.40392303466797 -51.451438903808594 -11.71562671661377
vertex -56.80572509765625 -53.55013656616211 -10.791417121887207
vertex -57.17010498046875 -52.74280548095703 -10.663718223571777
endloop
endfacet
facet normal -0.6692611100486278 -0.18838560278871497 -0.7187492130349856
outer loop
vertex -56.40392303466797 -51.451438903808594 -11.71562671661377
vertex -56.7648811340332 -53.529266357421875 -10.834918975830078
vertex -56.80572509765625 -53.55013656616211 -10.791417121887207
endloop
endfacet
facet normal -0.6692694123222135 -0.188381355618138 -0.7187425954994955
outer loop
vertex -56.40392303466797 -51.451438903808594 -11.71562671661377
vertex -55.884464263916016 -52.97248077392578 -11.800666809082031
vertex -56.7648811340332 -53.529266357421875 -10.834918975830078
endloop
endfacet
facet normal -0.6696658168956062 -0.18709682308956752 -0.7187088927175809
outer loop
vertex -56.40392303466797 -51.451438903808594 -11.71562671661377
vertex -57.398719787597656 -51.784664154052734 -10.701966285705566
vertex -57.40645217895508 -51.67438888549805 -10.723468780517578
endloop
endfacet
facet normal -0.5747267889325413 -0.41534854092319856 -0.7051061676345344
outer loop
vertex -55.884464263916016 -52.97248077392578 -11.800666809082031
vertex -55.48860168457031 -55.01838684082031 -10.918173789978027
vertex -55.52732467651367 -55.092403411865234 -10.843010902404785
endloop
endfacet
facet normal -0.5372504758563272 -0.4195540647612489 -0.7316668045869402
outer loop
vertex -54.88888168334961 -54.13409423828125 -11.86561107635498
vertex -55.48860168457031 -55.01838684082031 -10.918173789978027
vertex -55.884464263916016 -52.97248077392578 -11.800666809082031
endloop
endfacet
facet normal -0.5372584530567484 -0.41954228134535887 -0.7316677037990684
outer loop
vertex -56.7648811340332 -53.529266357421875 -10.834918975830078
vertex -55.884464263916016 -52.97248077392578 -11.800666809082031
vertex -56.7648811340332 -53.64063262939453 -10.771060943603516
endloop
endfacet
facet normal -0.5372497380329007 -0.41955361322489654 -0.7316676052781846
outer loop
vertex -56.7648811340332 -53.64063262939453 -10.771060943603516
vertex -55.884464263916016 -52.97248077392578 -11.800666809082031
vertex -56.197593688964844 -54.44591522216797 -10.72584342956543
endloop
endfacet
facet normal -0.5564903323910374 -0.4132927650640857 -0.7207687564683941
outer loop
vertex -56.7648811340332 -53.529266357421875 -10.834918975830078
vertex -56.7648811340332 -53.64063262939453 -10.771060943603516
vertex -56.80572509765625 -53.55013656616211 -10.791417121887207
endloop
endfacet
facet normal -0.5342914349998704 -0.42110962758427717 -0.7329388405874058
outer loop
vertex -55.884464263916016 -52.97248077392578 -11.800666809082031
vertex -55.52732467651367 -55.092403411865234 -10.843010902404785
vertex -56.197593688964844 -54.44591522216797 -10.72584342956543
endloop
endfacet
facet normal -0.26778383688381124 -0.6139477581015211 -0.7425361722003182
outer loop
vertex -55.48860168457031 -55.12975311279297 -10.826095581054688
vertex -54.88888168334961 -54.13409423828125 -11.86561107635498
vertex -54.663360595703125 -55.6675910949707 -10.679007530212402
endloop
endfacet
facet normal -0.267787062605446 -0.6139474984498907 -0.74253522357412
outer loop
vertex -54.663360595703125 -55.6675910949707 -10.679007530212402
vertex -54.88888168334961 -54.13409423828125 -11.86561107635498
vertex -53.751487731933594 -56.04013442993164 -10.699835777282715
endloop
endfacet
facet normal -0.2677833511238189 -0.6139465712381351 -0.7425373287086885
outer loop
vertex -53.751487731933594 -56.04013442993164 -10.699835777282715
vertex -54.88888168334961 -54.13409423828125 -11.86561107635498
vertex -52.81562042236328 -56.227996826171875 -10.882011413574219
endloop
endfacet
facet normal -0.2678000898968491 -0.6139359610119778 -0.7425400646615231
outer loop
vertex -55.48860168457031 -55.01838684082031 -10.918173789978027
vertex -55.48860168457031 -55.12975311279297 -10.826095581054688
vertex -55.52732467651367 -55.092403411865234 -10.843010902404785
endloop
endfacet
facet normal -0.26780944651317545 -0.6139343037913286 -0.7425380602949342
outer loop
vertex -55.48860168457031 -55.01838684082031 -10.918173789978027
vertex -54.88888168334961 -54.13409423828125 -11.86561107635498
vertex -55.48860168457031 -55.12975311279297 -10.826095581054688
endloop
endfacet
facet normal -0.26778494479529685 -0.6139468472548144 -0.742536525759409
outer loop
vertex -54.88888168334961 -54.13409423828125 -11.86561107635498
vertex -52.58993911743164 -55.07331466674805 -11.918121337890625
vertex -52.78571701049805 -56.12263870239258 -10.979910850524902
endloop
endfacet
facet normal -0.26779528048287937 -0.613953623098226 -0.7425271957549148
outer loop
vertex -52.81562042236328 -56.227996826171875 -10.882011413574219
vertex -54.88888168334961 -54.13409423828125 -11.86561107635498
vertex -52.78571701049805 -56.12263870239258 -10.979910850524902
endloop
endfacet
facet normal -0.00003114773823639317 -0.6665303097049631 -0.7454779307762399
outer loop
vertex 21.9976749420166 -56.237308502197266 -10.880524635314941
vertex 21.910720825195312 -56.09175491333008 -11.010660171508789
vertex 26.702455520629883 -56.23751449584961 -10.880537033081055
endloop
endfacet
facet normal -0.00003128651023908222 -0.6665305406064858 -0.7454777243217803
outer loop
vertex 40.997642517089844 -56.2381477355957 -10.880572319030762
vertex 40.91072082519531 -56.092647552490234 -11.010660171508789
vertex 66.98198699951172 -56.239295959472656 -10.880636215209961
endloop
endfacet
facet normal -0.00003130856694723458 -0.6665327279007911 -0.7454757686584478
outer loop
vertex 40.91072082519531 -56.092647552490234 -11.010660171508789
vertex 40.42408752441406 -55.72895431518555 -11.335819244384766
vertex 66.98198699951172 -56.239295959472656 -10.880636215209961
endloop
endfacet
facet normal -0.00003137787068498424 -0.666531634472671 -0.7454767462923435
outer loop
vertex 40.42408752441406 -55.72895431518555 -11.335819244384766
vertex 39.85006332397461 -55.60122299194336 -11.449999809265137
vertex 66.87646484375 -55.07859802246094 -11.918416976928711
endloop
endfacet
facet normal -0.000031270170683442854 -0.6665325479992781 -0.7454759295106493
outer loop
vertex 26.702455520629883 -56.23751449584961 -10.880537033081055
vertex 21.910720825195312 -56.09175491333008 -11.010660171508789
vertex 26.78940200805664 -56.091983795166016 -11.010660171508789
endloop
endfacet
facet normal -0.0000313074688355593 -0.6665323425195828 -0.745476113229123
outer loop
vertex 7.702424049377441 -56.23667526245117 -10.880489349365234
vertex -52.58993911743164 -55.07331466674805 -11.918121337890625
vertex 7.789401531219482 -56.09109115600586 -11.010660171508789
endloop
endfacet
facet normal -0.000031320713428642794 -0.666532779719045 -0.745475722327036
outer loop
vertex -52.58993911743164 -55.07331466674805 -11.918121337890625
vertex 8.276036262512207 -55.72744369506836 -11.335819244384766
vertex 7.789401531219482 -56.09109115600586 -11.010660171508789
endloop
endfacet
facet normal -0.000031268059357150684 -0.6665300516515554 -0.7454781614961524
outer loop
vertex 8.850061416625977 -55.59976577758789 -11.449999809265137
vertex 8.276036262512207 -55.72744369506836 -11.335819244384766
vertex -52.58993911743164 -55.07331466674805 -11.918121337890625
endloop
endfacet
facet normal -0.00003128862929730016 -0.6665317993249914 -0.7454765989014083
outer loop
vertex -52.78571701049805 -56.12263870239258 -10.979910850524902
vertex -52.58993911743164 -55.07331466674805 -11.918121337890625
vertex 7.702424049377441 -56.23667526245117 -10.880489349365234
endloop
endfacet
facet normal -0.000031237619682603326 -0.6665265350992392 -0.7454813056226252
outer loop
vertex 20.850061416625977 -55.6003303527832 -11.449999809265137
vertex -52.58993911743164 -55.07331466674805 -11.918121337890625
vertex 27.850061416625977 -55.60065841674805 -11.449999809265137
endloop
endfacet
facet normal -0.00003135917709746878 -0.6665368725138839 -0.7454720629212153
outer loop
vertex 27.850061416625977 -55.60065841674805 -11.449999809265137
vertex -52.58993911743164 -55.07331466674805 -11.918121337890625
vertex 39.85006332397461 -55.60122299194336 -11.449999809265137
endloop
endfacet
facet normal -0.00003134490754383763 -0.6665323789321803 -0.7454760806709395
outer loop
vertex 40.42408752441406 -55.72895431518555 -11.335819244384766
vertex 66.87646484375 -55.07859802246094 -11.918416976928711
vertex 66.98198699951172 -56.127933502197266 -10.980207443237305
endloop
endfacet
facet normal -0.00003151804706436242 -0.6665387926462942 -0.7454703460931449
outer loop
vertex 66.98198699951172 -56.239295959472656 -10.880636215209961
vertex 40.42408752441406 -55.72895431518555 -11.335819244384766
vertex 66.98198699951172 -56.127933502197266 -10.980207443237305
endloop
endfacet
facet normal -0.00007918780751633643 -0.680688756140655 -0.732572734268058
outer loop
vertex -52.81562042236328 -56.227996826171875 -10.882011413574219
vertex -52.78571701049805 -56.12263870239258 -10.979910850524902
vertex 7.702424049377441 -56.23667526245117 -10.880489349365234
endloop
endfacet
facet normal -0.000031321975689484346 -0.666533239083219 -0.7454753116074109
outer loop
vertex 39.85006332397461 -55.60122299194336 -11.449999809265137
vertex -52.58993911743164 -55.07331466674805 -11.918121337890625
vertex 66.87646484375 -55.07859802246094 -11.918416976928711
endloop
endfacet
facet normal -0.00003123784229206457 -0.6665312849846142 -0.7454770587757589
outer loop
vertex 21.424087524414062 -55.72806167602539 -11.335819244384766
vertex 20.850061416625977 -55.6003303527832 -11.449999809265137
vertex 27.850061416625977 -55.60065841674805 -11.449999809265137
endloop
endfacet
facet normal -0.00003128323816471352 -0.6665300138598937 -0.7454781952849384
outer loop
vertex 27.850061416625977 -55.60065841674805 -11.449999809265137
vertex 27.276037216186523 -55.728336334228516 -11.335819244384766
vertex 21.424087524414062 -55.72806167602539 -11.335819244384766
endloop
endfacet
facet normal -0.000031283369281277925 -0.6665328074685679 -0.7454756975176452
outer loop
vertex 21.424087524414062 -55.72806167602539 -11.335819244384766
vertex 27.276037216186523 -55.728336334228516 -11.335819244384766
vertex 26.78940200805664 -56.091983795166016 -11.010660171508789
endloop
endfacet
facet normal -0.00003127017778424972 -0.6665326993549884 -0.745475794182969
outer loop
vertex 21.910720825195312 -56.09175491333008 -11.010660171508789
vertex 21.424087524414062 -55.72806167602539 -11.335819244384766
vertex 26.78940200805664 -56.091983795166016 -11.010660171508789
endloop
endfacet
facet normal -0.0000313591397765896 -0.666535973318457 -0.7454728669032977
outer loop
vertex 8.850061416625977 -55.59976577758789 -11.449999809265137
vertex -52.58993911743164 -55.07331466674805 -11.918121337890625
vertex 20.850061416625977 -55.6003303527832 -11.449999809265137
endloop
endfacet
facet normal 0.19509040787318935 0 0.9807852633251953
outer loop
vertex 27.276037216186523 -53.13749694824219 -11.335819244384766
vertex 27.850061416625977 -55.60065841674805 -11.449999809265137
vertex 27.850061416625977 -53.13749694824219 -11.449999809265137
endloop
endfacet
facet normal 0 -1 0
outer loop
vertex 26.648643493652344 -53.13749694824219 -4.099999904632568
vertex 29.100061416625977 -53.13749694824219 -8.199999809265137
vertex 29.100061416625977 -53.13749694824219 -6.699999809265137
endloop
endfacet
facet normal 0.8314694375401542 0 -0.5555704945699145
outer loop
vertex 26.648643493652344 -53.756587982177734 -4.099999904632568
vertex 26.464242935180664 -53.13749694824219 -4.375974655151367
vertex 26.648643493652344 -53.13749694824219 -4.099999904632568
endloop
endfacet
facet normal 0 -1 0
outer loop
vertex 26.648643493652344 -53.13749694824219 -4.099999904632568
vertex 29.17618179321289 -53.13749694824219 -8.582683563232422
vertex 29.100061416625977 -53.13749694824219 -8.199999809265137
endloop
endfacet
facet normal 0.8314695842485759 0 -0.5555702750053321
outer loop
vertex 26.78940200805664 -56.237518310546875 -3.8893399238586426
vertex 26.648643493652344 -53.756587982177734 -4.099999904632568
vertex 26.78940200805664 -53.756587982177734 -3.8893399238586426
endloop
endfacet
facet normal 0 -1 0
outer loop
vertex 26.464242935180664 -53.13749694824219 -4.375974655151367
vertex 26.78940200805664 -53.13749694824219 -11.010660171508789
vertex 26.648643493652344 -53.13749694824219 -4.099999904632568
endloop
endfacet
facet normal 0 -1 0
outer loop
vertex 26.350061416625977 -53.13749694824219 -4.949999809265137
vertex 26.464242935180664 -53.13749694824219 -10.524024963378906
vertex 26.464242935180664 -53.13749694824219 -4.375974655151367
endloop
endfacet
facet normal 1 0 0
outer loop
vertex 26.350061416625977 -56.23749923706055 -4.949999809265137
vertex 26.350061416625977 -53.13749694824219 -9.949999809265137
vertex 26.350061416625977 -53.13749694824219 -4.949999809265137
endloop
endfacet
facet normal 0.8314694030193519 -3.3312730191924155e-8 -0.5555705462339067
outer loop
vertex 26.78940200805664 -56.237518310546875 -3.8893399238586426
vertex 26.464242935180664 -53.13749694824219 -4.375974655151367
vertex 26.648643493652344 -53.756587982177734 -4.099999904632568
endloop
endfacet
facet normal 0 -1 0
outer loop
vertex 38.60006332397461 -53.13749694824219 -6.699999809265137
vertex 39.85006332397461 -53.13749694824219 -11.449999809265137
vertex 41.05147933959961 -53.13749694824219 -4.099999904632568
endloop
endfacet
facet normal 0.8314695010489663 0 -0.5555703995223136
outer loop
vertex 26.78940200805664 -56.237518310546875 -3.8893399238586426
vertex 26.464242935180664 -56.23750686645508 -4.375974655151367
vertex 26.464242935180664 -53.13749694824219 -4.375974655151367
endloop
endfacet
facet normal 0 -1 0
outer loop
vertex 41.23588180541992 -53.13749694824219 -10.524024963378906
vertex 41.35006332397461 -53.13749694824219 -9.949999809265137
vertex 41.23588180541992 -53.13749694824219 -4.375974655151367
endloop
endfacet
facet normal 0 -1 0
outer loop
vertex 27.276037216186523 -53.13749694824219 -11.335819244384766
vertex 27.850061416625977 -53.13749694824219 -11.449999809265137
vertex 26.648643493652344 -53.13749694824219 -4.099999904632568
endloop
endfacet
facet normal 0 -1 0
outer loop
vertex 27.850061416625977 -53.13749694824219 -11.449999809265137
vertex 29.392953872680664 -53.13749694824219 -8.907106399536133
vertex 29.17618179321289 -53.13749694824219 -8.582683563232422
endloop
endfacet
facet normal 0 -1 0
outer loop
vertex 30.100061416625977 -53.13749694824219 -9.199999809265137
vertex 27.850061416625977 -53.13749694824219 -11.449999809265137
vertex 37.60006332397461 -53.13749694824219 -9.199999809265137
endloop
endfacet
facet normal 0 -1 0
outer loop
vertex 29.717378616333008 -53.13749694824219 -9.123879432678223
vertex 27.850061416625977 -53.13749694824219 -11.449999809265137
vertex 30.100061416625977 -53.13749694824219 -9.199999809265137
endloop
endfacet
facet normal -1 0 0
outer loop
vertex 41.35006332397461 -53.13749694824219 -4.949999809265137
vertex 41.35006332397461 -56.238162994384766 -9.949999809265137
vertex 41.35006332397461 -56.238162994384766 -4.949999809265137
endloop
endfacet
facet normal 0 -1 0
outer loop
vertex 41.05147933959961 -53.13749694824219 -4.099999904632568
vertex 40.91072082519531 -53.13749694824219 -11.010660171508789
vertex 41.23588180541992 -53.13749694824219 -10.524024963378906
endloop
endfacet
facet normal 0 -1 0
outer loop
vertex 41.23588180541992 -53.13749694824219 -4.375974655151367
vertex 41.35006332397461 -53.13749694824219 -9.949999809265137
vertex 41.35006332397461 -53.13749694824219 -4.949999809265137
endloop
endfacet
facet normal 0 -1 0
outer loop
vertex 41.05147933959961 -53.13749694824219 -4.099999904632568
vertex 41.23588180541992 -53.13749694824219 -10.524024963378906
vertex 41.23588180541992 -53.13749694824219 -4.375974655151367
endloop
endfacet
facet normal 0 -1 0
outer loop
vertex 41.05147933959961 -53.13749694824219 -4.099999904632568
vertex 40.42408752441406 -53.13749694824219 -11.335819244384766
vertex 40.91072082519531 -53.13749694824219 -11.010660171508789
endloop
endfacet
facet normal -1 0 0
outer loop
vertex 41.35006332397461 -53.13749694824219 -9.949999809265137
vertex 41.35006332397461 -56.238162994384766 -9.949999809265137
vertex 41.35006332397461 -53.13749694824219 -4.949999809265137
endloop
endfacet
facet normal 0.5555703047945764 0 -0.8314695643440363
outer loop
vertex 27.276037216186523 -56.23754119873047 -3.564180612564087
vertex 26.78940200805664 -56.237518310546875 -3.8893399238586426
vertex 26.78940200805664 -53.756587982177734 -3.8893399238586426
endloop
endfacet
facet normal 0 -1 0
outer loop
vertex 27.850061416625977 -53.13749694824219 -11.449999809265137
vertex 29.717378616333008 -53.13749694824219 -9.123879432678223
vertex 29.392953872680664 -53.13749694824219 -8.907106399536133
endloop
endfacet
facet normal 0 -1 0
outer loop
vertex 26.648643493652344 -53.13749694824219 -4.099999904632568
vertex 30.100061416625977 -53.13749694824219 -5.699999809265137
vertex 41.05147933959961 -53.13749694824219 -4.099999904632568
endloop
endfacet
facet normal 0 -1 0
outer loop
vertex 26.648643493652344 -53.13749694824219 -4.099999904632568
vertex 29.717378616333008 -53.13749694824219 -5.776120662689209
vertex 30.100061416625977 -53.13749694824219 -5.699999809265137
endloop
endfacet
facet normal 0 -1 0
outer loop
vertex 26.648643493652344 -53.13749694824219 -4.099999904632568
vertex 29.392953872680664 -53.13749694824219 -5.992893218994141
vertex 29.717378616333008 -53.13749694824219 -5.776120662689209
endloop
endfacet
facet normal 0 -1 0
outer loop
vertex 26.648643493652344 -53.13749694824219 -4.099999904632568
vertex 27.850061416625977 -53.13749694824219 -11.449999809265137
vertex 29.17618179321289 -53.13749694824219 -8.582683563232422
endloop
endfacet
facet normal 0 -1 0
outer loop
vertex 26.648643493652344 -53.13749694824219 -4.099999904632568
vertex 29.17618179321289 -53.13749694824219 -6.31731653213501
vertex 29.392953872680664 -53.13749694824219 -5.992893218994141
endloop
endfacet
facet normal 0 -1 0
outer loop
vertex 26.648643493652344 -53.13749694824219 -4.099999904632568
vertex 29.100061416625977 -53.13749694824219 -6.699999809265137
vertex 29.17618179321289 -53.13749694824219 -6.31731653213501
endloop
endfacet
facet normal 0.9807850135586839 0 -0.1950916635294606
outer loop
vertex 26.464242935180664 -56.23750686645508 -4.375974655151367
vertex 26.350061416625977 -53.13749694824219 -4.949999809265137
vertex 26.464242935180664 -53.13749694824219 -4.375974655151367
endloop
endfacet
facet normal 0.9807850135586839 0 -0.19509166352946058
outer loop
vertex 26.464242935180664 -56.23750686645508 -4.375974655151367
vertex 26.350061416625977 -56.23749923706055 -4.949999809265137
vertex 26.350061416625977 -53.13749694824219 -4.949999809265137
endloop
endfacet
facet normal 0 -1 0
outer loop
vertex 27.276037216186523 -53.13749694824219 -11.335819244384766
vertex 26.648643493652344 -53.13749694824219 -4.099999904632568
vertex 26.78940200805664 -53.13749694824219 -11.010660171508789
endloop
endfacet
facet normal 0.5555703047945764 0 -0.8314695643440363
outer loop
vertex 27.276037216186523 -56.23754119873047 -3.564180612564087
vertex 26.78940200805664 -53.756587982177734 -3.8893399238586426
vertex 27.276037216186523 -53.756595611572266 -3.564180612564087
endloop
endfacet
facet normal 0 -1 0
outer loop
vertex 26.350061416625977 -53.13749694824219 -9.949999809265137
vertex 26.464242935180664 -53.13749694824219 -10.524024963378906
vertex 26.350061416625977 -53.13749694824219 -4.949999809265137
endloop
endfacet
facet normal 0 -1 0
outer loop
vertex 26.464242935180664 -53.13749694824219 -10.524024963378906
vertex 26.78940200805664 -53.13749694824219 -11.010660171508789
vertex 26.464242935180664 -53.13749694824219 -4.375974655151367
endloop
endfacet
facet normal 1 0 0
outer loop
vertex 26.350061416625977 -56.23749923706055 -4.949999809265137
vertex 26.350061416625977 -56.23749923706055 -9.949999809265137
vertex 26.350061416625977 -53.13749694824219 -9.949999809265137
endloop
endfacet
facet normal 0.19509040787318935 0 -0.9807852633251952
outer loop
vertex 27.276037216186523 -56.23754119873047 -3.564180612564087
vertex 27.276037216186523 -53.756595611572266 -3.564180612564087
vertex 27.850061416625977 -56.23756790161133 -3.450000047683716
endloop
endfacet
facet normal 0 -1 0
outer loop
vertex 38.60006332397461 -53.13749694824219 -8.199999809265137
vertex 39.85006332397461 -53.13749694824219 -11.449999809265137
vertex 38.60006332397461 -53.13749694824219 -6.699999809265137
endloop
endfacet
facet normal -0.19509040787318935 0 0.9807852633251953
outer loop
vertex 39.85006332397461 -55.60122299194336 -11.449999809265137
vertex 40.42408752441406 -55.72895431518555 -11.335819244384766
vertex 40.42408752441406 -53.13749694824219 -11.335819244384766
endloop
endfacet
facet normal -0.19509040787318938 0 0.9807852633251953
outer loop
vertex 39.85006332397461 -53.13749694824219 -11.449999809265137
vertex 39.85006332397461 -55.60122299194336 -11.449999809265137
vertex 40.42408752441406 -53.13749694824219 -11.335819244384766
endloop
endfacet
facet normal -0.5555715285918135 0 0.8314687466274098
outer loop
vertex 40.42408752441406 -53.13749694824219 -11.335819244384766
vertex 40.42408752441406 -55.72895431518555 -11.335819244384766
vertex 40.91072082519531 -53.13749694824219 -11.010660171508789
endloop
endfacet
facet normal -0.5555715285918135 0 0.8314687466274097
outer loop
vertex 40.91072082519531 -53.13749694824219 -11.010660171508789
vertex 40.42408752441406 -55.72895431518555 -11.335819244384766
vertex 40.91072082519531 -56.092647552490234 -11.010660171508789
endloop
endfacet
facet normal 0.19509040787318938 0 -0.9807852633251953
outer loop
vertex 27.850061416625977 -56.23756790161133 -3.450000047683716
vertex 27.276037216186523 -53.756595611572266 -3.564180612564087
vertex 27.850061416625977 -53.75660705566406 -3.450000047683716
endloop
endfacet
facet normal -0.8314699788703046 6.173467380401007e-7 0.5555696844114465
outer loop
vertex 40.91072082519531 -56.092647552490234 -11.010660171508789
vertex 40.997642517089844 -56.2381477355957 -10.880572319030762
vertex 41.23588180541992 -53.13749694824219 -10.524024963378906
endloop
endfacet
facet normal -0.8314674988797046 0 0.5555733959673809
outer loop
vertex 41.23588180541992 -53.13749694824219 -10.524024963378906
vertex 40.997642517089844 -56.2381477355957 -10.880572319030762
vertex 41.23588180541992 -56.2381591796875 -10.524024963378906
endloop
endfacet
facet normal -0.8314682470994302 0 0.5555722761850169
outer loop
vertex 40.91072082519531 -53.13749694824219 -11.010660171508789
vertex 40.91072082519531 -56.092647552490234 -11.010660171508789
vertex 41.23588180541992 -53.13749694824219 -10.524024963378906
endloop
endfacet
facet normal 0 -1 0
outer loop
vertex 37.60006332397461 -53.13749694824219 -9.199999809265137
vertex 39.85006332397461 -53.13749694824219 -11.449999809265137
vertex 37.98274612426758 -53.13749694824219 -9.123879432678223
endloop
endfacet
facet normal 0 -1 0
outer loop
vertex 37.98274612426758 -53.13749694824219 -9.123879432678223
vertex 39.85006332397461 -53.13749694824219 -11.449999809265137
vertex 38.307167053222656 -53.13749694824219 -8.907106399536133
endloop
endfacet
facet normal -0.9807850135586839 0 0.1950916635294606
outer loop
vertex 41.23588180541992 -53.13749694824219 -10.524024963378906
vertex 41.23588180541992 -56.2381591796875 -10.524024963378906
vertex 41.35006332397461 -53.13749694824219 -9.949999809265137
endloop
endfacet
facet normal -0.9807850135586839 0 0.1950916635294606
outer loop
vertex 41.35006332397461 -53.13749694824219 -9.949999809265137
vertex 41.23588180541992 -56.2381591796875 -10.524024963378906
vertex 41.35006332397461 -56.238162994384766 -9.949999809265137
endloop
endfacet
facet normal 0 -1 0
outer loop
vertex 38.307167053222656 -53.13749694824219 -8.907106399536133
vertex 39.85006332397461 -53.13749694824219 -11.449999809265137
vertex 38.52394104003906 -53.13749694824219 -8.582683563232422
endloop
endfacet
facet normal 0 -1 0
outer loop
vertex 38.52394104003906 -53.13749694824219 -8.582683563232422
vertex 39.85006332397461 -53.13749694824219 -11.449999809265137
vertex 38.60006332397461 -53.13749694824219 -8.199999809265137
endloop
endfacet
facet normal -0.5555718102198659 0 -0.8314685584488576
outer loop
vertex 40.42408752441406 -53.75680160522461 -3.564180612564087
vertex 40.91072082519531 -56.23814392089844 -3.8893399238586426
vertex 40.42408752441406 -56.238121032714844 -3.564180612564087
endloop
endfacet
facet normal -0.19509040787318935 0 -0.9807852633251953
outer loop
vertex 40.42408752441406 -56.238121032714844 -3.564180612564087
vertex 39.85006332397461 -53.75679397583008 -3.450000047683716
vertex 40.42408752441406 -53.75680160522461 -3.564180612564087
endloop
endfacet
facet normal -0.19509040787318935 0 -0.9807852633251953
outer loop
vertex 39.85006332397461 -53.75679397583008 -3.450000047683716
vertex 40.42408752441406 -56.238121032714844 -3.564180612564087
vertex 39.85006332397461 -56.23809814453125 -3.450000047683716
endloop
endfacet
facet normal 0 0 -1
outer loop
vertex 27.850061416625977 -53.75660705566406 -3.450000047683716
vertex 39.85006332397461 -56.23809814453125 -3.450000047683716
vertex 27.850061416625977 -56.23756790161133 -3.450000047683716
endloop
endfacet
facet normal 0 0 -1
outer loop
vertex 39.85006332397461 -56.23809814453125 -3.450000047683716
vertex 27.850061416625977 -53.75660705566406 -3.450000047683716
vertex 39.85006332397461 -53.75679397583008 -3.450000047683716
endloop
endfacet
facet normal -0.8314667829794998 0 -0.5555744673774359
outer loop
vertex 41.05147933959961 -53.13749694824219 -4.099999904632568
vertex 41.23588180541992 -53.13749694824219 -4.375974655151367
vertex 41.05147933959961 -53.756813049316406 -4.099999904632568
endloop
endfacet
facet normal -0.5555718102198659 0 -0.8314685584488576
outer loop
vertex 40.91072082519531 -53.75680923461914 -3.8893399238586426
vertex 40.91072082519531 -56.23814392089844 -3.8893399238586426
vertex 40.42408752441406 -53.75680160522461 -3.564180612564087
endloop
endfacet
facet normal -0.8314679956250159 0 -0.5555726525408883
outer loop
vertex 40.91072082519531 -53.75680923461914 -3.8893399238586426
vertex 41.23588180541992 -56.2381591796875 -4.375974655151367
vertex 40.91072082519531 -56.23814392089844 -3.8893399238586426
endloop
endfacet
facet normal -0.8314695842540285 -6.744537251638398e-7 -0.5555702749967621
outer loop
vertex 41.05147933959961 -53.756813049316406 -4.099999904632568
vertex 41.23588180541992 -56.2381591796875 -4.375974655151367
vertex 40.91072082519531 -53.75680923461914 -3.8893399238586426
endloop
endfacet
facet normal -0.8314667829794997 0 -0.5555744673774359
outer loop
vertex 41.23588180541992 -53.13749694824219 -4.375974655151367
vertex 41.23588180541992 -56.2381591796875 -4.375974655151367
vertex 41.05147933959961 -53.756813049316406 -4.099999904632568
endloop
endfacet
facet normal 0.9807850135586839 0 0.19509166352946058
outer loop
vertex 26.350061416625977 -56.23749923706055 -9.949999809265137
vertex 26.464242935180664 -53.13749694824219 -10.524024963378906
vertex 26.350061416625977 -53.13749694824219 -9.949999809265137
endloop
endfacet
facet normal 0.9807850135586839 0 0.1950916635294606
outer loop
vertex 26.350061416625977 -56.23749923706055 -9.949999809265137
vertex 26.464242935180664 -56.23750686645508 -10.524024963378906
vertex 26.464242935180664 -53.13749694824219 -10.524024963378906
endloop
endfacet
facet normal 0 -1 0
outer loop
vertex 39.85006332397461 -53.13749694824219 -11.449999809265137
vertex 40.42408752441406 -53.13749694824219 -11.335819244384766
vertex 41.05147933959961 -53.13749694824219 -4.099999904632568
endloop
endfacet
facet normal 0.8314667018021764 0 0.5555745888665271
outer loop
vertex 26.702455520629883 -56.23751449584961 -10.880537033081055
vertex 26.78940200805664 -56.091983795166016 -11.010660171508789
vertex 26.78940200805664 -53.13749694824219 -11.010660171508789
endloop
endfacet
facet normal -0.9807850135586839 0 -0.1950916635294606
outer loop
vertex 41.23588180541992 -53.13749694824219 -4.375974655151367
vertex 41.35006332397461 -56.238162994384766 -4.949999809265137
vertex 41.23588180541992 -56.2381591796875 -4.375974655151367
endloop
endfacet
facet normal -0.9807850135586839 0 -0.1950916635294606
outer loop
vertex 41.35006332397461 -53.13749694824219 -4.949999809265137
vertex 41.35006332397461 -56.238162994384766 -4.949999809265137
vertex 41.23588180541992 -53.13749694824219 -4.375974655151367
endloop
endfacet
facet normal 0 -1 0
outer loop
vertex 37.60006332397461 -53.13749694824219 -5.699999809265137
vertex 37.98274612426758 -53.13749694824219 -5.776120662689209
vertex 41.05147933959961 -53.13749694824219 -4.099999904632568
endloop
endfacet
facet normal 0 -1 0
outer loop
vertex 41.05147933959961 -53.13749694824219 -4.099999904632568
vertex 30.100061416625977 -53.13749694824219 -5.699999809265137
vertex 37.60006332397461 -53.13749694824219 -5.699999809265137
endloop
endfacet
facet normal 0 -1 0
outer loop
vertex 37.98274612426758 -53.13749694824219 -5.776120662689209
vertex 38.307167053222656 -53.13749694824219 -5.992893218994141
vertex 41.05147933959961 -53.13749694824219 -4.099999904632568
endloop
endfacet
facet normal 0 -1 0
outer loop
vertex 38.307167053222656 -53.13749694824219 -5.992893218994141
vertex 38.52394104003906 -53.13749694824219 -6.31731653213501
vertex 41.05147933959961 -53.13749694824219 -4.099999904632568
endloop
endfacet
facet normal 0 -1 0
outer loop
vertex 27.850061416625977 -53.13749694824219 -11.449999809265137
vertex 39.85006332397461 -53.13749694824219 -11.449999809265137
vertex 37.60006332397461 -53.13749694824219 -9.199999809265137
endloop
endfacet
facet normal 0 -1 0
outer loop
vertex 38.60006332397461 -53.13749694824219 -6.699999809265137
vertex 41.05147933959961 -53.13749694824219 -4.099999904632568
vertex 38.52394104003906 -53.13749694824219 -6.31731653213501
endloop
endfacet
facet normal 0.5555700231666056 0 0.8314697525217963
outer loop
vertex 26.78940200805664 -53.13749694824219 -11.010660171508789
vertex 26.78940200805664 -56.091983795166016 -11.010660171508789
vertex 27.276037216186523 -53.13749694824219 -11.335819244384766
endloop
endfacet
facet normal 0 0 1
outer loop
vertex 27.850061416625977 -53.13749694824219 -11.449999809265137
vertex 27.850061416625977 -55.60065841674805 -11.449999809265137
vertex 39.85006332397461 -53.13749694824219 -11.449999809265137
endloop
endfacet
facet normal 0 0 1
outer loop
vertex 27.850061416625977 -55.60065841674805 -11.449999809265137
vertex 39.85006332397461 -55.60122299194336 -11.449999809265137
vertex 39.85006332397461 -53.13749694824219 -11.449999809265137
endloop
endfacet
facet normal 0.8314697525217644 -2.7720893342474163e-7 0.5555700231665843
outer loop
vertex 26.702455520629883 -56.23751449584961 -10.880537033081055
vertex 26.78940200805664 -53.13749694824219 -11.010660171508789
vertex 26.464242935180664 -53.13749694824219 -10.524024963378906
endloop
endfacet
facet normal 0.8314708660015541 0 0.555568356721858
outer loop
vertex 26.464242935180664 -56.23750686645508 -10.524024963378906
vertex 26.702455520629883 -56.23751449584961 -10.880537033081055
vertex 26.464242935180664 -53.13749694824219 -10.524024963378906
endloop
endfacet
facet normal 0.19509040787318935 0 0.9807852633251952
outer loop
vertex 27.276037216186523 -55.728336334228516 -11.335819244384766
vertex 27.850061416625977 -55.60065841674805 -11.449999809265137
vertex 27.276037216186523 -53.13749694824219 -11.335819244384766
endloop
endfacet
facet normal 0.5555700231666056 0 0.8314697525217963
outer loop
vertex 26.78940200805664 -56.091983795166016 -11.010660171508789
vertex 27.276037216186523 -55.728336334228516 -11.335819244384766
vertex 27.276037216186523 -53.13749694824219 -11.335819244384766
endloop
endfacet
facet normal 0.9807853098383859 0 -0.19509017403555012
outer loop
vertex 29.17618179321289 -53.13749694824219 -6.31731653213501
vertex 29.100061416625977 -51.9375 -6.699999809265137
vertex 29.17618179321289 -51.9375 -6.31731653213501
endloop
endfacet
facet normal 0 0 1
outer loop
vertex 37.60006332397461 -51.9375 -9.199999809265137
vertex 30.100061416625977 -53.13749694824219 -9.199999809265137
vertex 37.60006332397461 -53.13749694824219 -9.199999809265137
endloop
endfacet
facet normal -0.19509158345481065 0 -0.9807850294866325
outer loop
vertex 37.98274612426758 -53.13749694824219 -5.776120662689209
vertex 37.60006332397461 -51.9375 -5.699999809265137
vertex 37.98274612426758 -51.9375 -5.776120662689209
endloop
endfacet
facet normal -0.5555727523950333 0 -0.8314679289041802
outer loop
vertex 37.98274612426758 -53.13749694824219 -5.776120662689209
vertex 37.98274612426758 -51.9375 -5.776120662689209
vertex 38.307167053222656 -53.13749694824219 -5.992893218994141
endloop
endfacet
facet normal -0.5555727523950333 0 -0.8314679289041802
outer loop
vertex 38.307167053222656 -51.9375 -5.992893218994141
vertex 38.307167053222656 -53.13749694824219 -5.992893218994141
vertex 37.98274612426758 -51.9375 -5.776120662689209
endloop
endfacet
facet normal -0.5555735972794356 0 0.8314673643661473
outer loop
vertex 37.98274612426758 -51.9375 -9.123879432678223
vertex 37.98274612426758 -53.13749694824219 -9.123879432678223
vertex 38.307167053222656 -51.9375 -8.907106399536133
endloop
endfacet
facet normal -0.5555735972794356 0 0.8314673643661473
outer loop
vertex 38.307167053222656 -53.13749694824219 -8.907106399536133
vertex 38.307167053222656 -51.9375 -8.907106399536133
vertex 37.98274612426758 -53.13749694824219 -9.123879432678223
endloop
endfacet
facet normal -0.19509040787318935 0 0.9807852633251953
outer loop
vertex 37.60006332397461 -51.9375 -9.199999809265137
vertex 37.60006332397461 -53.13749694824219 -9.199999809265137
vertex 37.98274612426758 -51.9375 -9.123879432678223
endloop
endfacet
facet normal -0.19509040787318935 0 0.9807852633251953
outer loop
vertex 37.98274612426758 -53.13749694824219 -9.123879432678223
vertex 37.98274612426758 -51.9375 -9.123879432678223
vertex 37.60006332397461 -53.13749694824219 -9.199999809265137
endloop
endfacet
facet normal 0 0 1
outer loop
vertex 30.100061416625977 -51.9375 -9.199999809265137
vertex 30.100061416625977 -53.13749694824219 -9.199999809265137
vertex 37.60006332397461 -51.9375 -9.199999809265137
endloop
endfacet
facet normal -0.8314677441500905 0 0.5555730288971555
outer loop
vertex 38.52394104003906 -53.13749694824219 -8.582683563232422
vertex 38.52394104003906 -51.9375 -8.582683563232422
vertex 38.307167053222656 -53.13749694824219 -8.907106399536133
endloop
endfacet
facet normal -0.8314677441500905 0 0.5555730288971555
outer loop
vertex 38.307167053222656 -51.9375 -8.907106399536133
vertex 38.307167053222656 -53.13749694824219 -8.907106399536133
vertex 38.52394104003906 -51.9375 -8.582683563232422
endloop
endfacet
facet normal 0.8314700022881474 0 0.5555696493644593
outer loop
vertex 29.17618179321289 -53.13749694824219 -8.582683563232422
vertex 29.392953872680664 -53.13749694824219 -8.907106399536133
vertex 29.392953872680664 -51.9375 -8.907106399536133
endloop
endfacet
facet normal 0.8314700022881474 0 0.5555696493644593
outer loop
vertex 29.17618179321289 -53.13749694824219 -8.582683563232422
vertex 29.392953872680664 -51.9375 -8.907106399536133
vertex 29.17618179321289 -51.9375 -8.582683563232422
endloop
endfacet
facet normal 0.9807853563514094 0 0.19508994019846038
outer loop
vertex 29.17618179321289 -51.9375 -8.582683563232422
vertex 29.100061416625977 -51.9375 -8.199999809265137
vertex 29.100061416625977 -53.13749694824219 -8.199999809265137
endloop
endfacet
facet normal 0.5555682361196549 0 -0.8314709465849636
outer loop
vertex 29.392953872680664 -53.13749694824219 -5.992893218994141
vertex 29.717378616333008 -51.9375 -5.776120662689209
vertex 29.717378616333008 -53.13749694824219 -5.776120662689209
endloop
endfacet
facet normal 0.19509158345481065 0 -0.9807850294866325
outer loop
vertex 29.717378616333008 -53.13749694824219 -5.776120662689209
vertex 29.717378616333008 -51.9375 -5.776120662689209
vertex 30.100061416625977 -53.13749694824219 -5.699999809265137
endloop
endfacet
facet normal 0.5555682361196549 0 -0.8314709465849636
outer loop
vertex 29.717378616333008 -51.9375 -5.776120662689209
vertex 29.392953872680664 -53.13749694824219 -5.992893218994141
vertex 29.392953872680664 -51.9375 -5.992893218994141
endloop
endfacet
facet normal 0.19509158345481065 0 -0.9807850294866325
outer loop
vertex 30.100061416625977 -53.13749694824219 -5.699999809265137
vertex 29.717378616333008 -51.9375 -5.776120662689209
vertex 30.100061416625977 -51.9375 -5.699999809265137
endloop
endfacet
facet normal 0.9807853563514094 0 0.19508994019846038
outer loop
vertex 29.17618179321289 -53.13749694824219 -8.582683563232422
vertex 29.17618179321289 -51.9375 -8.582683563232422
vertex 29.100061416625977 -53.13749694824219 -8.199999809265137
endloop
endfacet
facet normal 1 0 0
outer loop
vertex 29.100061416625977 -51.9375 -8.199999809265137
vertex 29.100061416625977 -53.13749694824219 -6.699999809265137
vertex 29.100061416625977 -53.13749694824219 -8.199999809265137
endloop
endfacet
facet normal 0 0 -1
outer loop
vertex 30.100061416625977 -53.13749694824219 -5.699999809265137
vertex 30.100061416625977 -51.9375 -5.699999809265137
vertex 37.60006332397461 -53.13749694824219 -5.699999809265137
endloop
endfacet
facet normal 0 0 -1
outer loop
vertex 37.60006332397461 -53.13749694824219 -5.699999809265137
vertex 30.100061416625977 -51.9375 -5.699999809265137
vertex 37.60006332397461 -51.9375 -5.699999809265137
endloop
endfacet
facet normal 0.8314703794967792 0 -0.5555690848305744
outer loop
vertex 29.392953872680664 -53.13749694824219 -5.992893218994141
vertex 29.17618179321289 -51.9375 -6.31731653213501
vertex 29.392953872680664 -51.9375 -5.992893218994141
endloop
endfacet
facet normal 0.8314703794967792 0 -0.5555690848305744
outer loop
vertex 29.17618179321289 -53.13749694824219 -6.31731653213501
vertex 29.17618179321289 -51.9375 -6.31731653213501
vertex 29.392953872680664 -53.13749694824219 -5.992893218994141
endloop
endfacet
facet normal -0.980784420993769 0 0.19509464250952005
outer loop
vertex 38.60006332397461 -53.13749694824219 -8.199999809265137
vertex 38.60006332397461 -51.9375 -8.199999809265137
vertex 38.52394104003906 -53.13749694824219 -8.582683563232422
endloop
endfacet
facet normal -0.980784420993769 0 0.19509464250952005
outer loop
vertex 38.52394104003906 -51.9375 -8.582683563232422
vertex 38.52394104003906 -53.13749694824219 -8.582683563232422
vertex 38.60006332397461 -51.9375 -8.199999809265137
endloop
endfacet
facet normal -0.8314681213622869 0 -0.5555724643629031
outer loop
vertex 38.52394104003906 -51.9375 -6.31731653213501
vertex 38.52394104003906 -53.13749694824219 -6.31731653213501
vertex 38.307167053222656 -51.9375 -5.992893218994141
endloop
endfacet
facet normal -0.8314681213622869 0 -0.5555724643629031
outer loop
vertex 38.307167053222656 -53.13749694824219 -5.992893218994141
vertex 38.307167053222656 -51.9375 -5.992893218994141
vertex 38.52394104003906 -53.13749694824219 -6.31731653213501
endloop
endfacet
facet normal -0.9807843744785476 0 -0.1950948763518
outer loop
vertex 38.60006332397461 -51.9375 -6.699999809265137
vertex 38.60006332397461 -53.13749694824219 -6.699999809265137
vertex 38.52394104003906 -51.9375 -6.31731653213501
endloop
endfacet
facet normal -0.9807843744785476 0 -0.1950948763518
outer loop
vertex 38.60006332397461 -53.13749694824219 -6.699999809265137
vertex 38.52394104003906 -53.13749694824219 -6.31731653213501
vertex 38.52394104003906 -51.9375 -6.31731653213501
endloop
endfacet
facet normal 0.19509040787318935 0 0.9807852633251953
outer loop
vertex 29.717378616333008 -53.13749694824219 -9.123879432678223
vertex 30.100061416625977 -53.13749694824219 -9.199999809265137
vertex 30.100061416625977 -51.9375 -9.199999809265137
endloop
endfacet
facet normal 0.5555690810033217 0 0.8314703820540599
outer loop
vertex 29.392953872680664 -53.13749694824219 -8.907106399536133
vertex 29.717378616333008 -53.13749694824219 -9.123879432678223
vertex 29.717378616333008 -51.9375 -9.123879432678223
endloop
endfacet
facet normal -1 0 0
outer loop
vertex 38.60006332397461 -51.9375 -6.699999809265137
vertex 38.60006332397461 -53.13749694824219 -8.199999809265137
vertex 38.60006332397461 -53.13749694824219 -6.699999809265137
endloop
endfacet
facet normal -1 0 0
outer loop
vertex 38.60006332397461 -51.9375 -8.199999809265137
vertex 38.60006332397461 -53.13749694824219 -8.199999809265137
vertex 38.60006332397461 -51.9375 -6.699999809265137
endloop
endfacet
facet normal 0.19509040787318935 0 0.9807852633251953
outer loop
vertex 29.717378616333008 -51.9375 -9.123879432678223
vertex 29.717378616333008 -53.13749694824219 -9.123879432678223
vertex 30.100061416625977 -51.9375 -9.199999809265137
endloop
endfacet
facet normal 0.5555690810033217 0 0.8314703820540599
outer loop
vertex 29.392953872680664 -53.13749694824219 -8.907106399536133
vertex 29.717378616333008 -51.9375 -9.123879432678223
vertex 29.392953872680664 -51.9375 -8.907106399536133
endloop
endfacet
facet normal 1 0 0
outer loop
vertex 29.100061416625977 -53.13749694824219 -6.699999809265137
vertex 29.100061416625977 -51.9375 -8.199999809265137
vertex 29.100061416625977 -51.9375 -6.699999809265137
endloop
endfacet
facet normal 0.9807853098383859 0 -0.19509017403555012
outer loop
vertex 29.100061416625977 -53.13749694824219 -6.699999809265137
vertex 29.100061416625977 -51.9375 -6.699999809265137
vertex 29.17618179321289 -53.13749694824219 -6.31731653213501
endloop
endfacet
facet normal -0.19509158345481065 0 -0.9807850294866325
outer loop
vertex 37.60006332397461 -53.13749694824219 -5.699999809265137
vertex 37.60006332397461 -51.9375 -5.699999809265137
vertex 37.98274612426758 -53.13749694824219 -5.776120662689209
endloop
endfacet
facet normal 0.9807851694510031 0 0.1950908798098134
outer loop
vertex 7.350061416625977 -56.23666000366211 -9.949999809265137
vertex 7.464242458343506 -56.236663818359375 -10.524024963378906
vertex 7.464242458343506 -53.13749694824219 -10.524024963378906
endloop
endfacet
facet normal 0 -1 0
outer loop
vertex 19.600061416625977 -53.13749694824219 -6.699999809265137
vertex 20.850061416625977 -53.13749694824219 -11.449999809265137
vertex 22.051481246948242 -53.13749694824219 -4.099999904632568
endloop
endfacet
facet normal 0 -1 0
outer loop
vertex 7.789401531219482 -53.13749694824219 -11.010660171508789
vertex 8.276036262512207 -53.13749694824219 -11.335819244384766
vertex 7.648642539978027 -53.13749694824219 -4.099999904632568
endloop
endfacet
facet normal 0 -1 0
outer loop
vertex 7.464242458343506 -53.13749694824219 -10.524024963378906
vertex 7.789401531219482 -53.13749694824219 -11.010660171508789
vertex 7.464242458343506 -53.13749694824219 -4.375974655151367
endloop
endfacet
facet normal 0 -1 0
outer loop
vertex 7.350061416625977 -53.13749694824219 -9.949999809265137
vertex 7.464242458343506 -53.13749694824219 -10.524024963378906
vertex 7.350061416625977 -53.13749694824219 -4.949999809265137
endloop
endfacet
facet normal -0.5555718102198659 0 -0.8314685584488576
outer loop
vertex 21.424087524414062 -53.75650405883789 -3.564180612564087
vertex 21.910720825195312 -56.2373046875 -3.8893399238586426
vertex 21.424087524414062 -56.237281799316406 -3.564180612564087
endloop
endfacet
facet normal -0.19508978430737248 0 -0.9807853873599988
outer loop
vertex 21.424087524414062 -56.237281799316406 -3.564180612564087
vertex 20.850061416625977 -56.23725509643555 -3.450000047683716
vertex 20.850061416625977 -53.75649642944336 -3.450000047683716
endloop
endfacet
facet normal -0.1950897843073725 0 -0.9807853873599988
outer loop
vertex 21.424087524414062 -53.75650405883789 -3.564180612564087
vertex 21.424087524414062 -56.237281799316406 -3.564180612564087
vertex 20.850061416625977 -53.75649642944336 -3.450000047683716
endloop
endfacet
facet normal -0.8314720920987764 0 -0.5555665217243422
outer loop
vertex 22.051481246948242 -53.13749694824219 -4.099999904632568
vertex 22.23587989807129 -53.13749694824219 -4.375974655151367
vertex 22.051481246948242 -53.75651550292969 -4.099999904632568
endloop
endfacet
facet normal 0 -1 0
outer loop
vertex 7.648642539978027 -53.13749694824219 -4.099999904632568
vertex 8.850061416625977 -53.13749694824219 -11.449999809265137
vertex 10.17618179321289 -53.13749694824219 -8.582683563232422
endloop
endfacet
facet normal -0.5555718102198659 0 -0.8314685584488576
outer loop
vertex 21.910720825195312 -53.75651168823242 -3.8893399238586426
vertex 21.910720825195312 -56.2373046875 -3.8893399238586426
vertex 21.424087524414062 -53.75650405883789 -3.564180612564087
endloop
endfacet
facet normal -0.8314695010489662 0 -0.5555703995223135
outer loop
vertex 21.910720825195312 -53.75651168823242 -3.8893399238586426
vertex 22.23587989807129 -56.23731994628906 -4.375974655151367
vertex 21.910720825195312 -56.2373046875 -3.8893399238586426
endloop
endfacet
facet normal -0.831466106632706 0.000001441409842729126 -0.5555754795875821
outer loop
vertex 22.051481246948242 -53.75651550292969 -4.099999904632568
vertex 22.23587989807129 -56.23731994628906 -4.375974655151367
vertex 21.910720825195312 -53.75651168823242 -3.8893399238586426
endloop
endfacet
facet normal -0.8314720920987764 0 -0.5555665217243422
outer loop
vertex 22.23587989807129 -53.13749694824219 -4.375974655151367
vertex 22.23587989807129 -56.23731994628906 -4.375974655151367
vertex 22.051481246948242 -53.75651550292969 -4.099999904632568
endloop
endfacet
facet normal 0 -1 0
outer loop
vertex 8.850061416625977 -53.13749694824219 -11.449999809265137
vertex 10.717377662658691 -53.13749694824219 -9.123879432678223
vertex 10.39295482635498 -53.13749694824219 -8.907106399536133
endloop
endfacet
facet normal 0 -1 0
outer loop
vertex 11.100061416625977 -53.13749694824219 -9.199999809265137
vertex 10.717377662658691 -53.13749694824219 -9.123879432678223
vertex 8.850061416625977 -53.13749694824219 -11.449999809265137
endloop
endfacet
facet normal 0 -1 0
outer loop
vertex 8.276036262512207 -53.13749694824219 -11.335819244384766
vertex 8.850061416625977 -53.13749694824219 -11.449999809265137
vertex 7.648642539978027 -53.13749694824219 -4.099999904632568
endloop
endfacet
facet normal 0 0 1
outer loop
vertex 20.850061416625977 -53.13749694824219 -11.449999809265137
vertex 8.850061416625977 -55.59976577758789 -11.449999809265137
vertex 20.850061416625977 -55.6003303527832 -11.449999809265137
endloop
endfacet
facet normal 0 -1 0
outer loop
vertex 22.051481246948242 -53.13749694824219 -4.099999904632568
vertex 18.600061416625977 -53.13749694824219 -5.699999809265137
vertex 18.982744216918945 -53.13749694824219 -5.776120662689209
endloop
endfacet
facet normal -0.9807850135586839 0 -0.1950916635294606
outer loop
vertex 22.23587989807129 -53.13749694824219 -4.375974655151367
vertex 22.350061416625977 -56.23732376098633 -4.949999809265137
vertex 22.23587989807129 -56.23731994628906 -4.375974655151367
endloop
endfacet
facet normal 0 -1 0
outer loop
vertex 20.850061416625977 -53.13749694824219 -11.449999809265137
vertex 21.424087524414062 -53.13749694824219 -11.335819244384766
vertex 22.051481246948242 -53.13749694824219 -4.099999904632568
endloop
endfacet
facet normal 0 -1 0
outer loop
vertex 8.850061416625977 -53.13749694824219 -11.449999809265137
vertex 10.39295482635498 -53.13749694824219 -8.907106399536133
vertex 10.17618179321289 -53.13749694824219 -8.582683563232422
endloop
endfacet
facet normal 0 0 1
outer loop
vertex 8.850061416625977 -53.13749694824219 -11.449999809265137
vertex 8.850061416625977 -55.59976577758789 -11.449999809265137
vertex 20.850061416625977 -53.13749694824219 -11.449999809265137
endloop
endfacet
facet normal 0.5555703995223136 0 0.8314695010489663
outer loop
vertex 7.789401531219482 -56.09109115600586 -11.010660171508789
vertex 8.276036262512207 -53.13749694824219 -11.335819244384766
vertex 7.789401531219482 -53.13749694824219 -11.010660171508789
endloop
endfacet
facet normal 0.8314699321691708 0 0.5555697543050689
outer loop
vertex 7.464242458343506 -56.236663818359375 -10.524024963378906
vertex 7.702424049377441 -56.23667526245117 -10.880489349365234
vertex 7.464242458343506 -53.13749694824219 -10.524024963378906
endloop
endfacet
facet normal 0 -1 0
outer loop
vertex 19.523941040039062 -53.13749694824219 -8.582683563232422
vertex 20.850061416625977 -53.13749694824219 -11.449999809265137
vertex 19.600061416625977 -53.13749694824219 -8.199999809265137
endloop
endfacet
facet normal 0 -1 0
outer loop
vertex 19.30716896057129 -53.13749694824219 -8.907106399536133
vertex 20.850061416625977 -53.13749694824219 -11.449999809265137
vertex 19.523941040039062 -53.13749694824219 -8.582683563232422
endloop
endfacet
facet normal -0.9807850135586839 0 -0.1950916635294606
outer loop
vertex 22.350061416625977 -53.13749694824219 -4.949999809265137
vertex 22.350061416625977 -56.23732376098633 -4.949999809265137
vertex 22.23587989807129 -53.13749694824219 -4.375974655151367
endloop
endfacet
facet normal 0.8314697525217956 -4.473064988113764e-8 0.5555700231666052
outer loop
vertex 7.702424049377441 -56.23667526245117 -10.880489349365234
vertex 7.789401531219482 -53.13749694824219 -11.010660171508789
vertex 7.464242458343506 -53.13749694824219 -10.524024963378906
endloop
endfacet
facet normal 0 -1 0
outer loop
vertex 18.982744216918945 -53.13749694824219 -9.123879432678223
vertex 20.850061416625977 -53.13749694824219 -11.449999809265137
vertex 19.30716896057129 -53.13749694824219 -8.907106399536133
endloop
endfacet
facet normal 0 -1 0
outer loop
vertex 18.600061416625977 -53.13749694824219 -9.199999809265137
vertex 20.850061416625977 -53.13749694824219 -11.449999809265137
vertex 18.982744216918945 -53.13749694824219 -9.123879432678223
endloop
endfacet
facet normal -0.9807850135586839 0 0.1950916635294606
outer loop
vertex 22.350061416625977 -53.13749694824219 -9.949999809265137
vertex 22.23587989807129 -56.23731994628906 -10.524024963378906
vertex 22.350061416625977 -56.23732376098633 -9.949999809265137
endloop
endfacet
facet normal -0.9807850135586839 0 0.1950916635294606
outer loop
vertex 22.23587989807129 -53.13749694824219 -10.524024963378906
vertex 22.23587989807129 -56.23731994628906 -10.524024963378906
vertex 22.350061416625977 -53.13749694824219 -9.949999809265137
endloop
endfacet
facet normal 1 0 0
outer loop
vertex 7.350061416625977 -56.23666000366211 -4.949999809265137
vertex 7.350061416625977 -53.13749694824219 -9.949999809265137
vertex 7.350061416625977 -53.13749694824219 -4.949999809265137
endloop
endfacet
facet normal 0 -1 0
outer loop
vertex 19.30716896057129 -53.13749694824219 -5.992893218994141
vertex 19.523941040039062 -53.13749694824219 -6.31731653213501
vertex 22.051481246948242 -53.13749694824219 -4.099999904632568
endloop
endfacet
facet normal 0 -1 0
outer loop
vertex 7.350061416625977 -53.13749694824219 -4.949999809265137
vertex 7.464242458343506 -53.13749694824219 -10.524024963378906
vertex 7.464242458343506 -53.13749694824219 -4.375974655151367
endloop
endfacet
facet normal 0 -1 0
outer loop
vertex 18.982744216918945 -53.13749694824219 -5.776120662689209
vertex 19.30716896057129 -53.13749694824219 -5.992893218994141
vertex 22.051481246948242 -53.13749694824219 -4.099999904632568
endloop
endfacet
facet normal 0 -1 0
outer loop
vertex 7.464242458343506 -53.13749694824219 -4.375974655151367
vertex 7.789401531219482 -53.13749694824219 -11.010660171508789
vertex 7.648642539978027 -53.13749694824219 -4.099999904632568
endloop
endfacet
facet normal 0 -1 0
outer loop
vertex 19.600061416625977 -53.13749694824219 -6.699999809265137
vertex 22.051481246948242 -53.13749694824219 -4.099999904632568
vertex 19.523941040039062 -53.13749694824219 -6.31731653213501
endloop
endfacet
facet normal 0.831469260569021 0 0.5555707594256607
outer loop
vertex 7.702424049377441 -56.23667526245117 -10.880489349365234
vertex 7.789401531219482 -56.09109115600586 -11.010660171508789
vertex 7.789401531219482 -53.13749694824219 -11.010660171508789
endloop
endfacet
facet normal 0.1950900960897925 0 0.9807853253427457
outer loop
vertex 8.276036262512207 -53.13749694824219 -11.335819244384766
vertex 8.276036262512207 -55.72744369506836 -11.335819244384766
vertex 8.850061416625977 -53.13749694824219 -11.449999809265137
endloop
endfacet
facet normal 0.5555703995223135 0 0.8314695010489662
outer loop
vertex 7.789401531219482 -56.09109115600586 -11.010660171508789
vertex 8.276036262512207 -55.72744369506836 -11.335819244384766
vertex 8.276036262512207 -53.13749694824219 -11.335819244384766
endloop
endfacet
facet normal 0.1950900960897925 0 0.9807853253427458
outer loop
vertex 8.276036262512207 -55.72744369506836 -11.335819244384766
vertex 8.850061416625977 -55.59976577758789 -11.449999809265137
vertex 8.850061416625977 -53.13749694824219 -11.449999809265137
endloop
endfacet
facet normal 0 -1 0
outer loop
vertex 7.648642539978027 -53.13749694824219 -4.099999904632568
vertex 10.100061416625977 -53.13749694824219 -6.699999809265137
vertex 10.17618179321289 -53.13749694824219 -6.31731653213501
endloop
endfacet
facet normal 0 0 -1
outer loop
vertex 20.850061416625977 -56.23725509643555 -3.450000047683716
vertex 8.850061416625977 -53.756309509277344 -3.450000047683716
vertex 20.850061416625977 -53.75649642944336 -3.450000047683716
endloop
endfacet
facet normal 0 0 -1
outer loop
vertex 20.850061416625977 -56.23725509643555 -3.450000047683716
vertex 8.850061416625977 -56.236724853515625 -3.450000047683716
vertex 8.850061416625977 -53.756309509277344 -3.450000047683716
endloop
endfacet
facet normal 0 -1 0
outer loop
vertex 7.648642539978027 -53.13749694824219 -4.099999904632568
vertex 10.17618179321289 -53.13749694824219 -8.582683563232422
vertex 10.100061416625977 -53.13749694824219 -8.199999809265137
endloop
endfacet
facet normal 0.1950900960897925 0 -0.9807853253427457
outer loop
vertex 8.850061416625977 -56.236724853515625 -3.450000047683716
vertex 8.276036262512207 -53.75630187988281 -3.564180612564087
vertex 8.850061416625977 -53.756309509277344 -3.450000047683716
endloop
endfacet
facet normal 0.1950900960897925 0 -0.9807853253427457
outer loop
vertex 8.850061416625977 -56.236724853515625 -3.450000047683716
vertex 8.276036262512207 -56.23670196533203 -3.564180612564087
vertex 8.276036262512207 -53.75630187988281 -3.564180612564087
endloop
endfacet
facet normal 0.5555706811503046 0 -0.8314693128710082
outer loop
vertex 8.276036262512207 -56.23670196533203 -3.564180612564087
vertex 7.789401531219482 -53.75629425048828 -3.8893399238586426
vertex 8.276036262512207 -53.75630187988281 -3.564180612564087
endloop
endfacet
facet normal 0.8314701011800003 0 -0.5555695013620887
outer loop
vertex 7.648642539978027 -53.13749694824219 -4.099999904632568
vertex 7.648642539978027 -53.756290435791016 -4.099999904632568
vertex 7.464242458343506 -53.13749694824219 -4.375974655151367
endloop
endfacet
facet normal 0.5555706811503046 0 -0.8314693128710082
outer loop
vertex 8.276036262512207 -56.23670196533203 -3.564180612564087
vertex 7.789401531219482 -56.23667907714844 -3.8893399238586426
vertex 7.789401531219482 -53.75629425048828 -3.8893399238586426
endloop
endfacet
facet normal 0.8314687148481658 0 -0.5555715761526498
outer loop
vertex 7.789401531219482 -56.23667907714844 -3.8893399238586426
vertex 7.648642539978027 -53.756290435791016 -4.099999904632568
vertex 7.789401531219482 -53.75629425048828 -3.8893399238586426
endloop
endfacet
facet normal 0.8314704272809781 3.148407424759976e-7 -0.5555690133161574
outer loop
vertex 7.789401531219482 -56.23667907714844 -3.8893399238586426
vertex 7.464242458343506 -53.13749694824219 -4.375974655151367
vertex 7.648642539978027 -53.756290435791016 -4.099999904632568
endloop
endfacet
facet normal 0.8314695010489663 0 -0.5555703995223136
outer loop
vertex 7.789401531219482 -56.23667907714844 -3.8893399238586426
vertex 7.464242458343506 -56.236663818359375 -4.375974655151367
vertex 7.464242458343506 -53.13749694824219 -4.375974655151367
endloop
endfacet
facet normal 0 -1 0
outer loop
vertex 7.648642539978027 -53.13749694824219 -4.099999904632568
vertex 11.100061416625977 -53.13749694824219 -5.699999809265137
vertex 22.051481246948242 -53.13749694824219 -4.099999904632568
endloop
endfacet
facet normal 0 -1 0
outer loop
vertex 11.100061416625977 -53.13749694824219 -5.699999809265137
vertex 18.600061416625977 -53.13749694824219 -5.699999809265137
vertex 22.051481246948242 -53.13749694824219 -4.099999904632568
endloop
endfacet
facet normal -0.8314697525217963 0 0.5555700231666056
outer loop
vertex 21.910720825195312 -53.13749694824219 -11.010660171508789
vertex 21.910720825195312 -56.09175491333008 -11.010660171508789
vertex 22.23587989807129 -53.13749694824219 -10.524024963378906
endloop
endfacet
facet normal 0 -1 0
outer loop
vertex 8.850061416625977 -53.13749694824219 -11.449999809265137
vertex 20.850061416625977 -53.13749694824219 -11.449999809265137
vertex 18.600061416625977 -53.13749694824219 -9.199999809265137
endloop
endfacet
facet normal 0.9807851694510031 0 0.1950908798098134
outer loop
vertex 7.350061416625977 -56.23666000366211 -9.949999809265137
vertex 7.464242458343506 -53.13749694824219 -10.524024963378906
vertex 7.350061416625977 -53.13749694824219 -9.949999809265137
endloop
endfacet
facet normal 0 -1 0
outer loop
vertex 22.051481246948242 -53.13749694824219 -4.099999904632568
vertex 22.23587989807129 -53.13749694824219 -10.524024963378906
vertex 22.23587989807129 -53.13749694824219 -4.375974655151367
endloop
endfacet
facet normal 0 -1 0
outer loop
vertex 22.23587989807129 -53.13749694824219 -4.375974655151367
vertex 22.350061416625977 -53.13749694824219 -9.949999809265137
vertex 22.350061416625977 -53.13749694824219 -4.949999809265137
endloop
endfacet
facet normal 1 0 0
outer loop
vertex 7.350061416625977 -56.23666000366211 -4.949999809265137
vertex 7.350061416625977 -56.23666000366211 -9.949999809265137
vertex 7.350061416625977 -53.13749694824219 -9.949999809265137
endloop
endfacet
facet normal 0.9807851694510031 0 -0.1950908798098134
outer loop
vertex 7.464242458343506 -56.236663818359375 -4.375974655151367
vertex 7.350061416625977 -53.13749694824219 -4.949999809265137
vertex 7.464242458343506 -53.13749694824219 -4.375974655151367
endloop
endfacet
facet normal -1 0 0
outer loop
vertex 22.350061416625977 -53.13749694824219 -4.949999809265137
vertex 22.350061416625977 -56.23732376098633 -9.949999809265137
vertex 22.350061416625977 -56.23732376098633 -4.949999809265137
endloop
endfacet
facet normal -0.831470160864032 0 0.5555694120384425
outer loop
vertex 22.23587989807129 -53.13749694824219 -10.524024963378906
vertex 21.9976749420166 -56.237308502197266 -10.880524635314941
vertex 22.23587989807129 -56.23731994628906 -10.524024963378906
endloop
endfacet
facet normal -0.8314688079212522 -3.3683519975479343e-7 0.555571436859292
outer loop
vertex 21.910720825195312 -56.09175491333008 -11.010660171508789
vertex 21.9976749420166 -56.237308502197266 -10.880524635314941
vertex 22.23587989807129 -53.13749694824219 -10.524024963378906
endloop
endfacet
facet normal 0.9807851694510031 0 -0.1950908798098134
outer loop
vertex 7.464242458343506 -56.236663818359375 -4.375974655151367
vertex 7.350061416625977 -56.23666000366211 -4.949999809265137
vertex 7.350061416625977 -53.13749694824219 -4.949999809265137
endloop
endfacet
facet normal 0 -1 0
outer loop
vertex 7.648642539978027 -53.13749694824219 -4.099999904632568
vertex 10.100061416625977 -53.13749694824219 -8.199999809265137
vertex 10.100061416625977 -53.13749694824219 -6.699999809265137
endloop
endfacet
facet normal 0 -1 0
outer loop
vertex 7.648642539978027 -53.13749694824219 -4.099999904632568
vertex 10.717377662658691 -53.13749694824219 -5.776120662689209
vertex 11.100061416625977 -53.13749694824219 -5.699999809265137
endloop
endfacet
facet normal -1 0 0
outer loop
vertex 22.350061416625977 -53.13749694824219 -9.949999809265137
vertex 22.350061416625977 -56.23732376098633 -9.949999809265137
vertex 22.350061416625977 -53.13749694824219 -4.949999809265137
endloop
endfacet
facet normal -0.19508978430737248 0 0.9807853873599988
outer loop
vertex 20.850061416625977 -55.6003303527832 -11.449999809265137
vertex 21.424087524414062 -55.72806167602539 -11.335819244384766
vertex 21.424087524414062 -53.13749694824219 -11.335819244384766
endloop
endfacet
facet normal -0.5555715285918135 0 0.8314687466274098
outer loop
vertex 21.910720825195312 -53.13749694824219 -11.010660171508789
vertex 21.424087524414062 -55.72806167602539 -11.335819244384766
vertex 21.910720825195312 -56.09175491333008 -11.010660171508789
endloop
endfacet
facet normal 0 -1 0
outer loop
vertex 19.600061416625977 -53.13749694824219 -8.199999809265137
vertex 20.850061416625977 -53.13749694824219 -11.449999809265137
vertex 19.600061416625977 -53.13749694824219 -6.699999809265137
endloop
endfacet
facet normal 0 -1 0
outer loop
vertex 22.051481246948242 -53.13749694824219 -4.099999904632568
vertex 21.424087524414062 -53.13749694824219 -11.335819244384766
vertex 21.910720825195312 -53.13749694824219 -11.010660171508789
endloop
endfacet
facet normal 0 -1 0
outer loop
vertex 7.648642539978027 -53.13749694824219 -4.099999904632568
vertex 10.39295482635498 -53.13749694824219 -5.992893218994141
vertex 10.717377662658691 -53.13749694824219 -5.776120662689209
endloop
endfacet
facet normal 0 -1 0
outer loop
vertex 7.648642539978027 -53.13749694824219 -4.099999904632568
vertex 10.17618179321289 -53.13749694824219 -6.31731653213501
vertex 10.39295482635498 -53.13749694824219 -5.992893218994141
endloop
endfacet
facet normal 0 -1 0
outer loop
vertex 22.051481246948242 -53.13749694824219 -4.099999904632568
vertex 21.910720825195312 -53.13749694824219 -11.010660171508789
vertex 22.23587989807129 -53.13749694824219 -10.524024963378906
endloop
endfacet
facet normal 0 -1 0
outer loop
vertex 22.23587989807129 -53.13749694824219 -10.524024963378906
vertex 22.350061416625977 -53.13749694824219 -9.949999809265137
vertex 22.23587989807129 -53.13749694824219 -4.375974655151367
endloop
endfacet
facet normal -0.5555715285918135 0 0.8314687466274097
outer loop
vertex 21.424087524414062 -53.13749694824219 -11.335819244384766
vertex 21.424087524414062 -55.72806167602539 -11.335819244384766
vertex 21.910720825195312 -53.13749694824219 -11.010660171508789
endloop
endfacet
facet normal -0.1950897843073725 0 0.9807853873599989
outer loop
vertex 20.850061416625977 -53.13749694824219 -11.449999809265137
vertex 20.850061416625977 -55.6003303527832 -11.449999809265137
vertex 21.424087524414062 -53.13749694824219 -11.335819244384766
endloop
endfacet
facet normal 0 -1 0
outer loop
vertex 11.100061416625977 -53.13749694824219 -9.199999809265137
vertex 8.850061416625977 -53.13749694824219 -11.449999809265137
vertex 18.600061416625977 -53.13749694824219 -9.199999809265137
endloop
endfacet
facet normal -1 0 0
outer loop
vertex 19.600061416625977 -51.9375 -6.699999809265137
vertex 19.600061416625977 -53.13749694824219 -8.199999809265137
vertex 19.600061416625977 -53.13749694824219 -6.699999809265137
endloop
endfacet
facet normal -1 0 0
outer loop
vertex 19.600061416625977 -51.9375 -8.199999809265137
vertex 19.600061416625977 -53.13749694824219 -8.199999809265137
vertex 19.600061416625977 -51.9375 -6.699999809265137
endloop
endfacet
facet normal 0.8314692504297169 0 -0.5555707746001806
outer loop
vertex 10.39295482635498 -53.13749694824219 -5.992893218994141
vertex 10.17618179321289 -51.9375 -6.31731653213501
vertex 10.39295482635498 -51.9375 -5.992893218994141
endloop
endfacet
facet normal 0.19509111577748658 0 -0.9807851225139457
outer loop
vertex 11.100061416625977 -53.13749694824219 -5.699999809265137
vertex 10.717377662658691 -51.9375 -5.776120662689209
vertex 11.100061416625977 -51.9375 -5.699999809265137
endloop
endfacet
facet normal -0.9807853563514094 0 0.19508994019846038
outer loop
vertex 19.523941040039062 -51.9375 -8.582683563232422
vertex 19.523941040039062 -53.13749694824219 -8.582683563232422
vertex 19.600061416625977 -51.9375 -8.199999809265137
endloop
endfacet
facet normal -0.9807853563514094 0 0.19508994019846038
outer loop
vertex 19.600061416625977 -53.13749694824219 -8.199999809265137
vertex 19.600061416625977 -51.9375 -8.199999809265137
vertex 19.523941040039062 -53.13749694824219 -8.582683563232422
endloop
endfacet
facet normal 0.8314692504297169 0 -0.5555707746001806
outer loop
vertex 10.17618179321289 -53.13749694824219 -6.31731653213501
vertex 10.17618179321289 -51.9375 -6.31731653213501
vertex 10.39295482635498 -53.13749694824219 -5.992893218994141
endloop
endfacet
facet normal -0.8314700022881474 0 0.5555696493644593
outer loop
vertex 19.30716896057129 -51.9375 -8.907106399536133
vertex 19.30716896057129 -53.13749694824219 -8.907106399536133
vertex 19.523941040039062 -51.9375 -8.582683563232422
endloop
endfacet
facet normal -0.8314700022881474 0 0.5555696493644593
outer loop
vertex 19.523941040039062 -53.13749694824219 -8.582683563232422
vertex 19.523941040039062 -51.9375 -8.582683563232422
vertex 19.30716896057129 -53.13749694824219 -8.907106399536133
endloop
endfacet
facet normal 0.9807853098383859 0 -0.19509017403555012
outer loop
vertex 10.17618179321289 -53.13749694824219 -6.31731653213501
vertex 10.100061416625977 -51.9375 -6.699999809265137
vertex 10.17618179321289 -51.9375 -6.31731653213501
endloop
endfacet
facet normal 0 0 -1
outer loop
vertex 11.100061416625977 -51.9375 -5.699999809265137
vertex 18.600061416625977 -53.13749694824219 -5.699999809265137
vertex 11.100061416625977 -53.13749694824219 -5.699999809265137
endloop
endfacet
facet normal 0.5555704942502148 0 -0.831469437753771
outer loop
vertex 10.717377662658691 -53.13749694824219 -5.776120662689209
vertex 10.39295482635498 -51.9375 -5.992893218994141
vertex 10.717377662658691 -51.9375 -5.776120662689209
endloop
endfacet
facet normal 0 0 1
outer loop
vertex 18.600061416625977 -51.9375 -9.199999809265137
vertex 11.100061416625977 -53.13749694824219 -9.199999809265137
vertex 18.600061416625977 -53.13749694824219 -9.199999809265137
endloop
endfacet
facet normal 0 0 1
outer loop
vertex 11.100061416625977 -51.9375 -9.199999809265137
vertex 11.100061416625977 -53.13749694824219 -9.199999809265137
vertex 18.600061416625977 -51.9375 -9.199999809265137
endloop
endfacet
facet normal 0 0 -1
outer loop
vertex 18.600061416625977 -53.13749694824219 -5.699999809265137
vertex 11.100061416625977 -51.9375 -5.699999809265137
vertex 18.600061416625977 -51.9375 -5.699999809265137
endloop
endfacet
facet normal 0.9807853098383859 0 -0.19509017403555012
outer loop
vertex 10.100061416625977 -53.13749694824219 -6.699999809265137
vertex 10.100061416625977 -51.9375 -6.699999809265137
vertex 10.17618179321289 -53.13749694824219 -6.31731653213501
endloop
endfacet
facet normal -0.9807853098383859 0 -0.19509017403555012
outer loop
vertex 19.523941040039062 -53.13749694824219 -6.31731653213501
vertex 19.523941040039062 -51.9375 -6.31731653213501
vertex 19.600061416625977 -53.13749694824219 -6.699999809265137
endloop
endfacet
facet normal -0.9807853098383859 0 -0.19509017403555012
outer loop
vertex 19.600061416625977 -51.9375 -6.699999809265137
vertex 19.600061416625977 -53.13749694824219 -6.699999809265137
vertex 19.523941040039062 -51.9375 -6.31731653213501
endloop
endfacet
facet normal -0.8314703794967792 0 -0.5555690848305744
outer loop
vertex 19.30716896057129 -53.13749694824219 -5.992893218994141
vertex 19.30716896057129 -51.9375 -5.992893218994141
vertex 19.523941040039062 -53.13749694824219 -6.31731653213501
endloop
endfacet
facet normal 0.5555704942502148 0 -0.831469437753771
outer loop
vertex 10.39295482635498 -53.13749694824219 -5.992893218994141
vertex 10.39295482635498 -51.9375 -5.992893218994141
vertex 10.717377662658691 -53.13749694824219 -5.776120662689209
endloop
endfacet
facet normal 0.5555713391342493 0 0.8314688732193027
outer loop
vertex 10.39295482635498 -53.13749694824219 -8.907106399536133
vertex 10.717377662658691 -51.9375 -9.123879432678223
vertex 10.39295482635498 -51.9375 -8.907106399536133
endloop
endfacet
facet normal -0.8314703794967792 0 -0.5555690848305744
outer loop
vertex 19.523941040039062 -51.9375 -6.31731653213501
vertex 19.523941040039062 -53.13749694824219 -6.31731653213501
vertex 19.30716896057129 -51.9375 -5.992893218994141
endloop
endfacet
facet normal 1 0 0
outer loop
vertex 10.100061416625977 -53.13749694824219 -6.699999809265137
vertex 10.100061416625977 -51.9375 -8.199999809265137
vertex 10.100061416625977 -51.9375 -6.699999809265137
endloop
endfacet
facet normal -0.5555682361196549 0 -0.8314709465849636
outer loop
vertex 18.982744216918945 -53.13749694824219 -5.776120662689209
vertex 18.982744216918945 -51.9375 -5.776120662689209
vertex 19.30716896057129 -53.13749694824219 -5.992893218994141
endloop
endfacet
facet normal -0.19509158345481065 0 -0.9807850294866325
outer loop
vertex 18.600061416625977 -53.13749694824219 -5.699999809265137
vertex 18.600061416625977 -51.9375 -5.699999809265137
vertex 18.982744216918945 -53.13749694824219 -5.776120662689209
endloop
endfacet
facet normal -0.5555682361196549 0 -0.8314709465849636
outer loop
vertex 19.30716896057129 -51.9375 -5.992893218994141
vertex 19.30716896057129 -53.13749694824219 -5.992893218994141
vertex 18.982744216918945 -51.9375 -5.776120662689209
endloop
endfacet
facet normal -0.19509158345481065 0 -0.9807850294866325
outer loop
vertex 18.600061416625977 -51.9375 -5.699999809265137
vertex 18.982744216918945 -51.9375 -5.776120662689209
vertex 18.982744216918945 -53.13749694824219 -5.776120662689209
endloop
endfacet
facet normal 1 0 0
outer loop
vertex 10.100061416625977 -53.13749694824219 -8.199999809265137
vertex 10.100061416625977 -51.9375 -8.199999809265137
vertex 10.100061416625977 -53.13749694824219 -6.699999809265137
endloop
endfacet
facet normal -0.19509040787318935 0 0.9807852633251953
outer loop
vertex 18.982744216918945 -53.13749694824219 -9.123879432678223
vertex 18.982744216918945 -51.9375 -9.123879432678223
vertex 18.600061416625977 -53.13749694824219 -9.199999809265137
endloop
endfacet
facet normal 0.19508994019846038 0 0.9807853563514094
outer loop
vertex 10.717377662658691 -51.9375 -9.123879432678223
vertex 10.717377662658691 -53.13749694824219 -9.123879432678223
vertex 11.100061416625977 -51.9375 -9.199999809265137
endloop
endfacet
facet normal 0.5555713391342493 0 0.8314688732193027
outer loop
vertex 10.39295482635498 -53.13749694824219 -8.907106399536133
vertex 10.717377662658691 -53.13749694824219 -9.123879432678223
vertex 10.717377662658691 -51.9375 -9.123879432678223
endloop
endfacet
facet normal -0.5555690810033217 0 0.8314703820540599
outer loop
vertex 19.30716896057129 -53.13749694824219 -8.907106399536133
vertex 19.30716896057129 -51.9375 -8.907106399536133
vertex 18.982744216918945 -53.13749694824219 -9.123879432678223
endloop
endfacet
facet normal -0.19509040787318935 0 0.9807852633251953
outer loop
vertex 18.600061416625977 -51.9375 -9.199999809265137
vertex 18.600061416625977 -53.13749694824219 -9.199999809265137
vertex 18.982744216918945 -51.9375 -9.123879432678223
endloop
endfacet
facet normal 0.19508994019846038 0 0.9807853563514094
outer loop
vertex 10.717377662658691 -53.13749694824219 -9.123879432678223
vertex 11.100061416625977 -53.13749694824219 -9.199999809265137
vertex 11.100061416625977 -51.9375 -9.199999809265137
endloop
endfacet
facet normal -0.5555690810033217 0 0.8314703820540599
outer loop
vertex 18.982744216918945 -51.9375 -9.123879432678223
vertex 18.982744216918945 -53.13749694824219 -9.123879432678223
vertex 19.30716896057129 -51.9375 -8.907106399536133
endloop
endfacet
facet normal 0.9807853563514094 0 0.19508994019846038
outer loop
vertex 10.100061416625977 -53.13749694824219 -8.199999809265137
vertex 10.17618179321289 -51.9375 -8.582683563232422
vertex 10.100061416625977 -51.9375 -8.199999809265137
endloop
endfacet
facet normal 0.19509111577748658 0 -0.9807851225139457
outer loop
vertex 10.717377662658691 -53.13749694824219 -5.776120662689209
vertex 10.717377662658691 -51.9375 -5.776120662689209
vertex 11.100061416625977 -53.13749694824219 -5.699999809265137
endloop
endfacet
facet normal 0.9807853563514094 0 0.19508994019846038
outer loop
vertex 10.17618179321289 -53.13749694824219 -8.582683563232422
vertex 10.17618179321289 -51.9375 -8.582683563232422
vertex 10.100061416625977 -53.13749694824219 -8.199999809265137
endloop
endfacet
facet normal 0.8314688732193027 0 0.5555713391342493
outer loop
vertex 10.17618179321289 -53.13749694824219 -8.582683563232422
vertex 10.39295482635498 -51.9375 -8.907106399536133
vertex 10.17618179321289 -51.9375 -8.582683563232422
endloop
endfacet
facet normal 0.8314688732193027 0 0.5555713391342493
outer loop
vertex 10.17618179321289 -53.13749694824219 -8.582683563232422
vertex 10.39295482635498 -53.13749694824219 -8.907106399536133
vertex 10.39295482635498 -51.9375 -8.907106399536133
endloop
endfacet
facet normal 0.05019170657828703 -0.10763608421820625 0.9929225881028845
outer loop
vertex 61.09358215332031 -56.00096130371094 -0.4050999879837036
vertex 60.22796630859375 -57.2800407409668 -0.5
vertex 61.49180603027344 -56.69070053100586 -0.5
endloop
endfacet
facet normal 0.04493018161238555 -0.09635326560882071 -0.9943326038035735
outer loop
vertex 59.95556640625 -56.5316276550293 -1.5949000120162964
vertex 59.84905242919922 -56.238983154296875 -1.6280709505081177
vertex 60.58308029174805 -56.239013671875 -1.5949000120162964
endloop
endfacet
facet normal 0.05019160025258474 -0.10763643539637761 -0.9929225554086512
outer loop
vertex 60.58308029174805 -56.239013671875 -1.5949000120162964
vertex 61.49180603027344 -56.69070053100586 -1.5
vertex 59.95556640625 -56.5316276550293 -1.5949000120162964
endloop
endfacet
facet normal 0.06812042405977796 -0.09728574529066172 -0.9929225002935307
outer loop
vertex 61.49180603027344 -56.69070053100586 -1.5
vertex 61.231040954589844 -56.239044189453125 -1.5621429681777954
vertex 61.99180603027344 -56.23907470703125 -1.5099469423294067
endloop
endfacet
facet normal 0.05019119607755098 -0.10763723462491871 -0.9929224891997387
outer loop
vertex 61.49180603027344 -56.69070053100586 -1.5
vertex 60.58308029174805 -56.239013671875 -1.5949000120162964
vertex 61.231040954589844 -56.239044189453125 -1.5621429681777954
endloop
endfacet
facet normal 0.04492980575037582 -0.09635306547728711 0.9943326401805199
outer loop
vertex 60.16104507446289 -55.559146881103516 -0.32014966011047363
vertex 61.09358215332031 -56.00096130371094 -0.4050999879837036
vertex 60.858673095703125 -55.594085693359375 -0.3550582528114319
endloop
endfacet
facet normal 0.03966034064938025 -0.08505244241104906 0.9955868316824455
outer loop
vertex 59.59259033203125 -55.53435516357422 -0.2953866720199585
vertex 59.68278503417969 -55.782161712646484 -0.32014966011047363
vertex 60.16104507446289 -55.559146881103516 -0.32014966011047363
endloop
endfacet
facet normal 0.02428917714198932 -0.09064711887670576 0.9955868298210446
outer loop
vertex 58.50437927246094 -55.505096435546875 -0.266173779964447
vertex 59.68278503417969 -55.782161712646484 -0.32014966011047363
vertex 59.59259033203125 -55.53435516357422 -0.2953866720199585
endloop
endfacet
facet normal 0.024289075993777606 -0.09064754205190785 0.9955867937589953
outer loop
vertex 58.50437927246094 -55.505096435546875 -0.266173779964447
vertex 58.60419464111328 -56.071170806884766 -0.32014966011047363
vertex 59.68278503417969 -55.782161712646484 -0.32014966011047363
endloop
endfacet
facet normal 0.008178949424357785 -0.0934882253672048 0.9955867900409309
outer loop
vertex 58.50437927246094 -55.505096435546875 -0.266173779964447
vertex 57.89180374145508 -56.13349533081055 -0.32014966011047363
vertex 58.60419464111328 -56.071170806884766 -0.32014966011047363
endloop
endfacet
facet normal 0.04492961500679109 -0.0963525131238483 0.9943327023235533
outer loop
vertex 59.68278503417969 -55.782161712646484 -0.32014966011047363
vertex 59.95556640625 -56.5316276550293 -0.4050999879837036
vertex 60.16104507446289 -55.559146881103516 -0.32014966011047363
endloop
endfacet
facet normal 0.027516048159649344 -0.10269069656223719 0.9943326847354654
outer loop
vertex 58.60419464111328 -56.071170806884766 -0.32014966011047363
vertex 58.74269104003906 -56.85661697387695 -0.4050999879837036
vertex 59.68278503417969 -55.782161712646484 -0.32014966011047363
endloop
endfacet
facet normal 0.06812004795341313 -0.09728499029824043 0.9929226000698624
outer loop
vertex 61.603153228759766 -55.64415740966797 -0.4050999879837036
vertex 61.99180603027344 -56.340599060058594 -0.5
vertex 61.99180603027344 -55.673736572265625 -0.434661865234375
endloop
endfacet
facet normal 0.06097882793840108 -0.08708718556716867 0.9943326428581374
outer loop
vertex 61.09358215332031 -56.00096130371094 -0.4050999879837036
vertex 61.603153228759766 -55.64415740966797 -0.4050999879837036
vertex 60.858673095703125 -55.594085693359375 -0.3550582528114319
endloop
endfacet
facet normal 0.06811946497384135 -0.09728531672479307 0.9929226080825405
outer loop
vertex 61.603153228759766 -55.64415740966797 -0.4050999879837036
vertex 61.49180603027344 -56.69070053100586 -0.5
vertex 61.99180603027344 -56.340599060058594 -0.5
endloop
endfacet
facet normal 0.0681196143285359 -0.09728533155451657 0.992922596383051
outer loop
vertex 61.09358215332031 -56.00096130371094 -0.4050999879837036
vertex 61.49180603027344 -56.69070053100586 -0.5
vertex 61.603153228759766 -55.64415740966797 -0.4050999879837036
endloop
endfacet
facet normal 1 0 0
outer loop
vertex 61.99180603027344 -56.340599060058594 -0.5
vertex 61.99180603027344 -56.23907470703125 -1
vertex 61.99180603027344 -55.673736572265625 -0.434661865234375
endloop
endfacet
facet normal 0.04493003019684697 -0.09635259848929399 0.9943326752907555
outer loop
vertex 59.95556640625 -56.5316276550293 -0.4050999879837036
vertex 61.09358215332031 -56.00096130371094 -0.4050999879837036
vertex 60.16104507446289 -55.559146881103516 -0.32014966011047363
endloop
endfacet
facet normal 0.05019157339915261 -0.1076359953039573 0.9929226044736035
outer loop
vertex 59.95556640625 -56.5316276550293 -0.4050999879837036
vertex 60.22796630859375 -57.2800407409668 -0.5
vertex 61.09358215332031 -56.00096130371094 -0.4050999879837036
endloop
endfacet
facet normal 0.027515879126116617 -0.10269055023112574 0.9943327045255755
outer loop
vertex 58.74269104003906 -56.85661697387695 -0.4050999879837036
vertex 59.95556640625 -56.5316276550293 -0.4050999879837036
vertex 59.68278503417969 -55.782161712646484 -0.32014966011047363
endloop
endfacet
facet normal 0.030738062168052558 -0.11471648956975991 0.9929226045140398
outer loop
vertex 59.95556640625 -56.5316276550293 -0.4050999879837036
vertex 58.88098907470703 -57.640960693359375 -0.5
vertex 60.22796630859375 -57.2800407409668 -0.5
endloop
endfacet
facet normal 0.00926591429267736 -0.10590871189101453 0.994332684556787
outer loop
vertex 58.60419464111328 -56.071170806884766 -0.32014966011047363
vertex 57.89180374145508 -56.931060791015625 -0.4050999879837036
vertex 58.74269104003906 -56.85661697387695 -0.4050999879837036
endloop
endfacet
facet normal 0.030738278794330765 -0.11471669678733101 0.9929225738671498
outer loop
vertex 58.74269104003906 -56.85661697387695 -0.4050999879837036
vertex 58.88098907470703 -57.640960693359375 -0.5
vertex 59.95556640625 -56.5316276550293 -0.4050999879837036
endloop
endfacet
facet normal 0.01035109264277009 -0.11831143307198261 0.9929225849408173
outer loop
vertex 58.74269104003906 -56.85661697387695 -0.4050999879837036
vertex 57.89180374145508 -57.72750473022461 -0.5
vertex 58.88098907470703 -57.640960693359375 -0.5
endloop
endfacet
facet normal 0.00817904297784012 -0.09348831576979279 0.9955867807833199
outer loop
vertex 57.89180374145508 -55.49951171875 -0.26061686873435974
vertex 57.89180374145508 -56.13349533081055 -0.32014966011047363
vertex 58.50437927246094 -55.505096435546875 -0.266173779964447
endloop
endfacet
facet normal -0.008179217124763745 -0.09348819322257587 0.9955867908601461
outer loop
vertex 56.479248046875 -55.50499725341797 -0.2661643326282501
vertex 56.379417419433594 -56.071170806884766 -0.32014966011047363
vertex 57.09180450439453 -55.499473571777344 -0.26061320304870605
endloop
endfacet
facet normal -0.008179012513975625 -0.09348844589055698 0.9955867688148857
outer loop
vertex 56.379417419433594 -56.071170806884766 -0.32014966011047363
vertex 57.09180450439453 -56.13349533081055 -0.32014966011047363
vertex 57.09180450439453 -55.499473571777344 -0.26061320304870605
endloop
endfacet
facet normal -0.024289112594223474 -0.0906476133245525 0.9955867863767314
outer loop
vertex 56.479248046875 -55.50499725341797 -0.2661643326282501
vertex 55.39109420776367 -55.534149169921875 -0.2953660488128662
vertex 56.379417419433594 -56.071170806884766 -0.32014966011047363
endloop
endfacet
facet normal 0.009265546907230283 -0.10590841102817652 0.9943327200258457
outer loop
vertex 57.89180374145508 -56.13349533081055 -0.32014966011047363
vertex 57.89180374145508 -56.931060791015625 -0.4050999879837036
vertex 58.60419464111328 -56.071170806884766 -0.32014966011047363
endloop
endfacet
facet normal -0.009265627246703552 -0.10590876221492196 0.9943326818715296
outer loop
vertex 56.379417419433594 -56.071170806884766 -0.32014966011047363
vertex 56.24092102050781 -56.85661697387695 -0.4050999879837036
vertex 57.09180450439453 -56.13349533081055 -0.32014966011047363
endloop
endfacet
facet normal -0.02428907822314478 -0.09064755037197135 0.9955867929470695
outer loop
vertex 55.39109420776367 -55.534149169921875 -0.2953660488128662
vertex 55.30082702636719 -55.782161712646484 -0.32014966011047363
vertex 56.379417419433594 -56.071170806884766 -0.32014966011047363
endloop
endfacet
facet normal -0.0396605488052265 -0.08505291569866648 0.9955867829574797
outer loop
vertex 55.39109420776367 -55.534149169921875 -0.2953660488128662
vertex 54.822059631347656 -55.55891036987305 -0.32014966011047363
vertex 55.30082702636719 -55.782161712646484 -0.32014966011047363
endloop
endfacet
facet normal -0.04492974589341869 -0.09635282427891817 0.9943326662578419
outer loop
vertex 54.822059631347656 -55.55891036987305 -0.32014966011047363
vertex 53.8900260925293 -56.00096130371094 -0.4050999879837036
vertex 55.30082702636719 -55.782161712646484 -0.32014966011047363
endloop
endfacet
facet normal -0.04492973795742692 -0.09635284077315986 0.994332665018111
outer loop
vertex 54.822059631347656 -55.55891036987305 -0.32014966011047363
vertex 54.1251335144043 -55.593746185302734 -0.3550164997577667
vertex 53.8900260925293 -56.00096130371094 -0.4050999879837036
endloop
endfacet
facet normal -0.027515963639905126 -0.1026903811320796 0.9943327196506788
outer loop
vertex 55.30082702636719 -55.782161712646484 -0.32014966011047363
vertex 55.02804183959961 -56.5316276550293 -0.4050999879837036
vertex 56.379417419433594 -56.071170806884766 -0.32014966011047363
endloop
endfacet
facet normal 0.010351017476558772 -0.11831136065763857 0.9929225943529225
outer loop
vertex 57.89180374145508 -56.931060791015625 -0.4050999879837036
vertex 57.89180374145508 -57.72750473022461 -0.5
vertex 58.74269104003906 -56.85661697387695 -0.4050999879837036
endloop
endfacet
facet normal -0.009265929478457342 -0.10590841065271965 0.9943327165008277
outer loop
vertex 56.24092102050781 -56.85661697387695 -0.4050999879837036
vertex 57.09180450439453 -56.931060791015625 -0.4050999879837036
vertex 57.09180450439453 -56.13349533081055 -0.32014966011047363
endloop
endfacet
facet normal -0.010351066279839425 -0.11831138805961072 0.9929225905790836
outer loop
vertex 56.24092102050781 -56.85661697387695 -0.4050999879837036
vertex 56.10261917114258 -57.640960693359375 -0.5
vertex 57.09180450439453 -56.931060791015625 -0.4050999879837036
endloop
endfacet
facet normal -0.01035108629984877 -0.1183113605733453 0.9929225936454951
outer loop
vertex 56.10261917114258 -57.640960693359375 -0.5
vertex 57.09180450439453 -57.72750473022461 -0.5
vertex 57.09180450439453 -56.931060791015625 -0.4050999879837036
endloop
endfacet
facet normal -0.06097886965970586 -0.08708680574840305 0.9943326735653236
outer loop
vertex 54.1251335144043 -55.593746185302734 -0.3550164997577667
vertex 53.379940032958984 -55.643795013427734 -0.4050999879837036
vertex 53.8900260925293 -56.00096130371094 -0.4050999879837036
endloop
endfacet
facet normal -0.027515841608460975 -0.1026907331921093 0.9943326866683228
outer loop
vertex 55.02804183959961 -56.5316276550293 -0.4050999879837036
vertex 56.24092102050781 -56.85661697387695 -0.4050999879837036
vertex 56.379417419433594 -56.071170806884766 -0.32014966011047363
endloop
endfacet
facet normal -0.030738158599630198 -0.1147166090169944 0.9929225877285429
outer loop
vertex 55.02804183959961 -56.5316276550293 -0.4050999879837036
vertex 54.755645751953125 -57.2800407409668 -0.5
vertex 56.24092102050781 -56.85661697387695 -0.4050999879837036
endloop
endfacet
facet normal -0.030738170396299697 -0.11471656860160676 0.9929225920327128
outer loop
vertex 54.755645751953125 -57.2800407409668 -0.5
vertex 56.10261917114258 -57.640960693359375 -0.5
vertex 56.24092102050781 -56.85661697387695 -0.4050999879837036
endloop
endfacet
facet normal -0.04492984564579062 -0.09635220271894271 0.9943327219806523
outer loop
vertex 53.8900260925293 -56.00096130371094 -0.4050999879837036
vertex 55.02804183959961 -56.5316276550293 -0.4050999879837036
vertex 55.30082702636719 -55.782161712646484 -0.32014966011047363
endloop
endfacet
facet normal -0.05019173482004852 -0.10763634147160292 0.9929225587881275
outer loop
vertex 53.8900260925293 -56.00096130371094 -0.4050999879837036
vertex 53.49180603027344 -56.69070053100586 -0.5
vertex 55.02804183959961 -56.5316276550293 -0.4050999879837036
endloop
endfacet
facet normal -0.0501917523134086 -0.10763618229714661 0.9929225751589118
outer loop
vertex 53.49180603027344 -56.69070053100586 -0.5
vertex 54.755645751953125 -57.2800407409668 -0.5
vertex 55.02804183959961 -56.5316276550293 -0.4050999879837036
endloop
endfacet
facet normal -0.06811988516691042 -0.09728591682662631 -0.9929225204576889
outer loop
vertex 52.99180603027344 -56.340599060058594 -1.5
vertex 53.75276184082031 -56.238712310791016 -1.5621885061264038
vertex 53.49180603027344 -56.69070053100586 -1.5
endloop
endfacet
facet normal -0.06812021084279536 -0.09728360885520283 -0.992922724245367
outer loop
vertex 53.75276184082031 -56.238712310791016 -1.5621885061264038
vertex 52.99180603027344 -56.340599060058594 -1.5
vertex 52.99180603027344 -56.238677978515625 -1.5099859237670898
endloop
endfacet
facet normal 0.5735739099356075 -0.8191538132983204 0
outer loop
vertex 61.49180603027344 -56.69070053100586 -0.5
vertex 61.49180603027344 -56.69070053100586 -1.5
vertex 61.99180603027344 -56.340599060058594 -0.5
endloop
endfacet
facet normal 0.42261948047228126 -0.9063072187317825 0
outer loop
vertex 60.22796630859375 -57.2800407409668 -0.5
vertex 60.22796630859375 -57.2800407409668 -1.5
vertex 61.49180603027344 -56.69070053100586 -0.5
endloop
endfacet
facet normal -1 0 0
outer loop
vertex 52.99180603027344 -56.238677978515625 -1
vertex 52.99180603027344 -56.238677978515625 -1.5099859237670898
vertex 52.99180603027344 -56.340599060058594 -1.5
endloop
endfacet
facet normal -0.5735739099356075 -0.8191538132983204 0
outer loop
vertex 53.49180603027344 -56.69070053100586 -1.5
vertex 53.49180603027344 -56.69070053100586 -0.5
vertex 52.99180603027344 -56.340599060058594 -1.5
endloop
endfacet
facet normal 1 0 0
outer loop
vertex 61.99180603027344 -56.340599060058594 -0.5
vertex 61.99180603027344 -56.340599060058594 -1.5
vertex 61.99180603027344 -56.23907470703125 -1
endloop
endfacet
facet normal 0.25881803504136525 -0.9659260969335732 0
outer loop
vertex 58.88098907470703 -57.640960693359375 -0.5
vertex 58.88098907470703 -57.640960693359375 -1.5
vertex 60.22796630859375 -57.2800407409668 -0.5
endloop
endfacet
facet normal 0.5735739099356075 -0.8191538132983204 0
outer loop
vertex 61.49180603027344 -56.69070053100586 -1.5
vertex 61.99180603027344 -56.340599060058594 -1.5
vertex 61.99180603027344 -56.340599060058594 -0.5
endloop
endfacet
facet normal 0.42261948047228126 -0.9063072187317825 0
outer loop
vertex 60.22796630859375 -57.2800407409668 -1.5
vertex 61.49180603027344 -56.69070053100586 -1.5
vertex 61.49180603027344 -56.69070053100586 -0.5
endloop
endfacet
facet normal -1 0 0
outer loop
vertex 52.99180603027344 -56.238677978515625 -1
vertex 52.99180603027344 -56.340599060058594 -1.5
vertex 52.99180603027344 -56.340599060058594 -0.5
endloop
endfacet
facet normal -0.5735739099356075 -0.8191538132983204 0
outer loop
vertex 52.99180603027344 -56.340599060058594 -0.5
vertex 52.99180603027344 -56.340599060058594 -1.5
vertex 53.49180603027344 -56.69070053100586 -0.5
endloop
endfacet
facet normal -1 0 0
outer loop
vertex 52.99180603027344 -55.67329788208008 -0.43461862206459045
vertex 52.99180603027344 -56.238677978515625 -1
vertex 52.99180603027344 -56.340599060058594 -0.5
endloop
endfacet
facet normal -0.06811970065101544 -0.0972856533088889 0.9929225589357303
outer loop
vertex 52.99180603027344 -56.340599060058594 -0.5
vertex 53.49180603027344 -56.69070053100586 -0.5
vertex 53.8900260925293 -56.00096130371094 -0.4050999879837036
endloop
endfacet
facet normal -0.06811987208491431 -0.09728520881037288 0.992922590725912
outer loop
vertex 52.99180603027344 -56.340599060058594 -0.5
vertex 53.8900260925293 -56.00096130371094 -0.4050999879837036
vertex 53.379940032958984 -55.643795013427734 -0.4050999879837036
endloop
endfacet
facet normal -0.0681195691019937 -0.09728537814928975 0.9929225949205248
outer loop
vertex 53.379940032958984 -55.643795013427734 -0.4050999879837036
vertex 52.99180603027344 -55.67329788208008 -0.43461862206459045
vertex 52.99180603027344 -56.340599060058594 -0.5
endloop
endfacet
facet normal 1 0 0
outer loop
vertex 61.99180603027344 -56.340599060058594 -1.5
vertex 61.99180603027344 -56.23907470703125 -1.5099469423294067
vertex 61.99180603027344 -56.23907470703125 -1
endloop
endfacet
facet normal 0.25881803504136525 -0.9659260969335732 0
outer loop
vertex 58.88098907470703 -57.640960693359375 -1.5
vertex 60.22796630859375 -57.2800407409668 -1.5
vertex 60.22796630859375 -57.2800407409668 -0.5
endloop
endfacet
facet normal 0.0871572759617764 -0.9961945639517026 0
outer loop
vertex 58.88098907470703 -57.640960693359375 -0.5
vertex 57.89180374145508 -57.72750473022461 -1.5
vertex 58.88098907470703 -57.640960693359375 -1.5
endloop
endfacet
facet normal 0.0871572759617764 -0.9961945639517026 0
outer loop
vertex 57.89180374145508 -57.72750473022461 -0.5
vertex 57.89180374145508 -57.72750473022461 -1.5
vertex 58.88098907470703 -57.640960693359375 -0.5
endloop
endfacet
facet normal -0.0871572759617764 -0.9961945639517026 0
outer loop
vertex 56.10261917114258 -57.640960693359375 -0.5
vertex 56.10261917114258 -57.640960693359375 -1.5
vertex 57.09180450439453 -57.72750473022461 -0.5
endloop
endfacet
facet normal -0.2588187189266581 -0.9659259136875683 0
outer loop
vertex 54.755645751953125 -57.2800407409668 -0.5
vertex 54.755645751953125 -57.2800407409668 -1.5
vertex 56.10261917114258 -57.640960693359375 -0.5
endloop
endfacet
facet normal -0.42261948047228126 -0.9063072187317825 0
outer loop
vertex 53.49180603027344 -56.69070053100586 -0.5
vertex 53.49180603027344 -56.69070053100586 -1.5
vertex 54.755645751953125 -57.2800407409668 -0.5
endloop
endfacet
facet normal -0.0871572759617764 -0.9961945639517026 0
outer loop
vertex 56.10261917114258 -57.640960693359375 -1.5
vertex 57.09180450439453 -57.72750473022461 -1.5
vertex 57.09180450439453 -57.72750473022461 -0.5
endloop
endfacet
facet normal -0.2588187189266581 -0.9659259136875683 0
outer loop
vertex 54.755645751953125 -57.2800407409668 -1.5
vertex 56.10261917114258 -57.640960693359375 -1.5
vertex 56.10261917114258 -57.640960693359375 -0.5
endloop
endfacet
facet normal -0.42261948047228126 -0.9063072187317825 0
outer loop
vertex 54.755645751953125 -57.2800407409668 -1.5
vertex 54.755645751953125 -57.2800407409668 -0.5
vertex 53.49180603027344 -56.69070053100586 -1.5
endloop
endfacet
facet normal -0.04493004439240504 -0.0963521492764724 -0.9943327181787296
outer loop
vertex 54.39994430541992 -56.238739013671875 -1.5949000120162964
vertex 55.13463592529297 -56.238773345947266 -1.6280945539474487
vertex 55.02804183959961 -56.5316276550293 -1.5949000120162964
endloop
endfacet
facet normal -0.05019120027268893 -0.10763705768633036 -0.9929225081685965
outer loop
vertex 54.39994430541992 -56.238739013671875 -1.5949000120162964
vertex 53.49180603027344 -56.69070053100586 -1.5
vertex 53.75276184082031 -56.238712310791016 -1.5621885061264038
endloop
endfacet
facet normal -0.05019170015069717 -0.1076360704342437 -0.9929225899220225
outer loop
vertex 53.49180603027344 -56.69070053100586 -1.5
vertex 54.39994430541992 -56.238739013671875 -1.5949000120162964
vertex 54.755645751953125 -57.2800407409668 -1.5
endloop
endfacet
facet normal -0.050191887436525424 -0.10763613292956127 -0.9929225736801078
outer loop
vertex 54.755645751953125 -57.2800407409668 -1.5
vertex 54.39994430541992 -56.238739013671875 -1.5949000120162964
vertex 55.02804183959961 -56.5316276550293 -1.5949000120162964
endloop
endfacet
facet normal -0.030738179222037084 -0.11471660153975158 -0.9929225879540073
outer loop
vertex 54.755645751953125 -57.2800407409668 -1.5
vertex 55.02804183959961 -56.5316276550293 -1.5949000120162964
vertex 56.10261917114258 -57.640960693359375 -1.5
endloop
endfacet
facet normal -0.030738148798137778 -0.11471657243725038 -0.9929225922581844
outer loop
vertex 56.10261917114258 -57.640960693359375 -1.5
vertex 55.02804183959961 -56.5316276550293 -1.5949000120162964
vertex 56.24092102050781 -56.85661697387695 -1.5949000120162964
endloop
endfacet
facet normal -0.027515804343590463 -0.10269059411742897 -0.9943327020626117
outer loop
vertex 56.24092102050781 -56.85661697387695 -1.5949000120162964
vertex 55.02804183959961 -56.5316276550293 -1.5949000120162964
vertex 56.349853515625 -56.238826751708984 -1.6617172956466675
endloop
endfacet
facet normal -0.027515793039685578 -0.10269064404221591 -0.9943326972193925
outer loop
vertex 56.349853515625 -56.238826751708984 -1.6617172956466675
vertex 55.02804183959961 -56.5316276550293 -1.5949000120162964
vertex 55.13463592529297 -56.238773345947266 -1.6280945539474487
endloop
endfacet
facet normal -0.010351088366339644 -0.11831138419302538 -0.9929225908095567
outer loop
vertex 56.10261917114258 -57.640960693359375 -1.5
vertex 56.24092102050781 -56.85661697387695 -1.5949000120162964
vertex 57.09180450439453 -57.72750473022461 -1.5
endloop
endfacet
facet normal -0.010351063877468076 -0.11831136060080781 -0.9929225938759729
outer loop
vertex 57.09180450439453 -57.72750473022461 -1.5
vertex 56.24092102050781 -56.85661697387695 -1.5949000120162964
vertex 57.09180450439453 -56.931060791015625 -1.5949000120162964
endloop
endfacet
facet normal -0.009265997311217078 -0.1059085104206683 -0.9943327052422161
outer loop
vertex 56.24092102050781 -56.85661697387695 -1.5949000120162964
vertex 56.349853515625 -56.238826751708984 -1.6617172956466675
vertex 57.09180450439453 -56.238861083984375 -1.6686277389526367
endloop
endfacet
facet normal -0.009265944496837061 -0.10590858231091436 -0.9943326980771947
outer loop
vertex 57.09180450439453 -56.931060791015625 -1.5949000120162964
vertex 56.24092102050781 -56.85661697387695 -1.5949000120162964
vertex 57.09180450439453 -56.238861083984375 -1.6686277389526367
endloop
endfacet
facet normal 0.01035108629984877 -0.1183113605733453 -0.9929225936454951
outer loop
vertex 57.89180374145508 -56.931060791015625 -1.5949000120162964
vertex 58.88098907470703 -57.640960693359375 -1.5
vertex 57.89180374145508 -57.72750473022461 -1.5
endloop
endfacet
facet normal 0.00926589815269429 -0.10590852741220726 -0.994332704356445
outer loop
vertex 57.89180374145508 -56.931060791015625 -1.5949000120162964
vertex 57.89180374145508 -56.238895416259766 -1.6686240434646606
vertex 58.74269104003906 -56.85661697387695 -1.5949000120162964
endloop
endfacet
facet normal 0.06811752762975892 -0.0972825498925413 -0.99292301207899
outer loop
vertex 61.49180603027344 -56.69070053100586 -1.5
vertex 61.99180603027344 -56.23907470703125 -1.5099469423294067
vertex 61.99180603027344 -56.340599060058594 -1.5
endloop
endfacet
facet normal 0.01035102485037157 -0.11831144493977097 -0.9929225842334389
outer loop
vertex 58.88098907470703 -57.640960693359375 -1.5
vertex 57.89180374145508 -56.931060791015625 -1.5949000120162964
vertex 58.74269104003906 -56.85661697387695 -1.5949000120162964
endloop
endfacet
facet normal 0.030738125009298393 -0.11471672409746315 -0.9929225754726594
outer loop
vertex 58.88098907470703 -57.640960693359375 -1.5
vertex 58.74269104003906 -56.85661697387695 -1.5949000120162964
vertex 60.22796630859375 -57.2800407409668 -1.5
endloop
endfacet
facet normal 0.009265542804648176 -0.10590901113631254 -0.9943326561451473
outer loop
vertex 58.74269104003906 -56.85661697387695 -1.5949000120162964
vertex 57.89180374145508 -56.238895416259766 -1.6686240434646606
vertex 58.63377380371094 -56.238929748535156 -1.6617064476013184
endloop
endfacet
facet normal 0.027515821102750724 -0.10269092752274736 -0.9943326671660542
outer loop
vertex 58.74269104003906 -56.85661697387695 -1.5949000120162964
vertex 58.63377380371094 -56.238929748535156 -1.6617064476013184
vertex 59.84905242919922 -56.238983154296875 -1.6280709505081177
endloop
endfacet
facet normal 0.030738209004710124 -0.11471643632919659 -0.9929226061194862
outer loop
vertex 60.22796630859375 -57.2800407409668 -1.5
vertex 58.74269104003906 -56.85661697387695 -1.5949000120162964
vertex 59.95556640625 -56.5316276550293 -1.5949000120162964
endloop
endfacet
facet normal 0.027516125304803934 -0.10269146898152219 -0.9943326028279609
outer loop
vertex 59.95556640625 -56.5316276550293 -1.5949000120162964
vertex 58.74269104003906 -56.85661697387695 -1.5949000120162964
vertex 59.84905242919922 -56.238983154296875 -1.6280709505081177
endloop
endfacet
facet normal 0.05019165176549849 -0.10763596667221456 -0.9929226036160064
outer loop
vertex 60.22796630859375 -57.2800407409668 -1.5
vertex 59.95556640625 -56.5316276550293 -1.5949000120162964
vertex 61.49180603027344 -56.69070053100586 -1.5
endloop
endfacet
facet normal 0.00926591429267736 -0.10590871189101453 0.994332684556787
outer loop
vertex -42.840057373046875 -56.931060791015625 -0.4050999879837036
vertex -41.98917007446289 -56.85661697387695 -0.4050999879837036
vertex -42.12766647338867 -56.071170806884766 -0.32014966011047363
endloop
endfacet
facet normal 0.06811967547019648 -0.09728532601259063 0.9929225927314068
outer loop
vertex -39.12234878540039 -55.639705657958984 -0.4050999879837036
vertex -38.740055084228516 -56.340599060058594 -0.5
vertex -38.740055084228516 -55.668800354003906 -0.4341779947280884
endloop
endfacet
facet normal -0.04492984564579062 -0.09635220271894271 0.9943327219806523
outer loop
vertex -46.841835021972656 -56.00096130371094 -0.4050999879837036
vertex -45.703819274902344 -56.5316276550293 -0.4050999879837036
vertex -45.431034088134766 -55.782161712646484 -0.32014966011047363
endloop
endfacet
facet normal -0.0501917523134086 -0.10763618229714661 0.9929225751589118
outer loop
vertex -47.240055084228516 -56.69070053100586 -0.5
vertex -45.97621536254883 -57.2800407409668 -0.5
vertex -45.703819274902344 -56.5316276550293 -0.4050999879837036
endloop
endfacet
facet normal -0.06811978843399194 -0.09728577867679475 -0.9929225406299113
outer loop
vertex -47.740055084228516 -56.340599060058594 -1.5
vertex -46.97652816772461 -56.234256744384766 -1.5628013610839844
vertex -47.240055084228516 -56.69070053100586 -1.5
endloop
endfacet
facet normal -0.06812010446580204 -0.09728362160850877 -0.9929227302939039
outer loop
vertex -46.97652816772461 -56.234256744384766 -1.5628013610839844
vertex -47.740055084228516 -56.340599060058594 -1.5
vertex -47.740055084228516 -56.234222412109375 -1.5104224681854248
endloop
endfacet
facet normal -0.050192080647618195 -0.10763630589635143 -0.9929225451631412
outer loop
vertex -46.97652816772461 -56.234256744384766 -1.5628013610839844
vertex -46.34147262573242 -56.23428726196289 -1.5949000120162964
vertex -47.240055084228516 -56.69070053100586 -1.5
endloop
endfacet
facet normal -0.050191938370921674 -0.1076365812973702 -0.9929225225007157
outer loop
vertex -47.240055084228516 -56.69070053100586 -1.5
vertex -46.34147262573242 -56.23428726196289 -1.5949000120162964
vertex -45.97621536254883 -57.2800407409668 -1.5
endloop
endfacet
facet normal -0.05019127757102014 -0.10763635574550347 -0.9929225803543881
outer loop
vertex -45.97621536254883 -57.2800407409668 -1.5
vertex -46.34147262573242 -56.23428726196289 -1.5949000120162964
vertex -45.703819274902344 -56.5316276550293 -1.5949000120162964
endloop
endfacet
facet normal -0.030738179222037084 -0.11471660153975158 -0.9929225879540073
outer loop
vertex -45.97621536254883 -57.2800407409668 -1.5
vertex -45.703819274902344 -56.5316276550293 -1.5949000120162964
vertex -44.629241943359375 -57.640960693359375 -1.5
endloop
endfacet
facet normal -0.030738148798137778 -0.11471657243725038 -0.9929225922581844
outer loop
vertex -44.629241943359375 -57.640960693359375 -1.5
vertex -45.703819274902344 -56.5316276550293 -1.5949000120162964
vertex -44.49094009399414 -56.85661697387695 -1.5949000120162964
endloop
endfacet
facet normal -0.04492929178074967 -0.09635190550117738 -0.9943327758081659
outer loop
vertex -45.703819274902344 -56.5316276550293 -1.5949000120162964
vertex -46.34147262573242 -56.23428726196289 -1.5949000120162964
vertex -45.595603942871094 -56.234317779541016 -1.6285994052886963
endloop
endfacet
facet normal -0.02751578229048398 -0.10269051181394336 -0.9943327111728412
outer loop
vertex -44.49094009399414 -56.85661697387695 -1.5949000120162964
vertex -45.703819274902344 -56.5316276550293 -1.5949000120162964
vertex -44.381221771240234 -56.234371185302734 -1.6621991395950317
endloop
endfacet
facet normal -0.027515885353377335 -0.10269006309730533 -0.9943327546622868
outer loop
vertex -44.381221771240234 -56.234371185302734 -1.6621991395950317
vertex -45.703819274902344 -56.5316276550293 -1.5949000120162964
vertex -45.595603942871094 -56.234317779541016 -1.6285994052886963
endloop
endfacet
facet normal -0.010351088366339644 -0.11831138419302538 -0.9929225908095567
outer loop
vertex -44.629241943359375 -57.640960693359375 -1.5
vertex -44.49094009399414 -56.85661697387695 -1.5949000120162964
vertex -43.64005661010742 -57.72750473022461 -1.5
endloop
endfacet
facet normal -0.010351063877468076 -0.11831136060080781 -0.9929225938759729
outer loop
vertex -43.64005661010742 -57.72750473022461 -1.5
vertex -44.49094009399414 -56.85661697387695 -1.5949000120162964
vertex -43.64005661010742 -56.931060791015625 -1.5949000120162964
endloop
endfacet
facet normal -0.00926590615576947 -0.10590844588021377 -0.9943327129660123
outer loop
vertex -44.49094009399414 -56.85661697387695 -1.5949000120162964
vertex -44.381221771240234 -56.234371185302734 -1.6621991395950317
vertex -43.64005661010742 -56.234405517578125 -1.6691021919250488
endloop
endfacet
facet normal -0.009265929768553683 -0.10590841396848441 -0.9943327161449554
outer loop
vertex -43.64005661010742 -56.931060791015625 -1.5949000120162964
vertex -44.49094009399414 -56.85661697387695 -1.5949000120162964
vertex -43.64005661010742 -56.234405517578125 -1.6691021919250488
endloop
endfacet
facet normal 0.01035108629984877 -0.1183113605733453 -0.9929225936454951
outer loop
vertex -42.840057373046875 -56.931060791015625 -1.5949000120162964
vertex -41.85087203979492 -57.640960693359375 -1.5
vertex -42.840057373046875 -57.72750473022461 -1.5
endloop
endfacet
facet normal 0.01035102485037157 -0.11831144493977097 -0.9929225842334389
outer loop
vertex -41.85087203979492 -57.640960693359375 -1.5
vertex -42.840057373046875 -56.931060791015625 -1.5949000120162964
vertex -41.98917007446289 -56.85661697387695 -1.5949000120162964
endloop
endfacet
facet normal 0.009265611315081287 -0.10590872722024539 -0.9943326857473537
outer loop
vertex -42.840057373046875 -56.234439849853516 -1.6690984964370728
vertex -42.098873138427734 -56.234474182128906 -1.662188172340393
vertex -41.98917007446289 -56.85661697387695 -1.5949000120162964
endloop
endfacet
facet normal 0.009265883454493884 -0.10590835941286875 -0.9943327223873719
outer loop
vertex -41.98917007446289 -56.85661697387695 -1.5949000120162964
vertex -42.840057373046875 -56.931060791015625 -1.5949000120162964
vertex -42.840057373046875 -56.234439849853516 -1.6690984964370728
endloop
endfacet
facet normal 0.02751581507028181 -0.10269065153466331 -0.9943326958359583
outer loop
vertex -41.98917007446289 -56.85661697387695 -1.5949000120162964
vertex -42.098873138427734 -56.234474182128906 -1.662188172340393
vertex -40.884429931640625 -56.234527587890625 -1.6285758018493652
endloop
endfacet
facet normal 0.030738209004710124 -0.11471643632919659 -0.9929226061194862
outer loop
vertex -41.98917007446289 -56.85661697387695 -1.5949000120162964
vertex -40.77629470825195 -56.5316276550293 -1.5949000120162964
vertex -40.5038948059082 -57.2800407409668 -1.5
endloop
endfacet
facet normal 0.030738125009298393 -0.11471672409746315 -0.9929225754726594
outer loop
vertex -41.85087203979492 -57.640960693359375 -1.5
vertex -41.98917007446289 -56.85661697387695 -1.5949000120162964
vertex -40.5038948059082 -57.2800407409668 -1.5
endloop
endfacet
facet normal 0.027515988058012014 -0.10269095677006367 -0.9943326595253925
outer loop
vertex -40.77629470825195 -56.5316276550293 -1.5949000120162964
vertex -41.98917007446289 -56.85661697387695 -1.5949000120162964
vertex -40.884429931640625 -56.234527587890625 -1.6285758018493652
endloop
endfacet
facet normal 0.044930149206247265 -0.09635274103230707 -0.9943326561004953
outer loop
vertex -40.884429931640625 -56.234527587890625 -1.6285758018493652
vertex -40.13922882080078 -56.23455810546875 -1.5949000120162964
vertex -40.77629470825195 -56.5316276550293 -1.5949000120162964
endloop
endfacet
facet normal 0.05019165176549849 -0.10763596667221456 -0.9929226036160064
outer loop
vertex -40.5038948059082 -57.2800407409668 -1.5
vertex -40.77629470825195 -56.5316276550293 -1.5949000120162964
vertex -39.240055084228516 -56.69070053100586 -1.5
endloop
endfacet
facet normal 0.050191645466738155 -0.10763602398563944 -0.9929225977214458
outer loop
vertex -40.77629470825195 -56.5316276550293 -1.5949000120162964
vertex -40.13922882080078 -56.23455810546875 -1.5949000120162964
vertex -39.240055084228516 -56.69070053100586 -1.5
endloop
endfacet
facet normal 0.05019124382044523 -0.10763680240168627 -0.9929225336412186
outer loop
vertex -39.240055084228516 -56.69070053100586 -1.5
vertex -40.13922882080078 -56.23455810546875 -1.5949000120162964
vertex -39.503395080566406 -56.234588623046875 -1.5627559423446655
endloop
endfacet
facet normal 0.06811970517078154 -0.09728565976382621 -0.9929225579932015
outer loop
vertex -39.240055084228516 -56.69070053100586 -1.5
vertex -39.503395080566406 -56.234588623046875 -1.5627559423446655
vertex -38.740055084228516 -56.340599060058594 -1.5
endloop
endfacet
facet normal 0.06811964645657773 -0.09728606161832518 -0.9929225226478782
outer loop
vertex -38.740055084228516 -56.340599060058594 -1.5
vertex -39.503395080566406 -56.234588623046875 -1.5627559423446655
vertex -38.740055084228516 -56.234622955322266 -1.5103834867477417
endloop
endfacet
facet normal -1 0 0
outer loop
vertex -47.740055084228516 -56.234222412109375 -1.5104224681854248
vertex -47.740055084228516 -56.340599060058594 -1.5
vertex -47.740055084228516 -56.340599060058594 -0.5
endloop
endfacet
facet normal -0.5735739099356075 -0.8191538132983204 0
outer loop
vertex -47.240055084228516 -56.69070053100586 -1.5
vertex -47.240055084228516 -56.69070053100586 -0.5
vertex -47.740055084228516 -56.340599060058594 -1.5
endloop
endfacet
facet normal -0.42261948047228126 -0.9063072187317825 0
outer loop
vertex -45.97621536254883 -57.2800407409668 -1.5
vertex -45.97621536254883 -57.2800407409668 -0.5
vertex -47.240055084228516 -56.69070053100586 -1.5
endloop
endfacet
facet normal -0.2588187189266581 -0.9659259136875683 0
outer loop
vertex -45.97621536254883 -57.2800407409668 -1.5
vertex -44.629241943359375 -57.640960693359375 -1.5
vertex -44.629241943359375 -57.640960693359375 -0.5
endloop
endfacet
facet normal -1 0 0
outer loop
vertex -47.740055084228516 -56.234222412109375 -1
vertex -47.740055084228516 -56.234222412109375 -1.5104224681854248
vertex -47.740055084228516 -56.340599060058594 -0.5
endloop
endfacet
facet normal -0.5735739099356075 -0.8191538132983204 0
outer loop
vertex -47.740055084228516 -56.340599060058594 -0.5
vertex -47.740055084228516 -56.340599060058594 -1.5
vertex -47.240055084228516 -56.69070053100586 -0.5
endloop
endfacet
facet normal -0.42261948047228126 -0.9063072187317825 0
outer loop
vertex -47.240055084228516 -56.69070053100586 -0.5
vertex -47.240055084228516 -56.69070053100586 -1.5
vertex -45.97621536254883 -57.2800407409668 -0.5
endloop
endfacet
facet normal -0.2588187189266581 -0.9659259136875683 0
outer loop
vertex -45.97621536254883 -57.2800407409668 -0.5
vertex -45.97621536254883 -57.2800407409668 -1.5
vertex -44.629241943359375 -57.640960693359375 -0.5
endloop
endfacet
facet normal -1 0 0
outer loop
vertex -47.740055084228516 -55.668357849121094 -0.43413475155830383
vertex -47.740055084228516 -56.234222412109375 -1
vertex -47.740055084228516 -56.340599060058594 -0.5
endloop
endfacet
facet normal -0.06811970065101544 -0.0972856533088889 0.9929225589357303
outer loop
vertex -47.740055084228516 -56.340599060058594 -0.5
vertex -47.240055084228516 -56.69070053100586 -0.5
vertex -46.841835021972656 -56.00096130371094 -0.4050999879837036
endloop
endfacet
facet normal -0.0681198856672203 -0.09728517359379465 0.9929225932445641
outer loop
vertex -47.740055084228516 -56.340599060058594 -0.5
vertex -46.841835021972656 -56.00096130371094 -0.4050999879837036
vertex -47.35828399658203 -55.639339447021484 -0.4050999879837036
endloop
endfacet
facet normal -0.06811991191395547 -0.09728515925136058 0.9929225928491466
outer loop
vertex -47.740055084228516 -55.668357849121094 -0.43413475155830383
vertex -47.740055084228516 -56.340599060058594 -0.5
vertex -47.35828399658203 -55.639339447021484 -0.4050999879837036
endloop
endfacet
facet normal -0.05019173482004852 -0.10763634147160292 0.9929225587881275
outer loop
vertex -46.841835021972656 -56.00096130371094 -0.4050999879837036
vertex -47.240055084228516 -56.69070053100586 -0.5
vertex -45.703819274902344 -56.5316276550293 -0.4050999879837036
endloop
endfacet
facet normal -0.030738170396299697 -0.11471656860160676 0.9929225920327128
outer loop
vertex -45.97621536254883 -57.2800407409668 -0.5
vertex -44.629241943359375 -57.640960693359375 -0.5
vertex -44.49094009399414 -56.85661697387695 -0.4050999879837036
endloop
endfacet
facet normal -0.030738158599630198 -0.1147166090169944 0.9929225877285429
outer loop
vertex -45.703819274902344 -56.5316276550293 -0.4050999879837036
vertex -45.97621536254883 -57.2800407409668 -0.5
vertex -44.49094009399414 -56.85661697387695 -0.4050999879837036
endloop
endfacet
facet normal -0.027515841608460975 -0.1026907331921093 0.9943326866683228
outer loop
vertex -45.703819274902344 -56.5316276550293 -0.4050999879837036
vertex -44.49094009399414 -56.85661697387695 -0.4050999879837036
vertex -44.35244369506836 -56.071170806884766 -0.32014966011047363
endloop
endfacet
facet normal -0.06097860833379543 -0.08708638364782177 0.9943327265602888
outer loop
vertex -47.35828399658203 -55.639339447021484 -0.4050999879837036
vertex -46.841835021972656 -56.00096130371094 -0.4050999879837036
vertex -46.60379409790039 -55.58866500854492 -0.35439181327819824
endloop
endfacet
facet normal -0.027515963639905126 -0.1026903811320796 0.9943327196506788
outer loop
vertex -45.431034088134766 -55.782161712646484 -0.32014966011047363
vertex -45.703819274902344 -56.5316276550293 -0.4050999879837036
vertex -44.35244369506836 -56.071170806884766 -0.32014966011047363
endloop
endfacet
facet normal -0.044930184511403584 -0.09635200558371303 0.994332725771292
outer loop
vertex -46.60379409790039 -55.58866500854492 -0.35439181327819824
vertex -46.841835021972656 -56.00096130371094 -0.4050999879837036
vertex -45.91935729980469 -55.5544548034668 -0.32014966011047363
endloop
endfacet
facet normal -0.04492972806235213 -0.09635293538480465 0.9943326562971643
outer loop
vertex -45.91935729980469 -55.5544548034668 -0.32014966011047363
vertex -46.841835021972656 -56.00096130371094 -0.4050999879837036
vertex -45.431034088134766 -55.782161712646484 -0.32014966011047363
endloop
endfacet
facet normal -0.039660515335144184 -0.08505297575164414 0.9955867791604813
outer loop
vertex -45.33896255493164 -55.52920150756836 -0.2948714792728424
vertex -45.91935729980469 -55.5544548034668 -0.32014966011047363
vertex -45.431034088134766 -55.782161712646484 -0.32014966011047363
endloop
endfacet
facet normal -0.024289142688418378 -0.09064779095825799 0.9955867694690652
outer loop
vertex -45.33896255493164 -55.52920150756836 -0.2948714792728424
vertex -45.431034088134766 -55.782161712646484 -0.32014966011047363
vertex -44.35244369506836 -56.071170806884766 -0.32014966011047363
endloop
endfacet
facet normal -0.0871572759617764 -0.9961945639517026 0
outer loop
vertex -44.629241943359375 -57.640960693359375 -1.5
vertex -43.64005661010742 -57.72750473022461 -1.5
vertex -43.64005661010742 -57.72750473022461 -0.5
endloop
endfacet
facet normal 0.0871572759617764 -0.9961945639517026 0
outer loop
vertex -41.85087203979492 -57.640960693359375 -1.5
vertex -41.85087203979492 -57.640960693359375 -0.5
vertex -42.840057373046875 -57.72750473022461 -1.5
endloop
endfacet
facet normal 0.25881803504136525 -0.9659260969335732 0
outer loop
vertex -41.85087203979492 -57.640960693359375 -1.5
vertex -40.5038948059082 -57.2800407409668 -1.5
vertex -40.5038948059082 -57.2800407409668 -0.5
endloop
endfacet
facet normal -0.0871572759617764 -0.9961945639517026 0
outer loop
vertex -44.629241943359375 -57.640960693359375 -0.5
vertex -44.629241943359375 -57.640960693359375 -1.5
vertex -43.64005661010742 -57.72750473022461 -0.5
endloop
endfacet
facet normal 0.0871572759617764 -0.9961945639517026 0
outer loop
vertex -42.840057373046875 -57.72750473022461 -0.5
vertex -42.840057373046875 -57.72750473022461 -1.5
vertex -41.85087203979492 -57.640960693359375 -0.5
endloop
endfacet
facet normal 0.25881803504136525 -0.9659260969335732 0
outer loop
vertex -41.85087203979492 -57.640960693359375 -0.5
vertex -41.85087203979492 -57.640960693359375 -1.5
vertex -40.5038948059082 -57.2800407409668 -0.5
endloop
endfacet
facet normal 1 0 0
outer loop
vertex -38.740055084228516 -56.340599060058594 -1.5
vertex -38.740055084228516 -56.234622955322266 -1.5103834867477417
vertex -38.740055084228516 -56.234622955322266 -1
endloop
endfacet
facet normal 0.42261948047228126 -0.9063072187317825 0
outer loop
vertex -40.5038948059082 -57.2800407409668 -1.5
vertex -39.240055084228516 -56.69070053100586 -1.5
vertex -39.240055084228516 -56.69070053100586 -0.5
endloop
endfacet
facet normal 0.5735739099356075 -0.8191538132983204 0
outer loop
vertex -39.240055084228516 -56.69070053100586 -1.5
vertex -38.740055084228516 -56.340599060058594 -1.5
vertex -38.740055084228516 -56.340599060058594 -0.5
endloop
endfacet
facet normal 1 0 0
outer loop
vertex -38.740055084228516 -56.340599060058594 -0.5
vertex -38.740055084228516 -56.340599060058594 -1.5
vertex -38.740055084228516 -56.234622955322266 -1
endloop
endfacet
facet normal 0.42261948047228126 -0.9063072187317825 0
outer loop
vertex -40.5038948059082 -57.2800407409668 -0.5
vertex -40.5038948059082 -57.2800407409668 -1.5
vertex -39.240055084228516 -56.69070053100586 -0.5
endloop
endfacet
facet normal 0.5735739099356075 -0.8191538132983204 0
outer loop
vertex -39.240055084228516 -56.69070053100586 -0.5
vertex -39.240055084228516 -56.69070053100586 -1.5
vertex -38.740055084228516 -56.340599060058594 -0.5
endloop
endfacet
facet normal -0.01035108629984877 -0.1183113605733453 0.9929225936454951
outer loop
vertex -44.629241943359375 -57.640960693359375 -0.5
vertex -43.64005661010742 -57.72750473022461 -0.5
vertex -43.64005661010742 -56.931060791015625 -0.4050999879837036
endloop
endfacet
facet normal -0.010351066279839425 -0.11831138805961072 0.9929225905790836
outer loop
vertex -44.49094009399414 -56.85661697387695 -0.4050999879837036
vertex -44.629241943359375 -57.640960693359375 -0.5
vertex -43.64005661010742 -56.931060791015625 -0.4050999879837036
endloop
endfacet
facet normal -0.009265929478457342 -0.10590841065271965 0.9943327165008277
outer loop
vertex -44.49094009399414 -56.85661697387695 -0.4050999879837036
vertex -43.64005661010742 -56.931060791015625 -0.4050999879837036
vertex -43.64005661010742 -56.13349533081055 -0.32014966011047363
endloop
endfacet
facet normal 0.01035109264277009 -0.11831143307198261 0.9929225849408173
outer loop
vertex -42.840057373046875 -57.72750473022461 -0.5
vertex -41.85087203979492 -57.640960693359375 -0.5
vertex -41.98917007446289 -56.85661697387695 -0.4050999879837036
endloop
endfacet
facet normal 0.010351017476558772 -0.11831136065763857 0.9929225943529225
outer loop
vertex -42.840057373046875 -56.931060791015625 -0.4050999879837036
vertex -42.840057373046875 -57.72750473022461 -0.5
vertex -41.98917007446289 -56.85661697387695 -0.4050999879837036
endloop
endfacet
facet normal 0.030738278794330765 -0.11471669678733101 0.9929225738671498
outer loop
vertex -41.98917007446289 -56.85661697387695 -0.4050999879837036
vertex -41.85087203979492 -57.640960693359375 -0.5
vertex -40.77629470825195 -56.5316276550293 -0.4050999879837036
endloop
endfacet
facet normal 0.030738062168052558 -0.11471648956975991 0.9929226045140398
outer loop
vertex -40.77629470825195 -56.5316276550293 -0.4050999879837036
vertex -41.85087203979492 -57.640960693359375 -0.5
vertex -40.5038948059082 -57.2800407409668 -0.5
endloop
endfacet
facet normal 0.027515879126116617 -0.10269055023112574 0.9943327045255755
outer loop
vertex -41.98917007446289 -56.85661697387695 -0.4050999879837036
vertex -40.77629470825195 -56.5316276550293 -0.4050999879837036
vertex -41.049076080322266 -55.782161712646484 -0.32014966011047363
endloop
endfacet
facet normal -0.009265627246703552 -0.10590876221492196 0.9943326818715296
outer loop
vertex -44.35244369506836 -56.071170806884766 -0.32014966011047363
vertex -44.49094009399414 -56.85661697387695 -0.4050999879837036
vertex -43.64005661010742 -56.13349533081055 -0.32014966011047363
endloop
endfacet
facet normal 0.009265546907230283 -0.10590841102817652 0.9943327200258457
outer loop
vertex -42.840057373046875 -56.13349533081055 -0.32014966011047363
vertex -42.840057373046875 -56.931060791015625 -0.4050999879837036
vertex -42.12766647338867 -56.071170806884766 -0.32014966011047363
endloop
endfacet
facet normal -0.024288954000061418 -0.09064744916473154 0.9955868051925509
outer loop
vertex -44.25174331665039 -55.50007247924805 -0.26569482684135437
vertex -45.33896255493164 -55.52920150756836 -0.2948714792728424
vertex -44.35244369506836 -56.071170806884766 -0.32014966011047363
endloop
endfacet
facet normal -0.008179257483688992 -0.09348803278884313 0.9955868055937099
outer loop
vertex -44.25174331665039 -55.50007247924805 -0.26569482684135437
vertex -44.35244369506836 -56.071170806884766 -0.32014966011047363
vertex -43.64005661010742 -55.49455642700195 -0.26015153527259827
endloop
endfacet
facet normal -0.00817900357091201 -0.09348834366878908 0.9955867784872664
outer loop
vertex -43.64005661010742 -55.49455642700195 -0.26015153527259827
vertex -44.35244369506836 -56.071170806884766 -0.32014966011047363
vertex -43.64005661010742 -56.13349533081055 -0.32014966011047363
endloop
endfacet
facet normal 0.008178983012056345 -0.09348821458219772 0.995586790777741
outer loop
vertex -42.840057373046875 -55.49459457397461 -0.26015520095825195
vertex -42.840057373046875 -56.13349533081055 -0.32014966011047363
vertex -42.22834777832031 -55.50017166137695 -0.2657042443752289
endloop
endfacet
facet normal 0.027516048159649344 -0.10269069656223719 0.9943326847354654
outer loop
vertex -42.12766647338867 -56.071170806884766 -0.32014966011047363
vertex -41.98917007446289 -56.85661697387695 -0.4050999879837036
vertex -41.049076080322266 -55.782161712646484 -0.32014966011047363
endloop
endfacet
facet normal 0.044929855435440175 -0.09635242534827743 0.9943326999651851
outer loop
vertex -41.049076080322266 -55.782161712646484 -0.32014966011047363
vertex -40.77629470825195 -56.5316276550293 -0.4050999879837036
vertex -40.56126403808594 -55.554691314697266 -0.32014966011047363
endloop
endfacet
facet normal 0.008178945323959208 -0.09348817849822857 0.995586794475736
outer loop
vertex -42.22834777832031 -55.50017166137695 -0.2657042443752289
vertex -42.840057373046875 -56.13349533081055 -0.32014966011047363
vertex -42.12766647338867 -56.071170806884766 -0.32014966011047363
endloop
endfacet
facet normal 0.024289081308497145 -0.09064756188659663 0.9955867918233974
outer loop
vertex -42.22834777832031 -55.50017166137695 -0.2657042443752289
vertex -42.12766647338867 -56.071170806884766 -0.32014966011047363
vertex -41.049076080322266 -55.782161712646484 -0.32014966011047363
endloop
endfacet
facet normal 0.024289020790140385 -0.09064781087997038 0.9955867706291226
outer loop
vertex -41.049076080322266 -55.782161712646484 -0.32014966011047363
vertex -41.14107131958008 -55.5294075012207 -0.2948921024799347
vertex -42.22834777832031 -55.50017166137695 -0.2657042443752289
endloop
endfacet
facet normal 0.039660812786908355 -0.08505292230004158 0.9955867718774215
outer loop
vertex -41.14107131958008 -55.5294075012207 -0.2948921024799347
vertex -41.049076080322266 -55.782161712646484 -0.32014966011047363
vertex -40.56126403808594 -55.554691314697266 -0.32014966011047363
endloop
endfacet
facet normal 1 0 0
outer loop
vertex -38.740055084228516 -56.340599060058594 -0.5
vertex -38.740055084228516 -56.234622955322266 -1
vertex -38.740055084228516 -55.668800354003906 -0.4341779947280884
endloop
endfacet
facet normal 0.05019170657828703 -0.10763608421820625 0.9929225881028845
outer loop
vertex -40.5038948059082 -57.2800407409668 -0.5
vertex -39.240055084228516 -56.69070053100586 -0.5
vertex -39.63827896118164 -56.00096130371094 -0.4050999879837036
endloop
endfacet
facet normal 0.05019157339915261 -0.1076359953039573 0.9929226044736035
outer loop
vertex -40.77629470825195 -56.5316276550293 -0.4050999879837036
vertex -40.5038948059082 -57.2800407409668 -0.5
vertex -39.63827896118164 -56.00096130371094 -0.4050999879837036
endloop
endfacet
facet normal 0.04492995990261252 -0.0963524477430755 0.9943326930746408
outer loop
vertex -40.56126403808594 -55.554691314697266 -0.32014966011047363
vertex -40.77629470825195 -56.5316276550293 -0.4050999879837036
vertex -39.63827896118164 -56.00096130371094 -0.4050999879837036
endloop
endfacet
facet normal 0.06811949114191618 -0.09728540287813095 0.992922597846079
outer loop
vertex -39.63827896118164 -56.00096130371094 -0.4050999879837036
vertex -39.240055084228516 -56.69070053100586 -0.5
vertex -39.12234878540039 -55.639705657958984 -0.4050999879837036
endloop
endfacet
facet normal 0.06811952800564264 -0.09728540674412535 0.9929225949382553
outer loop
vertex -39.12234878540039 -55.639705657958984 -0.4050999879837036
vertex -39.240055084228516 -56.69070053100586 -0.5
vertex -38.740055084228516 -56.340599060058594 -0.5
endloop
endfacet
facet normal 0.060978465001384194 -0.08708688857041857 0.994332691127672
outer loop
vertex -39.63827896118164 -56.00096130371094 -0.4050999879837036
vertex -39.12234878540039 -55.639705657958984 -0.4050999879837036
vertex -39.876121520996094 -55.58900451660156 -0.354433536529541
endloop
endfacet
facet normal 0.044929947368712954 -0.09635247330230126 0.9943326911642673
outer loop
vertex -39.63827896118164 -56.00096130371094 -0.4050999879837036
vertex -39.876121520996094 -55.58900451660156 -0.354433536529541
vertex -40.56126403808594 -55.554691314697266 -0.32014966011047363
endloop
endfacet
facet normal -1 0 0
outer loop
vertex 63.49180603027344 -53.5625 -5
vertex 63.49180603027344 -56.23914337158203 -5
vertex 63.49180603027344 -54.5625 -4
endloop
endfacet
facet normal 0.19510451479714808 0.980782457176804 0
outer loop
vertex 51.99180603027344 -55.0625 -4
vertex 51.80046463012695 -55.024436950683594 -4
vertex 51.80046463012695 -55.024436950683594 0
endloop
endfacet
facet normal 1 0 0
outer loop
vertex 57.09180450439453 -57.72750473022461 -1.5
vertex 57.09180450439453 -56.931060791015625 -1.5949000120162964
vertex 57.09180450439453 -56.931060791015625 -0.4050999879837036
endloop
endfacet
facet normal -1 0 0
outer loop
vertex 57.89180374145508 -55.49951171875 -0.26061686873435974
vertex 57.89180374145508 -56.238895416259766 -4
vertex 57.89180374145508 -56.238895416259766 -1.6686240434646606
endloop
endfacet
facet normal 0 0 1
outer loop
vertex 51.49180603027344 -56.23861312866211 -5
vertex 51.52986526489258 -53.371158599853516 -5
vertex 51.49180603027344 -53.5625 -5
endloop
endfacet
facet normal 0 0 1
outer loop
vertex 51.52986526489258 -53.371158599853516 -5
vertex 51.49180603027344 -56.23861312866211 -5
vertex 51.63825225830078 -53.208946228027344 -5
endloop
endfacet
facet normal 0 0 1
outer loop
vertex 51.63825225830078 -53.208946228027344 -5
vertex 51.49180603027344 -56.23861312866211 -5
vertex 51.80046463012695 -53.10055923461914 -5
endloop
endfacet
facet normal -0.5555572524753821 0.8314782854783427 0
outer loop
vertex 63.345359802246094 -54.916053771972656 0
vertex 63.345359802246094 -54.916053771972656 -4
vertex 63.18314743041992 -55.024436950683594 0
endloop
endfacet
facet normal -0.8314692529919772 0.5555707707654927 0
outer loop
vertex 63.4537467956543 -54.753841400146484 0
vertex 63.4537467956543 -54.753841400146484 -4
vertex 63.345359802246094 -54.916053771972656 0
endloop
endfacet
facet normal -0.9807861986664705 0.19508570553829574 0
outer loop
vertex 63.49180603027344 -54.5625 -4
vertex 63.4537467956543 -54.753841400146484 0
vertex 63.49180603027344 -54.5625 0
endloop
endfacet
facet normal -1 0 0
outer loop
vertex 63.49180603027344 -53.757164001464844 0
vertex 63.49180603027344 -54.5625 -4
vertex 63.49180603027344 -54.5625 0
endloop
endfacet
facet normal 1 0 0
outer loop
vertex 51.49180603027344 -56.23861312866211 -5
vertex 51.49180603027344 -53.5625 -5
vertex 51.49180603027344 -54.5625 -4
endloop
endfacet
facet normal 0.9807861986664705 -0.19508570553829574 0
outer loop
vertex 51.49180603027344 -53.5625 -5
vertex 51.52986526489258 -53.371158599853516 -5
vertex 51.52986526489258 -53.371158599853516 -4.099999904632568
endloop
endfacet
facet normal 0.8314692529919772 -0.5555707707654927 0
outer loop
vertex 51.52986526489258 -53.371158599853516 -5
vertex 51.63825225830078 -53.208946228027344 -5
vertex 51.63825225830078 -53.208946228027344 -4.099999904632568
endloop
endfacet
facet normal 0.5555707707654927 -0.8314692529919772 0
outer loop
vertex 51.63825225830078 -53.208946228027344 -5
vertex 51.80046463012695 -53.10055923461914 -5
vertex 51.80046463012695 -53.10055923461914 -4.099999904632568
endloop
endfacet
facet normal 1 0 0
outer loop
vertex 51.49180603027344 -56.23861312866211 -4
vertex 51.49180603027344 -56.23861312866211 -5
vertex 51.49180603027344 -54.5625 -4
endloop
endfacet
facet normal 0 0 -1
outer loop
vertex 51.49180603027344 -56.23861312866211 -4
vertex 51.49180603027344 -54.5625 -4
vertex 51.52986526489258 -54.753841400146484 -4
endloop
endfacet
facet normal 0 0 -1
outer loop
vertex 51.49180603027344 -56.23861312866211 -4
vertex 51.63825225830078 -54.916053771972656 -4
vertex 51.80046463012695 -55.024436950683594 -4
endloop
endfacet
facet normal 0 0 -1
outer loop
vertex 51.63825225830078 -54.916053771972656 -4
vertex 51.49180603027344 -56.23861312866211 -4
vertex 51.52986526489258 -54.753841400146484 -4
endloop
endfacet
facet normal 0 0 -1
outer loop
vertex 51.49180603027344 -56.23861312866211 -4
vertex 51.80046463012695 -55.024436950683594 -4
vertex 51.99180603027344 -55.0625 -4
endloop
endfacet
facet normal 0 0 -1
outer loop
vertex 51.49180603027344 -56.23861312866211 -4
vertex 51.99180603027344 -55.0625 -4
vertex 57.09180450439453 -56.238861083984375 -4
endloop
endfacet
facet normal 1 0 0
outer loop
vertex 51.49180603027344 -53.5625 -4.099999904632568
vertex 51.49180603027344 -53.75697326660156 -4.099999904632568
vertex 51.49180603027344 -53.5625 -5
endloop
endfacet
facet normal 0.9807861986664705 -0.19508570553829574 0
outer loop
vertex 51.52986526489258 -53.371158599853516 -4.099999904632568
vertex 51.49180603027344 -53.5625 -4.099999904632568
vertex 51.49180603027344 -53.5625 -5
endloop
endfacet
facet normal 1 0 0
outer loop
vertex 51.49180603027344 -54.5625 -4
vertex 51.49180603027344 -53.5625 -5
vertex 51.49180603027344 -53.75697326660156 -4.099999904632568
endloop
endfacet
facet normal 0.8314692529919772 -0.5555707707654927 0
outer loop
vertex 51.52986526489258 -53.371158599853516 -4.099999904632568
vertex 51.52986526489258 -53.371158599853516 -5
vertex 51.63825225830078 -53.208946228027344 -4.099999904632568
endloop
endfacet
facet normal -1 0 0
outer loop
vertex 63.49180603027344 -53.5625 -4.099999904632568
vertex 63.49180603027344 -53.5625 -5
vertex 63.49180603027344 -53.757164001464844 -4.099999904632568
endloop
endfacet
facet normal 0.5555707707654927 -0.8314692529919772 0
outer loop
vertex 51.63825225830078 -53.208946228027344 -4.099999904632568
vertex 51.63825225830078 -53.208946228027344 -5
vertex 51.80046463012695 -53.10055923461914 -4.099999904632568
endloop
endfacet
facet normal 0 0 -1
outer loop
vertex 63.49180603027344 -54.5625 -4
vertex 63.49180603027344 -56.23914337158203 -4
vertex 63.4537467956543 -54.753841400146484 -4
endloop
endfacet
facet normal 0 0 -1
outer loop
vertex 63.49180603027344 -56.23914337158203 -4
vertex 63.345359802246094 -54.916053771972656 -4
vertex 63.4537467956543 -54.753841400146484 -4
endloop
endfacet
facet normal 0 0 -1
outer loop
vertex 63.49180603027344 -56.23914337158203 -4
vertex 63.18314743041992 -55.024436950683594 -4
vertex 63.345359802246094 -54.916053771972656 -4
endloop
endfacet
facet normal -1 0 0
outer loop
vertex 63.49180603027344 -54.5625 -4
vertex 63.49180603027344 -56.23914337158203 -5
vertex 63.49180603027344 -56.23914337158203 -4
endloop
endfacet
facet normal 1 0 0
outer loop
vertex 57.09180450439453 -56.238861083984375 -1.6686277389526367
vertex 57.09180450439453 -56.238861083984375 -4
vertex 57.09180450439453 -55.0625 -4
endloop
endfacet
facet normal 0 -1 0
outer loop
vertex 51.80046463012695 -53.10055923461914 -4.099999904632568
vertex 63.18314743041992 -53.10055923461914 -5
vertex 63.18314743041992 -53.10055923461914 -4.099999904632568
endloop
endfacet
facet normal 0 0 -1
outer loop
vertex 63.49180603027344 -56.23914337158203 -4
vertex 57.89180374145508 -55.0625 -4
vertex 63.18314743041992 -55.024436950683594 -4
endloop
endfacet
facet normal 0 0 -1
outer loop
vertex 57.89180374145508 -56.238895416259766 -4
vertex 57.89180374145508 -55.0625 -4
vertex 63.49180603027344 -56.23914337158203 -4
endloop
endfacet
facet normal 0 0 -1
outer loop
vertex 57.09180450439453 -56.238861083984375 -4
vertex 51.99180603027344 -55.0625 -4
vertex 57.09180450439453 -55.0625 -4
endloop
endfacet
facet normal -0.5555707707654927 -0.8314692529919772 0
outer loop
vertex 63.18314743041992 -53.10055923461914 -5
vertex 63.345359802246094 -53.208946228027344 -5
vertex 63.345359802246094 -53.208946228027344 -4.099999904632568
endloop
endfacet
facet normal 0 0 1
outer loop
vertex 63.49180603027344 -56.23914337158203 -5
vertex 63.49180603027344 -53.5625 -5
vertex 51.49180603027344 -56.23861312866211 -5
endloop
endfacet
facet normal -0.8314692529919772 -0.5555707707654927 0
outer loop
vertex 63.345359802246094 -53.208946228027344 -5
vertex 63.4537467956543 -53.371158599853516 -5
vertex 63.4537467956543 -53.371158599853516 -4.099999904632568
endloop
endfacet
facet normal -0.9807861986664705 -0.19508570553829574 0
outer loop
vertex 63.4537467956543 -53.371158599853516 -5
vertex 63.49180603027344 -53.5625 -5
vertex 63.49180603027344 -53.5625 -4.099999904632568
endloop
endfacet
facet normal 0 0 1
outer loop
vertex 51.80046463012695 -53.10055923461914 -5
vertex 51.49180603027344 -56.23861312866211 -5
vertex 63.18314743041992 -53.10055923461914 -5
endloop
endfacet
facet normal 0 -1 0
outer loop
vertex 51.80046463012695 -53.10055923461914 -5
vertex 63.18314743041992 -53.10055923461914 -5
vertex 51.80046463012695 -53.10055923461914 -4.099999904632568
endloop
endfacet
facet normal 0 0 1
outer loop
vertex 51.49180603027344 -56.23861312866211 -5
vertex 63.345359802246094 -53.208946228027344 -5
vertex 63.18314743041992 -53.10055923461914 -5
endloop
endfacet
facet normal -0.5555572524753821 0.8314782854783427 0
outer loop
vertex 63.345359802246094 -54.916053771972656 -4
vertex 63.18314743041992 -55.024436950683594 -4
vertex 63.18314743041992 -55.024436950683594 0
endloop
endfacet
facet normal -0.8314692529919772 0.5555707707654927 0
outer loop
vertex 63.4537467956543 -54.753841400146484 -4
vertex 63.345359802246094 -54.916053771972656 -4
vertex 63.345359802246094 -54.916053771972656 0
endloop
endfacet
facet normal -0.9807861986664705 0.19508570553829574 0
outer loop
vertex 63.49180603027344 -54.5625 -4
vertex 63.4537467956543 -54.753841400146484 -4
vertex 63.4537467956543 -54.753841400146484 0
endloop
endfacet
facet normal -1 0 0
outer loop
vertex 63.49180603027344 -53.757164001464844 -4.099999904632568
vertex 63.49180603027344 -54.5625 -4
vertex 63.49180603027344 -53.757164001464844 0
endloop
endfacet
facet normal 1 0 0
outer loop
vertex 57.09180450439453 -56.238861083984375 -1.6686277389526367
vertex 57.09180450439453 -55.0625 -4
vertex 57.09180450439453 -55.0625 0
endloop
endfacet
facet normal -1 0 0
outer loop
vertex 63.49180603027344 -53.757164001464844 -4.099999904632568
vertex 63.49180603027344 -53.5625 -5
vertex 63.49180603027344 -54.5625 -4
endloop
endfacet
facet normal -0.8314692529919772 -0.5555707707654927 0
outer loop
vertex 63.345359802246094 -53.208946228027344 -4.099999904632568
vertex 63.345359802246094 -53.208946228027344 -5
vertex 63.4537467956543 -53.371158599853516 -4.099999904632568
endloop
endfacet
facet normal -0.5555707707654927 -0.8314692529919772 0
outer loop
vertex 63.18314743041992 -53.10055923461914 -4.099999904632568
vertex 63.18314743041992 -53.10055923461914 -5
vertex 63.345359802246094 -53.208946228027344 -4.099999904632568
endloop
endfacet
facet normal 1 0 0
outer loop
vertex 57.09180450439453 -56.931060791015625 -1.5949000120162964
vertex 57.09180450439453 -56.238861083984375 -1.6686277389526367
vertex 57.09180450439453 -56.13349533081055 -0.32014966011047363
endloop
endfacet
facet normal -1 0 0
outer loop
vertex 57.89180374145508 -56.931060791015625 -1.5949000120162964
vertex 57.89180374145508 -57.72750473022461 -1.5
vertex 57.89180374145508 -56.931060791015625 -0.4050999879837036
endloop
endfacet
facet normal -1 0 0
outer loop
vertex 57.89180374145508 -56.238895416259766 -1.6686240434646606
vertex 57.89180374145508 -56.931060791015625 -1.5949000120162964
vertex 57.89180374145508 -56.931060791015625 -0.4050999879837036
endloop
endfacet
facet normal -1 0 0
outer loop
vertex 57.89180374145508 -55.49951171875 -0.26061686873435974
vertex 57.89180374145508 -55.238895416259766 0
vertex 57.89180374145508 -55.0625 -4
endloop
endfacet
facet normal -1 0 0
outer loop
vertex 57.89180374145508 -55.238895416259766 0
vertex 57.89180374145508 -55.0625 0
vertex 57.89180374145508 -55.0625 -4
endloop
endfacet
facet normal 1 0 0
outer loop
vertex 57.09180450439453 -57.72750473022461 -0.5
vertex 57.09180450439453 -57.72750473022461 -1.5
vertex 57.09180450439453 -56.931060791015625 -0.4050999879837036
endloop
endfacet
facet normal 1 0 0
outer loop
vertex 57.09180450439453 -56.931060791015625 -0.4050999879837036
vertex 57.09180450439453 -56.931060791015625 -1.5949000120162964
vertex 57.09180450439453 -56.13349533081055 -0.32014966011047363
endloop
endfacet
facet normal 1 0 0
outer loop
vertex 57.09180450439453 -56.13349533081055 -0.32014966011047363
vertex 57.09180450439453 -56.238861083984375 -1.6686277389526367
vertex 57.09180450439453 -55.499473571777344 -0.26061320304870605
endloop
endfacet
facet normal -1 0 0
outer loop
vertex 57.89180374145508 -56.931060791015625 -0.4050999879837036
vertex 57.89180374145508 -57.72750473022461 -1.5
vertex 57.89180374145508 -57.72750473022461 -0.5
endloop
endfacet
facet normal -0.007193270138980207 0.9999741280976762 0
outer loop
vertex 63.18314743041992 -55.024436950683594 -4
vertex 57.89180374145508 -55.0625 -4
vertex 63.18314743041992 -55.024436950683594 0
endloop
endfacet
facet normal -1 0 0
outer loop
vertex 57.89180374145508 -56.238895416259766 -1.6686240434646606
vertex 57.89180374145508 -56.931060791015625 -0.4050999879837036
vertex 57.89180374145508 -56.13349533081055 -0.32014966011047363
endloop
endfacet
facet normal -1 0 0
outer loop
vertex 57.89180374145508 -55.49951171875 -0.26061686873435974
vertex 57.89180374145508 -56.238895416259766 -1.6686240434646606
vertex 57.89180374145508 -56.13349533081055 -0.32014966011047363
endloop
endfacet
facet normal -1 0 0
outer loop
vertex 57.89180374145508 -55.0625 -4
vertex 57.89180374145508 -56.238895416259766 -4
vertex 57.89180374145508 -55.49951171875 -0.26061686873435974
endloop
endfacet
facet normal -0.007193270138980207 0.9999741280976762 0
outer loop
vertex 63.18314743041992 -55.024436950683594 0
vertex 57.89180374145508 -55.0625 -4
vertex 57.89180374145508 -55.0625 0
endloop
endfacet
facet normal 0 1 0
outer loop
vertex 57.09180450439453 -55.0625 -4
vertex 51.99180603027344 -55.0625 -4
vertex 57.09180450439453 -55.0625 0
endloop
endfacet
facet normal 0 1 0
outer loop
vertex 51.99180603027344 -55.0625 0
vertex 57.09180450439453 -55.0625 0
vertex 51.99180603027344 -55.0625 -4
endloop
endfacet
facet normal 0.5555572524753821 0.8314782854783427 0
outer loop
vertex 51.80046463012695 -55.024436950683594 0
vertex 51.80046463012695 -55.024436950683594 -4
vertex 51.63825225830078 -54.916053771972656 0
endloop
endfacet
facet normal 1 0 0
outer loop
vertex 57.09180450439453 -55.238861083984375 0
vertex 57.09180450439453 -56.238861083984375 -1.6686277389526367
vertex 57.09180450439453 -55.0625 0
endloop
endfacet
facet normal 1 0 0
outer loop
vertex 57.09180450439453 -55.499473571777344 -0.26061320304870605
vertex 57.09180450439453 -56.238861083984375 -1.6686277389526367
vertex 57.09180450439453 -55.238861083984375 0
endloop
endfacet
facet normal 0.8314692529919772 0.5555707707654927 0
outer loop
vertex 51.63825225830078 -54.916053771972656 0
vertex 51.63825225830078 -54.916053771972656 -4
vertex 51.52986526489258 -54.753841400146484 0
endloop
endfacet
facet normal 0 0 1
outer loop
vertex 51.49180603027344 -56.23861312866211 -5
vertex 63.49180603027344 -53.5625 -5
vertex 63.4537467956543 -53.371158599853516 -5
endloop
endfacet
facet normal 0.19510451479714808 0.980782457176804 0
outer loop
vertex 51.80046463012695 -55.024436950683594 0
vertex 51.99180603027344 -55.0625 0
vertex 51.99180603027344 -55.0625 -4
endloop
endfacet
facet normal 0 0 1
outer loop
vertex 63.345359802246094 -53.208946228027344 -5
vertex 51.49180603027344 -56.23861312866211 -5
vertex 63.4537467956543 -53.371158599853516 -5
endloop
endfacet
facet normal 1 0 0
outer loop
vertex 51.49180603027344 -53.75697326660156 0
vertex 51.49180603027344 -54.5625 0
vertex 51.49180603027344 -54.5625 -4
endloop
endfacet
facet normal 0.9807861986664705 0.19508570553829574 0
outer loop
vertex 51.49180603027344 -54.5625 0
vertex 51.52986526489258 -54.753841400146484 0
vertex 51.52986526489258 -54.753841400146484 -4
endloop
endfacet
facet normal 0.9807861986664705 0.19508570553829574 0
outer loop
vertex 51.52986526489258 -54.753841400146484 -4
vertex 51.49180603027344 -54.5625 -4
vertex 51.49180603027344 -54.5625 0
endloop
endfacet
facet normal 1 0 0
outer loop
vertex 51.49180603027344 -54.5625 -4
vertex 51.49180603027344 -53.75697326660156 -4.099999904632568
vertex 51.49180603027344 -53.75697326660156 0
endloop
endfacet
facet normal 0.5555572524753821 0.8314782854783427 0
outer loop
vertex 51.80046463012695 -55.024436950683594 -4
vertex 51.63825225830078 -54.916053771972656 -4
vertex 51.63825225830078 -54.916053771972656 0
endloop
endfacet
facet normal 0.8314692529919772 0.5555707707654927 0
outer loop
vertex 51.63825225830078 -54.916053771972656 -4
vertex 51.52986526489258 -54.753841400146484 -4
vertex 51.52986526489258 -54.753841400146484 0
endloop
endfacet
facet normal -0.9807861986664705 -0.19508570553829574 0
outer loop
vertex 63.4537467956543 -53.371158599853516 -4.099999904632568
vertex 63.4537467956543 -53.371158599853516 -5
vertex 63.49180603027344 -53.5625 -4.099999904632568
endloop
endfacet
facet normal -1 0 0
outer loop
vertex -42.840057373046875 -56.234439849853516 -1.6690984964370728
vertex -42.840057373046875 -56.931060791015625 -1.5949000120162964
vertex -42.840057373046875 -56.931060791015625 -0.4050999879837036
endloop
endfacet
facet normal 1 0 0
outer loop
vertex -43.64005661010742 -56.931060791015625 -0.4050999879837036
vertex -43.64005661010742 -56.931060791015625 -1.5949000120162964
vertex -43.64005661010742 -56.234405517578125 -1.6691021919250488
endloop
endfacet
facet normal -1 0 0
outer loop
vertex -42.840057373046875 -57.72750473022461 -1.5
vertex -42.840057373046875 -56.931060791015625 -0.4050999879837036
vertex -42.840057373046875 -56.931060791015625 -1.5949000120162964
endloop
endfacet
facet normal 1 0 0
outer loop
vertex -43.64005661010742 -57.72750473022461 -1.5
vertex -43.64005661010742 -56.931060791015625 -1.5949000120162964
vertex -43.64005661010742 -56.931060791015625 -0.4050999879837036
endloop
endfacet
facet normal -1 0 0
outer loop
vertex -42.840057373046875 -55.234439849853516 0
vertex -42.840057373046875 -55.0625 0
vertex -42.840057373046875 -55.0625 -4
endloop
endfacet
facet normal 1 0 0
outer loop
vertex -43.64005661010742 -55.0625 0
vertex -43.64005661010742 -55.234405517578125 0
vertex -43.64005661010742 -55.49455642700195 -0.26015153527259827
endloop
endfacet
facet normal 0 0 1
outer loop
vertex -49.240055084228516 -56.23415756225586 -5
vertex -49.201995849609375 -53.371158599853516 -5
vertex -49.240055084228516 -53.5625 -5
endloop
endfacet
facet normal -0.007193270138980207 0.9999741280976762 0
outer loop
vertex -37.54871368408203 -55.024436950683594 0
vertex -42.840057373046875 -55.0625 -4
vertex -42.840057373046875 -55.0625 0
endloop
endfacet
facet normal 0 0 1
outer loop
vertex -49.201995849609375 -53.371158599853516 -5
vertex -49.240055084228516 -56.23415756225586 -5
vertex -49.09360885620117 -53.208946228027344 -5
endloop
endfacet
facet normal 0 0 1
outer loop
vertex -49.09360885620117 -53.208946228027344 -5
vertex -49.240055084228516 -56.23415756225586 -5
vertex -48.931396484375 -53.10055923461914 -5
endloop
endfacet
facet normal 0 0 1
outer loop
vertex -48.931396484375 -53.10055923461914 -5
vertex -49.240055084228516 -56.23415756225586 -5
vertex -37.54871368408203 -53.10055923461914 -5
endloop
endfacet
facet normal 1 0 0
outer loop
vertex -49.240055084228516 -56.23415756225586 -5
vertex -49.240055084228516 -53.5625 -5
vertex -49.240055084228516 -54.5625 -4
endloop
endfacet
facet normal 1 0 0
outer loop
vertex -43.64005661010742 -57.72750473022461 -0.5
vertex -43.64005661010742 -57.72750473022461 -1.5
vertex -43.64005661010742 -56.931060791015625 -0.4050999879837036
endloop
endfacet
facet normal -1 0 0
outer loop
vertex -42.840057373046875 -56.931060791015625 -0.4050999879837036
vertex -42.840057373046875 -57.72750473022461 -1.5
vertex -42.840057373046875 -57.72750473022461 -0.5
endloop
endfacet
facet normal 1 0 0
outer loop
vertex -43.64005661010742 -56.931060791015625 -0.4050999879837036
vertex -43.64005661010742 -56.234405517578125 -1.6691021919250488
vertex -43.64005661010742 -56.13349533081055 -0.32014966011047363
endloop
endfacet
facet normal 1 0 0
outer loop
vertex -43.64005661010742 -56.13349533081055 -0.32014966011047363
vertex -43.64005661010742 -56.234405517578125 -1.6691021919250488
vertex -43.64005661010742 -55.49455642700195 -0.26015153527259827
endloop
endfacet
facet normal -1 0 0
outer loop
vertex -42.840057373046875 -56.931060791015625 -0.4050999879837036
vertex -42.840057373046875 -56.13349533081055 -0.32014966011047363
vertex -42.840057373046875 -56.234439849853516 -1.6690984964370728
endloop
endfacet
facet normal -1 0 0
outer loop
vertex -42.840057373046875 -56.13349533081055 -0.32014966011047363
vertex -42.840057373046875 -55.49459457397461 -0.26015520095825195
vertex -42.840057373046875 -56.234439849853516 -1.6690984964370728
endloop
endfacet
facet normal 0.9807861986664705 -0.19508570553829574 0
outer loop
vertex -49.240055084228516 -53.5625 -5
vertex -49.201995849609375 -53.371158599853516 -5
vertex -49.201995849609375 -53.371158599853516 -4.099999904632568
endloop
endfacet
facet normal 0.8314692529919772 -0.5555707707654927 0
outer loop
vertex -49.201995849609375 -53.371158599853516 -5
vertex -49.09360885620117 -53.208946228027344 -5
vertex -49.09360885620117 -53.208946228027344 -4.099999904632568
endloop
endfacet
facet normal 0.5555707707654927 -0.8314692529919772 0
outer loop
vertex -49.09360885620117 -53.208946228027344 -5
vertex -48.931396484375 -53.10055923461914 -5
vertex -48.931396484375 -53.10055923461914 -4.099999904632568
endloop
endfacet
facet normal 0 -1 0
outer loop
vertex -48.931396484375 -53.10055923461914 -5
vertex -37.54871368408203 -53.10055923461914 -5
vertex -48.931396484375 -53.10055923461914 -4.099999904632568
endloop
endfacet
facet normal 1 0 0
outer loop
vertex -49.240055084228516 -54.5625 0
vertex -49.240055084228516 -53.755401611328125 -4.099999904632568
vertex -49.240055084228516 -53.755401611328125 0
endloop
endfacet
facet normal -0.5555572524753821 0.8314782854783427 0
outer loop
vertex -37.38650131225586 -54.916053771972656 0
vertex -37.38650131225586 -54.916053771972656 -4
vertex -37.54871368408203 -55.024436950683594 0
endloop
endfacet
facet normal -0.8314692529919772 0.5555707707654927 0
outer loop
vertex -37.278114318847656 -54.753841400146484 0
vertex -37.278114318847656 -54.753841400146484 -4
vertex -37.38650131225586 -54.916053771972656 0
endloop
endfacet
facet normal 0 0 1
outer loop
vertex -37.240055084228516 -56.23468780517578 -5
vertex -37.240055084228516 -53.5625 -5
vertex -49.240055084228516 -56.23415756225586 -5
endloop
endfacet
facet normal -0.9807861986664705 0.19508570553829574 0
outer loop
vertex -37.240055084228516 -54.5625 -4
vertex -37.278114318847656 -54.753841400146484 0
vertex -37.240055084228516 -54.5625 0
endloop
endfacet
facet normal 0 1 0
outer loop
vertex -43.64005661010742 -55.0625 0
vertex -48.740055084228516 -55.0625 -4
vertex -48.740055084228516 -55.0625 0
endloop
endfacet
facet normal -1 0 0
outer loop
vertex -37.240055084228516 -53.75558853149414 0
vertex -37.240055084228516 -54.5625 -4
vertex -37.240055084228516 -54.5625 0
endloop
endfacet
facet normal 0 0 1
outer loop
vertex -49.240055084228516 -56.23415756225586 -5
vertex -37.240055084228516 -53.5625 -5
vertex -37.278114318847656 -53.371158599853516 -5
endloop
endfacet
facet normal 0 0 1
outer loop
vertex -49.240055084228516 -56.23415756225586 -5
vertex -37.38650131225586 -53.208946228027344 -5
vertex -37.54871368408203 -53.10055923461914 -5
endloop
endfacet
facet normal 0 0 1
outer loop
vertex -37.38650131225586 -53.208946228027344 -5
vertex -49.240055084228516 -56.23415756225586 -5
vertex -37.278114318847656 -53.371158599853516 -5
endloop
endfacet
facet normal -1 0 0
outer loop
vertex -37.240055084228516 -53.5625 -5
vertex -37.240055084228516 -56.23468780517578 -5
vertex -37.240055084228516 -54.5625 -4
endloop
endfacet
facet normal -0.9807861986664705 -0.19508570553829574 0
outer loop
vertex -37.278114318847656 -53.371158599853516 -5
vertex -37.240055084228516 -53.5625 -5
vertex -37.240055084228516 -53.5625 -4.099999904632568
endloop
endfacet
facet normal -0.8314692529919772 -0.5555707707654927 0
outer loop
vertex -37.38650131225586 -53.208946228027344 -5
vertex -37.278114318847656 -53.371158599853516 -5
vertex -37.278114318847656 -53.371158599853516 -4.099999904632568
endloop
endfacet
facet normal -0.5555707707654927 -0.8314692529919772 0
outer loop
vertex -37.54871368408203 -53.10055923461914 -5
vertex -37.38650131225586 -53.208946228027344 -5
vertex -37.38650131225586 -53.208946228027344 -4.099999904632568
endloop
endfacet
facet normal 1 0 0
outer loop
vertex -49.240055084228516 -56.23415756225586 -4
vertex -49.240055084228516 -56.23415756225586 -5
vertex -49.240055084228516 -54.5625 -4
endloop
endfacet
facet normal 0 0 -1
outer loop
vertex -49.240055084228516 -56.23415756225586 -4
vertex -49.201995849609375 -54.753841400146484 -4
vertex -49.09360885620117 -54.916053771972656 -4
endloop
endfacet
facet normal 0 0 -1
outer loop
vertex -49.240055084228516 -56.23415756225586 -4
vertex -49.09360885620117 -54.916053771972656 -4
vertex -48.931396484375 -55.024436950683594 -4
endloop
endfacet
facet normal 0 0 -1
outer loop
vertex -49.201995849609375 -54.753841400146484 -4
vertex -49.240055084228516 -56.23415756225586 -4
vertex -49.240055084228516 -54.5625 -4
endloop
endfacet
facet normal 0 0 -1
outer loop
vertex -49.240055084228516 -56.23415756225586 -4
vertex -48.931396484375 -55.024436950683594 -4
vertex -48.740055084228516 -55.0625 -4
endloop
endfacet
facet normal 0 0 -1
outer loop
vertex -49.240055084228516 -56.23415756225586 -4
vertex -48.740055084228516 -55.0625 -4
vertex -43.64005661010742 -56.234405517578125 -4
endloop
endfacet
facet normal 0 0 -1
outer loop
vertex -43.64005661010742 -56.234405517578125 -4
vertex -48.740055084228516 -55.0625 -4
vertex -43.64005661010742 -55.0625 -4
endloop
endfacet
facet normal 0.5555572524753821 0.8314782854783427 0
outer loop
vertex -48.931396484375 -55.024436950683594 0
vertex -48.931396484375 -55.024436950683594 -4
vertex -49.09360885620117 -54.916053771972656 0
endloop
endfacet
facet normal 1 0 0
outer loop
vertex -49.240055084228516 -53.5625 -4.099999904632568
vertex -49.240055084228516 -53.755401611328125 -4.099999904632568
vertex -49.240055084228516 -53.5625 -5
endloop
endfacet
facet normal 0.9807861986664705 -0.19508570553829574 0
outer loop
vertex -49.201995849609375 -53.371158599853516 -4.099999904632568
vertex -49.240055084228516 -53.5625 -4.099999904632568
vertex -49.240055084228516 -53.5625 -5
endloop
endfacet
facet normal 0.9807861986664705 0.19508570553829574 0
outer loop
vertex -49.201995849609375 -54.753841400146484 0
vertex -49.201995849609375 -54.753841400146484 -4
vertex -49.240055084228516 -54.5625 0
endloop
endfacet
facet normal 0.8314692529919772 0.5555707707654927 0
outer loop
vertex -49.09360885620117 -54.916053771972656 0
vertex -49.09360885620117 -54.916053771972656 -4
vertex -49.201995849609375 -54.753841400146484 0
endloop
endfacet
facet normal 0.19510451479714808 0.980782457176804 0
outer loop
vertex -48.740055084228516 -55.0625 -4
vertex -48.931396484375 -55.024436950683594 0
vertex -48.740055084228516 -55.0625 0
endloop
endfacet
facet normal 0.8314692529919772 -0.5555707707654927 0
outer loop
vertex -49.201995849609375 -53.371158599853516 -4.099999904632568
vertex -49.201995849609375 -53.371158599853516 -5
vertex -49.09360885620117 -53.208946228027344 -4.099999904632568
endloop
endfacet
facet normal 1 0 0
outer loop
vertex -49.240055084228516 -54.5625 -4
vertex -49.240055084228516 -53.5625 -5
vertex -49.240055084228516 -53.755401611328125 -4.099999904632568
endloop
endfacet
facet normal 0.5555707707654927 -0.8314692529919772 0
outer loop
vertex -49.09360885620117 -53.208946228027344 -4.099999904632568
vertex -49.09360885620117 -53.208946228027344 -5
vertex -48.931396484375 -53.10055923461914 -4.099999904632568
endloop
endfacet
facet normal 0 0 -1
outer loop
vertex -42.840057373046875 -55.0625 -4
vertex -37.240055084228516 -56.23468780517578 -4
vertex -42.840057373046875 -56.234439849853516 -4
endloop
endfacet
facet normal 0 -1 0
outer loop
vertex -48.931396484375 -53.10055923461914 -4.099999904632568
vertex -37.54871368408203 -53.10055923461914 -5
vertex -37.54871368408203 -53.10055923461914 -4.099999904632568
endloop
endfacet
facet normal -1 0 0
outer loop
vertex -37.240055084228516 -54.5625 -4
vertex -37.240055084228516 -56.23468780517578 -5
vertex -37.240055084228516 -56.23468780517578 -4
endloop
endfacet
facet normal 0 0 -1
outer loop
vertex -37.240055084228516 -56.23468780517578 -4
vertex -42.840057373046875 -55.0625 -4
vertex -37.54871368408203 -55.024436950683594 -4
endloop
endfacet
facet normal 0 0 -1
outer loop
vertex -37.240055084228516 -56.23468780517578 -4
vertex -37.54871368408203 -55.024436950683594 -4
vertex -37.38650131225586 -54.916053771972656 -4
endloop
endfacet
facet normal 1 0 0
outer loop
vertex -43.64005661010742 -55.49455642700195 -0.26015153527259827
vertex -43.64005661010742 -56.234405517578125 -1.6691021919250488
vertex -43.64005661010742 -55.0625 0
endloop
endfacet
facet normal -1 0 0
outer loop
vertex -42.840057373046875 -55.234439849853516 0
vertex -42.840057373046875 -56.234439849853516 -1.6690984964370728
vertex -42.840057373046875 -55.49459457397461 -0.26015520095825195
endloop
endfacet
facet normal 0 0 -1
outer loop
vertex -37.240055084228516 -56.23468780517578 -4
vertex -37.38650131225586 -54.916053771972656 -4
vertex -37.278114318847656 -54.753841400146484 -4
endloop
endfacet
facet normal 0 0 -1
outer loop
vertex -37.240055084228516 -54.5625 -4
vertex -37.240055084228516 -56.23468780517578 -4
vertex -37.278114318847656 -54.753841400146484 -4
endloop
endfacet
facet normal -0.9807861986664705 -0.19508570553829574 0
outer loop
vertex -37.278114318847656 -53.371158599853516 -4.099999904632568
vertex -37.278114318847656 -53.371158599853516 -5
vertex -37.240055084228516 -53.5625 -4.099999904632568
endloop
endfacet
facet normal -0.8314692529919772 -0.5555707707654927 0
outer loop
vertex -37.38650131225586 -53.208946228027344 -4.099999904632568
vertex -37.38650131225586 -53.208946228027344 -5
vertex -37.278114318847656 -53.371158599853516 -4.099999904632568
endloop
endfacet
facet normal -1 0 0
outer loop
vertex -37.240055084228516 -53.5625 -4.099999904632568
vertex -37.240055084228516 -53.5625 -5
vertex -37.240055084228516 -53.75558853149414 -4.099999904632568
endloop
endfacet
facet normal -1 0 0
outer loop
vertex -37.240055084228516 -53.75558853149414 -4.099999904632568
vertex -37.240055084228516 -53.5625 -5
vertex -37.240055084228516 -54.5625 -4
endloop
endfacet
facet normal -0.5555707707654927 -0.8314692529919772 0
outer loop
vertex -37.54871368408203 -53.10055923461914 -4.099999904632568
vertex -37.54871368408203 -53.10055923461914 -5
vertex -37.38650131225586 -53.208946228027344 -4.099999904632568
endloop
endfacet
facet normal 1 0 0
outer loop
vertex -43.64005661010742 -55.0625 -4
vertex -43.64005661010742 -56.234405517578125 -1.6691021919250488
vertex -43.64005661010742 -56.234405517578125 -4
endloop
endfacet
facet normal -1 0 0
outer loop
vertex -42.840057373046875 -55.0625 -4
vertex -42.840057373046875 -56.234439849853516 -4
vertex -42.840057373046875 -56.234439849853516 -1.6690984964370728
endloop
endfacet
facet normal 0.5555572524753821 0.8314782854783427 0
outer loop
vertex -48.931396484375 -55.024436950683594 -4
vertex -49.09360885620117 -54.916053771972656 -4
vertex -49.09360885620117 -54.916053771972656 0
endloop
endfacet
facet normal 0.8314692529919772 0.5555707707654927 0
outer loop
vertex -49.09360885620117 -54.916053771972656 -4
vertex -49.201995849609375 -54.753841400146484 -4
vertex -49.201995849609375 -54.753841400146484 0
endloop
endfacet
facet normal 0.9807861986664705 0.19508570553829574 0
outer loop
vertex -49.201995849609375 -54.753841400146484 -4
vertex -49.240055084228516 -54.5625 -4
vertex -49.240055084228516 -54.5625 0
endloop
endfacet
facet normal 0.19510451479714808 0.980782457176804 0
outer loop
vertex -48.740055084228516 -55.0625 -4
vertex -48.931396484375 -55.024436950683594 -4
vertex -48.931396484375 -55.024436950683594 0
endloop
endfacet
facet normal 1 0 0
outer loop
vertex -49.240055084228516 -54.5625 0
vertex -49.240055084228516 -54.5625 -4
vertex -49.240055084228516 -53.755401611328125 -4.099999904632568
endloop
endfacet
facet normal 0 1 0
outer loop
vertex -43.64005661010742 -55.0625 -4
vertex -48.740055084228516 -55.0625 -4
vertex -43.64005661010742 -55.0625 0
endloop
endfacet
facet normal -0.007193270138980207 0.9999741280976762 0
outer loop
vertex -37.54871368408203 -55.024436950683594 -4
vertex -42.840057373046875 -55.0625 -4
vertex -37.54871368408203 -55.024436950683594 0
endloop
endfacet
facet normal -0.5555572524753821 0.8314782854783427 0
outer loop
vertex -37.38650131225586 -54.916053771972656 -4
vertex -37.54871368408203 -55.024436950683594 -4
vertex -37.54871368408203 -55.024436950683594 0
endloop
endfacet
facet normal -0.8314692529919772 0.5555707707654927 0
outer loop
vertex -37.278114318847656 -54.753841400146484 -4
vertex -37.38650131225586 -54.916053771972656 -4
vertex -37.38650131225586 -54.916053771972656 0
endloop
endfacet
facet normal -0.9807861986664705 0.19508570553829574 0
outer loop
vertex -37.240055084228516 -54.5625 -4
vertex -37.278114318847656 -54.753841400146484 -4
vertex -37.278114318847656 -54.753841400146484 0
endloop
endfacet
facet normal -1 0 0
outer loop
vertex -37.240055084228516 -53.75558853149414 -4.099999904632568
vertex -37.240055084228516 -54.5625 -4
vertex -37.240055084228516 -53.75558853149414 0
endloop
endfacet
facet normal 1 0 0
outer loop
vertex -43.64005661010742 -56.234405517578125 -1.6691021919250488
vertex -43.64005661010742 -55.0625 -4
vertex -43.64005661010742 -55.0625 0
endloop
endfacet
facet normal -1 0 0
outer loop
vertex -42.840057373046875 -55.0625 -4
vertex -42.840057373046875 -56.234439849853516 -1.6690984964370728
vertex -42.840057373046875 -55.234439849853516 0
endloop
endfacet
facet normal -0.956938605216473 0.29029038193910456 0
outer loop
vertex -42.25926971435547 56.06245040893555 -3.5
vertex -42.25926971435547 56.06245040893555 -4.989342212677002
vertex -42.31617736816406 55.874855041503906 -3.5
endloop
endfacet
facet normal -0.2902957875711588 0.9569369653840532 0
outer loop
vertex -42.85737228393555 55.33366012573242 -3.5
vertex -42.85737228393555 55.33366012573242 -5.745413303375244
vertex -43.04496383666992 55.27675247192383 -3.5
endloop
endfacet
facet normal 0.09801622777686082 0.9951848165503705 0
outer loop
vertex -43.240055084228516 55.257537841796875 -3.5
vertex -43.240055084228516 55.257537841796875 -5.749669075012207
vertex -43.43514633178711 55.27675247192383 -3.5
endloop
endfacet
facet normal -0.9569386052164729 0.2902903819391045 0
outer loop
vertex -42.31617736816406 55.874855041503906 -5.199143409729004
vertex -42.31617736816406 55.874855041503906 -3.5
vertex -42.25926971435547 56.06245040893555 -4.989342212677002
endloop
endfacet
facet normal -0.6343878776560029 0.7730148903372509 0
outer loop
vertex -42.5329475402832 55.55043029785156 -3.5
vertex -42.5329475402832 55.55043029785156 -5.561952590942383
vertex -42.684486389160156 55.42606735229492 -3.5
endloop
endfacet
facet normal -0.8819259499769285 0.471387970526712 0
outer loop
vertex -42.40858459472656 55.701969146728516 -5.392490386962891
vertex -42.40858459472656 55.701969146728516 -3.5
vertex -42.31617736816406 55.874855041503906 -5.199143409729004
endloop
endfacet
facet normal -0.7730148903372509 0.6343878776560029 0
outer loop
vertex -42.5329475402832 55.55043029785156 -5.561952590942383
vertex -42.5329475402832 55.55043029785156 -3.5
vertex -42.40858459472656 55.701969146728516 -5.392490386962891
endloop
endfacet
facet normal 0.9569440106171243 0.2902725625063677 0
outer loop
vertex -44.163936614990234 55.874855041503906 -5.1988115310668945
vertex -44.22084045410156 56.06245040893555 -4.98898983001709
vertex -44.22084045410156 56.06245040893555 -3.5
endloop
endfacet
facet normal 0.881917860019375 0.47140310582223166 0
outer loop
vertex -44.07152557373047 55.701969146728516 -5.392191410064697
vertex -44.163936614990234 55.874855041503906 -5.1988115310668945
vertex -44.163936614990234 55.874855041503906 -3.5
endloop
endfacet
facet normal 0.773014890337251 0.634387877656003 0
outer loop
vertex -43.94716262817383 55.55043029785156 -5.561697959899902
vertex -44.07152557373047 55.701969146728516 -5.392191410064697
vertex -44.07152557373047 55.701969146728516 -3.5
endloop
endfacet
facet normal -0.634387877656003 0.773014890337251 0
outer loop
vertex -42.684486389160156 55.42606735229492 -5.701017379760742
vertex -42.684486389160156 55.42606735229492 -3.5
vertex -42.5329475402832 55.55043029785156 -5.561952590942383
endloop
endfacet
facet normal -0.47137400637861887 0.8819334136489952 0
outer loop
vertex -42.75358200073242 55.389137268066406 -5.742311477661133
vertex -42.684486389160156 55.42606735229492 -3.5
vertex -42.684486389160156 55.42606735229492 -5.701017379760742
endloop
endfacet
facet normal -0.47139726658912373 0.8819209811838602 0
outer loop
vertex -42.85737228393555 55.33366012573242 -5.745413303375244
vertex -42.85737228393555 55.33366012573242 -3.5
vertex -42.75358200073242 55.389137268066406 -5.742311477661133
endloop
endfacet
facet normal -0.2902957875711588 0.9569369653840533 0
outer loop
vertex -43.04496383666992 55.27675247192383 -5.748594760894775
vertex -43.04496383666992 55.27675247192383 -3.5
vertex -42.85737228393555 55.33366012573242 -5.745413303375244
endloop
endfacet
facet normal 0.09801622777686082 0.9951848165503705 0
outer loop
vertex -43.240055084228516 55.257537841796875 -5.749669075012207
vertex -43.43514633178711 55.27675247192383 -5.748594760894775
vertex -43.43514633178711 55.27675247192383 -3.5
endloop
endfacet
facet normal 0.2902957875711588 0.9569369653840532 0
outer loop
vertex -43.43514633178711 55.27675247192383 -5.748594760894775
vertex -43.622737884521484 55.33366012573242 -5.745413303375244
vertex -43.622737884521484 55.33366012573242 -3.5
endloop
endfacet
facet normal 0.6343974203505326 0.7730070588633648 0
outer loop
vertex -43.79562759399414 55.42606735229492 -5.700817584991455
vertex -43.94716262817383 55.55043029785156 -5.561697959899902
vertex -43.94716262817383 55.55043029785156 -3.5
endloop
endfacet
facet normal 0.47136296983983383 0.8819393123473814 0
outer loop
vertex -43.79562759399414 55.42606735229492 -3.5
vertex -43.72622299194336 55.388973236083984 -5.742320537567139
vertex -43.79562759399414 55.42606735229492 -5.700817584991455
endloop
endfacet
facet normal 0.4713912482862504 0.8819241980112941 0.0000011253106846938884
outer loop
vertex -43.622737884521484 55.33366012573242 -5.745413303375244
vertex -43.72622299194336 55.388973236083984 -5.742320537567139
vertex -43.79562759399414 55.42606735229492 -3.5
endloop
endfacet
facet normal -0.09801622777686082 0.9951848165503705 0
outer loop
vertex -43.240055084228516 55.257537841796875 -5.749669075012207
vertex -43.240055084228516 55.257537841796875 -3.5
vertex -43.04496383666992 55.27675247192383 -5.748594760894775
endloop
endfacet
facet normal 0.773014890337251 0.634387877656003 0
outer loop
vertex -43.94716262817383 55.55043029785156 -3.5
vertex -43.94716262817383 55.55043029785156 -5.561697959899902
vertex -44.07152557373047 55.701969146728516 -3.5
endloop
endfacet
facet normal 0.995207963935816 0.09778091600102881 0.00003138036272175272
outer loop
vertex -44.22084045410156 56.06245040893555 -4.98898983001709
vertex -44.24003601074219 56.25775146484375 -4.770550727844238
vertex -44.240055084228516 56.257537841796875 -3.5
endloop
endfacet
facet normal 0 0 -1
outer loop
vertex -43.04496383666992 55.27675247192383 -3.5
vertex -43.240055084228516 55.257537841796875 -3.5
vertex -44.240055084228516 56.257537841796875 -3.5
endloop
endfacet
facet normal 0 0 -1
outer loop
vertex -43.240055084228516 55.257537841796875 -3.5
vertex -43.43514633178711 55.27675247192383 -3.5
vertex -44.240055084228516 56.257537841796875 -3.5
endloop
endfacet
facet normal 0 0 -1
outer loop
vertex -44.07152557373047 55.701969146728516 -3.5
vertex -44.22084045410156 56.06245040893555 -3.5
vertex -44.240055084228516 56.257537841796875 -3.5
endloop
endfacet
facet normal 0 0 -1
outer loop
vertex -43.94716262817383 55.55043029785156 -3.5
vertex -44.07152557373047 55.701969146728516 -3.5
vertex -44.240055084228516 56.257537841796875 -3.5
endloop
endfacet
facet normal 0 0 -1
outer loop
vertex -43.79562759399414 55.42606735229492 -3.5
vertex -43.94716262817383 55.55043029785156 -3.5
vertex -44.240055084228516 56.257537841796875 -3.5
endloop
endfacet
facet normal 0 0 -1
outer loop
vertex -42.85737228393555 55.33366012573242 -3.5
vertex -43.04496383666992 55.27675247192383 -3.5
vertex -44.240055084228516 56.257537841796875 -3.5
endloop
endfacet
facet normal 0 0 -1
outer loop
vertex -42.684486389160156 55.42606735229492 -3.5
vertex -42.85737228393555 55.33366012573242 -3.5
vertex -44.240055084228516 56.257537841796875 -3.5
endloop
endfacet
facet normal -0.9951855501030805 0.09800877953545264 0
outer loop
vertex -42.25926971435547 56.06245040893555 -4.989342212677002
vertex -42.25926971435547 56.06245040893555 -3.5
vertex -42.24007797241211 56.25732421875 -4.771388053894043
endloop
endfacet
facet normal -0.773014890337251 0.634387877656003 0
outer loop
vertex -42.40858459472656 55.701969146728516 -3.5
vertex -42.40858459472656 55.701969146728516 -5.392490386962891
vertex -42.5329475402832 55.55043029785156 -3.5
endloop
endfacet
facet normal 0.9569440106171244 0.2902725625063677 0
outer loop
vertex -44.163936614990234 55.874855041503906 -3.5
vertex -44.163936614990234 55.874855041503906 -5.1988115310668945
vertex -44.22084045410156 56.06245040893555 -3.5
endloop
endfacet
facet normal 0.9951846295964323 0.09801812595133512 0
outer loop
vertex -44.22084045410156 56.06245040893555 -3.5
vertex -44.22084045410156 56.06245040893555 -4.98898983001709
vertex -44.240055084228516 56.257537841796875 -3.5
endloop
endfacet
facet normal 0 0 -1
outer loop
vertex -42.5329475402832 55.55043029785156 -3.5
vertex -42.684486389160156 55.42606735229492 -3.5
vertex -44.240055084228516 56.257537841796875 -3.5
endloop
endfacet
facet normal 0 0 -1
outer loop
vertex -44.07152557373047 55.701969146728516 -3.5
vertex -44.163936614990234 55.874855041503906 -3.5
vertex -44.22084045410156 56.06245040893555 -3.5
endloop
endfacet
facet normal 0 0 -1
outer loop
vertex -42.40858459472656 55.701969146728516 -3.5
vertex -42.5329475402832 55.55043029785156 -3.5
vertex -44.240055084228516 56.257537841796875 -3.5
endloop
endfacet
facet normal 0 0 -1
outer loop
vertex -42.31617736816406 55.874855041503906 -3.5
vertex -42.40858459472656 55.701969146728516 -3.5
vertex -44.240055084228516 56.257537841796875 -3.5
endloop
endfacet
facet normal -0.8819259499769284 0.471387970526712 0
outer loop
vertex -42.31617736816406 55.874855041503906 -3.5
vertex -42.31617736816406 55.874855041503906 -5.199143409729004
vertex -42.40858459472656 55.701969146728516 -3.5
endloop
endfacet
facet normal 0.2902957875711588 0.9569369653840533 0
outer loop
vertex -43.43514633178711 55.27675247192383 -3.5
vertex -43.43514633178711 55.27675247192383 -5.748594760894775
vertex -43.622737884521484 55.33366012573242 -3.5
endloop
endfacet
facet normal 0 0 -1
outer loop
vertex -42.25926971435547 56.06245040893555 -3.5
vertex -42.31617736816406 55.874855041503906 -3.5
vertex -44.240055084228516 56.257537841796875 -3.5
endloop
endfacet
facet normal 0 0 -1
outer loop
vertex -42.24007797241211 56.25732421875 -3.5
vertex -42.25926971435547 56.06245040893555 -3.5
vertex -44.240055084228516 56.257537841796875 -3.5
endloop
endfacet
facet normal 0 0 -1
outer loop
vertex -43.43514633178711 55.27675247192383 -3.5
vertex -43.622737884521484 55.33366012573242 -3.5
vertex -44.240055084228516 56.257537841796875 -3.5
endloop
endfacet
facet normal 0 0 -1
outer loop
vertex -43.622737884521484 55.33366012573242 -3.5
vertex -43.79562759399414 55.42606735229492 -3.5
vertex -44.240055084228516 56.257537841796875 -3.5
endloop
endfacet
facet normal -0.9951855501030806 0.09800877953545264 0
outer loop
vertex -42.24007797241211 56.25732421875 -4.771388053894043
vertex -42.25926971435547 56.06245040893555 -3.5
vertex -42.24007797241211 56.25732421875 -3.5
endloop
endfacet
facet normal 0.4713798807438282 0.8819302739048787 0
outer loop
vertex -43.622737884521484 55.33366012573242 -3.5
vertex -43.622737884521484 55.33366012573242 -5.745413303375244
vertex -43.79562759399414 55.42606735229492 -3.5
endloop
endfacet
facet normal 0.6343974203505326 0.7730070588633648 0
outer loop
vertex -43.79562759399414 55.42606735229492 -3.5
vertex -43.79562759399414 55.42606735229492 -5.700817584991455
vertex -43.94716262817383 55.55043029785156 -3.5
endloop
endfacet
facet normal 0.881917860019375 0.4714031058222316 0
outer loop
vertex -44.07152557373047 55.701969146728516 -3.5
vertex -44.07152557373047 55.701969146728516 -5.392191410064697
vertex -44.163936614990234 55.874855041503906 -3.5
endloop
endfacet
facet normal -0.09801622777686082 0.9951848165503705 0
outer loop
vertex -43.04496383666992 55.27675247192383 -3.5
vertex -43.04496383666992 55.27675247192383 -5.748594760894775
vertex -43.240055084228516 55.257537841796875 -3.5
endloop
endfacet
facet normal -0.4713879705266398 0.8819259499767934 5.532217102851864e-7
outer loop
vertex -42.684486389160156 55.42606735229492 -3.5
vertex -42.75358200073242 55.389137268066406 -5.742311477661133
vertex -42.85737228393555 55.33366012573242 -3.5
endloop
endfacet
facet normal 0 0 -1
outer loop
vertex 58.41568374633789 55.853355407714844 -3.5
vertex 58.32327651977539 55.68046951293945 -3.5
vertex 56.49180603027344 56.23604202270508 -3.5
endloop
endfacet
facet normal 0.9951848165503705 0.09801622777686082 0
outer loop
vertex 56.51102066040039 56.040950775146484 -3.5
vertex 56.51102066040039 56.040950775146484 -5.031146049499512
vertex 56.49180603027344 56.23604202270508 -3.5
endloop
endfacet
facet normal 0.09801622777686082 0.9951848165503705 0
outer loop
vertex 57.49180603027344 55.23604202270508 -3.5
vertex 57.49180603027344 55.23604202270508 -5.750870704650879
vertex 57.296714782714844 55.25525665283203 -3.5
endloop
endfacet
facet normal 0 0 -1
outer loop
vertex 58.32327651977539 55.68046951293945 -3.5
vertex 58.19891357421875 55.528934478759766 -3.5
vertex 56.49180603027344 56.23604202270508 -3.5
endloop
endfacet
facet normal 0 0 -1
outer loop
vertex 58.472591400146484 56.040950775146484 -3.5
vertex 58.41568374633789 55.853355407714844 -3.5
vertex 56.49180603027344 56.23604202270508 -3.5
endloop
endfacet
facet normal -0.9951857372264361 0.09800687945789845 0
outer loop
vertex 58.491783142089844 56.2358283996582 -4.813544273376465
vertex 58.472591400146484 56.040950775146484 -5.031498908996582
vertex 58.472591400146484 56.040950775146484 -3.5
endloop
endfacet
facet normal -0.7730070588633648 0.6343974203505326 0
outer loop
vertex 58.32327651977539 55.68046951293945 -3.5
vertex 58.32327651977539 55.68046951293945 -5.434647083282471
vertex 58.19891357421875 55.528934478759766 -3.5
endloop
endfacet
facet normal -0.8819259499769285 0.471387970526712 0
outer loop
vertex 58.41568374633789 55.853355407714844 -3.5
vertex 58.41568374633789 55.853355407714844 -5.241300106048584
vertex 58.32327651977539 55.68046951293945 -3.5
endloop
endfacet
facet normal -0.09801622777686082 0.9951848165503705 0
outer loop
vertex 57.68689727783203 55.25525665283203 -3.5
vertex 57.68689727783203 55.25525665283203 -5.7497968673706055
vertex 57.49180603027344 55.23604202270508 -3.5
endloop
endfacet
facet normal -0.9569386052164731 0.29029038193910456 0
outer loop
vertex 58.472591400146484 56.040950775146484 -3.5
vertex 58.472591400146484 56.040950775146484 -5.031498908996582
vertex 58.41568374633789 55.853355407714844 -3.5
endloop
endfacet
facet normal -0.995185737226436 0.09800687945789843 0
outer loop
vertex 58.491783142089844 56.2358283996582 -3.5
vertex 58.491783142089844 56.2358283996582 -4.813544273376465
vertex 58.472591400146484 56.040950775146484 -3.5
endloop
endfacet
facet normal 0 0 -1
outer loop
vertex 56.660335540771484 55.68046951293945 -3.5
vertex 56.51102066040039 56.040950775146484 -3.5
vertex 56.49180603027344 56.23604202270508 -3.5
endloop
endfacet
facet normal 0.9952078233793668 0.09778234697109005 0.000030088681548338667
outer loop
vertex 56.51102066040039 56.040950775146484 -5.031146049499512
vertex 56.491825103759766 56.23625183105469 -4.812707424163818
vertex 56.49180603027344 56.23604202270508 -3.5
endloop
endfacet
facet normal 0 0 -1
outer loop
vertex 57.10912322998047 55.31216049194336 -3.5
vertex 56.93623352050781 55.404571533203125 -3.5
vertex 56.49180603027344 56.23604202270508 -3.5
endloop
endfacet
facet normal 0 0 -1
outer loop
vertex 57.296714782714844 55.25525665283203 -3.5
vertex 57.10912322998047 55.31216049194336 -3.5
vertex 56.49180603027344 56.23604202270508 -3.5
endloop
endfacet
facet normal 0.634397420350524 0.7730070588633544 1.6446900145516072e-7
outer loop
vertex 56.93623352050781 55.404571533203125 -3.5
vertex 56.934486389160156 55.406005859375 -5.741368293762207
vertex 56.784698486328125 55.528934478759766 -3.5
endloop
endfacet
facet normal 0.4713950159280179 0.8819221841853303 0
outer loop
vertex 57.10912322998047 55.31216049194336 -3.5
vertex 57.10912322998047 55.31216049194336 -5.746614933013916
vertex 56.93623352050781 55.404571533203125 -3.5
endloop
endfacet
facet normal 0 0 -1
outer loop
vertex 57.49180603027344 55.23604202270508 -3.5
vertex 57.296714782714844 55.25525665283203 -3.5
vertex 56.49180603027344 56.23604202270508 -3.5
endloop
endfacet
facet normal -0.956938605216473 0.29029038193910456 0
outer loop
vertex 58.472591400146484 56.040950775146484 -5.031498908996582
vertex 58.41568374633789 55.853355407714844 -5.241300106048584
vertex 58.41568374633789 55.853355407714844 -3.5
endloop
endfacet
facet normal -0.8819259499769284 0.471387970526712 0
outer loop
vertex 58.41568374633789 55.853355407714844 -5.241300106048584
vertex 58.32327651977539 55.68046951293945 -5.434647083282471
vertex 58.32327651977539 55.68046951293945 -3.5
endloop
endfacet
facet normal 0.9569440106171243 0.2902725625063677 0
outer loop
vertex 56.56792449951172 55.853355407714844 -5.240967750549316
vertex 56.51102066040039 56.040950775146484 -5.031146049499512
vertex 56.51102066040039 56.040950775146484 -3.5
endloop
endfacet
facet normal 0.881917860019375 0.4714031058222316 0
outer loop
vertex 56.660335540771484 55.68046951293945 -5.434348106384277
vertex 56.56792449951172 55.853355407714844 -5.240967750549316
vertex 56.56792449951172 55.853355407714844 -3.5
endloop
endfacet
facet normal -0.7730070588633648 0.6343974203505326 0
outer loop
vertex 58.32327651977539 55.68046951293945 -5.434647083282471
vertex 58.19891357421875 55.528934478759766 -5.604108810424805
vertex 58.19891357421875 55.528934478759766 -3.5
endloop
endfacet
facet normal -0.6343870622599151 0.7730155595052566 9.827623350408398e-8
outer loop
vertex 58.19891357421875 55.528934478759766 -5.604108810424805
vertex 58.049354553222656 55.40619659423828 -5.741357803344727
vertex 58.0473747253418 55.404571533203125 -3.5
endloop
endfacet
facet normal 0 0 -1
outer loop
vertex 56.660335540771484 55.68046951293945 -3.5
vertex 56.49180603027344 56.23604202270508 -3.5
vertex 56.784698486328125 55.528934478759766 -3.5
endloop
endfacet
facet normal 0 0 -1
outer loop
vertex 56.660335540771484 55.68046951293945 -3.5
vertex 56.56792449951172 55.853355407714844 -3.5
vertex 56.51102066040039 56.040950775146484 -3.5
endloop
endfacet
facet normal -0.4736219817546072 0.8807282318620419 0
outer loop
vertex 58.049354553222656 55.40619659423828 -5.741357803344727
vertex 57.874488830566406 55.31216049194336 -5.746614933013916
vertex 57.874488830566406 55.31216049194336 -3.5
endloop
endfacet
facet normal -0.290277967867665 0.9569423709767578 0
outer loop
vertex 57.874488830566406 55.31216049194336 -5.746614933013916
vertex 57.68689727783203 55.25525665283203 -5.7497968673706055
vertex 57.68689727783203 55.25525665283203 -3.5
endloop
endfacet
facet normal 0.2902779678676651 0.9569423709767578 0
outer loop
vertex 57.296714782714844 55.25525665283203 -5.7497968673706055
vertex 57.10912322998047 55.31216049194336 -5.746614933013916
vertex 57.10912322998047 55.31216049194336 -3.5
endloop
endfacet
facet normal 0.7730070588633648 0.6343974203505326 0
outer loop
vertex 56.784698486328125 55.528934478759766 -5.603854656219482
vertex 56.660335540771484 55.68046951293945 -5.434348106384277
vertex 56.660335540771484 55.68046951293945 -3.5
endloop
endfacet
facet normal 0.634395949771139 0.773008265747511 0
outer loop
vertex 56.934486389160156 55.406005859375 -5.741368293762207
vertex 56.784698486328125 55.528934478759766 -5.603854656219482
vertex 56.784698486328125 55.528934478759766 -3.5
endloop
endfacet
facet normal 0.47336180261148647 0.8808680752046077 0.00019471449262672052
outer loop
vertex 57.10912322998047 55.31216049194336 -5.746614933013916
vertex 56.934486389160156 55.406005859375 -5.741368293762207
vertex 56.93623352050781 55.404571533203125 -3.5
endloop
endfacet
facet normal -0.09801622777686082 0.9951848165503705 0
outer loop
vertex 57.68689727783203 55.25525665283203 -5.7497968673706055
vertex 57.49180603027344 55.23604202270508 -5.750870704650879
vertex 57.49180603027344 55.23604202270508 -3.5
endloop
endfacet
facet normal 0.09801622777686082 0.9951848165503705 0
outer loop
vertex 57.49180603027344 55.23604202270508 -5.750870704650879
vertex 57.296714782714844 55.25525665283203 -5.7497968673706055
vertex 57.296714782714844 55.25525665283203 -3.5
endloop
endfacet
facet normal 0 0 -1
outer loop
vertex 56.93623352050781 55.404571533203125 -3.5
vertex 56.784698486328125 55.528934478759766 -3.5
vertex 56.49180603027344 56.23604202270508 -3.5
endloop
endfacet
facet normal 0 0 -1
outer loop
vertex 57.68689727783203 55.25525665283203 -3.5
vertex 57.49180603027344 55.23604202270508 -3.5
vertex 56.49180603027344 56.23604202270508 -3.5
endloop
endfacet
facet normal 0.7730070588633647 0.6343974203505326 0
outer loop
vertex 56.784698486328125 55.528934478759766 -3.5
vertex 56.784698486328125 55.528934478759766 -5.603854656219482
vertex 56.660335540771484 55.68046951293945 -3.5
endloop
endfacet
facet normal 0.881917860019375 0.4714031058222316 0
outer loop
vertex 56.660335540771484 55.68046951293945 -3.5
vertex 56.660335540771484 55.68046951293945 -5.434348106384277
vertex 56.56792449951172 55.853355407714844 -3.5
endloop
endfacet
facet normal 0.290277967867665 0.9569423709767578 0
outer loop
vertex 57.296714782714844 55.25525665283203 -3.5
vertex 57.296714782714844 55.25525665283203 -5.7497968673706055
vertex 57.10912322998047 55.31216049194336 -3.5
endloop
endfacet
facet normal -0.2902779678676651 0.9569423709767578 0
outer loop
vertex 57.874488830566406 55.31216049194336 -3.5
vertex 57.874488830566406 55.31216049194336 -5.746614933013916
vertex 57.68689727783203 55.25525665283203 -3.5
endloop
endfacet
facet normal -0.47140309409865866 0.8819178380864937 0.00022302254701045505
outer loop
vertex 58.0473747253418 55.404571533203125 -3.5
vertex 58.049354553222656 55.40619659423828 -5.741357803344727
vertex 57.874488830566406 55.31216049194336 -3.5
endloop
endfacet
facet normal -0.634387877656003 0.773014890337251 0
outer loop
vertex 58.19891357421875 55.528934478759766 -3.5
vertex 58.19891357421875 55.528934478759766 -5.604108810424805
vertex 58.0473747253418 55.404571533203125 -3.5
endloop
endfacet
facet normal 0.9569440106171243 0.2902725625063677 0
outer loop
vertex 56.56792449951172 55.853355407714844 -3.5
vertex 56.56792449951172 55.853355407714844 -5.240967750549316
vertex 56.51102066040039 56.040950775146484 -3.5
endloop
endfacet
facet normal 0 0 -1
outer loop
vertex 57.874488830566406 55.31216049194336 -3.5
vertex 57.68689727783203 55.25525665283203 -3.5
vertex 56.49180603027344 56.23604202270508 -3.5
endloop
endfacet
facet normal 0 0 -1
outer loop
vertex 58.0473747253418 55.404571533203125 -3.5
vertex 57.874488830566406 55.31216049194336 -3.5
vertex 56.49180603027344 56.23604202270508 -3.5
endloop
endfacet
facet normal 0 0 -1
outer loop
vertex 58.491783142089844 56.2358283996582 -3.5
vertex 58.472591400146484 56.040950775146484 -3.5
vertex 56.49180603027344 56.23604202270508 -3.5
endloop
endfacet
facet normal 0 0 -1
outer loop
vertex 58.19891357421875 55.528934478759766 -3.5
vertex 58.0473747253418 55.404571533203125 -3.5
vertex 56.49180603027344 56.23604202270508 -3.5
endloop
endfacet
facet normal -0.9700902310728567 0.24274460565996397 0
outer loop
vertex -44.44005584716797 56.25779342651367 -1.100000023841858
vertex -44.23988342285156 57.0577507019043 -2.4000000953674316
vertex -44.44005584716797 56.25779342651367 -2.5
endloop
endfacet
facet normal 0.00002626001912218397 0.12403435050028458 0.9922779243772301
outer loop
vertex -44.23988342285156 57.0577507019043 -1.2000000476837158
vertex -42.04005432128906 56.25728225708008 -1.100000023841858
vertex -42.23988342285156 57.05732727050781 -1.2000000476837158
endloop
endfacet
facet normal 0.00002641781109840968 0.12403477747253774 0.9922778710015846
outer loop
vertex -42.04005432128906 56.25728225708008 -1.100000023841858
vertex -44.23988342285156 57.0577507019043 -1.2000000476837158
vertex -44.44005584716797 56.25779342651367 -1.100000023841858
endloop
endfacet
facet normal 0.9701944521982224 0.24232772215285434 0
outer loop
vertex -42.23988342285156 57.05732727050781 -1.2000000476837158
vertex -42.04005432128906 56.25728225708008 -2.5
vertex -42.23988342285156 57.05732727050781 -2.4000000953674316
endloop
endfacet
facet normal -0.9700902310728567 0.24274460565996397 0
outer loop
vertex -44.23988342285156 57.0577507019043 -2.4000000953674316
vertex -44.44005584716797 56.25779342651367 -1.100000023841858
vertex -44.23988342285156 57.0577507019043 -1.2000000476837158
endloop
endfacet
facet normal 0.00021171569349726446 0.9999999775882323 0
outer loop
vertex -42.23988342285156 57.05732727050781 -1.2000000476837158
vertex -44.23988342285156 57.0577507019043 -2.4000000953674316
vertex -44.23988342285156 57.0577507019043 -1.2000000476837158
endloop
endfacet
facet normal 0.9701944521982224 0.24232772215285436 0
outer loop
vertex -42.04005432128906 56.25728225708008 -2.5
vertex -42.23988342285156 57.05732727050781 -1.2000000476837158
vertex -42.04005432128906 56.25728225708008 -1.100000023841858
endloop
endfacet
facet normal 0.00002626008692178559 0.1240346707391813 -0.9922778843474395
outer loop
vertex -42.23988342285156 57.05732727050781 -2.4000000953674316
vertex -44.44005584716797 56.25779342651367 -2.5
vertex -44.23988342285156 57.0577507019043 -2.4000000953674316
endloop
endfacet
facet normal 0.00002641769741161909 0.12403424369948138 -0.9922779377230974
outer loop
vertex -44.44005584716797 56.25779342651367 -2.5
vertex -42.23988342285156 57.05732727050781 -2.4000000953674316
vertex -42.04005432128906 56.25728225708008 -2.5
endloop
endfacet
facet normal 0.00021171569349726446 0.9999999775882323 0
outer loop
vertex -42.23988342285156 57.05732727050781 -2.4000000953674316
vertex -44.23988342285156 57.0577507019043 -2.4000000953674316
vertex -42.23988342285156 57.05732727050781 -1.2000000476837158
endloop
endfacet
facet normal 0.000026496608300385617 0.12403440868386227 0.9922779170980146
outer loop
vertex 56.49197769165039 57.0362548828125 -1.2000000476837158
vertex 58.69180679321289 56.235782623291016 -1.100000023841858
vertex 58.49197769165039 57.03582763671875 -1.2000000476837158
endloop
endfacet
facet normal 0.000026614948520191416 0.12403472890136555 0.9922778770677139
outer loop
vertex 58.69180679321289 56.235782623291016 -1.100000023841858
vertex 56.49197769165039 57.0362548828125 -1.2000000476837158
vertex 56.291805267333984 56.236297607421875 -1.100000023841858
endloop
endfacet
facet normal 0.000026496651830335508 0.12403461245377628 -0.992277891626821
outer loop
vertex 58.49197769165039 57.03582763671875 -2.4000000953674316
vertex 56.291805267333984 56.236297607421875 -2.5
vertex 56.49197769165039 57.0362548828125 -2.4000000953674316
endloop
endfacet
facet normal 0.000026614854811242494 0.12403429218573311 -0.9922779316570705
outer loop
vertex 56.291805267333984 56.236297607421875 -2.5
vertex 58.49197769165039 57.03582763671875 -2.4000000953674316
vertex 58.69180679321289 56.235782623291016 -2.5
endloop
endfacet
facet normal -0.9700902310728567 0.24274460565996397 0
outer loop
vertex 56.49197769165039 57.0362548828125 -2.4000000953674316
vertex 56.291805267333984 56.236297607421875 -2.5
vertex 56.49197769165039 57.0362548828125 -1.2000000476837158
endloop
endfacet
facet normal 0.000213623042000677 0.9999999771825977 0
outer loop
vertex 58.49197769165039 57.03582763671875 -2.4000000953674316
vertex 56.49197769165039 57.0362548828125 -2.4000000953674316
vertex 58.49197769165039 57.03582763671875 -1.2000000476837158
endloop
endfacet
facet normal -0.9700902310728567 0.24274460565996397 0
outer loop
vertex 56.291805267333984 56.236297607421875 -2.5
vertex 56.291805267333984 56.236297607421875 -1.100000023841858
vertex 56.49197769165039 57.0362548828125 -1.2000000476837158
endloop
endfacet
facet normal 0.000213623042000677 0.9999999771825977 0
outer loop
vertex 58.49197769165039 57.03582763671875 -1.2000000476837158
vertex 56.49197769165039 57.0362548828125 -2.4000000953674316
vertex 56.49197769165039 57.0362548828125 -1.2000000476837158
endloop
endfacet
facet normal 0.9701944521982224 0.24232772215285434 0
outer loop
vertex 58.49197769165039 57.03582763671875 -1.2000000476837158
vertex 58.69180679321289 56.235782623291016 -2.5
vertex 58.49197769165039 57.03582763671875 -2.4000000953674316
endloop
endfacet
facet normal 0.9701944521982224 0.24232772215285436 0
outer loop
vertex 58.69180679321289 56.235782623291016 -2.5
vertex 58.49197769165039 57.03582763671875 -1.2000000476837158
vertex 58.69180679321289 56.235782623291016 -1.100000023841858
endloop
endfacet
endsolid auto-kdk-case
