solid auto-kdk-case
facet normal -0.9804413024575983 0.1968117155368033 -0.00003259921275841568
outer loop
vertex -97.60269927978516 52.564056396484375 -4.841287136077881
vertex -97.77449798583984 51.70819854736328 -4.97332763671875
vertex -97.79656219482422 51.59828567504883 -4.957350730895996
endloop
endfacet
facet normal 0 0 1
outer loop
vertex 89.2874984741211 -53.36320114135742 0
vertex 88.82821655273438 -53.58832931518555 0
vertex 93.1131362915039 -55.2176628112793 0
endloop
endfacet
facet normal 0.0000243270856034978 -0.9999999996887357 0.000005542685204707327
outer loop
vertex 52.58911895751953 -56.23040771484375 -10.524024963378906
vertex 48.122806549072266 -56.23051834106445 -10.880144119262695
vertex 52.827064514160156 -56.230403900146484 -10.880138397216797
endloop
endfacet
facet normal 0.000024523053841758884 -0.9999999996457397 -0.00001035087833430272
outer loop
vertex 46.974937438964844 -56.23054885864258 -3.450000047683716
vertex 47.54896545410156 -56.230533599853516 -3.564180612564087
vertex 53.974937438964844 -56.230377197265625 -3.450000047683716
endloop
endfacet
facet normal 0.0001534036211081415 0.9999999880936399 0.00001673466825090588
outer loop
vertex 14.282395362854004 56.24610900878906 -1
vertex 93.16071319580078 56.2340087890625 -1
vertex 80.06668090820312 56.236019134521484 -1.100000023841858
endloop
endfacet
facet normal 0.00002502117024792518 -0.999999999686429 0.000001040653768771363
outer loop
vertex 48.03559875488281 -56.23052215576172 -3.8893399238586426
vertex 48.360755920410156 -56.23051452636719 -4.375974655151367
vertex 52.91427993774414 -56.23040008544922 -3.8893399238586426
endloop
endfacet
facet normal 0.0001525877712098286 0.9999998531831127 -0.0005199526182178953
outer loop
vertex 14.282395362854004 56.24610900878906 -1
vertex 80.06668090820312 56.236019134521484 -1.100000023841858
vertex 77.66667938232422 56.236385345458984 -1.100000023841858
endloop
endfacet
facet normal 0 0 1
outer loop
vertex 94.57206726074219 54.77786636352539 0
vertex 93.83638000488281 55.07843017578125 0
vertex 95.23786926269531 54.34394073486328 0
endloop
endfacet
facet normal 0.00015340811000835245 0.9999999882329759 0
outer loop
vertex 14.282395362854004 56.24610900878906 -1
vertex 77.66667938232422 56.236385345458984 -1.100000023841858
vertex 77.66667938232422 56.236385345458984 -2.5
endloop
endfacet
facet normal 0 0 1
outer loop
vertex 93.06126403808594 55.23402404785156 0
vertex 93.32209777832031 53.67068099975586 0
vertex 93.83638000488281 55.07843017578125 0
endloop
endfacet
facet normal 0.00015345311797124693 0.9999999882242616 0.0000019018650586497378
outer loop
vertex 77.66667938232422 56.236385345458984 -2.5
vertex 79.86666870117188 56.23604965209961 -3.5
vertex 14.282395362854004 56.24610900878906 -1
endloop
endfacet
facet normal 0.00002526072677865662 -0.9999999996619338 -0.000006166690996259744
outer loop
vertex 48.360755920410156 -56.23051452636719 -10.524024963378906
vertex 48.122806549072266 -56.23051834106445 -10.880144119262695
vertex 52.58911895751953 -56.23040771484375 -10.524024963378906
endloop
endfacet
facet normal 0 0 1
outer loop
vertex 94.61793518066406 52.88365173339844 0
vertex 94.92565155029297 52.47507095336914 0
vertex 93.83638000488281 55.07843017578125 0
endloop
endfacet
facet normal 0.00007629437116828255 0.9999979523397962 -0.0020222500793732143
outer loop
vertex 77.86668395996094 56.236202239990234 -3.5
vertex 14.282395362854004 56.24610900878906 -1
vertex 79.86666870117188 56.23604965209961 -3.5
endloop
endfacet
facet normal 0 0 1
outer loop
vertex 94.23868560791016 53.22686004638672 0
vertex 94.61793518066406 52.88365173339844 0
vertex 93.83638000488281 55.07843017578125 0
endloop
endfacet
facet normal 0 0 1
outer loop
vertex 89.69608306884766 -53.05548858642578 0
vertex 89.2874984741211 -53.36320114135742 0
vertex 93.1131362915039 -55.2176628112793 0
endloop
endfacet
facet normal -0.6942249697484618 -0.7197580780623846 -0.000021016408907718412
outer loop
vertex -96.57271575927734 -54.44590759277344 -10.725841522216797
vertex -95.91600036621094 -55.079322814941406 -10.844841957092285
vertex -95.86372375488281 -55.12974548339844 -10.826093673706055
endloop
endfacet
facet normal -0.9999999614562135 0.00027764594894799004 -5.463439101598612e-7
outer loop
vertex -97.82505798339844 -51.054237365722656 -10.645381927490234
vertex -97.80866241455078 8.016813278198242 -1
vertex -97.79656219482422 51.59828567504883 -1
endloop
endfacet
facet normal 0 0 1
outer loop
vertex 94.44608306884766 30.06951141357422 0
vertex 93.1131362915039 -55.2176628112793 0
vertex 94.78929138183594 30.448762893676758 0
endloop
endfacet
facet normal 0.000024770982481227598 -0.9999999996914378 0.0000018769051166357773
outer loop
vertex 47.54896545410156 -56.230533599853516 -3.564180612564087
vertex 48.03559875488281 -56.23052215576172 -3.8893399238586426
vertex 53.40091323852539 -56.23038864135742 -3.564180612564087
endloop
endfacet
facet normal 0 0 1
outer loop
vertex -94.23880767822266 -53.226844787597656 0
vertex -94.61805725097656 -52.883636474609375 0
vertex -95.81000518798828 -53.79220962524414 0
endloop
endfacet
facet normal 0 0 1
outer loop
vertex -94.70508575439453 54.705135345458984 0
vertex -95.35478210449219 54.2474479675293 0
vertex -93.57833862304688 53.588348388671875 0
endloop
endfacet
facet normal 0.000025251204758540356 -0.9999999996800603 -0.0000015020896354516566
outer loop
vertex 81.2205581665039 -56.229705810546875 -1.6291215419769287
vertex 79.26668548583984 -56.22975158691406 -4
vertex 81.97794342041016 -56.22968673706055 -1.5949000120162964
endloop
endfacet
facet normal 0.000026626539068397805 -0.9999999972694107 0.00006893624634950332
outer loop
vertex -79.87904357910156 -56.233665466308594 -1.5628817081451416
vertex -80.51248168945312 -56.23368453979492 -1.5949000120162964
vertex 33.474937438964844 -56.23088073730469 -4.949999809265137
endloop
endfacet
facet normal 0.8175157080304366 0.5759063006457681 0
outer loop
vertex 97.13988494873047 53.64064025878906 -1
vertex 96.57259368896484 54.445926666259766 -4.776869773864746
vertex 96.57259368896484 54.445926666259766 -1
endloop
endfacet
facet normal 0.9999999987870004 -0.000049254432122423605 0
outer loop
vertex 97.82093811035156 -51.228416442871094 -1
vertex 97.82093811035156 -51.228416442871094 -10.678791999816895
vertex 97.82493591308594 29.937938690185547 -6.127159595489502
endloop
endfacet
facet normal 0.3781985195962408 0.9257245161359895 0
outer loop
vertex 95.03836059570312 55.6676025390625 -4.642952919006348
vertex 94.1264877319336 56.04014205932617 -4.622124671936035
vertex 95.03836059570312 55.6676025390625 -1
endloop
endfacet
facet normal 0.000024890268195279045 -0.9999999996895097 -0.00000120629619205007
outer loop
vertex -89.61518096923828 -56.23390579223633 -4
vertex -87.3514175415039 -56.23385238647461 -1.5628563165664673
vertex -88.11518096923828 -56.23387145996094 -1.5104564428329468
endloop
endfacet
facet normal 0.00015258779183594006 0.9999999883584828 -1.8432414022336713e-9
outer loop
vertex 77.66667938232422 56.236385345458984 -2.5
vertex 80.06668090820312 56.236019134521484 -2.5
vertex 79.86666870117188 56.23604965209961 -3.5
endloop
endfacet
facet normal 0 0 1
outer loop
vertex -96.64098358154297 52.273948669433594 0
vertex -95.23323822021484 51.759666442871094 0
vertex -95.054931640625 52.23907470703125 0
endloop
endfacet
facet normal 0.8654626448056013 -0.5009734628162249 -1.1930839780041367e-7
outer loop
vertex 96.97624206542969 -53.893070220947266 -1
vertex 97.2596664428711 -53.40343475341797 -10.759438514709473
vertex 97.12857055664062 -53.629913330078125 -1
endloop
endfacet
facet normal 0.00002456340898076906 -0.999999999697093 -0.0000015662506951295485
outer loop
vertex 33.91427993774414 -56.23086929321289 -3.8893399238586426
vertex 34.40091323852539 -56.230857849121094 -3.564180612564087
vertex -79.11518096923828 -56.23365020751953 -1
endloop
endfacet
facet normal 0 0 1
outer loop
vertex 95.1507797241211 52.015785217285156 0
vertex 95.28524017333984 51.52228546142578 0
vertex 95.23786926269531 54.34394073486328 0
endloop
endfacet
facet normal 0.00002425796932243643 -0.9999999997056346 5.307019838934787e-7
outer loop
vertex 67.03559875488281 -56.23005294799805 -3.8893399238586426
vertex 67.36075592041016 -56.230045318603516 -4.375974655151367
vertex 78.46668243408203 -56.229774475097656 -1.6695948839187622
endloop
endfacet
facet normal 0 0 1
outer loop
vertex 96.75811767578125 31.018224716186523 0
vertex 94.44054412841797 -54.83219528198242 0
vertex 94.84101867675781 -54.61251449584961 0
endloop
endfacet
facet normal 0 0 1
outer loop
vertex -94.23880767822266 -53.226844787597656 0
vertex -95.81000518798828 -53.79220962524414 0
vertex -93.80162811279297 -53.492366790771484 0
endloop
endfacet
facet normal 0.8059078128563891 -0.5920410434902561 0
outer loop
vertex 96.97624206542969 -53.893070220947266 -10.697790145874023
vertex 96.64129638671875 -54.3490104675293 -1
vertex 96.64129638671875 -54.3490104675293 -10.693489074707031
endloop
endfacet
facet normal 0 0 1
outer loop
vertex 88.06766510009766 -29.369638442993164 0
vertex 88.57209777832031 -29.45431900024414 0
vertex 88.334716796875 10.402206420898438 0
endloop
endfacet
facet normal -0.6942306270949146 -0.7197526216710828 -0.000001002355672157447
outer loop
vertex -96.57271575927734 -54.44590759277344 -1
vertex -95.86372375488281 -55.12974548339844 -10.826093673706055
vertex -96.31829071044922 -54.69131088256836 -1
endloop
endfacet
facet normal -0.00002264417787904705 -0.9999999990755646 -0.00003655286628792347
outer loop
vertex -93.19074249267578 -56.22799301147461 -10.882010459899902
vertex 33.827083587646484 -56.23086929321289 -10.88016414642334
vertex 33.58911895751953 -56.23087692260742 -10.524024963378906
endloop
endfacet
facet normal 0 0 1
outer loop
vertex 88.334716796875 10.402206420898438 0
vertex 88.57209777832031 -29.45431900024414 0
vertex 88.82821655273438 10.536669731140137 0
endloop
endfacet
facet normal -0.9975507294718492 -0.06994670921624145 0
outer loop
vertex -97.82505798339844 -51.054237365722656 -1
vertex -97.77384185791016 -51.78466033935547 -10.70196533203125
vertex -97.77384185791016 -51.78466033935547 -1
endloop
endfacet
facet normal 0.998004667389572 0.06314019218081081 0
outer loop
vertex 97.75260925292969 31.081146240234375 -6.1351637840271
vertex 97.82493591308594 29.937938690185547 -1
vertex 97.82493591308594 29.937938690185547 -6.127159595489502
endloop
endfacet
facet normal 0.000024817621479779213 -0.9999999996913579 -0.0000011703756538484165
outer loop
vertex 65.97493743896484 -56.230079650878906 -3.450000047683716
vertex 75.13275146484375 -56.229854583740234 -1.563406229019165
vertex 74.36668395996094 -56.22987365722656 -1.5108479261398315
endloop
endfacet
facet normal 0 0 1
outer loop
vertex 90.3048095703125 11.885939598083496 0
vertex 90.4007797241211 -31.10921287536621 0
vertex 90.48310852050781 12.365349769592285 0
endloop
endfacet
facet normal 0 0 1
outer loop
vertex 72.86668395996094 -53.757049560546875 0
vertex -77.61518096923828 -54.56249237060547 0
vertex 72.86668395996094 -54.56249237060547 0
endloop
endfacet
facet normal -0.23208821088009507 0.9726947426456445 0
outer loop
vertex -93.34722900390625 56.2112922668457 -1
vertex -94.30536651611328 55.9826774597168 -4.623727321624756
vertex -94.30536651611328 55.9826774597168 -1
endloop
endfacet
facet normal 0.000024795532218940125 -0.9999999996925908 0
outer loop
vertex 52.474937438964844 -56.230411529541016 -9.949999809265137
vertex 52.474937438964844 -56.230411529541016 -4.949999809265137
vertex 48.474937438964844 -56.23051071166992 -9.949999809265137
endloop
endfacet
facet normal -0.8377784313280421 0.546010347888687 0
outer loop
vertex -97.23015594482422 53.475929260253906 -4.885307788848877
vertex -97.23015594482422 53.475929260253906 -1
vertex -96.69231414794922 54.30117416381836 -1
endloop
endfacet
facet normal 0.000024605840524335143 -0.9999999996972562 -2.0094870420630651e-7
outer loop
vertex 74.36668395996094 -56.22987365722656 -1
vertex -79.11518096923828 -56.23365020751953 -1
vertex 65.97493743896484 -56.230079650878906 -3.450000047683716
endloop
endfacet
facet normal 0.00002526072677910375 -0.9999999996796344 -0.0000016208159421274702
outer loop
vertex 52.58911895751953 -56.23040771484375 -10.524024963378906
vertex 52.474937438964844 -56.230411529541016 -9.949999809265137
vertex 48.360755920410156 -56.23051452636719 -10.524024963378906
endloop
endfacet
facet normal 0 0 1
outer loop
vertex 84.7202377319336 -54.916046142578125 0
vertex 84.55802154541016 -55.02443313598633 0
vertex 93.1131362915039 -55.2176628112793 0
endloop
endfacet
facet normal 0.37819851959624085 0.9257245161359895 0
outer loop
vertex 95.03836059570312 55.6676025390625 -1
vertex 94.1264877319336 56.04014205932617 -4.622124671936035
vertex 94.1264877319336 56.04014205932617 -1
endloop
endfacet
facet normal 0 0 1
outer loop
vertex -95.32505798339844 7.1250081062316895 0
vertex -95.31791687011719 6.130230903625488 0
vertex -95.25802612304688 6.53088903427124 0
endloop
endfacet
facet normal 0 0 1
outer loop
vertex 90.56779479980469 -51.25521469116211 0
vertex 90.48310852050781 -51.75965118408203 0
vertex 93.1131362915039 -55.2176628112793 0
endloop
endfacet
facet normal 0.00002447764077997113 -0.9999999996817796 -0.000006106225051029995
outer loop
vertex 34.974937438964844 -56.23084259033203 -3.450000047683716
vertex 46.974937438964844 -56.23054885864258 -3.450000047683716
vertex -79.11518096923828 -56.23365020751953 -1
endloop
endfacet
facet normal 0 0 1
outer loop
vertex -94.57219696044922 -54.77785110473633 0
vertex -93.83650207519531 -55.07841491699219 0
vertex -89.57711791992188 -54.75383377075195 0
endloop
endfacet
facet normal 0 0 1
outer loop
vertex 96.75811767578125 31.018224716186523 0
vertex 95.86764526367188 -53.71305847167969 0
vertex 96.13807678222656 -53.344940185546875 0
endloop
endfacet
facet normal 0.28018641706406966 -0.9599456087158268 0
outer loop
vertex 93.80797576904297 -56.11025619506836 -1
vertex 94.35106658935547 -55.95174026489258 -10.79906177520752
vertex 94.35106658935547 -55.95174026489258 -1
endloop
endfacet
facet normal 0 0 1
outer loop
vertex 96.75811767578125 31.018224716186523 0
vertex 96.36690521240234 -52.949623107910156 0
vertex 96.55142211914062 -52.531776428222656 0
endloop
endfacet
facet normal 0.9532504883651797 -0.30218124765039006 0
outer loop
vertex 97.65917205810547 -52.34659957885742 -10.620035171508789
vertex 97.48821258544922 -52.885902404785156 -1
vertex 97.48821258544922 -52.885902404785156 -10.680594444274902
endloop
endfacet
facet normal 0 0 1
outer loop
vertex 96.75811767578125 31.018224716186523 0
vertex 96.689453125 -52.09635925292969 0
vertex 96.77935028076172 -51.648521423339844 0
endloop
endfacet
facet normal -0.817514423597192 -0.5759081239317178 0
outer loop
vertex -97.14000701904297 -53.640625 -1
vertex -96.57271575927734 -54.44590759277344 -10.725841522216797
vertex -96.57271575927734 -54.44590759277344 -1
endloop
endfacet
facet normal 0.9975507294718493 0.06994670921624145 0
outer loop
vertex 97.77371978759766 51.78467559814453 -4.9470062255859375
vertex 97.82493591308594 51.05425262451172 -1
vertex 97.82493591308594 51.05425262451172 -4.936880111694336
endloop
endfacet
facet normal 0.5733537317492632 -0.8193079386220994 0
outer loop
vertex 95.83325958251953 -55.1386833190918 -10.83436107635498
vertex 95.36973571777344 -55.46305847167969 -1
vertex 95.36973571777344 -55.46305847167969 -10.823031425476074
endloop
endfacet
facet normal 0 0 1
outer loop
vertex -92.81778717041016 -53.75534439086914 0
vertex -89.57711791992188 -54.75383377075195 0
vertex -89.61518096923828 -54.56249237060547 0
endloop
endfacet
facet normal 0 0 1
outer loop
vertex -84.01518249511719 -55.06249237060547 0
vertex -93.06147003173828 -55.23398971557617 0
vertex -84.01518249511719 -55.233768463134766 0
endloop
endfacet
facet normal 0 0 1
outer loop
vertex 73.36668395996094 -55.06249237060547 0
vertex -77.61518096923828 -54.56249237060547 0
vertex 78.46668243408203 -55.229774475097656 0
endloop
endfacet
facet normal 0 0 1
outer loop
vertex 87.87493896484375 10.362507820129395 0
vertex 88.06766510009766 -29.369638442993164 0
vertex 88.334716796875 10.402206420898438 0
endloop
endfacet
facet normal -0.6942234303818537 -0.719759563124278 0
outer loop
vertex -96.57271575927734 -54.44590759277344 -10.725841522216797
vertex -95.86372375488281 -55.12974548339844 -10.826093673706055
vertex -96.57271575927734 -54.44590759277344 -1
endloop
endfacet
facet normal 0.9726931621004099 0.2320948250406075 -0.00006776780406430913
outer loop
vertex 97.77371978759766 51.78467559814453 -4.9470062255859375
vertex 97.74769592285156 51.893733978271484 -4.966921806335449
vertex 97.54510498046875 52.74281692504883 -4.835094928741455
endloop
endfacet
facet normal 0.000024632511912963385 -0.9999999996964754 5.370480043526158e-7
outer loop
vertex 67.47493743896484 -56.230045318603516 -9.949999809265137
vertex 93.0478286743164 -56.22941589355469 -10.880083084106445
vertex 84.86668395996094 -56.2296142578125 -5
endloop
endfacet
facet normal 0 0 1
outer loop
vertex -92.58186340332031 55.26250076293945 0
vertex -93.1951904296875 55.21949768066406 0
vertex -93.0848388671875 53.722808837890625 0
endloop
endfacet
facet normal 0.00002504635750783462 -0.9999994778363657 -0.0010216162078375648
outer loop
vertex -77.61518096923828 -56.233612060546875 -5
vertex -93.19074249267578 -56.22799301147461 -10.882010459899902
vertex 33.474937438964844 -56.23088073730469 -4.949999809265137
endloop
endfacet
facet normal 0 0 1
outer loop
vertex -95.906494140625 53.67544174194336 0
vertex -94.78941345214844 52.67625427246094 0
vertex -94.44620513916016 53.055503845214844 0
endloop
endfacet
facet normal 0.000025126258627513583 -0.9999999996843169 -1.9397490016895326e-7
outer loop
vertex -85.97055053710938 -56.23381805419922 -1.6286555528640747
vertex -84.01518249511719 -56.233768463134766 -4
vertex -84.75624084472656 -56.233787536621094 -1.6622616052627563
endloop
endfacet
facet normal 0 0 1
outer loop
vertex 96.26756286621094 53.14252853393555 0
vertex 93.58009338378906 -55.13504409790039 0
vertex 96.82489013671875 51.019962310791016 0
endloop
endfacet
facet normal 0.7368072653972109 -0.676102842515755 0
outer loop
vertex 96.2587890625 -54.76586151123047 -1
vertex 96.64129638671875 -54.3490104675293 -10.693489074707031
vertex 96.64129638671875 -54.3490104675293 -1
endloop
endfacet
facet normal 0 0 1
outer loop
vertex 89.2874984741211 10.761797904968262 0
vertex 89.48868560791016 -29.89813804626465 0
vertex 89.69608306884766 11.069510459899902 0
endloop
endfacet
facet normal 0.000025073794162623178 -0.9999999996821435 -0.000002649185436261541
outer loop
vertex 76.51276397705078 -56.229820251464844 -1.6291084289550781
vertex 65.97493743896484 -56.230079650878906 -3.450000047683716
vertex 77.72632598876953 -56.22978973388672 -1.6626938581466675
endloop
endfacet
facet normal 0 0 1
outer loop
vertex 95.0548095703125 30.885940551757812 0
vertex 93.1131362915039 -55.2176628112793 0
vertex 95.23310852050781 31.3653507232666 0
endloop
endfacet
facet normal -0.1968139155934359 -0.9804408613622648 0
outer loop
vertex -94.1266098022461 -56.04012680053711 -10.699833869934082
vertex -93.19074249267578 -56.22799301147461 -10.882010459899902
vertex -94.1266098022461 -56.04012680053711 -1
endloop
endfacet
facet normal 0.00015258779005957314 0.9999999767168771 -0.00015258837213579865
outer loop
vertex -84.61518096923828 56.26112747192383 -3.5
vertex -84.81517791748047 56.26131057739258 -2.5
vertex -82.41517639160156 56.26094436645508 -2.5
endloop
endfacet
facet normal 0.000024452870965486743 -0.9999999997009353 -4.3171895670265176e-7
outer loop
vertex 83.36668395996094 -56.229652404785156 -1.5108696222305298
vertex 79.26668548583984 -56.22975158691406 -4
vertex 93.0478286743164 -56.22941589355469 -1
endloop
endfacet
facet normal -0.06994670921624131 0.9975507294718472 -6.205194867647218e-8
outer loop
vertex -92.61680603027344 56.262508392333984 -1
vertex -93.32203674316406 56.21305847167969 -4.8164167404174805
vertex -93.34722900390625 56.2112922668457 -1
endloop
endfacet
facet normal 0.000024587886322153715 -0.9999999996977058 1.5574905617301764e-7
outer loop
vertex -83.21517944335938 -56.23374938964844 -1.6691713333129883
vertex -77.61518096923828 -56.233612060546875 -4
vertex 33.474937438964844 -56.23088073730469 -4.949999809265137
endloop
endfacet
facet normal 0.9951967577349423 -0.09789490994867163 0
outer loop
vertex 97.75260925292969 31.081146240234375 -1
vertex 97.79644012451172 31.526729583740234 -6.066146373748779
vertex 97.79644012451172 31.526729583740234 -1
endloop
endfacet
facet normal -0.980442058936827 0.19680794970659968 0
outer loop
vertex -97.60269927978516 52.564056396484375 -1
vertex -97.79656219482422 51.59828567504883 -4.957350730895996
vertex -97.79656219482422 51.59828567504883 -1
endloop
endfacet
facet normal 0.000025260726779118718 -0.9999999996802269 -0.000001200917473196995
outer loop
vertex 48.360755920410156 -56.23051452636719 -4.375974655151367
vertex 52.58911895751953 -56.23040771484375 -4.375974655151367
vertex 52.91427993774414 -56.23040008544922 -3.8893399238586426
endloop
endfacet
facet normal 0.00002457296785007642 -0.9999999996855526 0.0000050063857846186815
outer loop
vertex 67.36075592041016 -56.230045318603516 -10.524024963378906
vertex 67.1228256225586 -56.23005294799805 -10.880118370056152
vertex 93.0478286743164 -56.22941589355469 -10.880083084106445
endloop
endfacet
facet normal 0.000024523060525070435 -0.9999999996990708 -6.913612223727468e-7
outer loop
vertex -89.61518096923828 -56.23390579223633 -4
vertex -84.01518249511719 -56.233768463134766 -4
vertex -85.97055053710938 -56.23381805419922 -1.6286555528640747
endloop
endfacet
facet normal 0 0 1
outer loop
vertex -77.76162719726562 -54.916046142578125 0
vertex -77.92383575439453 -55.02443313598633 0
vertex 78.46668243408203 -55.229774475097656 0
endloop
endfacet
facet normal 0 0 1
outer loop
vertex 96.26756286621094 53.14252853393555 0
vertex 96.82489013671875 51.019962310791016 0
vertex 96.78192901611328 51.632633209228516 0
endloop
endfacet
facet normal -0.0699470433727811 0.997550706041255 0
outer loop
vertex -92.61680603027344 56.262508392333984 -1
vertex -92.61680603027344 56.262508392333984 -4.761200428009033
vertex -93.32203674316406 56.21305847167969 -4.8164167404174805
endloop
endfacet
facet normal 0 0 1
outer loop
vertex 88.82821655273438 -53.58832931518555 0
vertex 88.334716796875 -53.72279357910156 0
vertex 93.1131362915039 -55.2176628112793 0
endloop
endfacet
facet normal 0.00017257999207139017 0.9999999851080731 0
outer loop
vertex -84.61518096923828 56.26112747192383 -3.5
vertex -92.61680603027344 56.262508392333984 -4.761200428009033
vertex -92.61680603027344 56.262508392333984 -1
endloop
endfacet
facet normal -0.9257231602898436 0.37820183831253973 0
outer loop
vertex -97.23015594482422 53.475929260253906 -4.885307788848877
vertex -97.60269927978516 52.564056396484375 -4.841287136077881
vertex -97.23015594482422 53.475929260253906 -1
endloop
endfacet
facet normal 0.6942202394604525 0.7197626408221625 4.2269047239723484e-7
outer loop
vertex 96.57259368896484 54.445926666259766 -1
vertex 95.86360168457031 55.1297607421875 -4.8356852531433105
vertex 96.31815338134766 54.69133758544922 -1
endloop
endfacet
facet normal 0 0 1
outer loop
vertex 93.06126403808594 55.23402404785156 0
vertex -92.58186340332031 55.26250076293945 0
vertex 92.81766510009766 53.7553596496582 0
endloop
endfacet
facet normal 0.000024795532217431068 -0.9999999996317308 0.000011032679830749424
outer loop
vertex 53.974937438964844 -56.230377197265625 -3.450000047683716
vertex 65.97493743896484 -56.230079650878906 -3.450000047683716
vertex -79.11518096923828 -56.23365020751953 -1
endloop
endfacet
facet normal 0 0 1
outer loop
vertex 90.3048095703125 -52.23905944824219 0
vertex 90.03929138183594 -52.676239013671875 0
vertex 93.1131362915039 -55.2176628112793 0
endloop
endfacet
facet normal 0.00002452305384289841 -0.9999999996922072 -0.000003769025729399962
outer loop
vertex 46.974937438964844 -56.23054885864258 -3.450000047683716
vertex 53.974937438964844 -56.230377197265625 -3.450000047683716
vertex -79.11518096923828 -56.23365020751953 -1
endloop
endfacet
facet normal 0.9726949512447829 0.2320873366276355 0
outer loop
vertex 97.77371978759766 51.78467559814453 -1
vertex 97.54510498046875 52.74281692504883 -4.835094928741455
vertex 97.54510498046875 52.74281692504883 -1
endloop
endfacet
facet normal 0.00002447762804440354 -0.9999994793878632 -0.0010201102139107752
outer loop
vertex -93.19074249267578 -56.22799301147461 -10.882010459899902
vertex -77.61518096923828 -56.233612060546875 -5
vertex -89.61518096923828 -56.23390579223633 -5
endloop
endfacet
facet normal 0 0 1
outer loop
vertex 93.1131362915039 -55.2176628112793 0
vertex 93.58009338378906 -55.13504409790039 0
vertex 95.31779479980469 31.86978530883789 0
endloop
endfacet
facet normal 0.000024523060525076296 -0.9999999996993097 0
outer loop
vertex -83.21517944335938 -56.23374938964844 -1.6691713333129883
vertex -83.21517944335938 -56.23374938964844 -4
vertex -77.61518096923828 -56.233612060546875 -4
endloop
endfacet
facet normal 0 0 1
outer loop
vertex 93.58009338378906 -55.13504409790039 0
vertex 94.01856994628906 -55.00706100463867 0
vertex 96.75811767578125 31.018224716186523 0
endloop
endfacet
facet normal 0 0 1
outer loop
vertex 96.75811767578125 31.018224716186523 0
vertex 95.21525573730469 -54.35062026977539 0
vertex 95.55882263183594 -54.04961395263672 0
endloop
endfacet
facet normal 0.000024523060525069323 -0.9999999996990254 -7.541497472309097e-7
outer loop
vertex 79.26668548583984 -56.22975158691406 -4
vertex 84.86668395996094 -56.2296142578125 -4
vertex 93.0478286743164 -56.22941589355469 -1
endloop
endfacet
facet normal 0 0 1
outer loop
vertex -96.26768493652344 -53.142513275146484 0
vertex -95.81000518798828 -53.79220962524414 0
vertex -94.61805725097656 -52.883636474609375 0
endloop
endfacet
facet normal -0.9975503191663784 -0.06995251996002572 0.00007538102461314178
outer loop
vertex -97.77384185791016 -51.78466033935547 -10.70196533203125
vertex -97.82505798339844 -51.054237365722656 -10.645381927490234
vertex -97.78157806396484 -51.67436218261719 -10.723466873168945
endloop
endfacet
facet normal 0 0 1
outer loop
vertex -96.26768493652344 -53.142513275146484 0
vertex -94.92577362060547 -52.47505569458008 0
vertex -95.1509017944336 -52.015769958496094 0
endloop
endfacet
facet normal 0.9960204298185708 -0.08912521183161069 0
outer loop
vertex 97.77051544189453 -51.79191589355469 -10.619431495666504
vertex 97.82093811035156 -51.228416442871094 -10.678791999816895
vertex 97.77051544189453 -51.79191589355469 -1
endloop
endfacet
facet normal 0 0 1
outer loop
vertex -96.78205108642578 -51.63261795043945 0
vertex -96.26768493652344 -53.142513275146484 0
vertex -95.28536224365234 -51.52226638793945 0
endloop
endfacet
facet normal 0 0 1
outer loop
vertex -92.81778717041016 -53.75534439086914 0
vertex -93.32221984863281 -53.6706657409668 0
vertex -95.23799133300781 -54.34392547607422 0
endloop
endfacet
facet normal 0.91477214604417 -0.4039701979376 0
outer loop
vertex 97.48821258544922 -52.885902404785156 -10.680594444274902
vertex 97.2596664428711 -53.40343475341797 -1
vertex 97.2596664428711 -53.40343475341797 -10.759438514709473
endloop
endfacet
facet normal 0.6942214241421378 0.7197614981798222 0
outer loop
vertex 95.86360168457031 55.1297607421875 -4.8356852531433105
vertex 96.57259368896484 54.445926666259766 -1
vertex 96.57259368896484 54.445926666259766 -4.776869773864746
endloop
endfacet
facet normal 0 0 1
outer loop
vertex 93.06126403808594 55.23402404785156 0
vertex 92.81766510009766 53.7553596496582 0
vertex 93.32209777832031 53.67068099975586 0
endloop
endfacet
facet normal 0.9114652331250099 0.411377112640423 0
outer loop
vertex 97.54510498046875 52.74281692504883 -4.835094928741455
vertex 97.13988494873047 53.64064025878906 -4.880090236663818
vertex 97.54510498046875 52.74281692504883 -1
endloop
endfacet
facet normal 0.6589835422102978 -0.752157357935041 -3.839240529766863e-7
outer loop
vertex 95.83325958251953 -55.1386833190918 -1
vertex 95.8813705444336 -55.096527099609375 -10.841959953308105
vertex 96.2587890625 -54.76586151123047 -10.746586799621582
endloop
endfacet
facet normal 0 0 1
outer loop
vertex 96.75811767578125 31.018224716186523 0
vertex 96.77935028076172 -51.648521423339844 0
vertex 96.82093811035156 -51.18374252319336 0
endloop
endfacet
facet normal 0 0 1
outer loop
vertex -89.57711791992188 -54.75383377075195 0
vertex -93.83650207519531 -55.07841491699219 0
vertex -89.46873474121094 -54.916046142578125 0
endloop
endfacet
facet normal 0 0 1
outer loop
vertex 89.86793518066406 -30.241348266601562 0
vertex 90.17565155029297 -30.64992904663086 0
vertex 90.03929138183594 11.448762893676758 0
endloop
endfacet
facet normal 0 0 1
outer loop
vertex 90.17565155029297 -30.64992904663086 0
vertex 90.4007797241211 -31.10921287536621 0
vertex 90.3048095703125 11.885939598083496 0
endloop
endfacet
facet normal -0.69421940222835 -0.7197634483423789 0
outer loop
vertex -95.86372375488281 -55.12974548339844 -10.826093673706055
vertex -95.86372375488281 -55.12974548339844 -1
vertex -96.31829071044922 -54.69131088256836 -1
endloop
endfacet
facet normal 0 0 1
outer loop
vertex 89.05150604248047 -29.632617950439453 0
vertex 89.48868560791016 -29.89813804626465 0
vertex 89.2874984741211 10.761797904968262 0
endloop
endfacet
facet normal 0.000024170939634932142 -0.9999999997074037 9.788812220620502e-7
outer loop
vertex 66.54896545410156 -56.230064392089844 -3.564180612564087
vertex 67.03559875488281 -56.23005294799805 -3.8893399238586426
vertex 78.46668243408203 -56.229774475097656 -1.6695948839187622
endloop
endfacet
facet normal 0.00015349961702963594 0.9999999882189337 0
outer loop
vertex 93.13737487792969 56.234012603759766 -4.817111968994141
vertex 79.86666870117188 56.23604965209961 -4.813117504119873
vertex 79.86666870117188 56.23604965209961 -3.5
endloop
endfacet
facet normal 0.17422497318481187 -0.9847058742176527 0
outer loop
vertex 93.80797576904297 -56.11025619506836 -10.797356605529785
vertex 93.2508773803711 -56.208824157714844 -1
vertex 93.2508773803711 -56.208824157714844 -10.850852012634277
endloop
endfacet
facet normal 0 0 1
outer loop
vertex -92.58186340332031 55.26250076293945 0
vertex -93.0848388671875 53.722808837890625 0
vertex 92.81766510009766 53.7553596496582 0
endloop
endfacet
facet normal -0.8377839992534015 0.5460017959407721 0.00009707949272012865
outer loop
vertex -96.69231414794922 54.30117416381836 -4.781762599945068
vertex -97.17405700683594 53.56201171875 -4.909868240356445
vertex -97.23015594482422 53.475929260253906 -4.885307788848877
endloop
endfacet
facet normal 0.00015340978358490906 0.9999999881823249 0.000010039344195892828
outer loop
vertex -82.41517639160156 56.26094436645508 -1.100000023841858
vertex -92.61680603027344 56.262508392333984 -1
vertex 14.282395362854004 56.24610900878906 -1
endloop
endfacet
facet normal 0.000024118148596620765 -0.9999999997088829 -7.410786242279274e-7
outer loop
vertex -93.16084289550781 -56.23399353027344 -1
vertex -89.61518096923828 -56.23390579223633 -4
vertex -88.11518096923828 -56.23387145996094 -1.5104564428329468
endloop
endfacet
facet normal 0.00015590020058141703 0.9999999750674452 -0.00015987569074888723
outer loop
vertex 14.282395362854004 56.24610900878906 -1
vertex -84.61518096923828 56.26112747192383 -3.5
vertex -82.41517639160156 56.26094436645508 -2.5
endloop
endfacet
facet normal 0.000024762737590875087 -0.9999999996934035 0
outer loop
vertex 72.86668395996094 -56.22991180419922 -5
vertex 72.86668395996094 -56.22991180419922 -4
vertex 67.47493743896484 -56.230045318603516 -4.949999809265137
endloop
endfacet
facet normal 0.9999989352776941 -0.0014592612782799326 0
outer loop
vertex 97.79644012451172 31.526729583740234 -1
vertex 97.82493591308594 51.05425262451172 -4.936880111694336
vertex 97.82493591308594 51.05425262451172 -1
endloop
endfacet
facet normal 0.00015353142493735065 0.9999999882140508 0
outer loop
vertex 80.06668090820312 56.236019134521484 -2.5
vertex 80.06668090820312 56.236019134521484 -1.100000023841858
vertex 93.16071319580078 56.2340087890625 -1
endloop
endfacet
facet normal 0 0 1
outer loop
vertex -94.70508575439453 54.705135345458984 0
vertex -93.0848388671875 53.722808837890625 0
vertex -93.1951904296875 55.21949768066406 0
endloop
endfacet
facet normal -0.5460121193740192 -0.8377772767846425 0
outer loop
vertex -95.86372375488281 -55.12974548339844 -10.826093673706055
vertex -95.03848266601562 -55.66758728027344 -10.67900562286377
vertex -95.86372375488281 -55.12974548339844 -1
endloop
endfacet
facet normal 0 0 1
outer loop
vertex -95.35478210449219 54.2474479675293 0
vertex -94.44620513916016 53.055503845214844 0
vertex -94.0376205444336 53.363216400146484 0
endloop
endfacet
facet normal 0 0 1
outer loop
vertex 96.82489013671875 51.019962310791016 0
vertex 96.75260925292969 31.081146240234375 0
vertex 96.76113891601562 31.178674697875977 0
endloop
endfacet
facet normal 0.9999989352776941 -0.0014592612782799326 0
outer loop
vertex 97.79644012451172 31.526729583740234 -6.066146373748779
vertex 97.82493591308594 51.05425262451172 -4.936880111694336
vertex 97.79644012451172 31.526729583740234 -1
endloop
endfacet
facet normal 0.658988517081823 -0.7521529992988792 0
outer loop
vertex 95.83325958251953 -55.1386833190918 -1
vertex 96.2587890625 -54.76586151123047 -10.746586799621582
vertex 96.2587890625 -54.76586151123047 -1
endloop
endfacet
facet normal 0 0 1
outer loop
vertex 90.57493591308594 29.36250877380371 0
vertex 90.56779479980469 12.86978530883789 0
vertex 93.084716796875 29.402206420898438 0
endloop
endfacet
facet normal 0 0 1
outer loop
vertex 95.31779479980469 31.86978530883789 0
vertex 93.58009338378906 -55.13504409790039 0
vertex 96.26756286621094 53.14252853393555 0
endloop
endfacet
facet normal -0.00048777439917038534 -0.9999996975773208 -0.0006057403754409448
outer loop
vertex -89.61518096923828 -56.23390579223633 -4
vertex -93.16084289550781 -56.23399353027344 -1
vertex -93.19074249267578 -56.22799301147461 -10.882010459899902
endloop
endfacet
facet normal 0 0 1
outer loop
vertex -96.79659271240234 51.49877166748047 0
vertex -95.31791687011719 51.25522994995117 0
vertex -95.23323822021484 51.759666442871094 0
endloop
endfacet
facet normal 0.000025075388129739163 -0.999999999682079 -0.0000026584100099921344
outer loop
vertex 75.75574493408203 -56.22983932495117 -1.5949000120162964
vertex 65.97493743896484 -56.230079650878906 -3.450000047683716
vertex 76.51276397705078 -56.229820251464844 -1.6291084289550781
endloop
endfacet
facet normal 0 0 1
outer loop
vertex 90.03929138183594 11.448762893676758 0
vertex 90.17565155029297 -30.64992904663086 0
vertex 90.3048095703125 11.885939598083496 0
endloop
endfacet
facet normal 0.8059078128563891 -0.5920410434902561 0
outer loop
vertex 96.64129638671875 -54.3490104675293 -1
vertex 96.97624206542969 -53.893070220947266 -10.697790145874023
vertex 96.97624206542969 -53.893070220947266 -1
endloop
endfacet
facet normal 0 0 1
outer loop
vertex 93.58009338378906 -55.13504409790039 0
vertex 96.75811767578125 31.018224716186523 0
vertex 96.75260925292969 31.081146240234375 0
endloop
endfacet
facet normal 0.00002061027009321218 -0.9999999997876085 0
outer loop
vertex 79.26668548583984 -56.22975158691406 -1.6695970296859741
vertex 79.26668548583984 -56.22975158691406 -4
vertex 80.00703430175781 -56.229736328125 -1.6626999378204346
endloop
endfacet
facet normal 0.000025188023394767738 -0.9999999996817305 -0.0000014500210276066916
outer loop
vertex 80.00703430175781 -56.229736328125 -1.6626999378204346
vertex 79.26668548583984 -56.22975158691406 -4
vertex 81.2205581665039 -56.229705810546875 -1.6291215419769287
endloop
endfacet
facet normal 0.17422497318481187 -0.9847058742176527 0
outer loop
vertex 93.2508773803711 -56.208824157714844 -1
vertex 93.80797576904297 -56.11025619506836 -10.797356605529785
vertex 93.80797576904297 -56.11025619506836 -1
endloop
endfacet
facet normal 0 0 1
outer loop
vertex 93.57821655273438 29.53666877746582 0
vertex 93.1131362915039 -55.2176628112793 0
vertex 94.0374984741211 29.761798858642578 0
endloop
endfacet
facet normal 0.000024795532218940125 -0.9999999996925908 0
outer loop
vertex 48.474937438964844 -56.23051071166992 -4.949999809265137
vertex 48.474937438964844 -56.23051071166992 -9.949999809265137
vertex 52.474937438964844 -56.230411529541016 -4.949999809265137
endloop
endfacet
facet normal 0.0001535339688037989 0.9999999882136602 0
outer loop
vertex -92.61680603027344 56.262508392333984 -1
vertex -84.81517791748047 56.26131057739258 -1.100000023841858
vertex -84.81517791748047 56.26131057739258 -2.5
endloop
endfacet
facet normal 0 0 1
outer loop
vertex 95.80988311767578 53.7922248840332 0
vertex 95.31779479980469 31.86978530883789 0
vertex 96.26756286621094 53.14252853393555 0
endloop
endfacet
facet normal 0.00012306077327324958 0.9999999798678987 -0.0001584936859607285
outer loop
vertex -84.61518096923828 56.26112747192383 -3.5
vertex -92.61680603027344 56.262508392333984 -1
vertex -84.81517791748047 56.26131057739258 -2.5
endloop
endfacet
facet normal 0 0 1
outer loop
vertex 79.26668548583984 -55.06249237060547 0
vertex 79.26668548583984 -55.22975158691406 0
vertex 84.55802154541016 -55.02443313598633 0
endloop
endfacet
facet normal 0 0 1
outer loop
vertex -96.8250503540039 -51.01935577392578 0
vertex -95.28536224365234 -51.52226638793945 0
vertex -95.31791687011719 6.130230903625488 0
endloop
endfacet
facet normal 0 0 1
outer loop
vertex -77.61518096923828 -54.56249237060547 0
vertex 72.90473937988281 -54.75383377075195 0
vertex 72.86668395996094 -54.56249237060547 0
endloop
endfacet
facet normal 0.000024586554416349176 -0.9999999996977507 0
outer loop
vertex -77.61518096923828 -56.233612060546875 -4
vertex -77.61518096923828 -56.233612060546875 -5
vertex 33.474937438964844 -56.23088073730469 -4.949999809265137
endloop
endfacet
facet normal -0.719760216045036 0.6942227534435925 0
outer loop
vertex -96.69231414794922 54.30117416381836 -1
vertex -96.25386810302734 54.7557487487793 -1
vertex -96.69231414794922 54.30117416381836 -4.781762599945068
endloop
endfacet
facet normal 0.00002465887201184352 -0.9999999996944552 0.0000017405331545861914
outer loop
vertex 33.474937438964844 -56.23088073730469 -4.949999809265137
vertex 33.58911895751953 -56.23087692260742 -4.375974655151367
vertex -79.11518096923828 -56.23365020751953 -1
endloop
endfacet
facet normal 0.000024857592265926714 -0.9999999996417821 0.000009926524618618226
outer loop
vertex -81.25984954833984 -56.233699798583984 -1.6286686658859253
vertex -82.47412872314453 -56.23373031616211 -1.6622676849365234
vertex 33.474937438964844 -56.23088073730469 -4.949999809265137
endloop
endfacet
facet normal -0.8377784313280422 0.546010347888687 0
outer loop
vertex -96.69231414794922 54.30117416381836 -4.781762599945068
vertex -97.23015594482422 53.475929260253906 -4.885307788848877
vertex -96.69231414794922 54.30117416381836 -1
endloop
endfacet
facet normal 0.000024597808876663673 -0.9999999996974739 0
outer loop
vertex -79.11518096923828 -56.23365020751953 -1
vertex -79.11518096923828 -56.23365020751953 -1.510478138923645
vertex 33.474937438964844 -56.23088073730469 -4.949999809265137
endloop
endfacet
facet normal -0.8175144235971921 -0.5759081239317178 0
outer loop
vertex -97.14000701904297 -53.640625 -10.771059036254883
vertex -96.57271575927734 -54.44590759277344 -10.725841522216797
vertex -97.14000701904297 -53.640625 -1
endloop
endfacet
facet normal 0.00002479553221890373 -0.999999999691123 0.0000017133495549320348
outer loop
vertex 48.474937438964844 -56.23051071166992 -9.949999809265137
vertex 48.360755920410156 -56.23051452636719 -10.524024963378906
vertex 52.474937438964844 -56.230411529541016 -9.949999809265137
endloop
endfacet
facet normal -0.980442058936827 0.19680794970659968 0
outer loop
vertex -97.60269927978516 52.564056396484375 -4.841287136077881
vertex -97.79656219482422 51.59828567504883 -4.957350730895996
vertex -97.60269927978516 52.564056396484375 -1
endloop
endfacet
facet normal 0 0 1
outer loop
vertex 84.55802154541016 -55.02443313598633 0
vertex 79.26668548583984 -55.22975158691406 0
vertex 93.1131362915039 -55.2176628112793 0
endloop
endfacet
facet normal 0 0 1
outer loop
vertex 84.82862091064453 -54.75383377075195 0
vertex 84.7202377319336 -54.916046142578125 0
vertex 88.03962707519531 -53.757205963134766 0
endloop
endfacet
facet normal 0 0 1
outer loop
vertex -77.61518096923828 -54.56249237060547 0
vertex -77.65323638916016 -54.75383377075195 0
vertex 78.46668243408203 -55.229774475097656 0
endloop
endfacet
facet normal -0.911465888496054 -0.4113756605684136 0
outer loop
vertex -97.54522705078125 -52.7427978515625 -10.663716316223145
vertex -97.14000701904297 -53.640625 -10.771059036254883
vertex -97.54522705078125 -52.7427978515625 -1
endloop
endfacet
facet normal 0 0 1
outer loop
vertex 93.1131362915039 -55.2176628112793 0
vertex 79.26668548583984 -55.22975158691406 0
vertex 92.99724578857422 -55.22941589355469 0
endloop
endfacet
facet normal 0.000024193121586036853 -0.9999999997073464 0
outer loop
vertex -93.16084289550781 -56.23399353027344 -1
vertex -88.11518096923828 -56.23387145996094 -1.5104564428329468
vertex -88.11518096923828 -56.23387145996094 -1
endloop
endfacet
facet normal -0.22830587593959278 0.9735888818452645 -0.0010564841421836241
outer loop
vertex -94.30536651611328 55.9826774597168 -4.623727321624756
vertex -93.34722900390625 56.2112922668457 -1
vertex -93.32203674316406 56.21305847167969 -4.8164167404174805
endloop
endfacet
facet normal -0.9999999614706145 0.00027759461367525844 0
outer loop
vertex -97.79656219482422 51.59828567504883 -4.957350730895996
vertex -97.82505798339844 -51.054237365722656 -10.645381927490234
vertex -97.79656219482422 51.59828567504883 -1
endloop
endfacet
facet normal 0 0 1
outer loop
vertex 88.334716796875 -53.72279357910156 0
vertex 88.03962707519531 -53.757205963134766 0
vertex 93.1131362915039 -55.2176628112793 0
endloop
endfacet
facet normal 0.00002479553221890373 -0.999999999691123 0.0000017133495549320348
outer loop
vertex 48.474937438964844 -56.23051071166992 -4.949999809265137
vertex 52.474937438964844 -56.230411529541016 -4.949999809265137
vertex 52.58911895751953 -56.23040771484375 -4.375974655151367
endloop
endfacet
facet normal 0 0 1
outer loop
vertex 84.86668395996094 -53.757171630859375 0
vertex 84.86668395996094 -54.56249237060547 0
vertex 88.03962707519531 -53.757205963134766 0
endloop
endfacet
facet normal 0.5460121193740193 0.8377772767846426 0
outer loop
vertex 95.86360168457031 55.1297607421875 -1
vertex 95.03836059570312 55.6676025390625 -4.642952919006348
vertex 95.03836059570312 55.6676025390625 -1
endloop
endfacet
facet normal -0.719757696716504 0.6942253654378764 0
outer loop
vertex -96.00847625732422 55.010162353515625 -4.839009761810303
vertex -96.69231414794922 54.30117416381836 -4.781762599945068
vertex -96.00847625732422 55.010162353515625 -1
endloop
endfacet
facet normal 0.00002477098247395527 -0.9999999993978554 -0.00002430406279418347
outer loop
vertex 53.974937438964844 -56.230377197265625 -3.450000047683716
vertex 47.54896545410156 -56.230533599853516 -3.564180612564087
vertex 53.40091323852539 -56.23038864135742 -3.564180612564087
endloop
endfacet
facet normal 0.00015354643447096806 0.9999999809205616 0.00012075748020003276
outer loop
vertex -84.61516571044922 56.26128005981445 -4.763608932495117
vertex -92.61680603027344 56.262508392333984 -4.761200428009033
vertex -84.61518096923828 56.26112747192383 -3.5
endloop
endfacet
facet normal -0.9726947426456445 -0.23208821088009504 0
outer loop
vertex -97.77384185791016 -51.78466033935547 -10.70196533203125
vertex -97.54522705078125 -52.7427978515625 -10.663716316223145
vertex -97.77384185791016 -51.78466033935547 -1
endloop
endfacet
facet normal 0 0 1
outer loop
vertex -96.79659271240234 51.49877166748047 0
vertex -96.8250503540039 -51.01935577392578 0
vertex -95.31791687011719 51.25522994995117 0
endloop
endfacet
facet normal -0.5759083096102193 0.8175142927928241 0.0000011614594430070644
outer loop
vertex -95.20319366455078 55.57745361328125 -4.646383285522461
vertex -95.94950103759766 55.05170822143555 -4.857718467712402
vertex -96.00847625732422 55.010162353515625 -4.839009761810303
endloop
endfacet
facet normal -0.4113788778388366 0.9114644364252834 0
outer loop
vertex -94.30536651611328 55.9826774597168 -4.623727321624756
vertex -95.20319366455078 55.57745361328125 -4.646383285522461
vertex -94.30536651611328 55.9826774597168 -1
endloop
endfacet
facet normal 0 0 1
outer loop
vertex 90.03929138183594 -52.676239013671875 0
vertex 89.69608306884766 -53.05548858642578 0
vertex 93.1131362915039 -55.2176628112793 0
endloop
endfacet
facet normal 0.9960208246740245 -0.08912079900679354 2.589717834740279e-7
outer loop
vertex 97.77051544189453 -51.79191589355469 -1
vertex 97.82093811035156 -51.228416442871094 -10.678791999816895
vertex 97.81146240234375 -51.33428955078125 -1
endloop
endfacet
facet normal 0 0 1
outer loop
vertex 90.48310852050781 -51.75965118408203 0
vertex 90.3048095703125 -52.23905944824219 0
vertex 93.1131362915039 -55.2176628112793 0
endloop
endfacet
facet normal 0 0 1
outer loop
vertex 88.03962707519531 -53.757205963134766 0
vertex 84.7202377319336 -54.916046142578125 0
vertex 93.1131362915039 -55.2176628112793 0
endloop
endfacet
facet normal 0.91146523312501 0.411377112640423 0
outer loop
vertex 97.54510498046875 52.74281692504883 -1
vertex 97.13988494873047 53.64064025878906 -4.880090236663818
vertex 97.13988494873047 53.64064025878906 -1
endloop
endfacet
facet normal 0.000024246516188146796 -0.9999999997060534 0
outer loop
vertex 84.86668395996094 -56.2296142578125 -4
vertex 93.0478286743164 -56.22941589355469 -10.880083084106445
vertex 93.0478286743164 -56.22941589355469 -1
endloop
endfacet
facet normal 0 0 1
outer loop
vertex 93.1131362915039 -55.2176628112793 0
vertex 93.084716796875 29.402206420898438 0
vertex 90.56779479980469 -51.25521469116211 0
endloop
endfacet
facet normal 0.9975507294718492 0.06994670921624144 0
outer loop
vertex 97.82493591308594 51.05425262451172 -1
vertex 97.77371978759766 51.78467559814453 -4.9470062255859375
vertex 97.77371978759766 51.78467559814453 -1
endloop
endfacet
facet normal 0 0 1
outer loop
vertex -94.57219696044922 -54.77785110473633 0
vertex -92.81778717041016 -53.75534439086914 0
vertex -95.23799133300781 -54.34392547607422 0
endloop
endfacet
facet normal 0 0 1
outer loop
vertex 94.92565155029297 52.47507095336914 0
vertex 95.1507797241211 52.015785217285156 0
vertex 93.83638000488281 55.07843017578125 0
endloop
endfacet
facet normal 0 0 1
outer loop
vertex -92.81778717041016 -53.75534439086914 0
vertex -94.57219696044922 -54.77785110473633 0
vertex -89.57711791992188 -54.75383377075195 0
endloop
endfacet
facet normal -0.9999999614811276 0.0002775567395093339 0
outer loop
vertex -97.82505798339844 -51.054237365722656 -10.645381927490234
vertex -97.82505798339844 -51.054237365722656 -1
vertex -97.80866241455078 8.016813278198242 -1
endloop
endfacet
facet normal 0 0 1
outer loop
vertex 94.01856994628906 -55.00706100463867 0
vertex 94.44054412841797 -54.83219528198242 0
vertex 96.75811767578125 31.018224716186523 0
endloop
endfacet
facet normal -0.0016536626872197644 -0.9999986326989238 0
outer loop
vertex -93.19074249267578 -56.22799301147461 -10.882010459899902
vertex -89.61518096923828 -56.23390579223633 -5
vertex -89.61518096923828 -56.23390579223633 -4
endloop
endfacet
facet normal 0 0 1
outer loop
vertex 96.75811767578125 31.018224716186523 0
vertex 94.84101867675781 -54.61251449584961 0
vertex 95.21525573730469 -54.35062026977539 0
endloop
endfacet
facet normal 0.9960187228723565 -0.08914428578276765 0
outer loop
vertex 97.81146240234375 -51.33428955078125 -1
vertex 97.82093811035156 -51.228416442871094 -10.678791999816895
vertex 97.82093811035156 -51.228416442871094 -1
endloop
endfacet
facet normal 0 0 1
outer loop
vertex 96.75811767578125 31.018224716186523 0
vertex 95.55882263183594 -54.04961395263672 0
vertex 95.86764526367188 -53.71305847167969 0
endloop
endfacet
facet normal 0.4809483237471599 -0.8767489434751529 0
outer loop
vertex 94.87371826171875 -55.73515319824219 -1
vertex 95.36973571777344 -55.46305847167969 -10.823031425476074
vertex 95.36973571777344 -55.46305847167969 -1
endloop
endfacet
facet normal 0 0 1
outer loop
vertex -96.59461975097656 -52.41815185546875 0
vertex -96.26768493652344 -53.142513275146484 0
vertex -96.78205108642578 -51.63261795043945 0
endloop
endfacet
facet normal 0.9999999955225967 -0.000053626698528625904 0.00007796783865392863
outer loop
vertex 97.82093811035156 -51.228416442871094 -10.678791999816895
vertex 97.8209457397461 -51.1170539855957 -10.70004940032959
vertex 97.82493591308594 29.937938690185547 -6.127159595489502
endloop
endfacet
facet normal 0 0 1
outer loop
vertex -95.81000518798828 -53.79220962524414 0
vertex -95.23799133300781 -54.34392547607422 0
vertex -93.32221984863281 -53.6706657409668 0
endloop
endfacet
facet normal 0.10089528592283646 -0.9948970505929491 0
outer loop
vertex 93.0478286743164 -56.22941589355469 -1
vertex 93.2508773803711 -56.208824157714844 -10.850852012634277
vertex 93.2508773803711 -56.208824157714844 -1
endloop
endfacet
facet normal 0 0 1
outer loop
vertex -94.61805725097656 -52.883636474609375 0
vertex -94.92577362060547 -52.47505569458008 0
vertex -96.26768493652344 -53.142513275146484 0
endloop
endfacet
facet normal 0.000024246516188146796 -0.9999999997060532 0
outer loop
vertex 84.86668395996094 -56.2296142578125 -5
vertex 93.0478286743164 -56.22941589355469 -10.880083084106445
vertex 84.86668395996094 -56.2296142578125 -4
endloop
endfacet
facet normal 0 0 1
outer loop
vertex 96.75811767578125 31.018224716186523 0
vertex 96.13807678222656 -53.344940185546875 0
vertex 96.36690521240234 -52.949623107910156 0
endloop
endfacet
facet normal 0.5733537317492633 -0.8193079386220994 0
outer loop
vertex 95.36973571777344 -55.46305847167969 -1
vertex 95.83325958251953 -55.1386833190918 -10.83436107635498
vertex 95.83325958251953 -55.1386833190918 -1
endloop
endfacet
facet normal 0 0 1
outer loop
vertex -96.8250503540039 -51.01935577392578 0
vertex -96.78205108642578 -51.63261795043945 0
vertex -95.28536224365234 -51.52226638793945 0
endloop
endfacet
facet normal 0.9804422058737784 -0.19680721770646423 0
outer loop
vertex 97.77051544189453 -51.79191589355469 -10.619431495666504
vertex 97.65917205810547 -52.34659957885742 -1
vertex 97.65917205810547 -52.34659957885742 -10.620035171508789
endloop
endfacet
facet normal 0 0 1
outer loop
vertex -95.28536224365234 -51.52226638793945 0
vertex -96.26768493652344 -53.142513275146484 0
vertex -95.1509017944336 -52.015769958496094 0
endloop
endfacet
facet normal 0 0 1
outer loop
vertex -93.32221984863281 -53.6706657409668 0
vertex -93.80162811279297 -53.492366790771484 0
vertex -95.81000518798828 -53.79220962524414 0
endloop
endfacet
facet normal 0.000024795532218940108 -0.9999999996925901 -3.572127852501464e-8
outer loop
vertex 72.86668395996094 -56.22991180419922 -5
vertex 67.47493743896484 -56.230045318603516 -9.949999809265137
vertex 84.86668395996094 -56.2296142578125 -5
endloop
endfacet
facet normal 0 0 1
outer loop
vertex 96.75811767578125 31.018224716186523 0
vertex 96.55142211914062 -52.531776428222656 0
vertex 96.689453125 -52.09635925292969 0
endloop
endfacet
facet normal 0.5460121193740193 0.8377772767846426 0
outer loop
vertex 95.03836059570312 55.6676025390625 -4.642952919006348
vertex 95.86360168457031 55.1297607421875 -1
vertex 95.86360168457031 55.1297607421875 -4.8356852531433105
endloop
endfacet
facet normal 0.8654636758699575 -0.5009716815845593 0
outer loop
vertex 96.97624206542969 -53.893070220947266 -10.697790145874023
vertex 97.2596664428711 -53.40343475341797 -10.759438514709473
vertex 96.97624206542969 -53.893070220947266 -1
endloop
endfacet
facet normal 0.8175157080304367 0.5759063006457681 0
outer loop
vertex 96.57259368896484 54.445926666259766 -4.776869773864746
vertex 97.13988494873047 53.64064025878906 -1
vertex 97.13988494873047 53.64064025878906 -4.880090236663818
endloop
endfacet
facet normal 0 0 1
outer loop
vertex 94.23868560791016 53.22686004638672 0
vertex 93.83638000488281 55.07843017578125 0
vertex 93.80150604248047 53.49238204956055 0
endloop
endfacet
facet normal 0.19234457062146057 0.981327451033775 0
outer loop
vertex 94.1264877319336 56.04014205932617 -4.622124671936035
vertex 93.13737487792969 56.234012603759766 -4.817111968994141
vertex 94.1264877319336 56.04014205932617 -1
endloop
endfacet
facet normal 0.736807265397211 -0.676102842515755 0
outer loop
vertex 96.64129638671875 -54.3490104675293 -10.693489074707031
vertex 96.2587890625 -54.76586151123047 -1
vertex 96.2587890625 -54.76586151123047 -10.746586799621582
endloop
endfacet
facet normal 0.9726949512447828 0.2320873366276355 0
outer loop
vertex 97.54510498046875 52.74281692504883 -4.835094928741455
vertex 97.77371978759766 51.78467559814453 -1
vertex 97.77371978759766 51.78467559814453 -4.9470062255859375
endloop
endfacet
facet normal 0.00015350565278423976 0.9999999882180053 6.081390927945261e-8
outer loop
vertex 93.13737487792969 56.234012603759766 -4.817111968994141
vertex 79.86666870117188 56.23604965209961 -3.5
vertex 93.16071319580078 56.2340087890625 -1
endloop
endfacet
facet normal 0.6590279712142264 -0.7521184302736245 0
outer loop
vertex 95.83325958251953 -55.1386833190918 -10.83436107635498
vertex 95.8813705444336 -55.096527099609375 -10.841959953308105
vertex 95.83325958251953 -55.1386833190918 -1
endloop
endfacet
facet normal 0 0 1
outer loop
vertex 85.82493591308594 -29.362491607666016 0
vertex 88.06766510009766 -29.369638442993164 0
vertex 87.87493896484375 10.362507820129395 0
endloop
endfacet
facet normal 0.3828330630566898 -0.9238175392525367 1.4302996080155108e-7
outer loop
vertex 94.35106658935547 -55.95174026489258 -1
vertex 94.87371826171875 -55.73515319824219 -10.85594654083252
vertex 94.61146545410156 -55.84383010864258 -1
endloop
endfacet
facet normal 0 0 1
outer loop
vertex -93.83650207519531 -55.07841491699219 0
vertex -93.06147003173828 -55.23398971557617 0
vertex -84.01518249511719 -55.06249237060547 0
endloop
endfacet
facet normal 0.48094435262475066 -0.8767511218574467 -2.6086370476861745e-7
outer loop
vertex 94.87371826171875 -55.73515319824219 -1
vertex 94.9050064086914 -55.717987060546875 -10.8629732131958
vertex 95.36973571777344 -55.46305847167969 -10.823031425476074
endloop
endfacet
facet normal 0 0 1
outer loop
vertex -89.3065185546875 -55.02443313598633 0
vertex -89.46873474121094 -54.916046142578125 0
vertex -93.83650207519531 -55.07841491699219 0
endloop
endfacet
facet normal 0 0 1
outer loop
vertex -89.3065185546875 -55.02443313598633 0
vertex -93.83650207519531 -55.07841491699219 0
vertex -84.01518249511719 -55.06249237060547 0
endloop
endfacet
facet normal 0.4810075601176586 -0.8767164462411191 0
outer loop
vertex 94.87371826171875 -55.73515319824219 -10.85594654083252
vertex 94.9050064086914 -55.717987060546875 -10.8629732131958
vertex 94.87371826171875 -55.73515319824219 -1
endloop
endfacet
facet normal 0 0 1
outer loop
vertex 90.57493591308594 -32.06249237060547 0
vertex 90.56779479980469 -51.25521469116211 0
vertex 93.084716796875 29.402206420898438 0
endloop
endfacet
facet normal 0 0 1
outer loop
vertex 90.4007797241211 -31.10921287536621 0
vertex 90.53524017333984 -31.60271644592285 0
vertex 90.48310852050781 12.365349769592285 0
endloop
endfacet
facet normal 0.28018641706406966 -0.9599456087158268 0
outer loop
vertex 94.35106658935547 -55.95174026489258 -10.79906177520752
vertex 93.80797576904297 -56.11025619506836 -1
vertex 93.80797576904297 -56.11025619506836 -10.797356605529785
endloop
endfacet
facet normal 0 0 1
outer loop
vertex 88.57209777832031 -29.45431900024414 0
vertex 89.05150604248047 -29.632617950439453 0
vertex 88.82821655273438 10.536669731140137 0
endloop
endfacet
facet normal 0 0 1
outer loop
vertex 93.32209777832031 53.67068099975586 0
vertex 93.80150604248047 53.49238204956055 0
vertex 93.83638000488281 55.07843017578125 0
endloop
endfacet
facet normal 0 0 1
outer loop
vertex -89.61518096923828 -53.75537872314453 0
vertex -92.81778717041016 -53.75534439086914 0
vertex -89.61518096923828 -54.56249237060547 0
endloop
endfacet
facet normal 0.38282847552624594 -0.9238194403270861 0
outer loop
vertex 94.61146545410156 -55.84383010864258 -1
vertex 94.87371826171875 -55.73515319824219 -10.85594654083252
vertex 94.87371826171875 -55.73515319824219 -1
endloop
endfacet
facet normal 0 0 1
outer loop
vertex 89.48868560791016 -29.89813804626465 0
vertex 89.86793518066406 -30.241348266601562 0
vertex 89.69608306884766 11.069510459899902 0
endloop
endfacet
facet normal 0.000024195452280161993 -0.9999999997069802 7.872475304928898e-7
outer loop
vertex 78.46668243408203 -56.229774475097656 -1.6695948839187622
vertex 67.36075592041016 -56.230045318603516 -4.375974655151367
vertex 72.86668395996094 -56.22991180419922 -4
endloop
endfacet
facet normal 0 0 1
outer loop
vertex 85.82493591308594 10.362507820129395 0
vertex 85.82493591308594 -29.362491607666016 0
vertex 87.87493896484375 10.362507820129395 0
endloop
endfacet
facet normal 0.000024523060525076293 -0.9999999996993097 0
outer loop
vertex 78.46668243408203 -56.229774475097656 -1.6695948839187622
vertex 72.86668395996094 -56.22991180419922 -4
vertex 78.46668243408203 -56.229774475097656 -4
endloop
endfacet
facet normal 0.5460173362163958 0.8377738761373322 0.000031827368099662796
outer loop
vertex 95.86360168457031 55.1297607421875 -4.8356852531433105
vertex 95.80593872070312 55.16734313964844 -4.853684425354004
vertex 95.03836059570312 55.6676025390625 -4.642952919006348
endloop
endfacet
facet normal -0.19681241962639887 -0.9804411616618208 1.4738324674130514e-7
outer loop
vertex -94.1266098022461 -56.04012680053711 -1
vertex -93.19074249267578 -56.22799301147461 -10.882010459899902
vertex -93.16084289550781 -56.23399353027344 -1
endloop
endfacet
facet normal 0.8175159202323734 0.5759059994081069 0.000003516385105908417
outer loop
vertex 97.13988494873047 53.64064025878906 -4.880090236663818
vertex 97.0817642211914 53.72314453125 -4.904384613037109
vertex 96.57259368896484 54.445926666259766 -4.776869773864746
endloop
endfacet
facet normal 0.00002405075247876843 -0.9999999997106898 -4.2650426181039137e-7
outer loop
vertex -89.61518096923828 -56.23390579223633 -4
vertex -86.71754455566406 -56.23383712768555 -1.5949000120162964
vertex -87.3514175415039 -56.23385238647461 -1.5628563165664673
endloop
endfacet
facet normal 0.00015341329184876461 0.9999999882321808 0
outer loop
vertex -82.61519622802734 56.2609748840332 -4.764211177825928
vertex -82.61519622802734 56.2609748840332 -3.5
vertex 77.86669921875 56.23635482788086 -4.8125152587890625
endloop
endfacet
facet normal 0.1968107828188985 0.9804407529923883 -0.0012023468429814214
outer loop
vertex 94.1264877319336 56.04014205932617 -1
vertex 93.13737487792969 56.234012603759766 -4.817111968994141
vertex 93.16071319580078 56.2340087890625 -1
endloop
endfacet
facet normal -0.3781985195962408 -0.9257245161359895 0
outer loop
vertex -95.03848266601562 -55.66758728027344 -1
vertex -94.1266098022461 -56.04012680053711 -10.699833869934082
vertex -94.1266098022461 -56.04012680053711 -1
endloop
endfacet
facet normal 0.00002543881078221645 -0.9999999996742309 -0.0000020988207171900016
outer loop
vertex -86.71754455566406 -56.23383712768555 -1.5949000120162964
vertex -89.61518096923828 -56.23390579223633 -4
vertex -85.97055053710938 -56.23381805419922 -1.6286555528640747
endloop
endfacet
facet normal 0.00015342016580407666 0.9999999882311262 0
outer loop
vertex -82.41517639160156 56.26094436645508 -2.5
vertex -82.41517639160156 56.26094436645508 -1.100000023841858
vertex 14.282395362854004 56.24610900878906 -1
endloop
endfacet
facet normal -0.9114658884960541 -0.4113756605684137 0
outer loop
vertex -97.54522705078125 -52.7427978515625 -1
vertex -97.14000701904297 -53.640625 -10.771059036254883
vertex -97.14000701904297 -53.640625 -1
endloop
endfacet
facet normal 0.10089528592283646 -0.9948970505929491 0
outer loop
vertex 93.0478286743164 -56.22941589355469 -10.880083084106445
vertex 93.2508773803711 -56.208824157714844 -10.850852012634277
vertex 93.0478286743164 -56.22941589355469 -1
endloop
endfacet
facet normal 0.00007629418630502564 0.9999955293186016 0.002989234351282285
outer loop
vertex -82.61519622802734 56.2609748840332 -3.5
vertex -84.61518096923828 56.26112747192383 -3.5
vertex 14.282395362854004 56.24610900878906 -1
endloop
endfacet
facet normal 0.9999999987870005 -0.000049254432122423605 0
outer loop
vertex 97.82093811035156 -51.228416442871094 -1
vertex 97.82493591308594 29.937938690185547 -6.127159595489502
vertex 97.82493591308594 29.937938690185547 -1
endloop
endfacet
facet normal 0 0 1
outer loop
vertex 88.82821655273438 10.536669731140137 0
vertex 89.05150604248047 -29.632617950439453 0
vertex 89.2874984741211 10.761797904968262 0
endloop
endfacet
facet normal -0.00002271586781154932 -0.999999999679677 -0.000011164022169563647
outer loop
vertex -93.19074249267578 -56.22799301147461 -10.882010459899902
vertex 33.58911895751953 -56.23087692260742 -10.524024963378906
vertex 33.474937438964844 -56.23088073730469 -9.949999809265137
endloop
endfacet
facet normal -0.9726947426456445 -0.23208821088009504 0
outer loop
vertex -97.77384185791016 -51.78466033935547 -1
vertex -97.54522705078125 -52.7427978515625 -10.663716316223145
vertex -97.54522705078125 -52.7427978515625 -1
endloop
endfacet
facet normal 0 0 1
outer loop
vertex -93.98072052001953 55.032066345214844 0
vertex -94.70508575439453 54.705135345458984 0
vertex -93.1951904296875 55.21949768066406 0
endloop
endfacet
facet normal 0.000153553769142329 0.9999999882106009 -1.9505049890817967e-7
outer loop
vertex 80.06668090820312 56.236019134521484 -2.5
vertex 93.16071319580078 56.2340087890625 -1
vertex 79.86666870117188 56.23604965209961 -3.5
endloop
endfacet
facet normal 0 0 1
outer loop
vertex -94.70508575439453 54.705135345458984 0
vertex -93.57833862304688 53.588348388671875 0
vertex -93.0848388671875 53.722808837890625 0
endloop
endfacet
facet normal 0.0000239242488169183 -0.9999999997024918 0.000004758862988179266
outer loop
vertex 67.36075592041016 -56.230045318603516 -4.375974655151367
vertex 67.47493743896484 -56.230045318603516 -4.949999809265137
vertex 72.86668395996094 -56.22991180419922 -4
endloop
endfacet
facet normal 0 0 1
outer loop
vertex -95.35478210449219 54.2474479675293 0
vertex -94.0376205444336 53.363216400146484 0
vertex -93.57833862304688 53.588348388671875 0
endloop
endfacet
facet normal 0 0 1
outer loop
vertex 96.82489013671875 51.019962310791016 0
vertex 96.76113891601562 31.178674697875977 0
vertex 96.7965087890625 31.576522827148438 0
endloop
endfacet
facet normal 0 0 1
outer loop
vertex -95.35478210449219 54.2474479675293 0
vertex -95.906494140625 53.67544174194336 0
vertex -94.44620513916016 53.055503845214844 0
endloop
endfacet
facet normal 0 0 1
outer loop
vertex -95.906494140625 53.67544174194336 0
vertex -96.64098358154297 52.273948669433594 0
vertex -94.78941345214844 52.67625427246094 0
endloop
endfacet
facet normal 0.000024762737590875087 -0.9999999996934034 0
outer loop
vertex 67.47493743896484 -56.230045318603516 -9.949999809265137
vertex 72.86668395996094 -56.22991180419922 -5
vertex 67.47493743896484 -56.230045318603516 -4.949999809265137
endloop
endfacet
facet normal 0.9951967577349423 -0.09789490994867163 0
outer loop
vertex 97.79644012451172 31.526729583740234 -6.066146373748779
vertex 97.75260925292969 31.081146240234375 -1
vertex 97.75260925292969 31.081146240234375 -6.1351637840271
endloop
endfacet
facet normal -0.00002279801309151884 -0.9999999997401253 0
outer loop
vertex 33.474937438964844 -56.23088073730469 -4.949999809265137
vertex -93.19074249267578 -56.22799301147461 -10.882010459899902
vertex 33.474937438964844 -56.23088073730469 -9.949999809265137
endloop
endfacet
facet normal 0.00016037630847534818 0.999999980381764 0.00011625795110415517
outer loop
vertex 77.86669921875 56.23635482788086 -4.8125152587890625
vertex 14.282395362854004 56.24610900878906 -1
vertex 77.86668395996094 56.236202239990234 -3.5
endloop
endfacet
facet normal 0.000025738170728204228 -0.9999999996687732 0
outer loop
vertex -84.75624084472656 -56.233787536621094 -1.6622616052627563
vertex -84.01518249511719 -56.233768463134766 -4
vertex -84.01518249511719 -56.233768463134766 -1.669169306755066
endloop
endfacet
facet normal 0 0 1
outer loop
vertex -96.34041595458984 53.009639739990234 0
vertex -96.64098358154297 52.273948669433594 0
vertex -95.906494140625 53.67544174194336 0
endloop
endfacet
facet normal 0 0 1
outer loop
vertex -96.64098358154297 52.273948669433594 0
vertex -95.054931640625 52.23907470703125 0
vertex -94.78941345214844 52.67625427246094 0
endloop
endfacet
facet normal 0.000025328407789512206 -0.9999999996593778 -0.000006302065575427205
outer loop
vertex 65.97493743896484 -56.230079650878906 -3.450000047683716
vertex 66.54896545410156 -56.230064392089844 -3.564180612564087
vertex 78.46668243408203 -56.229774475097656 -1.6695948839187622
endloop
endfacet
facet normal 0 0 1
outer loop
vertex 93.58009338378906 -55.13504409790039 0
vertex 96.75260925292969 31.081146240234375 0
vertex 96.82489013671875 51.019962310791016 0
endloop
endfacet
facet normal 0 0 1
outer loop
vertex 95.28524017333984 51.52228546142578 0
vertex 95.32493591308594 51.06250762939453 0
vertex 95.23786926269531 54.34394073486328 0
endloop
endfacet
facet normal 0 0 1
outer loop
vertex -96.64098358154297 52.273948669433594 0
vertex -96.79659271240234 51.49877166748047 0
vertex -95.23323822021484 51.759666442871094 0
endloop
endfacet
facet normal 0.000024509210428390477 -0.9999999996995959 3.266986109221643e-7
outer loop
vertex 75.13275146484375 -56.229854583740234 -1.563406229019165
vertex 65.97493743896484 -56.230079650878906 -3.450000047683716
vertex 75.75574493408203 -56.22983932495117 -1.5949000120162964
endloop
endfacet
facet normal 0.00015258779142021632 0.999999985633994 -0.00007381719225544869
outer loop
vertex -92.61680603027344 56.262508392333984 -1
vertex -82.41517639160156 56.26094436645508 -1.100000023841858
vertex -84.81517791748047 56.26131057739258 -1.100000023841858
endloop
endfacet
facet normal 0 0 1
outer loop
vertex 89.69608306884766 11.069510459899902 0
vertex 89.86793518066406 -30.241348266601562 0
vertex 90.03929138183594 11.448762893676758 0
endloop
endfacet
facet normal 0.000024547172840158256 -0.9999999996987182 0
outer loop
vertex 74.36668395996094 -56.22987365722656 -1
vertex 65.97493743896484 -56.230079650878906 -3.450000047683716
vertex 74.36668395996094 -56.22987365722656 -1.5108479261398315
endloop
endfacet
facet normal 0 0 1
outer loop
vertex 90.48310852050781 12.365349769592285 0
vertex 90.57493591308594 -32.06249237060547 0
vertex 90.56779479980469 12.86978530883789 0
endloop
endfacet
facet normal 0 0 1
outer loop
vertex 96.75811767578125 31.018224716186523 0
vertex 96.82093811035156 -51.18374252319336 0
vertex 96.82493591308594 29.906360626220703 0
endloop
endfacet
facet normal 0.000020844558055958048 -0.9999999994662976 0.000025157687827340274
outer loop
vertex 77.72632598876953 -56.22978973388672 -1.6626938581466675
vertex 65.97493743896484 -56.230079650878906 -3.450000047683716
vertex 78.46668243408203 -56.229774475097656 -1.6695948839187622
endloop
endfacet
facet normal 0 0 1
outer loop
vertex 95.23310852050781 31.3653507232666 0
vertex 93.1131362915039 -55.2176628112793 0
vertex 95.31779479980469 31.86978530883789 0
endloop
endfacet
facet normal 0 0 1
outer loop
vertex 94.78929138183594 30.448762893676758 0
vertex 93.1131362915039 -55.2176628112793 0
vertex 95.0548095703125 30.885940551757812 0
endloop
endfacet
facet normal 0 0 1
outer loop
vertex 73.17533874511719 -55.02443313598633 0
vertex -77.61518096923828 -54.56249237060547 0
vertex 73.36668395996094 -55.06249237060547 0
endloop
endfacet
facet normal -0.5759081239317178 0.8175144235971921 0
outer loop
vertex -95.20319366455078 55.57745361328125 -4.646383285522461
vertex -96.00847625732422 55.010162353515625 -4.839009761810303
vertex -95.20319366455078 55.57745361328125 -1
endloop
endfacet
facet normal 0 0 1
outer loop
vertex 94.0374984741211 29.761798858642578 0
vertex 93.1131362915039 -55.2176628112793 0
vertex 94.44608306884766 30.06951141357422 0
endloop
endfacet
facet normal 0.000024545200302638282 -0.9999999996985172 -7.062141235532298e-7
outer loop
vertex 81.97794342041016 -56.22968673706055 -1.5949000120162964
vertex 79.26668548583984 -56.22975158691406 -4
vertex 82.60050964355469 -56.229671478271484 -1.5634313821792603
endloop
endfacet
facet normal 0 0 1
outer loop
vertex 93.084716796875 29.402206420898438 0
vertex 93.1131362915039 -55.2176628112793 0
vertex 93.57821655273438 29.53666877746582 0
endloop
endfacet
facet normal 0.8654648739141553 -0.5009696118735701 0
outer loop
vertex 97.12857055664062 -53.629913330078125 -1
vertex 97.2596664428711 -53.40343475341797 -10.759438514709473
vertex 97.2596664428711 -53.40343475341797 -1
endloop
endfacet
facet normal 0 0 1
outer loop
vertex 90.56779479980469 12.86978530883789 0
vertex 90.57493591308594 -32.06249237060547 0
vertex 93.084716796875 29.402206420898438 0
endloop
endfacet
facet normal 0.000024984092745206334 -0.9999999996870437 -0.0000013067267534415865
outer loop
vertex 82.60050964355469 -56.229671478271484 -1.5634313821792603
vertex 79.26668548583984 -56.22975158691406 -4
vertex 83.36668395996094 -56.229652404785156 -1.5108696222305298
endloop
endfacet
facet normal 0 0 1
outer loop
vertex -83.21517944335938 -55.06249237060547 0
vertex -83.21517944335938 -55.23374938964844 0
vertex -77.92383575439453 -55.02443313598633 0
endloop
endfacet
facet normal 0 0 1
outer loop
vertex 72.90473937988281 -54.75383377075195 0
vertex -77.61518096923828 -54.56249237060547 0
vertex 73.01313018798828 -54.916046142578125 0
endloop
endfacet
facet normal -0.4113788778388366 0.9114644364252834 0
outer loop
vertex -94.30536651611328 55.9826774597168 -1
vertex -95.20319366455078 55.57745361328125 -4.646383285522461
vertex -95.20319366455078 55.57745361328125 -1
endloop
endfacet
facet normal 0 0 1
outer loop
vertex 78.46668243408203 -55.06249237060547 0
vertex 73.36668395996094 -55.06249237060547 0
vertex 78.46668243408203 -55.229774475097656 0
endloop
endfacet
facet normal 0 0 1
outer loop
vertex 95.32493591308594 51.06250762939453 0
vertex 95.31779479980469 31.86978530883789 0
vertex 95.80988311767578 53.7922248840332 0
endloop
endfacet
facet normal 0.00002443008935167204 -0.9999999997015853 0
outer loop
vertex 83.36668395996094 -56.229652404785156 -1
vertex 83.36668395996094 -56.229652404785156 -1.5108696222305298
vertex 93.0478286743164 -56.22941589355469 -1
endloop
endfacet
facet normal -0.5759081239317178 0.8175144235971921 0
outer loop
vertex -95.20319366455078 55.57745361328125 -1
vertex -96.00847625732422 55.010162353515625 -4.839009761810303
vertex -96.00847625732422 55.010162353515625 -1
endloop
endfacet
facet normal -0.3781985195962408 -0.9257245161359894 0
outer loop
vertex -94.1266098022461 -56.04012680053711 -10.699833869934082
vertex -95.03848266601562 -55.66758728027344 -1
vertex -95.03848266601562 -55.66758728027344 -10.67900562286377
endloop
endfacet
facet normal 0 0 1
outer loop
vertex -96.8250503540039 -51.01935577392578 0
vertex -95.31791687011719 6.130230903625488 0
vertex -95.32505798339844 7.1250081062316895 0
endloop
endfacet
facet normal 0.9147708499599098 -0.4039731321929991 0.000023017420793941182
outer loop
vertex 97.2596664428711 -53.40343475341797 -10.759438514709473
vertex 97.29700469970703 -53.318885803222656 -10.778759002685547
vertex 97.48821258544922 -52.885902404785156 -10.680594444274902
endloop
endfacet
facet normal 0.91477214604417 -0.4039701979376 0
outer loop
vertex 97.2596664428711 -53.40343475341797 -1
vertex 97.48821258544922 -52.885902404785156 -10.680594444274902
vertex 97.48821258544922 -52.885902404785156 -1
endloop
endfacet
facet normal -0.7197531953148707 0.6942300323604427 -0.0000016889008262061332
outer loop
vertex -96.00847625732422 55.010162353515625 -1
vertex -96.69231414794922 54.30117416381836 -4.781762599945068
vertex -96.25386810302734 54.7557487487793 -1
endloop
endfacet
facet normal 0 0 1
outer loop
vertex -77.61518096923828 -54.56249237060547 0
vertex 73.17533874511719 -55.02443313598633 0
vertex 73.01313018798828 -54.916046142578125 0
endloop
endfacet
facet normal -0.9257231602898437 0.3782018383125398 0
outer loop
vertex -97.23015594482422 53.475929260253906 -1
vertex -97.60269927978516 52.564056396484375 -4.841287136077881
vertex -97.60269927978516 52.564056396484375 -1
endloop
endfacet
facet normal 0.998004667389572 0.06314019218081081 0
outer loop
vertex 97.82493591308594 29.937938690185547 -1
vertex 97.75260925292969 31.081146240234375 -6.1351637840271
vertex 97.75260925292969 31.081146240234375 -1
endloop
endfacet
facet normal 0.000024584301615809023 -0.9999999996975256 -7.489417814947806e-7
outer loop
vertex 33.58911895751953 -56.23087692260742 -4.375974655151367
vertex 33.91427993774414 -56.23086929321289 -3.8893399238586426
vertex -79.11518096923828 -56.23365020751953 -1
endloop
endfacet
facet normal 0.9532504883651798 -0.30218124765039006 0
outer loop
vertex 97.48821258544922 -52.885902404785156 -1
vertex 97.65917205810547 -52.34659957885742 -10.620035171508789
vertex 97.65917205810547 -52.34659957885742 -1
endloop
endfacet
facet normal 0.00002545099682102771 -0.9999999992001315 0.00003085423486899982
outer loop
vertex -82.47412872314453 -56.23373031616211 -1.6622676849365234
vertex -83.21517944335938 -56.23374938964844 -1.6691713333129883
vertex 33.474937438964844 -56.23088073730469 -4.949999809265137
endloop
endfacet
facet normal 0.000022948306504977802 -0.9999999981670404 -0.000056029407345486106
outer loop
vertex -80.51248168945312 -56.23368453979492 -1.5949000120162964
vertex -81.25984954833984 -56.233699798583984 -1.6286686658859253
vertex 33.474937438964844 -56.23088073730469 -4.949999809265137
endloop
endfacet
facet normal 0.00002502117024787532 -0.9999999996844363 -0.0000022513360326513016
outer loop
vertex 48.03559875488281 -56.23052215576172 -3.8893399238586426
vertex 52.91427993774414 -56.23040008544922 -3.8893399238586426
vertex 53.40091323852539 -56.23038864135742 -3.564180612564087
endloop
endfacet
facet normal 0.000023173768325939285 -0.9999999986450148 -0.000046614880403840845
outer loop
vertex -79.11518096923828 -56.23365020751953 -1.510478138923645
vertex -79.87904357910156 -56.233665466308594 -1.5628817081451416
vertex 33.474937438964844 -56.23088073730469 -4.949999809265137
endloop
endfacet
facet normal 0.9804422058737784 -0.19680721770646423 0
outer loop
vertex 97.65917205810547 -52.34659957885742 -1
vertex 97.77051544189453 -51.79191589355469 -10.619431495666504
vertex 97.77051544189453 -51.79191589355469 -1
endloop
endfacet
facet normal 0.000024436196533700085 -0.999999999689623 -0.000004860696448444605
outer loop
vertex 67.47493743896484 -56.230045318603516 -9.949999809265137
vertex 67.36075592041016 -56.230045318603516 -10.524024963378906
vertex 93.0478286743164 -56.22941589355469 -10.880083084106445
endloop
endfacet
facet normal 0 0 1
outer loop
vertex -96.8250503540039 -51.01935577392578 0
vertex -95.32505798339844 7.1250081062316895 0
vertex -95.31791687011719 51.25522994995117 0
endloop
endfacet
facet normal 0.00002526072677910375 -0.9999999996796344 -0.0000016208159421274702
outer loop
vertex 48.360755920410156 -56.23051452636719 -4.375974655151367
vertex 48.474937438964844 -56.23051071166992 -4.949999809265137
vertex 52.58911895751953 -56.23040771484375 -4.375974655151367
endloop
endfacet
facet normal -0.9114708798867528 -0.41136458609454674 -0.00011147076193149937
outer loop
vertex -97.54522705078125 -52.7427978515625 -10.663716316223145
vertex -97.18084716796875 -53.55012893676758 -10.791415214538574
vertex -97.14000701904297 -53.640625 -10.771059036254883
endloop
endfacet
facet normal 0.6942220872782326 0.7197608585739115 0
outer loop
vertex 96.31815338134766 54.69133758544922 -1
vertex 95.86360168457031 55.1297607421875 -4.8356852531433105
vertex 95.86360168457031 55.1297607421875 -1
endloop
endfacet
facet normal 0 0 1
outer loop
vertex -77.92383575439453 -55.02443313598633 0
vertex -83.21517944335938 -55.23374938964844 0
vertex 78.46668243408203 -55.229774475097656 0
endloop
endfacet
facet normal 0 0 1
outer loop
vertex 96.26756286621094 53.14252853393555 0
vertex 96.78192901611328 51.632633209228516 0
vertex 96.59449768066406 52.41816711425781 0
endloop
endfacet
facet normal 0.00015341452533928799 0.9999999882319802 1.508195053870139e-7
outer loop
vertex 77.86669921875 56.23635482788086 -4.8125152587890625
vertex -82.61519622802734 56.2609748840332 -3.5
vertex 14.282395362854004 56.24610900878906 -1
endloop
endfacet
facet normal 0 0 1
outer loop
vertex -77.65323638916016 -54.75383377075195 0
vertex -77.76162719726562 -54.916046142578125 0
vertex 78.46668243408203 -55.229774475097656 0
endloop
endfacet
facet normal 0 0 1
outer loop
vertex 84.86668395996094 -54.56249237060547 0
vertex 84.82862091064453 -54.75383377075195 0
vertex 88.03962707519531 -53.757205963134766 0
endloop
endfacet
facet normal 0 0 1
outer loop
vertex -77.61518096923828 -53.75550079345703 0
vertex -77.61518096923828 -54.56249237060547 0
vertex 72.86668395996094 -53.757049560546875 0
endloop
endfacet
facet normal 0 0 1
outer loop
vertex 95.23786926269531 54.34394073486328 0
vertex 95.32493591308594 51.06250762939453 0
vertex 95.80988311767578 53.7922248840332 0
endloop
endfacet
facet normal 0.000024801050339888547 -0.9999999996523659 0.000008954115499897423
outer loop
vertex 34.40091323852539 -56.230857849121094 -3.564180612564087
vertex 34.974937438964844 -56.23084259033203 -3.450000047683716
vertex -79.11518096923828 -56.23365020751953 -1
endloop
endfacet
facet normal 0 0 1
outer loop
vertex 93.83638000488281 55.07843017578125 0
vertex 95.1507797241211 52.015785217285156 0
vertex 95.23786926269531 54.34394073486328 0
endloop
endfacet
facet normal -0.9975507294718493 -0.06994670921624145 0
outer loop
vertex -97.82505798339844 -51.054237365722656 -10.645381927490234
vertex -97.77384185791016 -51.78466033935547 -10.70196533203125
vertex -97.82505798339844 -51.054237365722656 -1
endloop
endfacet
facet normal -0.5460121193740193 -0.8377772767846428 0
outer loop
vertex -95.86372375488281 -55.12974548339844 -1
vertex -95.03848266601562 -55.66758728027344 -10.67900562286377
vertex -95.03848266601562 -55.66758728027344 -1
endloop
endfacet
facet normal 0.38283076115859727 -0.9238184931634185 0
outer loop
vertex 94.35106658935547 -55.95174026489258 -10.79906177520752
vertex 94.87371826171875 -55.73515319824219 -10.85594654083252
vertex 94.35106658935547 -55.95174026489258 -1
endloop
endfacet
facet normal 0 0 1
outer loop
vertex 90.53524017333984 -31.60271644592285 0
vertex 90.57493591308594 -32.06249237060547 0
vertex 90.48310852050781 12.365349769592285 0
endloop
endfacet
facet normal -3.457296866025941e-7 0.05582089292894838 -0.9984407984014352
outer loop
vertex 94.47195434570312 -54.647335052490234 -11.894304275512695
vertex -96.33219909667969 53.17422866821289 -5.866143226623535
vertex 95.16795349121094 -54.214691162109375 -11.870116233825684
endloop
endfacet
facet normal 2.814087721156446e-8 0.05582155766063155 -0.9984407612374107
outer loop
vertex 95.16795349121094 -54.214691162109375 -11.870116233825684
vertex -95.37916564941406 54.371089935302734 -5.799228191375732
vertex 96.35071563720703 -52.775840759277344 -11.789671897888184
endloop
endfacet
facet normal 1.363079343805402e-7 0.05582175061280993 -0.9984407504496711
outer loop
vertex 96.35071563720703 -52.775840759277344 -11.789671897888184
vertex -95.37916564941406 54.371089935302734 -5.799228191375732
vertex 96.8255615234375 -50.93574905395508 -11.68679428100586
endloop
endfacet
facet normal -1.2830906423764051e-8 0.055814123328944656 -0.9984411768537098
outer loop
vertex -93.13265228271484 55.38502883911133 -5.74254035949707
vertex -84.08931732177734 55.386131286621094 -5.742478847503662
vertex -83.99786376953125 55.33724594116211 -5.745211601257324
endloop
endfacet
facet normal -7.858936233455244e-10 0.05582501073934726 -0.9984405681741662
outer loop
vertex 78.48400115966797 55.31232452392578 -5.746605396270752
vertex -83.14082336425781 55.38624572753906 -5.742472171783447
vertex 78.30967712402344 55.405914306640625 -5.741372585296631
endloop
endfacet
facet normal -4.299750579520645e-7 0.05582077408023809 -0.9984408050459969
outer loop
vertex 96.8255615234375 -50.93574905395508 -11.68679428100586
vertex -83.99786376953125 55.33724594116211 -5.745211601257324
vertex -83.81027221679688 55.28034210205078 -5.7483930587768555
endloop
endfacet
facet normal 2.172813825134627e-7 0.0558218706078131 -0.9984407437408579
outer loop
vertex -83.61518096923828 55.26112747192383 -5.749467372894287
vertex -83.42008972167969 55.28034210205078 -5.7483930587768555
vertex 96.8255615234375 -50.93574905395508 -11.68679428100586
endloop
endfacet
facet normal -3.0461983135552096e-7 0.05582098660065918 -0.9984407931644402
outer loop
vertex -83.81027221679688 55.28034210205078 -5.7483930587768555
vertex -83.61518096923828 55.26112747192383 -5.749467372894287
vertex 96.8255615234375 -50.93574905395508 -11.68679428100586
endloop
endfacet
facet normal 2.612648973599446e-8 0.055821547718493444 -0.9984407617932629
outer loop
vertex 96.8255615234375 -50.93574905395508 -11.68679428100586
vertex -93.13265228271484 55.38502883911133 -5.74254035949707
vertex -83.99786376953125 55.33724594116211 -5.745211601257324
endloop
endfacet
facet normal -3.6846995108971656e-8 0.055821435557391524 -0.9984407680640403
outer loop
vertex -95.37916564941406 54.371089935302734 -5.799228191375732
vertex -93.13265228271484 55.38502883911133 -5.74254035949707
vertex 96.8255615234375 -50.93574905395508 -11.68679428100586
endloop
endfacet
facet normal 3.1965996452362546e-8 0.05582156435206266 -0.998440760863301
outer loop
vertex -96.33219909667969 53.17422866821289 -5.866143226623535
vertex -95.37916564941406 54.371089935302734 -5.799228191375732
vertex 95.16795349121094 -54.214691162109375 -11.870116233825684
endloop
endfacet
facet normal -4.8962071405144076e-8 0.05582150374927844 -0.9984407642515237
outer loop
vertex -96.33219909667969 53.17422866821289 -5.866143226623535
vertex -92.96509552001953 -55.07329559326172 -11.918119430541992
vertex -96.80120849609375 51.619468688964844 -5.953067779541016
endloop
endfacet
facet normal -3.3838285459608347e-9 0.05581844574118562 -0.9984409352160187
outer loop
vertex 78.67159271240234 55.25541687011719 -5.749786853790283
vertex -83.23249816894531 55.33724594116211 -5.745211601257324
vertex 78.48400115966797 55.31232452392578 -5.746605396270752
endloop
endfacet
facet normal -2.7095790421245756e-8 0.055821493410284015 -0.9984407648295641
outer loop
vertex 96.79021453857422 26.169057846069336 -7.375966548919678
vertex 92.96501922607422 55.40769958496094 -5.741272926330566
vertex 96.77847290039062 51.787166595458984 -5.943692207336426
endloop
endfacet
facet normal -2.347386210513099e-8 0.05582149979060825 -0.9984407644728488
outer loop
vertex 92.96501922607422 55.40769958496094 -5.741272926330566
vertex 96.8255615234375 -50.93574905395508 -11.68679428100586
vertex 79.42385864257812 55.40604782104492 -5.7413649559021
endloop
endfacet
facet normal -8.815044255832549e-7 0.05582135361626546 -0.9984407726448629
outer loop
vertex 79.2493667602539 55.31232452392578 -5.746605396270752
vertex 96.8255615234375 -50.93574905395508 -11.68679428100586
vertex 79.06177520751953 55.25541687011719 -5.749786853790283
endloop
endfacet
facet normal 0.000002601910610943048 0.055821928067930446 -0.9984407405249491
outer loop
vertex 79.2493667602539 55.31232452392578 -5.746605396270752
vertex 79.42385864257812 55.40604782104492 -5.7413649559021
vertex 96.8255615234375 -50.93574905395508 -11.68679428100586
endloop
endfacet
facet normal 2.49721655605969e-7 0.05582154225949207 -0.9984407620984378
outer loop
vertex 78.86668395996094 55.236202239990234 -5.750861167907715
vertex 79.06177520751953 55.25541687011719 -5.749786853790283
vertex 96.8255615234375 -50.93574905395508 -11.68679428100586
endloop
endfacet
facet normal -2.5818312913334736e-7 0.05582145661561815 -0.9984407668866712
outer loop
vertex 78.67159271240234 55.25541687011719 -5.749786853790283
vertex 78.86668395996094 55.236202239990234 -5.750861167907715
vertex 96.8255615234375 -50.93574905395508 -11.68679428100586
endloop
endfacet
facet normal 3.9223601178629226e-8 0.055821502059595976 -0.998440764345992
outer loop
vertex 96.79021453857422 26.169057846069336 -7.375966548919678
vertex 96.8255615234375 -50.93574905395508 -11.68679428100586
vertex 92.96501922607422 55.40769958496094 -5.741272926330566
endloop
endfacet
facet normal -1.5911717620640875e-9 0.05582150034475074 -0.9984407644418676
outer loop
vertex 96.8255615234375 -50.93574905395508 -11.68679428100586
vertex -83.42008972167969 55.28034210205078 -5.7483930587768555
vertex 78.67159271240234 55.25541687011719 -5.749786853790283
endloop
endfacet
facet normal 7.435324554098131e-8 0.055821599932083986 -0.998440758874064
outer loop
vertex 96.77847290039062 51.787166595458984 -5.943692207336426
vertex 92.96501922607422 55.40769958496094 -5.741272926330566
vertex 96.25946807861328 53.3068962097168 -5.8587260246276855
endloop
endfacet
facet normal 2.0412319933285565e-8 0.0558215156063046 -0.9984407635886141
outer loop
vertex 96.25946807861328 53.3068962097168 -5.8587260246276855
vertex 92.96501922607422 55.40769958496094 -5.741272926330566
vertex 95.26387786865234 54.468509674072266 -5.793781757354736
endloop
endfacet
facet normal -1.4844793615688802e-9 0.05582219201541654 -0.9984407257712368
outer loop
vertex 78.67159271240234 55.25541687011719 -5.749786853790283
vertex -83.42008972167969 55.28034210205078 -5.7483930587768555
vertex -83.23249816894531 55.33724594116211 -5.745211601257324
endloop
endfacet
facet normal -3.173427434877492e-9 0.055819806790409474 -0.9984408591248063
outer loop
vertex -83.23249816894531 55.33724594116211 -5.745211601257324
vertex -83.14082336425781 55.38624572753906 -5.742472171783447
vertex 78.48400115966797 55.31232452392578 -5.746605396270752
endloop
endfacet
facet normal 1.4031226657041697e-9 0.0558215053110361 -0.9984407641642092
outer loop
vertex -92.96509552001953 -55.07329559326172 -11.918119430541992
vertex -96.33219909667969 53.17422866821289 -5.866143226623535
vertex 94.47195434570312 -54.647335052490234 -11.894304275512695
endloop
endfacet
facet normal 8.963864422761842e-8 0.055821508717105735 -0.9984407639737763
outer loop
vertex -92.96509552001953 -55.07329559326172 -11.918119430541992
vertex -96.77855682373047 -51.452857971191406 -11.715705871582031
vertex -96.80120849609375 51.619468688964844 -5.953067779541016
endloop
endfacet
facet normal -7.301676942537005e-10 0.055822441105826036 -0.9984407118447176
outer loop
vertex 92.915283203125 -55.068721771240234 -11.917863845825195
vertex -92.96509552001953 -55.07329559326172 -11.918119430541992
vertex 94.47195434570312 -54.647335052490234 -11.894304275512695
endloop
endfacet
facet normal -8.125395868286317e-7 0.05582080392831476 -0.9984408033770137
outer loop
vertex -96.77855682373047 -51.452857971191406 -11.715705871582031
vertex -95.26399993896484 -54.13408660888672 -11.865609169006348
vertex -96.25959014892578 -52.97247314453125 -11.800664901733398
endloop
endfacet
facet normal -3.1445240491554785e-7 0.0558210844082235 -0.9984407876961914
outer loop
vertex -95.26399993896484 -54.13408660888672 -11.865609169006348
vertex -96.77855682373047 -51.452857971191406 -11.715705871582031
vertex -92.96509552001953 -55.07329559326172 -11.918119430541992
endloop
endfacet
facet normal 0.9372716132064636 -0.34859994704152425 0
outer loop
vertex -95.23323822021484 51.759666442871094 0
vertex -95.23323822021484 51.759666442871094 -4.099999904632568
vertex -95.054931640625 52.23907470703125 0
endloop
endfacet
facet normal -0.8979291896529449 -0.4401399440737069 0
outer loop
vertex 90.17565155029297 -30.64992904663086 -4.099999904632568
vertex 90.4007797241211 -31.10921287536621 -4.099999904632568
vertex 90.4007797241211 -31.10921287536621 0
endloop
endfacet
facet normal -0.8979299120407476 -0.4401384703277997 0
outer loop
vertex 94.92565155029297 52.47507095336914 -4.099999904632568
vertex 95.1507797241211 52.015785217285156 -4.099999904632568
vertex 95.1507797241211 52.015785217285156 0
endloop
endfacet
facet normal -0.9962936872248852 -0.08601679368497075 0
outer loop
vertex 95.28524017333984 51.52228546142578 -4.099999904632568
vertex 95.32493591308594 51.06250762939453 -4.099999904632568
vertex 95.32493591308594 51.06250762939453 0
endloop
endfacet
facet normal 0 0 1
outer loop
vertex 52.773521423339844 -53.13749313354492 -4.099999904632568
vertex 48.17635726928711 -53.75679397583008 -4.099999904632568
vertex 52.773521423339844 -53.75684356689453 -4.099999904632568
endloop
endfacet
facet normal 0 0 1
outer loop
vertex 67.47493743896484 -51.93749237060547 -4.099999904632568
vertex 33.773521423339844 -53.13749313354492 -4.099999904632568
vertex 48.17635726928711 -53.13749313354492 -4.099999904632568
endloop
endfacet
facet normal 0 0 1
outer loop
vertex 48.17635726928711 -53.13749313354492 -4.099999904632568
vertex 48.17635726928711 -53.75679397583008 -4.099999904632568
vertex 52.773521423339844 -53.13749313354492 -4.099999904632568
endloop
endfacet
facet normal 0.9862011580426473 -0.1655514296988746 0
outer loop
vertex -95.31791687011719 51.25522994995117 0
vertex -95.31791687011719 51.25522994995117 -4.099999904632568
vertex -95.23323822021484 51.759666442871094 0
endloop
endfacet
facet normal 0.8547114112660753 -0.5191034612209339 0
outer loop
vertex -95.054931640625 52.23907470703125 0
vertex -95.054931640625 52.23907470703125 -4.099999904632568
vertex -94.78941345214844 52.67625427246094 0
endloop
endfacet
facet normal 0.000009778019402993095 0.9999999999479844 -0.000002902000831525505
outer loop
vertex 52.91427993774414 -53.75684356689453 -3.8893399238586426
vertex 47.54896545410156 -53.75679016113281 -3.564180612564087
vertex 53.40091323852539 -53.7568473815918 -3.564180612564087
endloop
endfacet
facet normal 0.00000977801940150934 0.9999999997962405 -0.000017660951868572956
outer loop
vertex 53.40091323852539 -53.7568473815918 -3.564180612564087
vertex 47.54896545410156 -53.75679016113281 -3.564180612564087
vertex 46.974937438964844 -53.75678253173828 -3.450000047683716
endloop
endfacet
facet normal 0 0 1
outer loop
vertex 67.47493743896484 -51.93749237060547 -4.099999904632568
vertex 52.773521423339844 -53.13749313354492 -4.099999904632568
vertex 67.17635345458984 -53.13749313354492 -4.099999904632568
endloop
endfacet
facet normal 0 0 1
outer loop
vertex 67.17635345458984 -53.13749313354492 -4.099999904632568
vertex 67.17635345458984 -53.75699234008789 -4.099999904632568
vertex 72.86668395996094 -53.56249237060547 -4.099999904632568
endloop
endfacet
facet normal 0 0 1
outer loop
vertex 67.47493743896484 -51.93749237060547 -4.099999904632568
vertex 67.17635345458984 -53.13749313354492 -4.099999904632568
vertex 73.01313018798828 -53.20893859863281 -4.099999904632568
endloop
endfacet
facet normal 0 0 1
outer loop
vertex 72.86668395996094 -53.56249237060547 -4.099999904632568
vertex 67.17635345458984 -53.75699234008789 -4.099999904632568
vertex 72.86668395996094 -53.757049560546875 -4.099999904632568
endloop
endfacet
facet normal 0 0 1
outer loop
vertex 67.17635345458984 -53.13749313354492 -4.099999904632568
vertex 72.86668395996094 -53.56249237060547 -4.099999904632568
vertex 72.90473937988281 -53.371150970458984 -4.099999904632568
endloop
endfacet
facet normal 0 0 1
outer loop
vertex 73.01313018798828 -53.20893859863281 -4.099999904632568
vertex 67.17635345458984 -53.13749313354492 -4.099999904632568
vertex 72.90473937988281 -53.371150970458984 -4.099999904632568
endloop
endfacet
facet normal 0 0 1
outer loop
vertex 67.47493743896484 -51.93749237060547 -4.099999904632568
vertex 73.01313018798828 -53.20893859863281 -4.099999904632568
vertex 73.17533874511719 -53.10055160522461 -4.099999904632568
endloop
endfacet
facet normal -0.6015930133811593 0.7988027580391646 0
outer loop
vertex 94.44608306884766 30.06951141357422 0
vertex 94.44608306884766 30.06951141357422 -4.099999904632568
vertex 94.0374984741211 29.761798858642578 0
endloop
endfacet
facet normal 0.000010055735589305468 0.9999999998845811 -0.000011389468532011207
outer loop
vertex 72.86668395996094 -53.757049560546875 -4.099999904632568
vertex 67.17635345458984 -53.75699234008789 -4.099999904632568
vertex 67.03559875488281 -53.756988525390625 -3.8893399238586426
endloop
endfacet
facet normal -0.74146183175266 0.6709950462216471 0
outer loop
vertex 94.78929138183594 30.448762893676758 0
vertex 94.78929138183594 30.448762893676758 -4.099999904632568
vertex 94.44608306884766 30.06951141357422 0
endloop
endfacet
facet normal 0.00001061742940831384 0.9999999999349896 0.000004158261524234299
outer loop
vertex 72.86668395996094 -53.757049560546875 -4.099999904632568
vertex 67.03559875488281 -53.756988525390625 -3.8893399238586426
vertex 66.54896545410156 -53.75698471069336 -3.564180612564087
endloop
endfacet
facet normal -0.6015930133811593 0.7988027580391646 0
outer loop
vertex 89.69608306884766 11.069510459899902 -4.099999904632568
vertex 89.2874984741211 10.761797904968262 -4.099999904632568
vertex 89.2874984741211 10.761797904968262 0
endloop
endfacet
facet normal -0.44014141782829763 0.8979284672578856 0
outer loop
vertex 89.2874984741211 10.761797904968262 -4.099999904632568
vertex 88.82821655273438 10.536669731140137 -4.099999904632568
vertex 88.82821655273438 10.536669731140137 0
endloop
endfacet
facet normal -0.26288532516848706 0.9648270859646607 0
outer loop
vertex 88.82821655273438 10.536669731140137 -4.099999904632568
vertex 88.334716796875 10.402206420898438 -4.099999904632568
vertex 88.334716796875 10.402206420898438 0
endloop
endfacet
facet normal -0.08602294736770402 0.9962931559165571 0
outer loop
vertex 88.334716796875 10.402206420898438 -4.099999904632568
vertex 87.87493896484375 10.362507820129395 -4.099999904632568
vertex 87.87493896484375 10.362507820129395 0
endloop
endfacet
facet normal 0 1 0
outer loop
vertex 87.87493896484375 10.362507820129395 -4.099999904632568
vertex 85.82493591308594 10.362507820129395 -4.099999904632568
vertex 85.82493591308594 10.362507820129395 0
endloop
endfacet
facet normal -0.8547104064197326 0.5191051157114667 0
outer loop
vertex 95.0548095703125 30.885940551757812 0
vertex 95.0548095703125 30.885940551757812 -4.099999904632568
vertex 94.78929138183594 30.448762893676758 0
endloop
endfacet
facet normal -0.9999999307804702 0.0003720739907385054 0
outer loop
vertex 90.57493591308594 -32.06249237060547 -4.099999904632568
vertex 90.56779479980469 -51.25521469116211 -4.099999904632568
vertex 90.56779479980469 -51.25521469116211 0
endloop
endfacet
facet normal -0.9999999307804702 0.0003720739907385054 0
outer loop
vertex 95.32493591308594 51.06250762939453 -4.099999904632568
vertex 95.31779479980469 31.86978530883789 -4.099999904632568
vertex 95.31779479980469 31.86978530883789 0
endloop
endfacet
facet normal -0.000038549598679084856 -0.9999999992569641 0
outer loop
vertex 92.81766510009766 53.7553596496582 0
vertex -92.62506103515625 53.762508392333984 -4.099999904632568
vertex 92.81766510009766 53.7553596496582 -4.099999904632568
endloop
endfacet
facet normal -0.986198722669666 0.16556593672829875 0
outer loop
vertex 90.56779479980469 -51.25521469116211 -4.099999904632568
vertex 90.48310852050781 -51.75965118408203 -4.099999904632568
vertex 90.48310852050781 -51.75965118408203 0
endloop
endfacet
facet normal 0 0 1
outer loop
vertex -92.62506103515625 53.762508392333984 -4.099999904632568
vertex 95.32493591308594 51.06250762939453 -4.099999904632568
vertex 92.81766510009766 53.7553596496582 -4.099999904632568
endloop
endfacet
facet normal 0 0 1
outer loop
vertex -92.62506103515625 53.762508392333984 -4.099999904632568
vertex 95.31779479980469 31.86978530883789 -4.099999904632568
vertex 95.32493591308594 51.06250762939453 -4.099999904632568
endloop
endfacet
facet normal 0 0 1
outer loop
vertex 67.47493743896484 -51.93749237060547 -4.099999904632568
vertex 73.17533874511719 -53.10055160522461 -4.099999904632568
vertex 85.82493591308594 -29.362491607666016 -4.099999904632568
endloop
endfacet
facet normal 0 0 1
outer loop
vertex 85.82493591308594 -29.362491607666016 -4.099999904632568
vertex 73.17533874511719 -53.10055160522461 -4.099999904632568
vertex 84.55802154541016 -53.10055160522461 -4.099999904632568
endloop
endfacet
facet normal 0.9999999869072879 -0.00016181910920463153 0
outer loop
vertex -95.32505798339844 7.1250081062316895 0
vertex -95.32505798339844 7.1250081062316895 -4.099999904632568
vertex -95.31791687011719 51.25522994995117 0
endloop
endfacet
facet normal 0 0 1
outer loop
vertex 84.82862091064453 -53.371150970458984 -4.099999904632568
vertex 84.86668395996094 -53.56249237060547 -4.099999904632568
vertex 85.82493591308594 -29.362491607666016 -4.099999904632568
endloop
endfacet
facet normal -0.9372764866607638 0.34858684363133263 0
outer loop
vertex 90.48310852050781 -51.75965118408203 -4.099999904632568
vertex 90.3048095703125 -52.23905944824219 -4.099999904632568
vertex 90.3048095703125 -52.23905944824219 0
endloop
endfacet
facet normal 0.9936953170044426 0.11211430311713279 0
outer loop
vertex -95.25802612304688 6.53088903427124 0
vertex -95.25802612304688 6.53088903427124 -4.099999904632568
vertex -95.32505798339844 7.1250081062316895 0
endloop
endfacet
facet normal 0.9890115369194439 -0.14783835713453897 0
outer loop
vertex -95.31791687011719 6.130230903625488 0
vertex -95.31791687011719 6.130230903625488 -4.099999904632568
vertex -95.25802612304688 6.53088903427124 0
endloop
endfacet
facet normal 0.9936953170044426 0.11211430311713279 0
outer loop
vertex -95.25802612304688 6.53088903427124 -4.099999904632568
vertex -95.32505798339844 7.1250081062316895 -4.099999904632568
vertex -95.32505798339844 7.1250081062316895 0
endloop
endfacet
facet normal 0.9890115369194439 -0.14783835713453897 0
outer loop
vertex -95.31791687011719 6.130230903625488 -4.099999904632568
vertex -95.25802612304688 6.53088903427124 -4.099999904632568
vertex -95.25802612304688 6.53088903427124 0
endloop
endfacet
facet normal 0 0 1
outer loop
vertex 84.7202377319336 -53.20893859863281 -4.099999904632568
vertex 84.82862091064453 -53.371150970458984 -4.099999904632568
vertex 85.82493591308594 -29.362491607666016 -4.099999904632568
endloop
endfacet
facet normal 0 0 1
outer loop
vertex 67.47493743896484 -23.93749237060547 -4.099999904632568
vertex -95.31791687011719 6.130230903625488 -4.099999904632568
vertex 14.47493839263916 -23.93749237060547 -4.099999904632568
endloop
endfacet
facet normal 0 0 1
outer loop
vertex -95.25802612304688 6.53088903427124 -4.099999904632568
vertex 67.47493743896484 -23.93749237060547 -4.099999904632568
vertex -95.32505798339844 7.1250081062316895 -4.099999904632568
endloop
endfacet
facet normal 0 0 1
outer loop
vertex -95.31791687011719 6.130230903625488 -4.099999904632568
vertex 67.47493743896484 -23.93749237060547 -4.099999904632568
vertex -95.25802612304688 6.53088903427124 -4.099999904632568
endloop
endfacet
facet normal 0.00001069918414902523 0.9999999998578697 0.000013030272754612404
outer loop
vertex 34.40091323852539 -53.75665283203125 -3.564180612564087
vertex -77.61518096923828 -53.75550079345703 0
vertex 34.974937438964844 -53.75666046142578 -3.450000047683716
endloop
endfacet
facet normal 0.000010173415051488501 0.9999999999421477 -0.000003493749807736814
outer loop
vertex 33.91427993774414 -53.756649017333984 -3.8893399238586426
vertex -77.61518096923828 -53.75550079345703 0
vertex 34.40091323852539 -53.75665283203125 -3.564180612564087
endloop
endfacet
facet normal 0.000010677929684802539 0.9999999998827814 0.000010973549590856253
outer loop
vertex 33.773521423339844 -53.75664520263672 -4.099999904632568
vertex -77.61518096923828 -53.75550079345703 0
vertex 33.91427993774414 -53.756649017333984 -3.8893399238586426
endloop
endfacet
facet normal 0 0 1
outer loop
vertex -92.62506103515625 53.762508392333984 -4.099999904632568
vertex 95.23310852050781 31.3653507232666 -4.099999904632568
vertex 95.31779479980469 31.86978530883789 -4.099999904632568
endloop
endfacet
facet normal 0 0 1
outer loop
vertex -92.62506103515625 53.762508392333984 -4.099999904632568
vertex 95.0548095703125 30.885940551757812 -4.099999904632568
vertex 95.23310852050781 31.3653507232666 -4.099999904632568
endloop
endfacet
facet normal 0 0 1
outer loop
vertex -92.62506103515625 53.762508392333984 -4.099999904632568
vertex 94.78929138183594 30.448762893676758 -4.099999904632568
vertex 95.0548095703125 30.885940551757812 -4.099999904632568
endloop
endfacet
facet normal 0 0 1
outer loop
vertex -92.62506103515625 53.762508392333984 -4.099999904632568
vertex 94.44608306884766 30.06951141357422 -4.099999904632568
vertex 94.78929138183594 30.448762893676758 -4.099999904632568
endloop
endfacet
facet normal 0 0 1
outer loop
vertex -92.62506103515625 53.762508392333984 -4.099999904632568
vertex 94.0374984741211 29.761798858642578 -4.099999904632568
vertex 94.44608306884766 30.06951141357422 -4.099999904632568
endloop
endfacet
facet normal 0 0 1
outer loop
vertex -92.62506103515625 53.762508392333984 -4.099999904632568
vertex 93.57821655273438 29.53666877746582 -4.099999904632568
vertex 94.0374984741211 29.761798858642578 -4.099999904632568
endloop
endfacet
facet normal 0 0 1
outer loop
vertex -92.62506103515625 53.762508392333984 -4.099999904632568
vertex 93.084716796875 29.402206420898438 -4.099999904632568
vertex 93.57821655273438 29.53666877746582 -4.099999904632568
endloop
endfacet
facet normal 0 0 1
outer loop
vertex -92.62506103515625 53.762508392333984 -4.099999904632568
vertex 90.57493591308594 29.36250877380371 -4.099999904632568
vertex 93.084716796875 29.402206420898438 -4.099999904632568
endloop
endfacet
facet normal 0 0 1
outer loop
vertex -92.62506103515625 53.762508392333984 -4.099999904632568
vertex 90.56779479980469 12.86978530883789 -4.099999904632568
vertex 90.57493591308594 29.36250877380371 -4.099999904632568
endloop
endfacet
facet normal -0.9861986204504849 0.16556654559892287 0
outer loop
vertex 95.31779479980469 31.86978530883789 -4.099999904632568
vertex 95.23310852050781 31.3653507232666 -4.099999904632568
vertex 95.23310852050781 31.3653507232666 0
endloop
endfacet
facet normal 0 0 1
outer loop
vertex 85.82493591308594 -29.362491607666016 -4.099999904632568
vertex 84.55802154541016 -53.10055160522461 -4.099999904632568
vertex 84.7202377319336 -53.20893859863281 -4.099999904632568
endloop
endfacet
facet normal 0 0 1
outer loop
vertex 84.86668395996094 -53.56249237060547 -4.099999904632568
vertex 84.86668395996094 -53.757171630859375 -4.099999904632568
vertex 88.03962707519531 -53.757205963134766 -4.099999904632568
endloop
endfacet
facet normal -0.8547114112660753 0.5191034612209339 0
outer loop
vertex 90.3048095703125 -52.23905944824219 -4.099999904632568
vertex 90.03929138183594 -52.676239013671875 -4.099999904632568
vertex 90.03929138183594 -52.676239013671875 0
endloop
endfacet
facet normal -0.741460152824835 0.6709969014630188 0
outer loop
vertex 90.03929138183594 -52.676239013671875 -4.099999904632568
vertex 89.69608306884766 -53.05548858642578 -4.099999904632568
vertex 89.69608306884766 -53.05548858642578 0
endloop
endfacet
facet normal 0 0 1
outer loop
vertex -92.62506103515625 53.762508392333984 -4.099999904632568
vertex 90.48310852050781 12.365349769592285 -4.099999904632568
vertex 90.56779479980469 12.86978530883789 -4.099999904632568
endloop
endfacet
facet normal 0 0 1
outer loop
vertex -92.62506103515625 53.762508392333984 -4.099999904632568
vertex 90.3048095703125 11.885939598083496 -4.099999904632568
vertex 90.48310852050781 12.365349769592285 -4.099999904632568
endloop
endfacet
facet normal 0 0 1
outer loop
vertex -92.62506103515625 53.762508392333984 -4.099999904632568
vertex 90.03929138183594 11.448762893676758 -4.099999904632568
vertex 90.3048095703125 11.885939598083496 -4.099999904632568
endloop
endfacet
facet normal 0 0 1
outer loop
vertex -92.62506103515625 53.762508392333984 -4.099999904632568
vertex 89.69608306884766 11.069510459899902 -4.099999904632568
vertex 90.03929138183594 11.448762893676758 -4.099999904632568
endloop
endfacet
facet normal 0 0 1
outer loop
vertex -92.62506103515625 53.762508392333984 -4.099999904632568
vertex 89.2874984741211 10.761797904968262 -4.099999904632568
vertex 89.69608306884766 11.069510459899902 -4.099999904632568
endloop
endfacet
facet normal 0 0 1
outer loop
vertex -92.62506103515625 53.762508392333984 -4.099999904632568
vertex 88.82821655273438 10.536669731140137 -4.099999904632568
vertex 89.2874984741211 10.761797904968262 -4.099999904632568
endloop
endfacet
facet normal 0 0 1
outer loop
vertex -92.62506103515625 53.762508392333984 -4.099999904632568
vertex 88.334716796875 10.402206420898438 -4.099999904632568
vertex 88.82821655273438 10.536669731140137 -4.099999904632568
endloop
endfacet
facet normal 0 0 1
outer loop
vertex -92.62506103515625 53.762508392333984 -4.099999904632568
vertex 87.87493896484375 10.362507820129395 -4.099999904632568
vertex 88.334716796875 10.402206420898438 -4.099999904632568
endloop
endfacet
facet normal 0 0 1
outer loop
vertex -92.62506103515625 53.762508392333984 -4.099999904632568
vertex 85.82493591308594 10.362507820129395 -4.099999904632568
vertex 87.87493896484375 10.362507820129395 -4.099999904632568
endloop
endfacet
facet normal 0 0 1
outer loop
vertex -92.62506103515625 53.762508392333984 -4.099999904632568
vertex 85.82493591308594 -29.362491607666016 -4.099999904632568
vertex 85.82493591308594 10.362507820129395 -4.099999904632568
endloop
endfacet
facet normal -0.6015930133811593 0.7988027580391646 0
outer loop
vertex 89.69608306884766 -53.05548858642578 -4.099999904632568
vertex 89.2874984741211 -53.36320114135742 -4.099999904632568
vertex 89.2874984741211 -53.36320114135742 0
endloop
endfacet
facet normal 0 0 1
outer loop
vertex 85.82493591308594 -29.362491607666016 -4.099999904632568
vertex -95.31791687011719 51.25522994995117 -4.099999904632568
vertex 67.47493743896484 -23.93749237060547 -4.099999904632568
endloop
endfacet
facet normal -0.9372769397794737 0.3485856252882852 0
outer loop
vertex 95.23310852050781 31.3653507232666 -4.099999904632568
vertex 95.0548095703125 30.885940551757812 -4.099999904632568
vertex 95.0548095703125 30.885940551757812 0
endloop
endfacet
facet normal 0.000010292051407592581 0.9999999999470364 3.325627874928948e-8
outer loop
vertex 53.974937438964844 -53.75685501098633 -3.450000047683716
vertex -77.61518096923828 -53.75550079345703 0
vertex 72.86668395996094 -53.757049560546875 0
endloop
endfacet
facet normal -0.44014141782829763 0.8979284672578856 0
outer loop
vertex 89.2874984741211 -53.36320114135742 -4.099999904632568
vertex 88.82821655273438 -53.58832931518555 -4.099999904632568
vertex 88.82821655273438 -53.58832931518555 0
endloop
endfacet
facet normal 0.00001064053459295934 0.9999999998546102 0.000013325123848905517
outer loop
vertex 53.40091323852539 -53.7568473815918 -3.564180612564087
vertex -77.61518096923828 -53.75550079345703 0
vertex 53.974937438964844 -53.75685501098633 -3.450000047683716
endloop
endfacet
facet normal 0.000009741174456379475 0.9999999997578285 -0.00001973455102704357
outer loop
vertex 46.974937438964844 -53.75678253173828 -3.450000047683716
vertex -77.61518096923828 -53.75550079345703 0
vertex 53.40091323852539 -53.7568473815918 -3.564180612564087
endloop
endfacet
facet normal -0.2628870608150256 0.9648266130533698 0
outer loop
vertex 88.82821655273438 -53.58832931518555 -4.099999904632568
vertex 88.334716796875 -53.72279357910156 -4.099999904632568
vertex 88.334716796875 -53.72279357910156 0
endloop
endfacet
facet normal 0.00001017252604105244 0.9999999999396192 -0.000004157117973660101
outer loop
vertex 34.974937438964844 -53.75666046142578 -3.450000047683716
vertex -77.61518096923828 -53.75550079345703 0
vertex 46.974937438964844 -53.75678253173828 -3.450000047683716
endloop
endfacet
facet normal 0.000010820324897655527 0.9999999999414603 0
outer loop
vertex 88.03962707519531 -53.757205963134766 0
vertex 88.03962707519531 -53.757205963134766 -4.099999904632568
vertex 84.86668395996094 -53.757171630859375 0
endloop
endfacet
facet normal 0.000010274014824176219 0.9999999999472222 0
outer loop
vertex 33.773521423339844 -53.75664520263672 -4.099999904632568
vertex -77.61518096923828 -53.75550079345703 -4.099999904632568
vertex -77.61518096923828 -53.75550079345703 0
endloop
endfacet
facet normal 0.9999999869072879 -0.00016181910920463153 0
outer loop
vertex -95.31791687011719 51.25522994995117 0
vertex -95.32505798339844 7.1250081062316895 -4.099999904632568
vertex -95.31791687011719 51.25522994995117 -4.099999904632568
endloop
endfacet
facet normal 0.9862011580426473 -0.1655514296988746 0
outer loop
vertex -95.31791687011719 51.25522994995117 -4.099999904632568
vertex -95.23323822021484 51.759666442871094 -4.099999904632568
vertex -95.23323822021484 51.759666442871094 0
endloop
endfacet
facet normal 0.9372716132064636 -0.34859994704152425 0
outer loop
vertex -95.23323822021484 51.759666442871094 -4.099999904632568
vertex -95.054931640625 52.23907470703125 -4.099999904632568
vertex -95.054931640625 52.23907470703125 0
endloop
endfacet
facet normal 0.8547114112660753 -0.5191034612209339 0
outer loop
vertex -95.054931640625 52.23907470703125 -4.099999904632568
vertex -94.78941345214844 52.67625427246094 -4.099999904632568
vertex -94.78941345214844 52.67625427246094 0
endloop
endfacet
facet normal 0.741460152824835 -0.6709969014630188 0
outer loop
vertex -94.78941345214844 52.67625427246094 -4.099999904632568
vertex -94.44620513916016 53.055503845214844 -4.099999904632568
vertex -94.44620513916016 53.055503845214844 0
endloop
endfacet
facet normal 0.6015930133811593 -0.7988027580391646 0
outer loop
vertex -94.44620513916016 53.055503845214844 -4.099999904632568
vertex -94.0376205444336 53.363216400146484 -4.099999904632568
vertex -94.0376205444336 53.363216400146484 0
endloop
endfacet
facet normal 0 0 1
outer loop
vertex 14.47493839263916 -23.93749237060547 -4.099999904632568
vertex -77.61518096923828 -53.56249237060547 -4.099999904632568
vertex 14.47493839263916 -51.93749237060547 -4.099999904632568
endloop
endfacet
facet normal 0 0 1
outer loop
vertex 33.773521423339844 -53.75664520263672 -4.099999904632568
vertex 33.773521423339844 -53.13749313354492 -4.099999904632568
vertex -77.61518096923828 -53.75550079345703 -4.099999904632568
endloop
endfacet
facet normal 0.44014743100283665 -0.8979255197295615 0
outer loop
vertex -94.0376205444336 53.363216400146484 -4.099999904632568
vertex -93.57833862304688 53.588348388671875 -4.099999904632568
vertex -93.57833862304688 53.588348388671875 0
endloop
endfacet
facet normal 0.26288011821355833 -0.9648285046825811 0
outer loop
vertex -93.57833862304688 53.588348388671875 -4.099999904632568
vertex -93.0848388671875 53.722808837890625 -4.099999904632568
vertex -93.0848388671875 53.722808837890625 0
endloop
endfacet
facet normal 0.08602499859309397 -0.9962929788054607 0
outer loop
vertex -93.0848388671875 53.722808837890625 -4.099999904632568
vertex -92.62506103515625 53.762508392333984 -4.099999904632568
vertex -93.0848388671875 53.722808837890625 0
endloop
endfacet
facet normal 0 0 1
outer loop
vertex 14.47493839263916 -23.93749237060547 -4.099999904632568
vertex -78.11518096923828 -53.06249237060547 -4.099999904632568
vertex -77.92383575439453 -53.10055160522461 -4.099999904632568
endloop
endfacet
facet normal 0 0 1
outer loop
vertex -77.76162719726562 -53.20893859863281 -4.099999904632568
vertex -77.65323638916016 -53.371150970458984 -4.099999904632568
vertex 14.47493839263916 -23.93749237060547 -4.099999904632568
endloop
endfacet
facet normal 0 0 1
outer loop
vertex -77.65323638916016 -53.371150970458984 -4.099999904632568
vertex -77.61518096923828 -53.56249237060547 -4.099999904632568
vertex 14.47493839263916 -23.93749237060547 -4.099999904632568
endloop
endfacet
facet normal 0 0 1
outer loop
vertex -77.92383575439453 -53.10055160522461 -4.099999904632568
vertex -77.76162719726562 -53.20893859863281 -4.099999904632568
vertex 14.47493839263916 -23.93749237060547 -4.099999904632568
endloop
endfacet
facet normal 0 0 1
outer loop
vertex -77.61518096923828 -53.56249237060547 -4.099999904632568
vertex -77.61518096923828 -53.75550079345703 -4.099999904632568
vertex 14.47493839263916 -51.93749237060547 -4.099999904632568
endloop
endfacet
facet normal 0.9999998405740237 0.0005646697507334807 0
outer loop
vertex -95.28536224365234 -51.52226638793945 0
vertex -95.31791687011719 6.130230903625488 -4.099999904632568
vertex -95.31791687011719 6.130230903625488 0
endloop
endfacet
facet normal 0 0 1
outer loop
vertex -95.28536224365234 -51.52226638793945 -4.099999904632568
vertex 14.47493839263916 -23.93749237060547 -4.099999904632568
vertex -95.31791687011719 6.130230903625488 -4.099999904632568
endloop
endfacet
facet normal -0.11583171723091826 0.9932688524681202 0
outer loop
vertex 88.334716796875 -53.72279357910156 -4.099999904632568
vertex 88.03962707519531 -53.757205963134766 -4.099999904632568
vertex 88.03962707519531 -53.757205963134766 0
endloop
endfacet
facet normal 0.000010820324897655527 0.9999999999414603 0
outer loop
vertex 88.03962707519531 -53.757205963134766 -4.099999904632568
vertex 84.86668395996094 -53.757171630859375 -4.099999904632568
vertex 84.86668395996094 -53.757171630859375 0
endloop
endfacet
facet normal 0.9999998405740237 0.0005646697507334807 0
outer loop
vertex -95.28536224365234 -51.52226638793945 -4.099999904632568
vertex -95.31791687011719 6.130230903625488 -4.099999904632568
vertex -95.28536224365234 -51.52226638793945 0
endloop
endfacet
facet normal -0.74146267121135 0.6709941186032329 0
outer loop
vertex 90.03929138183594 11.448762893676758 -4.099999904632568
vertex 89.69608306884766 11.069510459899902 -4.099999904632568
vertex 89.69608306884766 11.069510459899902 0
endloop
endfacet
facet normal -0.8547099039929584 0.5191059429599586 0
outer loop
vertex 90.3048095703125 11.885939598083496 -4.099999904632568
vertex 90.03929138183594 11.448762893676758 -4.099999904632568
vertex 90.03929138183594 11.448762893676758 0
endloop
endfacet
facet normal -0.9372769397794737 0.3485856252882852 0
outer loop
vertex 90.48310852050781 12.365349769592285 -4.099999904632568
vertex 90.3048095703125 11.885939598083496 -4.099999904632568
vertex 90.3048095703125 11.885939598083496 0
endloop
endfacet
facet normal -0.9861986715602166 0.16556624116305893 0
outer loop
vertex 90.56779479980469 12.86978530883789 -4.099999904632568
vertex 90.48310852050781 12.365349769592285 -4.099999904632568
vertex 90.48310852050781 12.365349769592285 0
endloop
endfacet
facet normal -0.9372769397794737 0.3485856252882852 0
outer loop
vertex 95.23310852050781 31.3653507232666 0
vertex 95.23310852050781 31.3653507232666 -4.099999904632568
vertex 95.0548095703125 30.885940551757812 0
endloop
endfacet
facet normal -0.9861986204504849 0.16556654559892287 0
outer loop
vertex 95.31779479980469 31.86978530883789 0
vertex 95.31779479980469 31.86978530883789 -4.099999904632568
vertex 95.23310852050781 31.3653507232666 0
endloop
endfacet
facet normal -0.11583171723091826 0.9932688524681202 0
outer loop
vertex 88.334716796875 -53.72279357910156 0
vertex 88.334716796875 -53.72279357910156 -4.099999904632568
vertex 88.03962707519531 -53.757205963134766 0
endloop
endfacet
facet normal 0.8979299120407476 0.4401384703277997 0
outer loop
vertex -94.92577362060547 -52.47505569458008 0
vertex -94.92577362060547 -52.47505569458008 -4.099999904632568
vertex -95.1509017944336 -52.015769958496094 0
endloop
endfacet
facet normal 0 1 0
outer loop
vertex 87.87493896484375 10.362507820129395 0
vertex 87.87493896484375 10.362507820129395 -4.099999904632568
vertex 85.82493591308594 10.362507820129395 0
endloop
endfacet
facet normal -0.08602294736770402 0.9962931559165571 0
outer loop
vertex 88.334716796875 10.402206420898438 0
vertex 88.334716796875 10.402206420898438 -4.099999904632568
vertex 87.87493896484375 10.362507820129395 0
endloop
endfacet
facet normal -0.26288532516848706 0.9648270859646607 0
outer loop
vertex 88.82821655273438 10.536669731140137 0
vertex 88.82821655273438 10.536669731140137 -4.099999904632568
vertex 88.334716796875 10.402206420898438 0
endloop
endfacet
facet normal -0.44014141782829763 0.8979284672578856 0
outer loop
vertex 89.2874984741211 10.761797904968262 0
vertex 89.2874984741211 10.761797904968262 -4.099999904632568
vertex 88.82821655273438 10.536669731140137 0
endloop
endfacet
facet normal -0.6015930133811593 0.7988027580391646 0
outer loop
vertex 89.69608306884766 11.069510459899902 0
vertex 89.69608306884766 11.069510459899902 -4.099999904632568
vertex 89.2874984741211 10.761797904968262 0
endloop
endfacet
facet normal 0.00001078731643838154 0.9999999999158403 0.000007207855192511134
outer loop
vertex 52.773521423339844 -53.75684356689453 -4.099999904632568
vertex 48.17635726928711 -53.75679397583008 -4.099999904632568
vertex 48.03559875488281 -53.75679397583008 -3.8893399238586426
endloop
endfacet
facet normal 0.000010164850415820286 0.9999999999422795 0.0000034809319772735826
outer loop
vertex 52.91427993774414 -53.75684356689453 -3.8893399238586426
vertex 48.03559875488281 -53.75679397583008 -3.8893399238586426
vertex 47.54896545410156 -53.75679016113281 -3.564180612564087
endloop
endfacet
facet normal 0 0 1
outer loop
vertex 67.47493743896484 -51.93749237060547 -4.099999904632568
vertex 48.17635726928711 -53.13749313354492 -4.099999904632568
vertex 52.773521423339844 -53.13749313354492 -4.099999904632568
endloop
endfacet
facet normal 0.741460152824835 -0.6709969014630188 0
outer loop
vertex -94.78941345214844 52.67625427246094 0
vertex -94.78941345214844 52.67625427246094 -4.099999904632568
vertex -94.44620513916016 53.055503845214844 0
endloop
endfacet
facet normal 0.6015930133811593 -0.7988027580391646 0
outer loop
vertex -94.44620513916016 53.055503845214844 0
vertex -94.44620513916016 53.055503845214844 -4.099999904632568
vertex -94.0376205444336 53.363216400146484 0
endloop
endfacet
facet normal 0.44014743100283665 -0.8979255197295615 0
outer loop
vertex -94.0376205444336 53.363216400146484 0
vertex -94.0376205444336 53.363216400146484 -4.099999904632568
vertex -93.57833862304688 53.588348388671875 0
endloop
endfacet
facet normal 0.26288011821355833 -0.9648285046825811 0
outer loop
vertex -93.57833862304688 53.588348388671875 0
vertex -93.57833862304688 53.588348388671875 -4.099999904632568
vertex -93.0848388671875 53.722808837890625 0
endloop
endfacet
facet normal -0.34858684363133263 -0.9372764866607638 0
outer loop
vertex 93.32209777832031 53.67068099975586 0
vertex 93.32209777832031 53.67068099975586 -4.099999904632568
vertex 93.80150604248047 53.49238204956055 0
endloop
endfacet
facet normal -0.16555264734385197 -0.9862009536384775 0
outer loop
vertex 92.81766510009766 53.7553596496582 0
vertex 92.81766510009766 53.7553596496582 -4.099999904632568
vertex 93.32209777832031 53.67068099975586 0
endloop
endfacet
facet normal -0.8979299120407476 -0.4401384703277997 0
outer loop
vertex 94.92565155029297 52.47507095336914 0
vertex 94.92565155029297 52.47507095336914 -4.099999904632568
vertex 95.1507797241211 52.015785217285156 0
endloop
endfacet
facet normal -0.74146267121135 0.6709941186032329 0
outer loop
vertex 90.03929138183594 11.448762893676758 0
vertex 90.03929138183594 11.448762893676758 -4.099999904632568
vertex 89.69608306884766 11.069510459899902 0
endloop
endfacet
facet normal -0.9648285046825811 -0.26288011821355833 0
outer loop
vertex 95.1507797241211 52.015785217285156 0
vertex 95.1507797241211 52.015785217285156 -4.099999904632568
vertex 95.28524017333984 51.52228546142578 0
endloop
endfacet
facet normal -0.9962936872248852 -0.08601679368497075 0
outer loop
vertex 95.28524017333984 51.52228546142578 0
vertex 95.28524017333984 51.52228546142578 -4.099999904632568
vertex 95.32493591308594 51.06250762939453 0
endloop
endfacet
facet normal -0.8547099039929584 0.5191059429599586 0
outer loop
vertex 90.3048095703125 11.885939598083496 0
vertex 90.3048095703125 11.885939598083496 -4.099999904632568
vertex 90.03929138183594 11.448762893676758 0
endloop
endfacet
facet normal -0.6709969014630188 -0.741460152824835 0
outer loop
vertex 94.23868560791016 53.22686004638672 0
vertex 94.23868560791016 53.22686004638672 -4.099999904632568
vertex 94.61793518066406 52.88365173339844 0
endloop
endfacet
facet normal -0.7987964749261642 -0.6016013560868474 0
outer loop
vertex 94.61793518066406 52.88365173339844 0
vertex 94.61793518066406 52.88365173339844 -4.099999904632568
vertex 94.92565155029297 52.47507095336914 0
endloop
endfacet
facet normal -0.9372769397794737 0.3485856252882852 0
outer loop
vertex 90.48310852050781 12.365349769592285 0
vertex 90.48310852050781 12.365349769592285 -4.099999904632568
vertex 90.3048095703125 11.885939598083496 0
endloop
endfacet
facet normal -0.9861986715602166 0.16556624116305893 0
outer loop
vertex 90.56779479980469 12.86978530883789 -4.099999904632568
vertex 90.48310852050781 12.365349769592285 0
vertex 90.56779479980469 12.86978530883789 0
endloop
endfacet
facet normal -0.9999999062617085 0.00043298565134033436 0
outer loop
vertex 90.57493591308594 29.36250877380371 -4.099999904632568
vertex 90.56779479980469 12.86978530883789 -4.099999904632568
vertex 90.56779479980469 12.86978530883789 0
endloop
endfacet
facet normal -0.9999999062617085 0.00043298565134033436 0
outer loop
vertex 90.57493591308594 29.36250877380371 -4.099999904632568
vertex 90.56779479980469 12.86978530883789 0
vertex 90.57493591308594 29.36250877380371 0
endloop
endfacet
facet normal -0.5191089094606629 -0.854708102289057 0
outer loop
vertex 93.80150604248047 53.49238204956055 0
vertex 93.80150604248047 53.49238204956055 -4.099999904632568
vertex 94.23868560791016 53.22686004638672 0
endloop
endfacet
facet normal 0.9648290200702897 0.26287822661872295 0
outer loop
vertex -95.1509017944336 -52.015769958496094 0
vertex -95.1509017944336 -52.015769958496094 -4.099999904632568
vertex -95.28536224365234 -51.52226638793945 0
endloop
endfacet
facet normal -0.9999999307804702 0.0003720739907385054 0
outer loop
vertex 95.32493591308594 51.06250762939453 0
vertex 95.32493591308594 51.06250762939453 -4.099999904632568
vertex 95.31779479980469 31.86978530883789 0
endloop
endfacet
facet normal 0 0 1
outer loop
vertex -92.81778717041016 -53.75534439086914 -4.099999904632568
vertex -89.61518096923828 -53.75537872314453 -4.099999904632568
vertex -89.61518096923828 -53.56249237060547 -4.099999904632568
endloop
endfacet
facet normal 0 0 1
outer loop
vertex -92.81778717041016 -53.75534439086914 -4.099999904632568
vertex -89.61518096923828 -53.56249237060547 -4.099999904632568
vertex -89.57711791992188 -53.371150970458984 -4.099999904632568
endloop
endfacet
facet normal 0 0 1
outer loop
vertex -92.81778717041016 -53.75534439086914 -4.099999904632568
vertex -89.57711791992188 -53.371150970458984 -4.099999904632568
vertex -89.46873474121094 -53.20893859863281 -4.099999904632568
endloop
endfacet
facet normal 0 0 1
outer loop
vertex -92.81778717041016 -53.75534439086914 -4.099999904632568
vertex -89.46873474121094 -53.20893859863281 -4.099999904632568
vertex -89.3065185546875 -53.10055160522461 -4.099999904632568
endloop
endfacet
facet normal -0.34858684363133263 -0.9372764866607638 0
outer loop
vertex 93.32209777832031 53.67068099975586 -4.099999904632568
vertex 93.80150604248047 53.49238204956055 -4.099999904632568
vertex 93.80150604248047 53.49238204956055 0
endloop
endfacet
facet normal -0.16555264734385197 -0.9862009536384775 0
outer loop
vertex 92.81766510009766 53.7553596496582 -4.099999904632568
vertex 93.32209777832031 53.67068099975586 -4.099999904632568
vertex 93.32209777832031 53.67068099975586 0
endloop
endfacet
facet normal -0.2628870608150256 0.9648266130533698 0
outer loop
vertex 88.82821655273438 -53.58832931518555 0
vertex 88.82821655273438 -53.58832931518555 -4.099999904632568
vertex 88.334716796875 -53.72279357910156 0
endloop
endfacet
facet normal 0 0 1
outer loop
vertex -93.80162811279297 -53.492366790771484 -4.099999904632568
vertex 14.47493839263916 -23.93749237060547 -4.099999904632568
vertex -94.23880767822266 -53.226844787597656 -4.099999904632568
endloop
endfacet
facet normal 0 0 1
outer loop
vertex 14.47493839263916 -23.93749237060547 -4.099999904632568
vertex -93.80162811279297 -53.492366790771484 -4.099999904632568
vertex -93.32221984863281 -53.6706657409668 -4.099999904632568
endloop
endfacet
facet normal 0 0 1
outer loop
vertex 14.47493839263916 -23.93749237060547 -4.099999904632568
vertex -93.32221984863281 -53.6706657409668 -4.099999904632568
vertex -92.81778717041016 -53.75534439086914 -4.099999904632568
endloop
endfacet
facet normal -0.44014141782829763 0.8979284672578856 0
outer loop
vertex 89.2874984741211 -53.36320114135742 0
vertex 89.2874984741211 -53.36320114135742 -4.099999904632568
vertex 88.82821655273438 -53.58832931518555 0
endloop
endfacet
facet normal -0.6015930133811593 0.7988027580391646 0
outer loop
vertex 89.69608306884766 -53.05548858642578 0
vertex 89.69608306884766 -53.05548858642578 -4.099999904632568
vertex 89.2874984741211 -53.36320114135742 0
endloop
endfacet
facet normal 0 0 1
outer loop
vertex 85.82493591308594 -29.362491607666016 -4.099999904632568
vertex 84.86668395996094 -53.56249237060547 -4.099999904632568
vertex 88.03962707519531 -53.757205963134766 -4.099999904632568
endloop
endfacet
facet normal 0 0 1
outer loop
vertex 85.82493591308594 -29.362491607666016 -4.099999904632568
vertex 88.03962707519531 -53.757205963134766 -4.099999904632568
vertex 88.334716796875 -53.72279357910156 -4.099999904632568
endloop
endfacet
facet normal 0 0 1
outer loop
vertex 85.82493591308594 -29.362491607666016 -4.099999904632568
vertex 88.334716796875 -53.72279357910156 -4.099999904632568
vertex 88.82821655273438 -53.58832931518555 -4.099999904632568
endloop
endfacet
facet normal 0 0 1
outer loop
vertex 85.82493591308594 -29.362491607666016 -4.099999904632568
vertex 88.82821655273438 -53.58832931518555 -4.099999904632568
vertex 89.2874984741211 -53.36320114135742 -4.099999904632568
endloop
endfacet
facet normal 0 0 1
outer loop
vertex 85.82493591308594 -29.362491607666016 -4.099999904632568
vertex 89.2874984741211 -53.36320114135742 -4.099999904632568
vertex 89.69608306884766 -53.05548858642578 -4.099999904632568
endloop
endfacet
facet normal 0 0 1
outer loop
vertex 85.82493591308594 -29.362491607666016 -4.099999904632568
vertex 89.69608306884766 -53.05548858642578 -4.099999904632568
vertex 90.03929138183594 -52.676239013671875 -4.099999904632568
endloop
endfacet
facet normal 0 0 1
outer loop
vertex 85.82493591308594 -29.362491607666016 -4.099999904632568
vertex 90.03929138183594 -52.676239013671875 -4.099999904632568
vertex 90.3048095703125 -52.23905944824219 -4.099999904632568
endloop
endfacet
facet normal 0 0 1
outer loop
vertex 85.82493591308594 -29.362491607666016 -4.099999904632568
vertex 90.3048095703125 -52.23905944824219 -4.099999904632568
vertex 90.48310852050781 -51.75965118408203 -4.099999904632568
endloop
endfacet
facet normal 0 0 1
outer loop
vertex 85.82493591308594 -29.362491607666016 -4.099999904632568
vertex 90.48310852050781 -51.75965118408203 -4.099999904632568
vertex 90.56779479980469 -51.25521469116211 -4.099999904632568
endloop
endfacet
facet normal 0 0 1
outer loop
vertex 67.47493743896484 -23.93749237060547 -4.099999904632568
vertex 67.47493743896484 -51.93749237060547 -4.099999904632568
vertex 85.82493591308594 -29.362491607666016 -4.099999904632568
endloop
endfacet
facet normal 0 0 1
outer loop
vertex 85.82493591308594 -29.362491607666016 -4.099999904632568
vertex 90.56779479980469 -51.25521469116211 -4.099999904632568
vertex 88.06766510009766 -29.369638442993164 -4.099999904632568
endloop
endfacet
facet normal 0 0 1
outer loop
vertex 90.56779479980469 -51.25521469116211 -4.099999904632568
vertex 90.57493591308594 -32.06249237060547 -4.099999904632568
vertex 90.53524017333984 -31.60271644592285 -4.099999904632568
endloop
endfacet
facet normal 0 0 1
outer loop
vertex 89.48868560791016 -29.89813804626465 -4.099999904632568
vertex 90.56779479980469 -51.25521469116211 -4.099999904632568
vertex 89.86793518066406 -30.241348266601562 -4.099999904632568
endloop
endfacet
facet normal -0.741460152824835 0.6709969014630188 0
outer loop
vertex 90.03929138183594 -52.676239013671875 0
vertex 90.03929138183594 -52.676239013671875 -4.099999904632568
vertex 89.69608306884766 -53.05548858642578 0
endloop
endfacet
facet normal 0 0 1
outer loop
vertex 88.06766510009766 -29.369638442993164 -4.099999904632568
vertex 90.56779479980469 -51.25521469116211 -4.099999904632568
vertex 88.57209777832031 -29.45431900024414 -4.099999904632568
endloop
endfacet
facet normal 0 0 1
outer loop
vertex 88.57209777832031 -29.45431900024414 -4.099999904632568
vertex 90.56779479980469 -51.25521469116211 -4.099999904632568
vertex 89.05150604248047 -29.632617950439453 -4.099999904632568
endloop
endfacet
facet normal 0 0 1
outer loop
vertex 89.05150604248047 -29.632617950439453 -4.099999904632568
vertex 90.56779479980469 -51.25521469116211 -4.099999904632568
vertex 89.48868560791016 -29.89813804626465 -4.099999904632568
endloop
endfacet
facet normal 0 0 1
outer loop
vertex 90.56779479980469 -51.25521469116211 -4.099999904632568
vertex 90.53524017333984 -31.60271644592285 -4.099999904632568
vertex 90.4007797241211 -31.10921287536621 -4.099999904632568
endloop
endfacet
facet normal -0.8547114112660753 0.5191034612209339 0
outer loop
vertex 90.3048095703125 -52.23905944824219 0
vertex 90.3048095703125 -52.23905944824219 -4.099999904632568
vertex 90.03929138183594 -52.676239013671875 0
endloop
endfacet
facet normal 0 0 1
outer loop
vertex -95.31791687011719 51.25522994995117 -4.099999904632568
vertex -95.32505798339844 7.1250081062316895 -4.099999904632568
vertex 67.47493743896484 -23.93749237060547 -4.099999904632568
endloop
endfacet
facet normal 0 0 1
outer loop
vertex -95.23323822021484 51.759666442871094 -4.099999904632568
vertex -95.31791687011719 51.25522994995117 -4.099999904632568
vertex 85.82493591308594 -29.362491607666016 -4.099999904632568
endloop
endfacet
facet normal 0 0 1
outer loop
vertex -95.054931640625 52.23907470703125 -4.099999904632568
vertex -95.23323822021484 51.759666442871094 -4.099999904632568
vertex 85.82493591308594 -29.362491607666016 -4.099999904632568
endloop
endfacet
facet normal 0 0 1
outer loop
vertex -94.78941345214844 52.67625427246094 -4.099999904632568
vertex -95.054931640625 52.23907470703125 -4.099999904632568
vertex 85.82493591308594 -29.362491607666016 -4.099999904632568
endloop
endfacet
facet normal 0 0 1
outer loop
vertex -94.44620513916016 53.055503845214844 -4.099999904632568
vertex -94.78941345214844 52.67625427246094 -4.099999904632568
vertex 85.82493591308594 -29.362491607666016 -4.099999904632568
endloop
endfacet
facet normal 0 0 1
outer loop
vertex -94.0376205444336 53.363216400146484 -4.099999904632568
vertex -94.44620513916016 53.055503845214844 -4.099999904632568
vertex 85.82493591308594 -29.362491607666016 -4.099999904632568
endloop
endfacet
facet normal 0 0 1
outer loop
vertex -93.57833862304688 53.588348388671875 -4.099999904632568
vertex -94.0376205444336 53.363216400146484 -4.099999904632568
vertex 85.82493591308594 -29.362491607666016 -4.099999904632568
endloop
endfacet
facet normal 0 0 1
outer loop
vertex -93.0848388671875 53.722808837890625 -4.099999904632568
vertex -93.57833862304688 53.588348388671875 -4.099999904632568
vertex 85.82493591308594 -29.362491607666016 -4.099999904632568
endloop
endfacet
facet normal 0 0 1
outer loop
vertex -92.62506103515625 53.762508392333984 -4.099999904632568
vertex -93.0848388671875 53.722808837890625 -4.099999904632568
vertex 85.82493591308594 -29.362491607666016 -4.099999904632568
endloop
endfacet
facet normal -0.9372764866607638 0.34858684363133263 0
outer loop
vertex 90.48310852050781 -51.75965118408203 0
vertex 90.48310852050781 -51.75965118408203 -4.099999904632568
vertex 90.3048095703125 -52.23905944824219 0
endloop
endfacet
facet normal -0.986198722669666 0.16556593672829875 0
outer loop
vertex 90.56779479980469 -51.25521469116211 0
vertex 90.56779479980469 -51.25521469116211 -4.099999904632568
vertex 90.48310852050781 -51.75965118408203 0
endloop
endfacet
facet normal 0.5191089094606629 0.854708102289057 0
outer loop
vertex -93.80162811279297 -53.492366790771484 0
vertex -93.80162811279297 -53.492366790771484 -4.099999904632568
vertex -94.23880767822266 -53.226844787597656 0
endloop
endfacet
facet normal 0 0 1
outer loop
vertex 67.47493743896484 -51.93749237060547 -4.099999904632568
vertex -77.61518096923828 -53.75550079345703 -4.099999904632568
vertex 33.773521423339844 -53.13749313354492 -4.099999904632568
endloop
endfacet
facet normal 0 0 1
outer loop
vertex 14.47493839263916 -51.93749237060547 -4.099999904632568
vertex -77.61518096923828 -53.75550079345703 -4.099999904632568
vertex 67.47493743896484 -51.93749237060547 -4.099999904632568
endloop
endfacet
facet normal 0.34858684363133263 0.9372764866607638 0
outer loop
vertex -93.32221984863281 -53.6706657409668 0
vertex -93.32221984863281 -53.6706657409668 -4.099999904632568
vertex -93.80162811279297 -53.492366790771484 0
endloop
endfacet
facet normal 0 0 1
outer loop
vertex 14.47493839263916 -23.93749237060547 -4.099999904632568
vertex -92.81778717041016 -53.75534439086914 -4.099999904632568
vertex -89.3065185546875 -53.10055160522461 -4.099999904632568
endloop
endfacet
facet normal 0 0 1
outer loop
vertex -94.23880767822266 -53.226844787597656 -4.099999904632568
vertex 14.47493839263916 -23.93749237060547 -4.099999904632568
vertex -94.61805725097656 -52.883636474609375 -4.099999904632568
endloop
endfacet
facet normal 0 0 1
outer loop
vertex -94.61805725097656 -52.883636474609375 -4.099999904632568
vertex 14.47493839263916 -23.93749237060547 -4.099999904632568
vertex -94.92577362060547 -52.47505569458008 -4.099999904632568
endloop
endfacet
facet normal 0.00017508796777983488 -0.9999532993900635 -0.009662731659810242
outer loop
vertex -93.0848388671875 53.722808837890625 0
vertex -92.62506103515625 53.762508392333984 -4.099999904632568
vertex 92.81766510009766 53.7553596496582 0
endloop
endfacet
facet normal 0 0 1
outer loop
vertex -94.92577362060547 -52.47505569458008 -4.099999904632568
vertex 14.47493839263916 -23.93749237060547 -4.099999904632568
vertex -95.1509017944336 -52.015769958496094 -4.099999904632568
endloop
endfacet
facet normal 0 0 1
outer loop
vertex -95.1509017944336 -52.015769958496094 -4.099999904632568
vertex 14.47493839263916 -23.93749237060547 -4.099999904632568
vertex -95.28536224365234 -51.52226638793945 -4.099999904632568
endloop
endfacet
facet normal 0 0 1
outer loop
vertex 92.81766510009766 53.7553596496582 -4.099999904632568
vertex 95.32493591308594 51.06250762939453 -4.099999904632568
vertex 95.28524017333984 51.52228546142578 -4.099999904632568
endloop
endfacet
facet normal -1 0 0
outer loop
vertex 85.82493591308594 10.362507820129395 -4.099999904632568
vertex 85.82493591308594 -29.362491607666016 0
vertex 85.82493591308594 10.362507820129395 0
endloop
endfacet
facet normal 0.6709969014630188 0.741460152824835 0
outer loop
vertex -94.23880767822266 -53.226844787597656 0
vertex -94.23880767822266 -53.226844787597656 -4.099999904632568
vertex -94.61805725097656 -52.883636474609375 0
endloop
endfacet
facet normal 0.7987964749261642 0.6016013560868474 0
outer loop
vertex -94.61805725097656 -52.883636474609375 0
vertex -94.61805725097656 -52.883636474609375 -4.099999904632568
vertex -94.92577362060547 -52.47505569458008 0
endloop
endfacet
facet normal 0.16555264734385197 0.9862009536384775 0
outer loop
vertex -92.81778717041016 -53.75534439086914 0
vertex -92.81778717041016 -53.75534439086914 -4.099999904632568
vertex -93.32221984863281 -53.6706657409668 0
endloop
endfacet
facet normal -0.8547104064197326 0.5191051157114667 0
outer loop
vertex 95.0548095703125 30.885940551757812 -4.099999904632568
vertex 94.78929138183594 30.448762893676758 -4.099999904632568
vertex 94.78929138183594 30.448762893676758 0
endloop
endfacet
facet normal -0.74146183175266 0.6709950462216471 0
outer loop
vertex 94.78929138183594 30.448762893676758 -4.099999904632568
vertex 94.44608306884766 30.06951141357422 -4.099999904632568
vertex 94.44608306884766 30.06951141357422 0
endloop
endfacet
facet normal 0 0 1
outer loop
vertex 92.81766510009766 53.7553596496582 -4.099999904632568
vertex 95.28524017333984 51.52228546142578 -4.099999904632568
vertex 95.1507797241211 52.015785217285156 -4.099999904632568
endloop
endfacet
facet normal 0 0 1
outer loop
vertex 92.81766510009766 53.7553596496582 -4.099999904632568
vertex 95.1507797241211 52.015785217285156 -4.099999904632568
vertex 93.32209777832031 53.67068099975586 -4.099999904632568
endloop
endfacet
facet normal 0 0 1
outer loop
vertex 95.1507797241211 52.015785217285156 -4.099999904632568
vertex 94.92565155029297 52.47507095336914 -4.099999904632568
vertex 93.80150604248047 53.49238204956055 -4.099999904632568
endloop
endfacet
facet normal 0 0 1
outer loop
vertex 14.47493839263916 -23.93749237060547 -4.099999904632568
vertex -89.3065185546875 -53.10055160522461 -4.099999904632568
vertex -89.11518096923828 -53.06249237060547 -4.099999904632568
endloop
endfacet
facet normal 0 0 1
outer loop
vertex 93.80150604248047 53.49238204956055 -4.099999904632568
vertex 94.92565155029297 52.47507095336914 -4.099999904632568
vertex 94.61793518066406 52.88365173339844 -4.099999904632568
endloop
endfacet
facet normal 0 0 1
outer loop
vertex 93.32209777832031 53.67068099975586 -4.099999904632568
vertex 95.1507797241211 52.015785217285156 -4.099999904632568
vertex 93.80150604248047 53.49238204956055 -4.099999904632568
endloop
endfacet
facet normal 0 0 1
outer loop
vertex 93.80150604248047 53.49238204956055 -4.099999904632568
vertex 94.61793518066406 52.88365173339844 -4.099999904632568
vertex 94.23868560791016 53.22686004638672 -4.099999904632568
endloop
endfacet
facet normal 0 0 1
outer loop
vertex 14.47493839263916 -23.93749237060547 -4.099999904632568
vertex -89.11518096923828 -53.06249237060547 -4.099999904632568
vertex -78.11518096923828 -53.06249237060547 -4.099999904632568
endloop
endfacet
facet normal 0.7987964749261642 0.6016013560868474 0
outer loop
vertex -94.61805725097656 -52.883636474609375 -4.099999904632568
vertex -94.92577362060547 -52.47505569458008 -4.099999904632568
vertex -94.92577362060547 -52.47505569458008 0
endloop
endfacet
facet normal 0.8979299120407476 0.4401384703277997 0
outer loop
vertex -94.92577362060547 -52.47505569458008 -4.099999904632568
vertex -95.1509017944336 -52.015769958496094 -4.099999904632568
vertex -95.1509017944336 -52.015769958496094 0
endloop
endfacet
facet normal 0.9648290200702897 0.26287822661872295 0
outer loop
vertex -95.1509017944336 -52.015769958496094 -4.099999904632568
vertex -95.28536224365234 -51.52226638793945 -4.099999904632568
vertex -95.28536224365234 -51.52226638793945 0
endloop
endfacet
facet normal 0.5191089094606629 0.854708102289057 0
outer loop
vertex -93.80162811279297 -53.492366790771484 -4.099999904632568
vertex -94.23880767822266 -53.226844787597656 -4.099999904632568
vertex -94.23880767822266 -53.226844787597656 0
endloop
endfacet
facet normal 0.34858684363133263 0.9372764866607638 0
outer loop
vertex -93.32221984863281 -53.6706657409668 -4.099999904632568
vertex -93.80162811279297 -53.492366790771484 -4.099999904632568
vertex -93.80162811279297 -53.492366790771484 0
endloop
endfacet
facet normal 0.6709969014630188 0.741460152824835 0
outer loop
vertex -94.23880767822266 -53.226844787597656 -4.099999904632568
vertex -94.61805725097656 -52.883636474609375 -4.099999904632568
vertex -94.61805725097656 -52.883636474609375 0
endloop
endfacet
facet normal 0.16555264734385197 0.9862009536384775 0
outer loop
vertex -92.81778717041016 -53.75534439086914 -4.099999904632568
vertex -93.32221984863281 -53.6706657409668 -4.099999904632568
vertex -93.32221984863281 -53.6706657409668 0
endloop
endfacet
facet normal 0.000010720105199349715 0.9999999999425396 0
outer loop
vertex -89.61518096923828 -53.75537872314453 -4.099999904632568
vertex -92.81778717041016 -53.75534439086914 -4.099999904632568
vertex -92.81778717041016 -53.75534439086914 0
endloop
endfacet
facet normal -0.7987964749261642 -0.6016013560868474 0
outer loop
vertex 94.61793518066406 52.88365173339844 -4.099999904632568
vertex 94.92565155029297 52.47507095336914 -4.099999904632568
vertex 94.92565155029297 52.47507095336914 0
endloop
endfacet
facet normal -0.6015930133811593 0.7988027580391646 0
outer loop
vertex 94.44608306884766 30.06951141357422 -4.099999904632568
vertex 94.0374984741211 29.761798858642578 -4.099999904632568
vertex 94.0374984741211 29.761798858642578 0
endloop
endfacet
facet normal -0.26288358951939633 0.9648275588732929 0
outer loop
vertex 93.57821655273438 29.53666877746582 0
vertex 93.57821655273438 29.53666877746582 -4.099999904632568
vertex 93.084716796875 29.402206420898438 0
endloop
endfacet
facet normal -0.4401444244229692 0.8979269934963382 0
outer loop
vertex 94.0374984741211 29.761798858642578 0
vertex 94.0374984741211 29.761798858642578 -4.099999904632568
vertex 93.57821655273438 29.53666877746582 0
endloop
endfacet
facet normal -0.01581519822828327 0.9998749319314891 0
outer loop
vertex 93.084716796875 29.402206420898438 0
vertex 90.57493591308594 29.36250877380371 -4.099999904632568
vertex 90.57493591308594 29.36250877380371 0
endloop
endfacet
facet normal -0.5191089094606629 -0.854708102289057 0
outer loop
vertex 93.80150604248047 53.49238204956055 -4.099999904632568
vertex 94.23868560791016 53.22686004638672 -4.099999904632568
vertex 94.23868560791016 53.22686004638672 0
endloop
endfacet
facet normal -0.6709969014630188 -0.741460152824835 0
outer loop
vertex 94.23868560791016 53.22686004638672 -4.099999904632568
vertex 94.61793518066406 52.88365173339844 -4.099999904632568
vertex 94.61793518066406 52.88365173339844 0
endloop
endfacet
facet normal -0.4401444244229692 0.8979269934963382 0
outer loop
vertex 94.0374984741211 29.761798858642578 -4.099999904632568
vertex 93.57821655273438 29.53666877746582 -4.099999904632568
vertex 93.57821655273438 29.53666877746582 0
endloop
endfacet
facet normal -0.26288358951939633 0.9648275588732929 0
outer loop
vertex 93.57821655273438 29.53666877746582 -4.099999904632568
vertex 93.084716796875 29.402206420898438 -4.099999904632568
vertex 93.084716796875 29.402206420898438 0
endloop
endfacet
facet normal -0.01581519822828327 0.9998749319314891 0
outer loop
vertex 93.084716796875 29.402206420898438 -4.099999904632568
vertex 90.57493591308594 29.36250877380371 -4.099999904632568
vertex 93.084716796875 29.402206420898438 0
endloop
endfacet
facet normal 0.000010720105199349715 0.9999999999425396 0
outer loop
vertex -89.61518096923828 -53.75537872314453 -4.099999904632568
vertex -92.81778717041016 -53.75534439086914 0
vertex -89.61518096923828 -53.75537872314453 0
endloop
endfacet
facet normal 0.000010264758306667744 0.9999999999473174 0
outer loop
vertex 72.86668395996094 -53.757049560546875 0
vertex 72.86668395996094 -53.757049560546875 -4.099999904632568
vertex 66.54896545410156 -53.75698471069336 -3.564180612564087
endloop
endfacet
facet normal 0.000012502125030774574 0.9999999999139845 -0.000003965863320623505
outer loop
vertex 66.54896545410156 -53.75698471069336 -3.564180612564087
vertex 65.97493743896484 -53.75697708129883 -3.450000047683716
vertex 72.86668395996094 -53.757049560546875 0
endloop
endfacet
facet normal 0.000010164850415647415 0.9999999999252728 -0.000006791936647824494
outer loop
vertex 52.91427993774414 -53.75684356689453 -3.8893399238586426
vertex 52.773521423339844 -53.75684356689453 -4.099999904632568
vertex 48.03559875488281 -53.75679397583008 -3.8893399238586426
endloop
endfacet
facet normal 0.000010172526041137933 0.9999999999480232 6.877614656690533e-7
outer loop
vertex 65.97493743896484 -53.75697708129883 -3.450000047683716
vertex 53.974937438964844 -53.75685501098633 -3.450000047683716
vertex 72.86668395996094 -53.757049560546875 0
endloop
endfacet
facet normal -1 0 0
outer loop
vertex 85.82493591308594 -29.362491607666016 0
vertex 85.82493591308594 10.362507820129395 -4.099999904632568
vertex 85.82493591308594 -29.362491607666016 -4.099999904632568
endloop
endfacet
facet normal 0 0 1
outer loop
vertex 89.86793518066406 -30.241348266601562 -4.099999904632568
vertex 90.56779479980469 -51.25521469116211 -4.099999904632568
vertex 90.17565155029297 -30.64992904663086 -4.099999904632568
endloop
endfacet
facet normal -0.8979291896529449 -0.4401399440737069 0
outer loop
vertex 90.17565155029297 -30.64992904663086 0
vertex 90.17565155029297 -30.64992904663086 -4.099999904632568
vertex 90.4007797241211 -31.10921287536621 0
endloop
endfacet
facet normal -0.5191061853487081 -0.8547097567787046 0
outer loop
vertex 89.05150604248047 -29.632617950439453 0
vertex 89.05150604248047 -29.632617950439453 -4.099999904632568
vertex 89.48868560791016 -29.89813804626465 0
endloop
endfacet
facet normal 0 0 1
outer loop
vertex 90.56779479980469 -51.25521469116211 -4.099999904632568
vertex 90.4007797241211 -31.10921287536621 -4.099999904632568
vertex 90.17565155029297 -30.64992904663086 -4.099999904632568
endloop
endfacet
facet normal -0.34858684363133263 -0.9372764866607638 0
outer loop
vertex 88.57209777832031 -29.45431900024414 0
vertex 88.57209777832031 -29.45431900024414 -4.099999904632568
vertex 89.05150604248047 -29.632617950439453 0
endloop
endfacet
facet normal -0.6709989515241015 -0.7414582975822421 0
outer loop
vertex 89.48868560791016 -29.89813804626465 0
vertex 89.48868560791016 -29.89813804626465 -4.099999904632568
vertex 89.86793518066406 -30.241348266601562 0
endloop
endfacet
facet normal -0.7987964749261642 -0.6016013560868474 0
outer loop
vertex 89.86793518066406 -30.241348266601562 0
vertex 89.86793518066406 -30.241348266601562 -4.099999904632568
vertex 90.17565155029297 -30.64992904663086 0
endloop
endfacet
facet normal -0.0031866527092360604 -0.9999949226093654 0
outer loop
vertex 85.82493591308594 -29.362491607666016 -4.099999904632568
vertex 88.06766510009766 -29.369638442993164 -4.099999904632568
vertex 88.06766510009766 -29.369638442993164 0
endloop
endfacet
facet normal -0.9648290200702897 -0.26287822661872295 0
outer loop
vertex 90.4007797241211 -31.10921287536621 0
vertex 90.4007797241211 -31.10921287536621 -4.099999904632568
vertex 90.53524017333984 -31.60271644592285 0
endloop
endfacet
facet normal -0.9962936566448052 -0.08601714787949508 0
outer loop
vertex 90.53524017333984 -31.60271644592285 0
vertex 90.53524017333984 -31.60271644592285 -4.099999904632568
vertex 90.57493591308594 -32.06249237060547 0
endloop
endfacet
facet normal -0.1655562741364553 -0.986200344805281 0
outer loop
vertex 88.06766510009766 -29.369638442993164 0
vertex 88.06766510009766 -29.369638442993164 -4.099999904632568
vertex 88.57209777832031 -29.45431900024414 0
endloop
endfacet
facet normal -0.0031866527092360604 -0.9999949226093654 0
outer loop
vertex 85.82493591308594 -29.362491607666016 -4.099999904632568
vertex 88.06766510009766 -29.369638442993164 0
vertex 85.82493591308594 -29.362491607666016 0
endloop
endfacet
facet normal -0.9999999307804702 0.0003720739907385054 0
outer loop
vertex 90.57493591308594 -32.06249237060547 0
vertex 90.57493591308594 -32.06249237060547 -4.099999904632568
vertex 90.56779479980469 -51.25521469116211 0
endloop
endfacet
facet normal -0.5191061853487081 -0.8547097567787046 0
outer loop
vertex 89.05150604248047 -29.632617950439453 -4.099999904632568
vertex 89.48868560791016 -29.89813804626465 -4.099999904632568
vertex 89.48868560791016 -29.89813804626465 0
endloop
endfacet
facet normal -0.1655562741364553 -0.986200344805281 0
outer loop
vertex 88.06766510009766 -29.369638442993164 -4.099999904632568
vertex 88.57209777832031 -29.45431900024414 -4.099999904632568
vertex 88.57209777832031 -29.45431900024414 0
endloop
endfacet
facet normal -0.34858684363133263 -0.9372764866607638 0
outer loop
vertex 88.57209777832031 -29.45431900024414 -4.099999904632568
vertex 89.05150604248047 -29.632617950439453 -4.099999904632568
vertex 89.05150604248047 -29.632617950439453 0
endloop
endfacet
facet normal -0.9962936566448052 -0.08601714787949508 0
outer loop
vertex 90.53524017333984 -31.60271644592285 -4.099999904632568
vertex 90.57493591308594 -32.06249237060547 -4.099999904632568
vertex 90.57493591308594 -32.06249237060547 0
endloop
endfacet
facet normal -0.6709989515241015 -0.7414582975822421 0
outer loop
vertex 89.48868560791016 -29.89813804626465 -4.099999904632568
vertex 89.86793518066406 -30.241348266601562 -4.099999904632568
vertex 89.86793518066406 -30.241348266601562 0
endloop
endfacet
facet normal -0.9648290200702897 -0.26287822661872295 0
outer loop
vertex 90.4007797241211 -31.10921287536621 -4.099999904632568
vertex 90.53524017333984 -31.60271644592285 -4.099999904632568
vertex 90.53524017333984 -31.60271644592285 0
endloop
endfacet
facet normal -0.7987964749261642 -0.6016013560868474 0
outer loop
vertex 89.86793518066406 -30.241348266601562 -4.099999904632568
vertex 90.17565155029297 -30.64992904663086 -4.099999904632568
vertex 90.17565155029297 -30.64992904663086 0
endloop
endfacet
facet normal -0.9648285046825811 -0.26288011821355833 0
outer loop
vertex 95.1507797241211 52.015785217285156 -4.099999904632568
vertex 95.28524017333984 51.52228546142578 -4.099999904632568
vertex 95.28524017333984 51.52228546142578 0
endloop
endfacet
facet normal 0 0 1
outer loop
vertex 67.47493743896484 -23.93749237060547 -8.199999809265137
vertex 54.974937438964844 -42.93749237060547 -8.199999809265137
vertex 64.97493743896484 -42.93749237060547 -8.199999809265137
endloop
endfacet
facet normal 0 1 0
outer loop
vertex 55.224937438964844 -51.93749237060547 -6.699999809265137
vertex 45.64881896972656 -51.93749237060547 -6.31731653213501
vertex 55.30105972290039 -51.93749237060547 -6.31731653213501
endloop
endfacet
facet normal 0 1 0
outer loop
vertex 54.974937438964844 -51.93749237060547 -8.199999809265137
vertex 45.724937438964844 -51.93749237060547 -6.699999809265137
vertex 55.224937438964844 -51.93749237060547 -8.199999809265137
endloop
endfacet
facet normal 0 0 1
outer loop
vertex 16.974939346313477 -51.93749237060547 -8.199999809265137
vertex 16.974939346313477 -42.93749237060547 -8.199999809265137
vertex 14.47493839263916 -51.93749237060547 -8.199999809265137
endloop
endfacet
facet normal 0 1 0
outer loop
vertex 16.974939346313477 -51.93749237060547 -8.199999809265137
vertex 14.47493839263916 -51.93749237060547 -8.199999809265137
vertex 14.47493839263916 -51.93749237060547 -4.099999904632568
endloop
endfacet
facet normal 0 1 0
outer loop
vertex 26.974939346313477 -51.93749237060547 -8.199999809265137
vertex 16.974939346313477 -51.93749237060547 -8.199999809265137
vertex 14.47493839263916 -51.93749237060547 -4.099999904632568
endloop
endfacet
facet normal 0 0 1
outer loop
vertex 16.974939346313477 -42.93749237060547 -8.199999809265137
vertex 14.47493839263916 -23.93749237060547 -8.199999809265137
vertex 14.47493839263916 -51.93749237060547 -8.199999809265137
endloop
endfacet
facet normal 0 1 0
outer loop
vertex 67.47493743896484 -51.93749237060547 -4.099999904632568
vertex 64.43204498291016 -51.93749237060547 -5.992893218994141
vertex 64.10762023925781 -51.93749237060547 -5.776120662689209
endloop
endfacet
facet normal 0 0 1
outer loop
vertex 14.47493839263916 -23.93749237060547 -8.199999809265137
vertex 16.974939346313477 -42.93749237060547 -8.199999809265137
vertex 26.974939346313477 -42.93749237060547 -8.199999809265137
endloop
endfacet
facet normal 1 0 0
outer loop
vertex 14.47493839263916 -51.93749237060547 -8.199999809265137
vertex 14.47493839263916 -23.93749237060547 -8.199999809265137
vertex 14.47493839263916 -23.93749237060547 -4.099999904632568
endloop
endfacet
facet normal 0 0 1
outer loop
vertex 14.47493839263916 -23.93749237060547 -8.199999809265137
vertex 54.974937438964844 -42.93749237060547 -8.199999809265137
vertex 67.47493743896484 -23.93749237060547 -8.199999809265137
endloop
endfacet
facet normal 0 0 1
outer loop
vertex 14.47493839263916 -23.93749237060547 -8.199999809265137
vertex 45.974937438964844 -42.93749237060547 -8.199999809265137
vertex 54.974937438964844 -42.93749237060547 -8.199999809265137
endloop
endfacet
facet normal 0 0 1
outer loop
vertex 14.47493839263916 -23.93749237060547 -8.199999809265137
vertex 35.974937438964844 -42.93749237060547 -8.199999809265137
vertex 45.974937438964844 -42.93749237060547 -8.199999809265137
endloop
endfacet
facet normal 0 0 1
outer loop
vertex 14.47493839263916 -23.93749237060547 -8.199999809265137
vertex 26.974939346313477 -42.93749237060547 -8.199999809265137
vertex 35.974937438964844 -42.93749237060547 -8.199999809265137
endloop
endfacet
facet normal 0 1 0
outer loop
vertex 45.64881896972656 -51.93749237060547 -6.31731653213501
vertex 45.432044982910156 -51.93749237060547 -5.992893218994141
vertex 55.30105972290039 -51.93749237060547 -6.31731653213501
endloop
endfacet
facet normal 0 1 0
outer loop
vertex 67.47493743896484 -51.93749237060547 -8.199999809265137
vertex 64.72493743896484 -51.93749237060547 -6.699999809265137
vertex 67.47493743896484 -51.93749237060547 -4.099999904632568
endloop
endfacet
facet normal 0 0 1
outer loop
vertex 64.97493743896484 -42.93749237060547 -8.199999809265137
vertex 67.47493743896484 -51.93749237060547 -8.199999809265137
vertex 67.47493743896484 -23.93749237060547 -8.199999809265137
endloop
endfacet
facet normal -1 0 0
outer loop
vertex 67.47493743896484 -23.93749237060547 -8.199999809265137
vertex 67.47493743896484 -51.93749237060547 -8.199999809265137
vertex 67.47493743896484 -51.93749237060547 -4.099999904632568
endloop
endfacet
facet normal 0 0 1
outer loop
vertex 45.974937438964844 -51.93749237060547 -8.199999809265137
vertex 54.974937438964844 -51.93749237060547 -8.199999809265137
vertex 54.974937438964844 -42.93749237060547 -8.199999809265137
endloop
endfacet
facet normal 0 0 1
outer loop
vertex 45.974937438964844 -42.93749237060547 -8.199999809265137
vertex 45.974937438964844 -51.93749237060547 -8.199999809265137
vertex 54.974937438964844 -42.93749237060547 -8.199999809265137
endloop
endfacet
facet normal 0 1 0
outer loop
vertex 67.47493743896484 -51.93749237060547 -4.099999904632568
vertex 64.64881896972656 -51.93749237060547 -6.31731653213501
vertex 64.43204498291016 -51.93749237060547 -5.992893218994141
endloop
endfacet
facet normal 0 1 0
outer loop
vertex 45.724937438964844 -51.93749237060547 -6.699999809265137
vertex 45.64881896972656 -51.93749237060547 -6.31731653213501
vertex 55.224937438964844 -51.93749237060547 -8.199999809265137
endloop
endfacet
facet normal 0 1 0
outer loop
vertex 67.47493743896484 -51.93749237060547 -4.099999904632568
vertex 64.72493743896484 -51.93749237060547 -6.699999809265137
vertex 64.64881896972656 -51.93749237060547 -6.31731653213501
endloop
endfacet
facet normal -1 0 0
outer loop
vertex 67.47493743896484 -23.93749237060547 -4.099999904632568
vertex 67.47493743896484 -23.93749237060547 -8.199999809265137
vertex 67.47493743896484 -51.93749237060547 -4.099999904632568
endloop
endfacet
facet normal 0 1 0
outer loop
vertex 56.224937438964844 -51.93749237060547 -5.699999809265137
vertex 44.724937438964844 -51.93749237060547 -5.699999809265137
vertex 67.47493743896484 -51.93749237060547 -4.099999904632568
endloop
endfacet
facet normal 0 0 1
outer loop
vertex 26.974939346313477 -42.93749237060547 -8.199999809265137
vertex 26.974939346313477 -51.93749237060547 -8.199999809265137
vertex 35.974937438964844 -42.93749237060547 -8.199999809265137
endloop
endfacet
facet normal 0 1 0
outer loop
vertex 67.47493743896484 -51.93749237060547 -4.099999904632568
vertex 64.10762023925781 -51.93749237060547 -5.776120662689209
vertex 63.724937438964844 -51.93749237060547 -5.699999809265137
endloop
endfacet
facet normal 0 0 1
outer loop
vertex 35.974937438964844 -42.93749237060547 -8.199999809265137
vertex 26.974939346313477 -51.93749237060547 -8.199999809265137
vertex 35.974937438964844 -51.93749237060547 -8.199999809265137
endloop
endfacet
facet normal 0 1 0
outer loop
vertex 44.724937438964844 -51.93749237060547 -5.699999809265137
vertex 37.224937438964844 -51.93749237060547 -5.699999809265137
vertex 67.47493743896484 -51.93749237060547 -4.099999904632568
endloop
endfacet
facet normal 0 1 0
outer loop
vertex 55.842254638671875 -51.93749237060547 -5.776120662689209
vertex 44.724937438964844 -51.93749237060547 -5.699999809265137
vertex 56.224937438964844 -51.93749237060547 -5.699999809265137
endloop
endfacet
facet normal 0 1 0
outer loop
vertex 55.51782989501953 -51.93749237060547 -5.992893218994141
vertex 45.10762023925781 -51.93749237060547 -5.776120662689209
vertex 55.842254638671875 -51.93749237060547 -5.776120662689209
endloop
endfacet
facet normal 0 -1 0
outer loop
vertex 14.47493839263916 -23.93749237060547 -8.199999809265137
vertex 67.47493743896484 -23.93749237060547 -8.199999809265137
vertex 67.47493743896484 -23.93749237060547 -4.099999904632568
endloop
endfacet
facet normal 0 -1 0
outer loop
vertex 67.47493743896484 -23.93749237060547 -4.099999904632568
vertex 14.47493839263916 -23.93749237060547 -4.099999904632568
vertex 14.47493839263916 -23.93749237060547 -8.199999809265137
endloop
endfacet
facet normal 0 1 0
outer loop
vertex 64.97493743896484 -51.93749237060547 -8.199999809265137
vertex 64.72493743896484 -51.93749237060547 -8.199999809265137
vertex 64.72493743896484 -51.93749237060547 -6.699999809265137
endloop
endfacet
facet normal 1 0 0
outer loop
vertex 14.47493839263916 -23.93749237060547 -4.099999904632568
vertex 14.47493839263916 -51.93749237060547 -4.099999904632568
vertex 14.47493839263916 -51.93749237060547 -8.199999809265137
endloop
endfacet
facet normal 0 1 0
outer loop
vertex 64.97493743896484 -51.93749237060547 -8.199999809265137
vertex 64.72493743896484 -51.93749237060547 -6.699999809265137
vertex 67.47493743896484 -51.93749237060547 -8.199999809265137
endloop
endfacet
facet normal 0 0 1
outer loop
vertex 64.97493743896484 -51.93749237060547 -8.199999809265137
vertex 67.47493743896484 -51.93749237060547 -8.199999809265137
vertex 64.97493743896484 -42.93749237060547 -8.199999809265137
endloop
endfacet
facet normal 0 1 0
outer loop
vertex 55.224937438964844 -51.93749237060547 -8.199999809265137
vertex 45.64881896972656 -51.93749237060547 -6.31731653213501
vertex 55.224937438964844 -51.93749237060547 -6.699999809265137
endloop
endfacet
facet normal 0 1 0
outer loop
vertex 37.224937438964844 -51.93749237060547 -5.699999809265137
vertex 14.47493839263916 -51.93749237060547 -4.099999904632568
vertex 67.47493743896484 -51.93749237060547 -4.099999904632568
endloop
endfacet
facet normal 0 1 0
outer loop
vertex 45.10762023925781 -51.93749237060547 -5.776120662689209
vertex 44.724937438964844 -51.93749237060547 -5.699999809265137
vertex 55.842254638671875 -51.93749237060547 -5.776120662689209
endloop
endfacet
facet normal 0 1 0
outer loop
vertex 45.974937438964844 -51.93749237060547 -8.199999809265137
vertex 45.724937438964844 -51.93749237060547 -8.199999809265137
vertex 45.724937438964844 -51.93749237060547 -6.699999809265137
endloop
endfacet
facet normal 0 1 0
outer loop
vertex 45.724937438964844 -51.93749237060547 -6.699999809265137
vertex 54.974937438964844 -51.93749237060547 -8.199999809265137
vertex 45.974937438964844 -51.93749237060547 -8.199999809265137
endloop
endfacet
facet normal 0 1 0
outer loop
vertex 55.30105972290039 -51.93749237060547 -6.31731653213501
vertex 45.432044982910156 -51.93749237060547 -5.992893218994141
vertex 55.51782989501953 -51.93749237060547 -5.992893218994141
endloop
endfacet
facet normal 0 1 0
outer loop
vertex 35.974937438964844 -51.93749237060547 -8.199999809265137
vertex 26.974939346313477 -51.93749237060547 -8.199999809265137
vertex 14.47493839263916 -51.93749237060547 -4.099999904632568
endloop
endfacet
facet normal 0 1 0
outer loop
vertex 36.224937438964844 -51.93749237060547 -8.199999809265137
vertex 35.974937438964844 -51.93749237060547 -8.199999809265137
vertex 14.47493839263916 -51.93749237060547 -4.099999904632568
endloop
endfacet
facet normal 0 1 0
outer loop
vertex 55.51782989501953 -51.93749237060547 -5.992893218994141
vertex 45.432044982910156 -51.93749237060547 -5.992893218994141
vertex 45.10762023925781 -51.93749237060547 -5.776120662689209
endloop
endfacet
facet normal 0 1 0
outer loop
vertex 36.842254638671875 -51.93749237060547 -5.776120662689209
vertex 14.47493839263916 -51.93749237060547 -4.099999904632568
vertex 37.224937438964844 -51.93749237060547 -5.699999809265137
endloop
endfacet
facet normal 0 1 0
outer loop
vertex 36.224937438964844 -51.93749237060547 -6.699999809265137
vertex 36.224937438964844 -51.93749237060547 -8.199999809265137
vertex 14.47493839263916 -51.93749237060547 -4.099999904632568
endloop
endfacet
facet normal 0 1 0
outer loop
vertex 14.47493839263916 -51.93749237060547 -4.099999904632568
vertex 36.842254638671875 -51.93749237060547 -5.776120662689209
vertex 36.51782989501953 -51.93749237060547 -5.992893218994141
endloop
endfacet
facet normal 0 1 0
outer loop
vertex 36.51782989501953 -51.93749237060547 -5.992893218994141
vertex 36.30105972290039 -51.93749237060547 -6.31731653213501
vertex 14.47493839263916 -51.93749237060547 -4.099999904632568
endloop
endfacet
facet normal 0 1 0
outer loop
vertex 36.30105972290039 -51.93749237060547 -6.31731653213501
vertex 36.224937438964844 -51.93749237060547 -6.699999809265137
vertex 14.47493839263916 -51.93749237060547 -4.099999904632568
endloop
endfacet
facet normal 0 1 0
outer loop
vertex 63.724937438964844 -51.93749237060547 -5.699999809265137
vertex 56.224937438964844 -51.93749237060547 -5.699999809265137
vertex 67.47493743896484 -51.93749237060547 -4.099999904632568
endloop
endfacet
facet normal -1 0 0
outer loop
vertex 45.974937438964844 -42.93749237060547 -8.199999809265137
vertex 45.974937438964844 -42.93749237060547 -9.5
vertex 45.974937438964844 -51.93749237060547 -8.199999809265137
endloop
endfacet
facet normal 0 1 0
outer loop
vertex 45.974937438964844 -51.93749237060547 -8.199999809265137
vertex 45.974937438964844 -51.93749237060547 -9.5
vertex 45.724937438964844 -51.93749237060547 -8.199999809265137
endloop
endfacet
facet normal 0 1 0
outer loop
vertex 45.64881896972656 -51.93749237060547 -8.582683563232422
vertex 45.724937438964844 -51.93749237060547 -8.199999809265137
vertex 45.974937438964844 -51.93749237060547 -9.5
endloop
endfacet
facet normal 0 1 0
outer loop
vertex 35.974937438964844 -51.93749237060547 -9.5
vertex 44.724937438964844 -51.93749237060547 -9.199999809265137
vertex 45.974937438964844 -51.93749237060547 -9.5
endloop
endfacet
facet normal 1 0 0
outer loop
vertex 35.974937438964844 -51.93749237060547 -8.199999809265137
vertex 35.974937438964844 -51.93749237060547 -9.5
vertex 35.974937438964844 -42.93749237060547 -8.199999809265137
endloop
endfacet
facet normal 0 0 1
outer loop
vertex 35.974937438964844 -42.93749237060547 -9.5
vertex 45.974937438964844 -51.93749237060547 -9.5
vertex 45.974937438964844 -42.93749237060547 -9.5
endloop
endfacet
facet normal 0 1 0
outer loop
vertex 36.224937438964844 -51.93749237060547 -8.199999809265137
vertex 36.30105972290039 -51.93749237060547 -8.582683563232422
vertex 35.974937438964844 -51.93749237060547 -8.199999809265137
endloop
endfacet
facet normal 0 1 0
outer loop
vertex 44.724937438964844 -51.93749237060547 -9.199999809265137
vertex 35.974937438964844 -51.93749237060547 -9.5
vertex 37.224937438964844 -51.93749237060547 -9.199999809265137
endloop
endfacet
facet normal 0 1 0
outer loop
vertex 35.974937438964844 -51.93749237060547 -9.5
vertex 36.842254638671875 -51.93749237060547 -9.123879432678223
vertex 37.224937438964844 -51.93749237060547 -9.199999809265137
endloop
endfacet
facet normal 0 1 0
outer loop
vertex 36.842254638671875 -51.93749237060547 -9.123879432678223
vertex 35.974937438964844 -51.93749237060547 -9.5
vertex 36.51782989501953 -51.93749237060547 -8.907106399536133
endloop
endfacet
facet normal 0 1 0
outer loop
vertex 36.51782989501953 -51.93749237060547 -8.907106399536133
vertex 35.974937438964844 -51.93749237060547 -9.5
vertex 36.30105972290039 -51.93749237060547 -8.582683563232422
endloop
endfacet
facet normal 0 1 0
outer loop
vertex 36.30105972290039 -51.93749237060547 -8.582683563232422
vertex 35.974937438964844 -51.93749237060547 -9.5
vertex 35.974937438964844 -51.93749237060547 -8.199999809265137
endloop
endfacet
facet normal 0 1 0
outer loop
vertex 45.974937438964844 -51.93749237060547 -9.5
vertex 44.724937438964844 -51.93749237060547 -9.199999809265137
vertex 45.10762023925781 -51.93749237060547 -9.123879432678223
endloop
endfacet
facet normal 1 0 0
outer loop
vertex 35.974937438964844 -51.93749237060547 -9.5
vertex 35.974937438964844 -42.93749237060547 -9.5
vertex 35.974937438964844 -42.93749237060547 -8.199999809265137
endloop
endfacet
facet normal 0 1 0
outer loop
vertex 45.10762023925781 -51.93749237060547 -9.123879432678223
vertex 45.432044982910156 -51.93749237060547 -8.907106399536133
vertex 45.974937438964844 -51.93749237060547 -9.5
endloop
endfacet
facet normal 0 1 0
outer loop
vertex 45.432044982910156 -51.93749237060547 -8.907106399536133
vertex 45.64881896972656 -51.93749237060547 -8.582683563232422
vertex 45.974937438964844 -51.93749237060547 -9.5
endloop
endfacet
facet normal 0 0 1
outer loop
vertex 35.974937438964844 -42.93749237060547 -9.5
vertex 35.974937438964844 -51.93749237060547 -9.5
vertex 45.974937438964844 -51.93749237060547 -9.5
endloop
endfacet
facet normal 0 -1 0
outer loop
vertex 35.974937438964844 -42.93749237060547 -8.199999809265137
vertex 35.974937438964844 -42.93749237060547 -9.5
vertex 45.974937438964844 -42.93749237060547 -8.199999809265137
endloop
endfacet
facet normal 0 -1 0
outer loop
vertex 35.974937438964844 -42.93749237060547 -9.5
vertex 45.974937438964844 -42.93749237060547 -9.5
vertex 45.974937438964844 -42.93749237060547 -8.199999809265137
endloop
endfacet
facet normal -1 0 0
outer loop
vertex 45.974937438964844 -42.93749237060547 -9.5
vertex 45.974937438964844 -51.93749237060547 -9.5
vertex 45.974937438964844 -51.93749237060547 -8.199999809265137
endloop
endfacet
facet normal 0 0 1
outer loop
vertex 16.974939346313477 -42.93749237060547 -9.5
vertex 26.974939346313477 -51.93749237060547 -9.5
vertex 26.974939346313477 -42.93749237060547 -9.5
endloop
endfacet
facet normal -1 0 0
outer loop
vertex 26.974939346313477 -42.93749237060547 -9.5
vertex 26.974939346313477 -51.93749237060547 -9.5
vertex 26.974939346313477 -51.93749237060547 -8.199999809265137
endloop
endfacet
facet normal 0 1 0
outer loop
vertex 26.974939346313477 -51.93749237060547 -8.199999809265137
vertex 26.974939346313477 -51.93749237060547 -9.5
vertex 16.974939346313477 -51.93749237060547 -8.199999809265137
endloop
endfacet
facet normal 1 0 0
outer loop
vertex 16.974939346313477 -51.93749237060547 -8.199999809265137
vertex 16.974939346313477 -51.93749237060547 -9.5
vertex 16.974939346313477 -42.93749237060547 -8.199999809265137
endloop
endfacet
facet normal 0 -1 0
outer loop
vertex 16.974939346313477 -42.93749237060547 -8.199999809265137
vertex 16.974939346313477 -42.93749237060547 -9.5
vertex 26.974939346313477 -42.93749237060547 -8.199999809265137
endloop
endfacet
facet normal -1 0 0
outer loop
vertex 26.974939346313477 -42.93749237060547 -8.199999809265137
vertex 26.974939346313477 -42.93749237060547 -9.5
vertex 26.974939346313477 -51.93749237060547 -8.199999809265137
endloop
endfacet
facet normal 0 -1 0
outer loop
vertex 16.974939346313477 -42.93749237060547 -9.5
vertex 26.974939346313477 -42.93749237060547 -9.5
vertex 26.974939346313477 -42.93749237060547 -8.199999809265137
endloop
endfacet
facet normal 0 1 0
outer loop
vertex 16.974939346313477 -51.93749237060547 -9.5
vertex 16.974939346313477 -51.93749237060547 -8.199999809265137
vertex 26.974939346313477 -51.93749237060547 -9.5
endloop
endfacet
facet normal 1 0 0
outer loop
vertex 16.974939346313477 -51.93749237060547 -9.5
vertex 16.974939346313477 -42.93749237060547 -9.5
vertex 16.974939346313477 -42.93749237060547 -8.199999809265137
endloop
endfacet
facet normal 0 0 1
outer loop
vertex 16.974939346313477 -42.93749237060547 -9.5
vertex 16.974939346313477 -51.93749237060547 -9.5
vertex 26.974939346313477 -51.93749237060547 -9.5
endloop
endfacet
facet normal 0 -1 0
outer loop
vertex 54.974937438964844 -42.93749237060547 -8.199999809265137
vertex 54.974937438964844 -42.93749237060547 -9.5
vertex 64.97493743896484 -42.93749237060547 -8.199999809265137
endloop
endfacet
facet normal 0 1 0
outer loop
vertex 64.10762023925781 -51.93749237060547 -9.123879432678223
vertex 64.43204498291016 -51.93749237060547 -8.907106399536133
vertex 64.97493743896484 -51.93749237060547 -9.5
endloop
endfacet
facet normal 0 1 0
outer loop
vertex 55.842254638671875 -51.93749237060547 -9.123879432678223
vertex 54.974937438964844 -51.93749237060547 -9.5
vertex 55.51782989501953 -51.93749237060547 -8.907106399536133
endloop
endfacet
facet normal 0 1 0
outer loop
vertex 55.30105972290039 -51.93749237060547 -8.582683563232422
vertex 54.974937438964844 -51.93749237060547 -9.5
vertex 54.974937438964844 -51.93749237060547 -8.199999809265137
endloop
endfacet
facet normal 0 1 0
outer loop
vertex 55.30105972290039 -51.93749237060547 -8.582683563232422
vertex 54.974937438964844 -51.93749237060547 -8.199999809265137
vertex 55.224937438964844 -51.93749237060547 -8.199999809265137
endloop
endfacet
facet normal 0 1 0
outer loop
vertex 54.974937438964844 -51.93749237060547 -9.5
vertex 55.842254638671875 -51.93749237060547 -9.123879432678223
vertex 56.224937438964844 -51.93749237060547 -9.199999809265137
endloop
endfacet
facet normal 1 0 0
outer loop
vertex 54.974937438964844 -51.93749237060547 -9.5
vertex 54.974937438964844 -42.93749237060547 -9.5
vertex 54.974937438964844 -42.93749237060547 -8.199999809265137
endloop
endfacet
facet normal 1 0 0
outer loop
vertex 54.974937438964844 -51.93749237060547 -8.199999809265137
vertex 54.974937438964844 -51.93749237060547 -9.5
vertex 54.974937438964844 -42.93749237060547 -8.199999809265137
endloop
endfacet
facet normal 0 1 0
outer loop
vertex 64.64881896972656 -51.93749237060547 -8.582683563232422
vertex 64.72493743896484 -51.93749237060547 -8.199999809265137
vertex 64.97493743896484 -51.93749237060547 -9.5
endloop
endfacet
facet normal 0 1 0
outer loop
vertex 64.97493743896484 -51.93749237060547 -8.199999809265137
vertex 64.97493743896484 -51.93749237060547 -9.5
vertex 64.72493743896484 -51.93749237060547 -8.199999809265137
endloop
endfacet
facet normal -1 0 0
outer loop
vertex 64.97493743896484 -42.93749237060547 -8.199999809265137
vertex 64.97493743896484 -42.93749237060547 -9.5
vertex 64.97493743896484 -51.93749237060547 -8.199999809265137
endloop
endfacet
facet normal 0 0 1
outer loop
vertex 54.974937438964844 -42.93749237060547 -9.5
vertex 54.974937438964844 -51.93749237060547 -9.5
vertex 64.97493743896484 -51.93749237060547 -9.5
endloop
endfacet
facet normal 0 -1 0
outer loop
vertex 54.974937438964844 -42.93749237060547 -9.5
vertex 64.97493743896484 -42.93749237060547 -9.5
vertex 64.97493743896484 -42.93749237060547 -8.199999809265137
endloop
endfacet
facet normal 0 0 1
outer loop
vertex 54.974937438964844 -42.93749237060547 -9.5
vertex 64.97493743896484 -51.93749237060547 -9.5
vertex 64.97493743896484 -42.93749237060547 -9.5
endloop
endfacet
facet normal 0 1 0
outer loop
vertex 64.97493743896484 -51.93749237060547 -9.5
vertex 54.974937438964844 -51.93749237060547 -9.5
vertex 63.724937438964844 -51.93749237060547 -9.199999809265137
endloop
endfacet
facet normal -1 0 0
outer loop
vertex 64.97493743896484 -51.93749237060547 -9.5
vertex 64.97493743896484 -51.93749237060547 -8.199999809265137
vertex 64.97493743896484 -42.93749237060547 -9.5
endloop
endfacet
facet normal 0 1 0
outer loop
vertex 55.51782989501953 -51.93749237060547 -8.907106399536133
vertex 54.974937438964844 -51.93749237060547 -9.5
vertex 55.30105972290039 -51.93749237060547 -8.582683563232422
endloop
endfacet
facet normal 0 1 0
outer loop
vertex 64.43204498291016 -51.93749237060547 -8.907106399536133
vertex 64.64881896972656 -51.93749237060547 -8.582683563232422
vertex 64.97493743896484 -51.93749237060547 -9.5
endloop
endfacet
facet normal 0 1 0
outer loop
vertex 64.97493743896484 -51.93749237060547 -9.5
vertex 63.724937438964844 -51.93749237060547 -9.199999809265137
vertex 64.10762023925781 -51.93749237060547 -9.123879432678223
endloop
endfacet
facet normal 0 1 0
outer loop
vertex 56.224937438964844 -51.93749237060547 -9.199999809265137
vertex 63.724937438964844 -51.93749237060547 -9.199999809265137
vertex 54.974937438964844 -51.93749237060547 -9.5
endloop
endfacet
facet normal 0.12319496965724702 -0.6962921892946536 0.7071069131173929
outer loop
vertex 93.1131362915039 -55.2176628112793 0
vertex 93.2508773803711 -56.208824157714844 -1
vertex 93.58009338378906 -55.13504409790039 0
endloop
endfacet
facet normal 0.12319566718875816 -0.6962922418145533 0.7071067398736774
outer loop
vertex 93.2508773803711 -56.208824157714844 -1
vertex 93.80797576904297 -56.11025619506836 -1
vertex 93.58009338378906 -55.13504409790039 0
endloop
endfacet
facet normal 0.19812414722383712 -0.6787833674663706 0.7071067545553793
outer loop
vertex 93.58009338378906 -55.13504409790039 0
vertex 93.80797576904297 -56.11025619506836 -1
vertex 94.01856994628906 -55.00706100463867 0
endloop
endfacet
facet normal 0.19812154208330843 -0.6787834553428419 0.7071074001277061
outer loop
vertex 94.01856994628906 -55.00706100463867 0
vertex 93.80797576904297 -56.11025619506836 -1
vertex 94.35106658935547 -55.95174026489258 -1
endloop
endfacet
facet normal 0.2707012051356385 -0.653237912515141 0.7071075499462397
outer loop
vertex 94.01856994628906 -55.00706100463867 0
vertex 94.35106658935547 -55.95174026489258 -1
vertex 94.44054412841797 -54.83219528198242 0
endloop
endfacet
facet normal 0.2707038101699065 -0.6532375385258117 0.7071068981563069
outer loop
vertex 94.61146545410156 -55.84383010864258 -1
vertex 94.44054412841797 -54.83219528198242 0
vertex 94.35106658935547 -55.95174026489258 -1
endloop
endfacet
facet normal 0.2707004121209281 -0.6532385107406216 0.7071073008836315
outer loop
vertex 94.87371826171875 -55.73515319824219 -1
vertex 94.44054412841797 -54.83219528198242 0
vertex 94.61146545410156 -55.84383010864258 -1
endloop
endfacet
facet normal 0.340081973002291 -0.6199554002010695 0.7071064653928718
outer loop
vertex 94.84101867675781 -54.61251449584961 0
vertex 94.87371826171875 -55.73515319824219 -1
vertex 95.36973571777344 -55.46305847167969 -1
endloop
endfacet
facet normal 0.3400778477917458 -0.6199564599720959 0.7071075202401691
outer loop
vertex 94.44054412841797 -54.83219528198242 0
vertex 94.87371826171875 -55.73515319824219 -1
vertex 94.84101867675781 -54.61251449584961 0
endloop
endfacet
facet normal 0.4054220840272616 -0.5793378738860508 0.707107178342988
outer loop
vertex 95.83325958251953 -55.1386833190918 -1
vertex 95.21525573730469 -54.35062026977539 0
vertex 95.36973571777344 -55.46305847167969 -1
endloop
endfacet
facet normal 0.40542478031804635 -0.5793368579881962 0.7071064647423531
outer loop
vertex 94.84101867675781 -54.61251449584961 0
vertex 95.36973571777344 -55.46305847167969 -1
vertex 95.21525573730469 -54.35062026977539 0
endloop
endfacet
facet normal 0.46597581074932526 -0.5318531272864563 0.7071059289753732
outer loop
vertex 95.83325958251953 -55.1386833190918 -1
vertex 96.2587890625 -54.76586151123047 -1
vertex 95.55882263183594 -54.04961395263672 0
endloop
endfacet
facet normal 0.4659703465853942 -0.5318558973838435 0.7071074462350925
outer loop
vertex 95.21525573730469 -54.35062026977539 0
vertex 95.83325958251953 -55.1386833190918 -1
vertex 95.55882263183594 -54.04961395263672 0
endloop
endfacet
facet normal 0.5210012261144922 -0.4780767325092873 0.7071070359008168
outer loop
vertex 95.86764526367188 -53.71305847167969 0
vertex 96.2587890625 -54.76586151123047 -1
vertex 96.64129638671875 -54.3490104675293 -1
endloop
endfacet
facet normal 0.5210057204915763 -0.4780738003322836 0.7071057068436809
outer loop
vertex 95.55882263183594 -54.04961395263672 0
vertex 96.2587890625 -54.76586151123047 -1
vertex 95.86764526367188 -53.71305847167969 0
endloop
endfacet
facet normal 0.5698608934827235 -0.4186381187645309 0.7071072673904338
outer loop
vertex 95.86764526367188 -53.71305847167969 0
vertex 96.64129638671875 -54.3490104675293 -1
vertex 96.13807678222656 -53.344940185546875 0
endloop
endfacet
facet normal 0.5698630423701233 -0.41863635625463347 0.7071065790688916
outer loop
vertex 96.64129638671875 -54.3490104675293 -1
vertex 96.97624206542969 -53.893070220947266 -1
vertex 96.13807678222656 -53.344940185546875 0
endloop
endfacet
facet normal 0.611975441964803 -0.3542406529161505 0.7071065112509738
outer loop
vertex 96.13807678222656 -53.344940185546875 0
vertex 96.97624206542969 -53.893070220947266 -1
vertex 96.36690521240234 -52.949623107910156 0
endloop
endfacet
facet normal 0.6119744280190735 -0.3542416881881227 0.7071068701408272
outer loop
vertex 97.12857055664062 -53.629913330078125 -1
vertex 96.36690521240234 -52.949623107910156 0
vertex 96.97624206542969 -53.893070220947266 -1
endloop
endfacet
facet normal 0.6119762863343648 -0.35423912845152067 0.7071065441914016
outer loop
vertex 96.36690521240234 -52.949623107910156 0
vertex 97.12857055664062 -53.629913330078125 -1
vertex 97.2596664428711 -53.40343475341797 -1
endloop
endfacet
facet normal 0.6468461881728634 -0.2856407950073164 0.7071063180836562
outer loop
vertex 96.36690521240234 -52.949623107910156 0
vertex 97.2596664428711 -53.40343475341797 -1
vertex 96.55142211914062 -52.531776428222656 0
endloop
endfacet
facet normal 0.6468395934646997 -0.2856491856860652 0.707108961224018
outer loop
vertex 96.55142211914062 -52.531776428222656 0
vertex 97.2596664428711 -53.40343475341797 -1
vertex 97.48821258544922 -52.885902404785156 -1
endloop
endfacet
facet normal 0.6740461603269023 -0.21367845547886521 0.7071091085629758
outer loop
vertex 96.55142211914062 -52.531776428222656 0
vertex 97.48821258544922 -52.885902404785156 -1
vertex 96.689453125 -52.09635925292969 0
endloop
endfacet
facet normal 0.674048880003448 -0.21367409093711423 0.7071078349362955
outer loop
vertex 97.48821258544922 -52.885902404785156 -1
vertex 97.65917205810547 -52.34659957885742 -1
vertex 96.689453125 -52.09635925292969 0
endloop
endfacet
facet normal 0.6932760433859315 -0.13916543074356344 0.707107707886929
outer loop
vertex 96.689453125 -52.09635925292969 0
vertex 97.65917205810547 -52.34659957885742 -1
vertex 96.77935028076172 -51.648521423339844 0
endloop
endfacet
facet normal 0.6932769081588658 -0.1391636330805324 0.7071072138236961
outer loop
vertex 97.65917205810547 -52.34659957885742 -1
vertex 97.77051544189453 -51.79191589355469 -1
vertex 96.77935028076172 -51.648521423339844 0
endloop
endfacet
facet normal 0.7042927237084338 -0.06301922433596258 0.7071070192661429
outer loop
vertex 96.77935028076172 -51.648521423339844 0
vertex 97.77051544189453 -51.79191589355469 -1
vertex 96.82093811035156 -51.18374252319336 0
endloop
endfacet
facet normal 0.7042931872430781 -0.0630179309781868 0.7071066728423759
outer loop
vertex 97.81146240234375 -51.33428955078125 -1
vertex 96.82093811035156 -51.18374252319336 0
vertex 97.77051544189453 -51.79191589355469 -1
endloop
endfacet
facet normal 0.7042911890322462 -0.06303449281386825 0.7071071869011397
outer loop
vertex 96.82093811035156 -51.18374252319336 0
vertex 97.81146240234375 -51.33428955078125 -1
vertex 97.82093811035156 -51.228416442871094 -1
endloop
endfacet
facet normal 0.707107330660564 -0.000034828170063535444 0.7071062308543818
outer loop
vertex 96.82493591308594 29.906360626220703 0
vertex 97.82093811035156 -51.228416442871094 -1
vertex 97.82493591308594 29.937938690185547 -1
endloop
endfacet
facet normal 0.7071060020709399 -0.00003486085476255315 0.7071075594419655
outer loop
vertex 96.82093811035156 -51.18374252319336 0
vertex 97.82093811035156 -51.228416442871094 -1
vertex 96.82493591308594 29.906360626220703 0
endloop
endfacet
facet normal 0.705696392857771 0.044646891264438784 0.7071062552459508
outer loop
vertex 96.82493591308594 29.906360626220703 0
vertex 97.82493591308594 29.937938690185547 -1
vertex 97.75260925292969 31.081146240234375 -1
endloop
endfacet
facet normal 0.7070784538140246 0.042492366060162434 0.7058572511340926
outer loop
vertex 96.82493591308594 29.906360626220703 0
vertex 97.75260925292969 31.081146240234375 -1
vertex 96.75811767578125 31.018224716186523 0
endloop
endfacet
facet normal 0.705755844145547 0.06178492460797053 0.705755844145547
outer loop
vertex 96.75811767578125 31.018224716186523 0
vertex 97.75260925292969 31.081146240234375 -1
vertex 96.75260925292969 31.081146240234375 0
endloop
endfacet
facet normal 0.7057584936427214 -0.06172436554808538 0.7057584936427214
outer loop
vertex 96.75260925292969 31.081146240234375 0
vertex 97.75260925292969 31.081146240234375 -1
vertex 96.76113891601562 31.178674697875977 0
endloop
endfacet
facet normal 0.7037093457512197 -0.06922205332455687 0.7071078164155183
outer loop
vertex 96.7965087890625 31.576522827148438 0
vertex 97.75260925292969 31.081146240234375 -1
vertex 97.79644012451172 31.526729583740234 -1
endloop
endfacet
facet normal 0.7056641908739263 -0.06273562952420855 0.7057636222606319
outer loop
vertex 96.76113891601562 31.178674697875977 0
vertex 97.75260925292969 31.081146240234375 -1
vertex 96.7965087890625 31.576522827148438 0
endloop
endfacet
facet normal 0.7071079116691655 -0.0010318562937046125 0.7071048978245454
outer loop
vertex 96.82489013671875 51.019962310791016 0
vertex 97.79644012451172 31.526729583740234 -1
vertex 97.82493591308594 51.05425262451172 -1
endloop
endfacet
facet normal 0.7071049839466087 -0.001032152382079268 0.7071078251153261
outer loop
vertex 96.7965087890625 31.576522827148438 0
vertex 97.79644012451172 31.526729583740234 -1
vertex 96.82489013671875 51.019962310791016 0
endloop
endfacet
facet normal 0.7053766882136945 0.04945991881988898 0.7071049739289141
outer loop
vertex 96.82489013671875 51.019962310791016 0
vertex 97.82493591308594 51.05425262451172 -1
vertex 97.77371978759766 51.78467559814453 -1
endloop
endfacet
facet normal 0.7053759271257499 0.04946169363475167 0.7071056090106136
outer loop
vertex 96.82489013671875 51.019962310791016 0
vertex 97.77371978759766 51.78467559814453 -1
vertex 96.78192901611328 51.632633209228516 0
endloop
endfacet
facet normal 0.6878000562538853 0.16411167263481205 0.7071056791754373
outer loop
vertex 96.78192901611328 51.632633209228516 0
vertex 97.77371978759766 51.78467559814453 -1
vertex 96.59449768066406 52.41816711425781 0
endloop
endfacet
facet normal 0.687799873169247 0.1641106911189308 0.7071060850599681
outer loop
vertex 97.77371978759766 51.78467559814453 -1
vertex 97.54510498046875 52.74281692504883 -1
vertex 96.59449768066406 52.41816711425781 0
endloop
endfacet
facet normal 0.6445022552697858 0.2908910103674381 0.7071062600766386
outer loop
vertex 96.59449768066406 52.41816711425781 0
vertex 97.54510498046875 52.74281692504883 -1
vertex 96.26756286621094 53.14252853393555 0
endloop
endfacet
facet normal 0.6445022760712283 0.29088710768631026 0.70710784659831
outer loop
vertex 97.54510498046875 52.74281692504883 -1
vertex 97.13988494873047 53.64064025878906 -1
vertex 96.26756286621094 53.14252853393555 0
endloop
endfacet
facet normal 0.5780712338907981 0.40722748511076856 0.7071063738351742
outer loop
vertex 97.13988494873047 53.64064025878906 -1
vertex 96.57259368896484 54.445926666259766 -1
vertex 95.80988311767578 53.7922248840332 0
endloop
endfacet
facet normal 0.578071958364924 0.4072238184806114 0.7071078931918465
outer loop
vertex 95.80988311767578 53.7922248840332 0
vertex 96.26756286621094 53.14252853393555 0
vertex 97.13988494873047 53.64064025878906 -1
endloop
endfacet
facet normal 0.4908886474455705 0.5089487771087631 0.7071064121393278
outer loop
vertex 95.80988311767578 53.7922248840332 0
vertex 96.31815338134766 54.69133758544922 -1
vertex 95.23786926269531 54.34394073486328 0
endloop
endfacet
facet normal 0.4908892066433032 0.5089478472566147 0.7071066932040497
outer loop
vertex 96.31815338134766 54.69133758544922 -1
vertex 95.86360168457031 55.1297607421875 -1
vertex 95.23786926269531 54.34394073486328 0
endloop
endfacet
facet normal 0.4908880263498242 0.5089492384551206 0.7071065112571988
outer loop
vertex 96.57259368896484 54.445926666259766 -1
vertex 96.31815338134766 54.69133758544922 -1
vertex 95.80988311767578 53.7922248840332 0
endloop
endfacet
facet normal 0.3860883775877064 0.5923972345970248 0.7071076870841458
outer loop
vertex 95.86360168457031 55.1297607421875 -1
vertex 95.03836059570312 55.6676025390625 -1
vertex 94.57206726074219 54.77786636352539 0
endloop
endfacet
facet normal 0.3860868265144648 0.5923996303551496 0.7071065268734772
outer loop
vertex 95.23786926269531 54.34394073486328 0
vertex 95.86360168457031 55.1297607421875 -1
vertex 94.57206726074219 54.77786636352539 0
endloop
endfacet
facet normal 0.2674269275871198 0.6545865473154577 0.7071062794763892
outer loop
vertex 95.03836059570312 55.6676025390625 -1
vertex 94.1264877319336 56.04014205932617 -1
vertex 93.83638000488281 55.07843017578125 0
endloop
endfacet
facet normal 0.26742925850936866 0.6545841159406888 0.7071076487008724
outer loop
vertex 94.57206726074219 54.77786636352539 0
vertex 95.03836059570312 55.6676025390625 -1
vertex 93.83638000488281 55.07843017578125 0
endloop
endfacet
facet normal 0.13916591159130118 0.693277432285468 0.7071062515171468
outer loop
vertex 93.83638000488281 55.07843017578125 0
vertex 94.1264877319336 56.04014205932617 -1
vertex 93.06126403808594 55.23402404785156 0
endloop
endfacet
facet normal 0.139166396649344 0.6932770896382936 0.707106491998408
outer loop
vertex 94.1264877319336 56.04014205932617 -1
vertex 93.16071319580078 56.2340087890625 -1
vertex 93.06126403808594 55.23402404785156 0
endloop
endfacet
facet normal 0.00010846659686149453 0.7071067783677298 0.7071067756862521
outer loop
vertex 93.16071319580078 56.2340087890625 -1
vertex -92.58186340332031 55.26250076293945 0
vertex 93.06126403808594 55.23402404785156 0
endloop
endfacet
facet normal 0.00010847265406034331 0.7071062076974135 0.7071073463551807
outer loop
vertex 14.282395362854004 56.24610900878906 -1
vertex -92.58186340332031 55.26250076293945 0
vertex 93.16071319580078 56.2340087890625 -1
endloop
endfacet
facet normal 0.0001084769758576982 0.7071059748657612 0.7071075791857184
outer loop
vertex 14.282395362854004 56.24610900878906 -1
vertex -92.61680603027344 56.262508392333984 -1
vertex -92.58186340332031 55.26250076293945 0
endloop
endfacet
facet normal -0.04945979213961811 0.7053748815526231 0.7071067850304709
outer loop
vertex -92.61680603027344 56.262508392333984 -1
vertex -93.34722900390625 56.2112922668457 -1
vertex -93.1951904296875 55.21949768066406 0
endloop
endfacet
facet normal -0.04945691604177038 0.7053741649246733 0.7071077010699692
outer loop
vertex -92.61680603027344 56.262508392333984 -1
vertex -93.1951904296875 55.21949768066406 0
vertex -92.58186340332031 55.26250076293945 0
endloop
endfacet
facet normal -0.16411107046854173 0.6877987246718442 0.7071071141555951
outer loop
vertex -93.34722900390625 56.2112922668457 -1
vertex -94.30536651611328 55.9826774597168 -1
vertex -93.98072052001953 55.032066345214844 0
endloop
endfacet
facet normal -0.1641122022457702 0.6877989357848636 0.7071066461342677
outer loop
vertex -93.1951904296875 55.21949768066406 0
vertex -93.34722900390625 56.2112922668457 -1
vertex -93.98072052001953 55.032066345214844 0
endloop
endfacet
facet normal -0.2908890630127619 0.6445032794928186 0.7071061276375417
outer loop
vertex -94.30536651611328 55.9826774597168 -1
vertex -95.20319366455078 55.57745361328125 -1
vertex -94.70508575439453 54.705135345458984 0
endloop
endfacet
facet normal -0.2908865526426624 0.6445032928626755 0.7071071481613208
outer loop
vertex -93.98072052001953 55.032066345214844 0
vertex -94.30536651611328 55.9826774597168 -1
vertex -94.70508575439453 54.705135345458984 0
endloop
endfacet
facet normal -0.40722899081677344 0.5780706329107326 0.7071059979978512
outer loop
vertex -95.20319366455078 55.57745361328125 -1
vertex -96.00847625732422 55.010162353515625 -1
vertex -95.35478210449219 54.2474479675293 0
endloop
endfacet
facet normal -0.40722958969524253 0.5780705145803928 0.7071057498347785
outer loop
vertex -94.70508575439453 54.705135345458984 0
vertex -95.20319366455078 55.57745361328125 -1
vertex -95.35478210449219 54.2474479675293 0
endloop
endfacet
facet normal -0.5089429534942095 0.49089533102987576 0.7071059638142361
outer loop
vertex -96.00847625732422 55.010162353515625 -1
vertex -96.25386810302734 54.7557487487793 -1
vertex -95.35478210449219 54.2474479675293 0
endloop
endfacet
facet normal -0.5089469121290148 0.49089000191663207 0.7071068141749377
outer loop
vertex -95.35478210449219 54.2474479675293 0
vertex -96.25386810302734 54.7557487487793 -1
vertex -95.906494140625 53.67544174194336 0
endloop
endfacet
facet normal -0.508947415331731 0.49088969930992443 0.7071066620663127
outer loop
vertex -96.25386810302734 54.7557487487793 -1
vertex -96.69231414794922 54.30117416381836 -1
vertex -95.906494140625 53.67544174194336 0
endloop
endfacet
facet normal -0.5923976617126275 0.3860868712595248 0.7071081517267657
outer loop
vertex -96.69231414794922 54.30117416381836 -1
vertex -97.23015594482422 53.475929260253906 -1
vertex -96.34041595458984 53.009639739990234 0
endloop
endfacet
facet normal -0.5924012963049804 0.3860845181205684 0.7071063915732819
outer loop
vertex -95.906494140625 53.67544174194336 0
vertex -96.69231414794922 54.30117416381836 -1
vertex -96.34041595458984 53.009639739990234 0
endloop
endfacet
facet normal -0.6545826476671762 0.2674306661152675 0.7071084755496669
outer loop
vertex -96.34041595458984 53.009639739990234 0
vertex -97.23015594482422 53.475929260253906 -1
vertex -96.64098358154297 52.273948669433594 0
endloop
endfacet
facet normal -0.654584544456334 0.2674288476987541 0.7071074073840625
outer loop
vertex -97.23015594482422 53.475929260253906 -1
vertex -97.60269927978516 52.564056396484375 -1
vertex -96.64098358154297 52.273948669433594 0
endloop
endfacet
facet normal -0.6932754939364875 0.13916821162876067 0.7071076992786683
outer loop
vertex -97.60269927978516 52.564056396484375 -1
vertex -96.79659271240234 51.49877166748047 0
vertex -96.64098358154297 52.273948669433594 0
endloop
endfacet
facet normal -0.6932781692069139 0.13916442467381873 0.7071058216464595
outer loop
vertex -97.60269927978516 52.564056396484375 -1
vertex -97.79656219482422 51.59828567504883 -1
vertex -96.79659271240234 51.49877166748047 0
endloop
endfacet
facet normal -0.7071077906925869 0.00019628353134623237 0.7071057444361656
outer loop
vertex -97.79656219482422 51.59828567504883 -1
vertex -96.8250503540039 -51.01935577392578 0
vertex -96.79659271240234 51.49877166748047 0
endloop
endfacet
facet normal -0.7071056311133411 0.00019632502152404068 0.7071079040035471
outer loop
vertex -97.80866241455078 8.016813278198242 -1
vertex -96.8250503540039 -51.01935577392578 0
vertex -97.79656219482422 51.59828567504883 -1
endloop
endfacet
facet normal -0.707107493140118 0.00019626245783839843 0.7071060419952199
outer loop
vertex -97.80866241455078 8.016813278198242 -1
vertex -97.82505798339844 -51.054237365722656 -1
vertex -96.8250503540039 -51.01935577392578 0
endloop
endfacet
facet normal -0.7053756265018805 -0.04945786071377864 0.7071061769993925
outer loop
vertex -97.82505798339844 -51.054237365722656 -1
vertex -96.78205108642578 -51.63261795043945 0
vertex -96.8250503540039 -51.01935577392578 0
endloop
endfacet
facet normal -0.705376129548295 -0.049459879647138064 0.7071055339684154
outer loop
vertex -97.82505798339844 -51.054237365722656 -1
vertex -97.77384185791016 -51.78466033935547 -1
vertex -96.78205108642578 -51.63261795043945 0
endloop
endfacet
facet normal -0.6878000007239836 -0.1641113749388396 0.7071058022812227
outer loop
vertex -97.77384185791016 -51.78466033935547 -1
vertex -97.54522705078125 -52.7427978515625 -1
vertex -96.59461975097656 -52.41815185546875 0
endloop
endfacet
facet normal -0.6878000562538853 -0.16411167263481205 0.7071056791754373
outer loop
vertex -96.78205108642578 -51.63261795043945 0
vertex -97.77384185791016 -51.78466033935547 -1
vertex -96.59461975097656 -52.41815185546875 0
endloop
endfacet
facet normal -0.6445027609776087 -0.29089123861467603 0.7071057052445968
outer loop
vertex -96.59461975097656 -52.41815185546875 0
vertex -97.54522705078125 -52.7427978515625 -1
vertex -96.26768493652344 -53.142513275146484 0
endloop
endfacet
facet normal -0.6445027883409747 -0.29088610296697986 0.7071077930000434
outer loop
vertex -97.54522705078125 -52.7427978515625 -1
vertex -97.14000701904297 -53.640625 -1
vertex -96.26768493652344 -53.142513275146484 0
endloop
endfacet
facet normal -0.578071958364924 -0.4072238184806114 0.7071078931918465
outer loop
vertex -96.26768493652344 -53.142513275146484 0
vertex -97.14000701904297 -53.640625 -1
vertex -95.81000518798828 -53.79220962524414 0
endloop
endfacet
facet normal -0.578070899301607 -0.40722917847911216 0.7071056721423317
outer loop
vertex -97.14000701904297 -53.640625 -1
vertex -96.57271575927734 -54.44590759277344 -1
vertex -95.81000518798828 -53.79220962524414 0
endloop
endfacet
facet normal -0.4908872209011794 -0.5089495881689884 0.7071068187045957
outer loop
vertex -95.86372375488281 -55.12974548339844 -1
vertex -95.23799133300781 -54.34392547607422 0
vertex -96.31829071044922 -54.69131088256836 -1
endloop
endfacet
facet normal -0.49089570837610685 -0.5089425030833163 0.7071060260337263
outer loop
vertex -96.57271575927734 -54.44590759277344 -1
vertex -96.31829071044922 -54.69131088256836 -1
vertex -95.81000518798828 -53.79220962524414 0
endloop
endfacet
facet normal -0.4908880691911106 -0.5089481775799254 0.7071072450936252
outer loop
vertex -95.81000518798828 -53.79220962524414 0
vertex -96.31829071044922 -54.69131088256836 -1
vertex -95.23799133300781 -54.34392547607422 0
endloop
endfacet
facet normal -0.38608918176080537 -0.5923984684852939 0.7071062142730398
outer loop
vertex -95.86372375488281 -55.12974548339844 -1
vertex -95.03848266601562 -55.66758728027344 -1
vertex -94.57219696044922 -54.77785110473633 0
endloop
endfacet
facet normal -0.3860898354411188 -0.5923974588256826 0.707106703225138
outer loop
vertex -95.23799133300781 -54.34392547607422 0
vertex -95.86372375488281 -55.12974548339844 -1
vertex -94.57219696044922 -54.77785110473633 0
endloop
endfacet
facet normal -0.2674269275871198 -0.6545865473154577 0.7071062794763892
outer loop
vertex -95.03848266601562 -55.66758728027344 -1
vertex -94.1266098022461 -56.04012680053711 -1
vertex -93.83650207519531 -55.07841491699219 0
endloop
endfacet
facet normal -0.2674273138845546 -0.6545861443711519 0.7071065063947591
outer loop
vertex -94.57219696044922 -54.77785110473633 0
vertex -95.03848266601562 -55.66758728027344 -1
vertex -93.83650207519531 -55.07841491699219 0
endloop
endfacet
facet normal -0.13916720758433948 -0.6932756526657725 0.7071077412629737
outer loop
vertex -94.1266098022461 -56.04012680053711 -1
vertex -93.16084289550781 -56.23399353027344 -1
vertex -93.06147003173828 -55.23398971557617 0
endloop
endfacet
facet normal -0.13916401493158445 -0.6932779077961408 0.7071061585857723
outer loop
vertex -93.83650207519531 -55.07841491699219 0
vertex -94.1266098022461 -56.04012680053711 -1
vertex -93.06147003173828 -55.23398971557617 0
endloop
endfacet
facet normal 0.000017345647022081624 -0.7070827182109589 0.7071308431305554
outer loop
vertex -79.11518096923828 -55.667720794677734 -0.43407300114631653
vertex 76.17780303955078 -55.54998016357422 -0.32014966011047363
vertex 76.76959991455078 -55.52418518066406 -0.29437094926834106
endloop
endfacet
facet normal 0.000017541330626112504 -0.7071358461657001 0.7070777147950719
outer loop
vertex -79.49612426757812 -55.63875961303711 -0.4050999879837036
vertex -79.11518096923828 -55.667720794677734 -0.43407300114631653
vertex 78.46668243408203 -55.229774475097656 0
endloop
endfacet
facet normal 0.000017606201417396302 -0.7071018229466355 0.7071117391725061
outer loop
vertex -93.06147003173828 -55.23398971557617 0
vertex -85.71388244628906 -55.52862548828125 -0.2948145866394043
vertex -84.62675476074219 -55.49941635131836 -0.2656329274177551
endloop
endfacet
facet normal 0.00001727469048369814 -0.7071071345615364 0.7071064276003708
outer loop
vertex 83.36668395996094 -55.663291931152344 -0.43363896012306213
vertex 83.36668395996094 -56.229652404785156 -1
vertex 93.0478286743164 -56.22941589355469 -1
endloop
endfacet
facet normal 0.000016766535581236186 -0.707099210899037 0.7071143511942338
outer loop
vertex 82.22740173339844 -55.58342742919922 -0.3537485897541046
vertex 82.99143981933594 -55.634761810302734 -0.4050999879837036
vertex 92.99724578857422 -55.22941589355469 0
endloop
endfacet
facet normal 0.000017136304127574446 -0.7071037761098347 0.7071097860428462
outer loop
vertex 82.99143981933594 -55.634761810302734 -0.4050999879837036
vertex 83.36668395996094 -55.663291931152344 -0.43363896012306213
vertex 92.99724578857422 -55.22941589355469 0
endloop
endfacet
facet normal 0.000017367422523386218 -0.7071063418325951 0.7071072203269442
outer loop
vertex 83.36668395996094 -55.663291931152344 -0.43363896012306213
vertex 93.0478286743164 -56.22941589355469 -1
vertex 92.99724578857422 -55.22941589355469 0
endloop
endfacet
facet normal 0.000017107108268776435 -0.7071062823758719 0.7071072797899344
outer loop
vertex -93.06147003173828 -55.23398971557617 0
vertex -93.16084289550781 -56.23399353027344 -1
vertex -88.11518096923828 -56.23387145996094 -1
endloop
endfacet
facet normal 0.00001684524605498353 -0.7071069300405726 0.707106632131841
outer loop
vertex -93.06147003173828 -55.23398971557617 0
vertex -88.11518096923828 -56.23387145996094 -1
vertex -88.11518096923828 -55.66796875 -0.4340970516204834
endloop
endfacet
facet normal 0.000017664246077966115 -0.7071022633620262 0.70711129876157
outer loop
vertex -93.06147003173828 -55.23398971557617 0
vertex -88.11518096923828 -55.66796875 -0.4340970516204834
vertex -87.73394012451172 -55.63896179199219 -0.4050999879837036
endloop
endfacet
facet normal 0.00001842112183540304 -0.7070972856246178 0.7071162763810207
outer loop
vertex -93.06147003173828 -55.23398971557617 0
vertex -87.73394012451172 -55.63896179199219 -0.4050999879837036
vertex -86.9786376953125 -55.588172912597656 -0.3543321490287781
endloop
endfacet
facet normal 0.000017061129247014358 -0.7071089616762773 0.7071046004842669
outer loop
vertex -93.06147003173828 -55.23398971557617 0
vertex -86.9786376953125 -55.588172912597656 -0.3543321490287781
vertex -86.29549407958984 -55.55397415161133 -0.32014966011047363
endloop
endfacet
facet normal 0.00001687949005281644 -0.7071108815277011 0.707102680620149
outer loop
vertex -93.06147003173828 -55.23398971557617 0
vertex -86.29549407958984 -55.55397415161133 -0.32014966011047363
vertex -85.71388244628906 -55.52862548828125 -0.2948145866394043
endloop
endfacet
facet normal 0.00001728771376025071 -0.7071036398321163 0.7071099223156946
outer loop
vertex 79.26668548583984 -55.22975158691406 0
vertex 79.87747192382812 -55.49494552612305 -0.265206515789032
vertex 92.99724578857422 -55.22941589355469 0
endloop
endfacet
facet normal 0.000017397692747583903 -0.7071098900775705 0.707103672067828
outer loop
vertex 78.46668243408203 -55.229774475097656 0
vertex -79.11518096923828 -55.667720794677734 -0.43407300114631653
vertex 77.85588836669922 -55.494998931884766 -0.2652117609977722
endloop
endfacet
facet normal 0.0000172942878633291 -0.7071067770299057 0.7071067851316991
outer loop
vertex -93.06147003173828 -55.23398971557617 0
vertex -84.62675476074219 -55.49941635131836 -0.2656329274177551
vertex -84.01518249511719 -55.233768463134766 0
endloop
endfacet
facet normal 0.000017391616597950236 -0.707113533699243 0.7071000283954888
outer loop
vertex -79.11518096923828 -55.667720794677734 -0.43407300114631653
vertex 75.50585174560547 -55.5836181640625 -0.35377177596092224
vertex 76.17780303955078 -55.54998016357422 -0.32014966011047363
endloop
endfacet
facet normal 0.000017393007420559214 -0.7071148417477913 0.7070987203195035
outer loop
vertex -79.11518096923828 -55.667720794677734 -0.43407300114631653
vertex 74.7422103881836 -55.63496398925781 -0.4050999879837036
vertex 75.50585174560547 -55.5836181640625 -0.35377177596092224
endloop
endfacet
facet normal 0.000017390646391424084 -0.7071089570826159 0.7071046050699292
outer loop
vertex -79.11518096923828 -55.667720794677734 -0.43407300114631653
vertex 74.36668395996094 -55.663536071777344 -0.433663010597229
vertex 74.7422103881836 -55.63496398925781 -0.4050999879837036
endloop
endfacet
facet normal 0.00001739057011005144 -0.7071064089792803 0.7071071531797672
outer loop
vertex -79.11518096923828 -55.667720794677734 -0.43407300114631653
vertex 74.36668395996094 -56.22987365722656 -1
vertex 74.36668395996094 -55.663536071777344 -0.433663010597229
endloop
endfacet
facet normal 0.000017996086904615853 -0.7071179206729177 0.7070956412956808
outer loop
vertex 92.99724578857422 -55.22941589355469 0
vertex 81.55584716796875 -55.54984664916992 -0.32014966011047363
vertex 82.22740173339844 -55.58342742919922 -0.3537485897541046
endloop
endfacet
facet normal 0.00001738404167188656 -0.7071055713419606 0.7071079908153736
outer loop
vertex -83.21517944335938 -55.23374938964844 0
vertex -82.6036148071289 -55.49936294555664 -0.2656276822090149
vertex 78.46668243408203 -55.229774475097656 0
endloop
endfacet
facet normal 0.000017429622908074326 -0.7071164383916193 0.707097123634766
outer loop
vertex -80.93458557128906 -55.5538444519043 -0.32014966011047363
vertex -80.2518310546875 -55.58798599243164 -0.35430896282196045
vertex 78.46668243408203 -55.229774475097656 0
endloop
endfacet
facet normal 0.00001732758592861338 -0.7070911909604799 0.7071223708565901
outer loop
vertex 78.46668243408203 -55.229774475097656 0
vertex -81.51651763916016 -55.52851104736328 -0.29480311274528503
vertex -80.93458557128906 -55.5538444519043 -0.32014966011047363
endloop
endfacet
facet normal 0.000017410692101632682 -0.7071135916073632 0.7070999704857884
outer loop
vertex -82.6036148071289 -55.49936294555664 -0.2656276822090149
vertex -81.51651763916016 -55.52851104736328 -0.29480311274528503
vertex 78.46668243408203 -55.229774475097656 0
endloop
endfacet
facet normal 0.000017350680994865298 -0.7070988535957646 0.7071147084755833
outer loop
vertex -80.2518310546875 -55.58798599243164 -0.35430896282196045
vertex -79.49612426757812 -55.63875961303711 -0.4050999879837036
vertex 78.46668243408203 -55.229774475097656 0
endloop
endfacet
facet normal 0.000017398919586193358 -0.7071052729825845 0.707108289173237
outer loop
vertex -79.11518096923828 -55.667720794677734 -0.43407300114631653
vertex -79.11518096923828 -56.23365020751953 -1
vertex 74.36668395996094 -56.22987365722656 -1
endloop
endfacet
facet normal 0.000017245206515602523 -0.7071045093012956 0.7071090528542092
outer loop
vertex 92.99724578857422 -55.22941589355469 0
vertex 80.9637222290039 -55.524070739746094 -0.2943594753742218
vertex 81.55584716796875 -55.54984664916992 -0.32014966011047363
endloop
endfacet
facet normal 0.000018444688459611448 -0.7071043503093527 0.707109211814824
outer loop
vertex -82.6036148071289 -55.49936294555664 -0.2656276822090149
vertex -83.21517944335938 -55.23374938964844 0
vertex -83.21517944335938 -55.49383544921875 -0.26008427143096924
endloop
endfacet
facet normal 0.00001761454967581092 -0.7071071456882246 0.7071064164652867
outer loop
vertex -84.01518249511719 -55.233768463134766 0
vertex -84.62675476074219 -55.49941635131836 -0.2656329274177551
vertex -84.01518249511719 -55.49385452270508 -0.260086327791214
endloop
endfacet
facet normal 0.00001769281324420023 -0.7071136538418386 0.707099908243106
outer loop
vertex 79.87747192382812 -55.49494552612305 -0.265206515789032
vertex 80.9637222290039 -55.524070739746094 -0.2943594753742218
vertex 92.99724578857422 -55.22941589355469 0
endloop
endfacet
facet normal 0.000014665603406274534 -0.707106659378641 0.7071069028423486
outer loop
vertex 79.26668548583984 -55.48942184448242 -0.2596701681613922
vertex 79.87747192382812 -55.49494552612305 -0.265206515789032
vertex 79.26668548583984 -55.22975158691406 0
endloop
endfacet
facet normal 0.000017023470449321836 -0.7071094591691954 0.7071041029888381
outer loop
vertex 78.46668243408203 -55.229774475097656 0
vertex 77.85588836669922 -55.494998931884766 -0.2652117609977722
vertex 78.46668243408203 -55.489444732666016 -0.25967222452163696
endloop
endfacet
facet normal 0.00001738147738183172 -0.7071024384635777 0.7071111236692198
outer loop
vertex 76.76959991455078 -55.52418518066406 -0.29437094926834106
vertex 77.85588836669922 -55.494998931884766 -0.2652117609977722
vertex -79.11518096923828 -55.667720794677734 -0.43407300114631653
endloop
endfacet
facet normal 0.07134554387738927 -0.7034980925008394 0.7071069559950036
outer loop
vertex 92.99724578857422 -55.22941589355469 0
vertex 93.0478286743164 -56.22941589355469 -1
vertex 93.1131362915039 -55.2176628112793 0
endloop
endfacet
facet normal 0.0713437078060018 -0.7034981250644431 0.7071071088507773
outer loop
vertex 93.0478286743164 -56.22941589355469 -1
vertex 93.2508773803711 -56.208824157714844 -1
vertex 93.1131362915039 -55.2176628112793 0
endloop
endfacet
facet normal 0.18503104653946084 -0.6419324074470326 -0.7441009985786666
outer loop
vertex 92.915283203125 -55.068721771240234 -11.917863845825195
vertex 94.47195434570312 -54.647335052490234 -11.894304275512695
vertex 94.87371826171875 -55.62378692626953 -10.952019691467285
endloop
endfacet
facet normal 0.18502998185214817 -0.641933036706205 -0.7441007204679644
outer loop
vertex 93.0478286743164 -56.11804962158203 -10.979653358459473
vertex 92.915283203125 -55.068721771240234 -11.917863845825195
vertex 93.80797576904297 -56.11025619506836 -10.797356605529785
endloop
endfacet
facet normal 0.18505752071194714 -0.641894283659 -0.7441273027069
outer loop
vertex 92.915283203125 -55.068721771240234 -11.917863845825195
vertex 94.9050064086914 -55.717987060546875 -10.8629732131958
vertex 94.87371826171875 -55.73515319824219 -10.85594654083252
endloop
endfacet
facet normal 0.1850301502996318 -0.6419327234805752 -0.7441009487998971
outer loop
vertex 92.915283203125 -55.068721771240234 -11.917863845825195
vertex 94.87371826171875 -55.73515319824219 -10.85594654083252
vertex 94.35106658935547 -55.95174026489258 -10.79906177520752
endloop
endfacet
facet normal 0.18503023772097346 -0.6419336883503758 -0.7441000946712764
outer loop
vertex 92.915283203125 -55.068721771240234 -11.917863845825195
vertex 94.87371826171875 -55.62378692626953 -10.952019691467285
vertex 94.9050064086914 -55.717987060546875 -10.8629732131958
endloop
endfacet
facet normal 0.1722986823369933 -0.6565545469715912 -0.7343359523514184
outer loop
vertex 93.0478286743164 -56.22941589355469 -10.880083084106445
vertex 93.0478286743164 -56.11804962158203 -10.979653358459473
vertex 93.2508773803711 -56.208824157714844 -10.850852012634277
endloop
endfacet
facet normal 0.1850300965310596 -0.6419324187273464 -0.7441012250793341
outer loop
vertex 93.2508773803711 -56.208824157714844 -10.850852012634277
vertex 93.0478286743164 -56.11804962158203 -10.979653358459473
vertex 93.80797576904297 -56.11025619506836 -10.797356605529785
endloop
endfacet
facet normal 0.18502952556895155 -0.6419333028429843 -0.7441006043330607
outer loop
vertex 93.80797576904297 -56.11025619506836 -10.797356605529785
vertex 92.915283203125 -55.068721771240234 -11.917863845825195
vertex 94.35106658935547 -55.95174026489258 -10.79906177520752
endloop
endfacet
facet normal 0.37464126582546714 -0.5681667232906937 -0.7326871750520872
outer loop
vertex 94.9050064086914 -55.717987060546875 -10.8629732131958
vertex 94.87371826171875 -55.62378692626953 -10.952019691467285
vertex 95.36973571777344 -55.46305847167969 -10.823031425476074
endloop
endfacet
facet normal 0.3737429537610208 -0.5598388538624559 -0.7395246190763084
outer loop
vertex 95.83325958251953 -55.1386833190918 -10.83436107635498
vertex 94.47195434570312 -54.647335052490234 -11.894304275512695
vertex 95.8813705444336 -55.096527099609375 -10.841959953308105
endloop
endfacet
facet normal 0.37371376552625235 -0.5598843326062284 -0.739504939509039
outer loop
vertex 94.47195434570312 -54.647335052490234 -11.894304275512695
vertex 95.83325958251953 -55.02731704711914 -10.918672561645508
vertex 95.8813705444336 -55.096527099609375 -10.841959953308105
endloop
endfacet
facet normal 0.37372326378313886 -0.5598685872993547 -0.7395120601198489
outer loop
vertex 94.47195434570312 -54.647335052490234 -11.894304275512695
vertex 95.16795349121094 -54.214691162109375 -11.870116233825684
vertex 95.83325958251953 -55.02731704711914 -10.918672561645508
endloop
endfacet
facet normal 0.37372231861287647 -0.5598691096093927 -0.7395121423450745
outer loop
vertex 95.36973571777344 -55.46305847167969 -10.823031425476074
vertex 94.47195434570312 -54.647335052490234 -11.894304275512695
vertex 95.83325958251953 -55.1386833190918 -10.83436107635498
endloop
endfacet
facet normal 0.37372635736904214 -0.5598655365895904 -0.7395128063440938
outer loop
vertex 94.87371826171875 -55.62378692626953 -10.952019691467285
vertex 94.47195434570312 -54.647335052490234 -11.894304275512695
vertex 95.36973571777344 -55.46305847167969 -10.823031425476074
endloop
endfacet
facet normal 0.546588919652173 -0.408434787880066 -0.7310414331368885
outer loop
vertex 96.64129638671875 -54.3490104675293 -10.693489074707031
vertex 97.29700469970703 -53.318885803222656 -10.778759002685547
vertex 96.97624206542969 -53.893070220947266 -10.697790145874023
endloop
endfacet
facet normal 0.5465849565297903 -0.4084334637451598 -0.731045136081527
outer loop
vertex 96.2587890625 -54.76586151123047 -10.746586799621582
vertex 95.16795349121094 -54.214691162109375 -11.870116233825684
vertex 96.64129638671875 -54.3490104675293 -10.693489074707031
endloop
endfacet
facet normal 0.5496856943765518 -0.41895353012893066 -0.7227195700894472
outer loop
vertex 95.8813705444336 -55.096527099609375 -10.841959953308105
vertex 95.83325958251953 -55.02731704711914 -10.918672561645508
vertex 96.2587890625 -54.76586151123047 -10.746586799621582
endloop
endfacet
facet normal 0.5465854815857427 -0.40843190317590206 -0.7310456153946842
outer loop
vertex 96.64129638671875 -54.3490104675293 -10.693489074707031
vertex 95.16795349121094 -54.214691162109375 -11.870116233825684
vertex 97.2596664428711 -53.29206848144531 -10.821657180786133
endloop
endfacet
facet normal 0.5465854562195609 -0.4084316866321666 -0.7310457553423438
outer loop
vertex 95.16795349121094 -54.214691162109375 -11.870116233825684
vertex 96.35071563720703 -52.775840759277344 -11.789671897888184
vertex 97.2596664428711 -53.29206848144531 -10.821657180786133
endloop
endfacet
facet normal 0.5465902100808059 -0.408435329997686 -0.7310401654174016
outer loop
vertex 96.97624206542969 -53.893070220947266 -10.697790145874023
vertex 97.29700469970703 -53.318885803222656 -10.778759002685547
vertex 97.2596664428711 -53.40343475341797 -10.759438514709473
endloop
endfacet
facet normal 0.5465869410443059 -0.4084302133371395 -0.7310454682940092
outer loop
vertex 95.83325958251953 -55.02731704711914 -10.918672561645508
vertex 95.16795349121094 -54.214691162109375 -11.870116233825684
vertex 96.2587890625 -54.76586151123047 -10.746586799621582
endloop
endfacet
facet normal 0.5465739255124498 -0.4084265524487421 -0.7310572448206407
outer loop
vertex 97.29700469970703 -53.318885803222656 -10.778759002685547
vertex 96.64129638671875 -54.3490104675293 -10.693489074707031
vertex 97.2596664428711 -53.29206848144531 -10.821657180786133
endloop
endfacet
facet normal 0.6847437453634594 -0.13667935892925556 -0.7158524680605003
outer loop
vertex 96.35071563720703 -52.775840759277344 -11.789671897888184
vertex 96.8255615234375 -50.93574905395508 -11.68679428100586
vertex 97.8209457397461 -51.1170539855957 -10.70004940032959
endloop
endfacet
facet normal 0.6977373300330547 -0.14928093292263808 -0.7006267346769539
outer loop
vertex 97.29700469970703 -53.318885803222656 -10.778759002685547
vertex 97.2596664428711 -53.29206848144531 -10.821657180786133
vertex 97.48821258544922 -52.885902404785156 -10.680594444274902
endloop
endfacet
facet normal 0.6847429709090141 -0.13667801767483592 -0.7158534649459862
outer loop
vertex 97.65917205810547 -52.34659957885742 -10.620035171508789
vertex 96.35071563720703 -52.775840759277344 -11.789671897888184
vertex 97.8209457397461 -51.1170539855957 -10.70004940032959
endloop
endfacet
facet normal 0.6847431195783119 -0.1366797700934319 -0.715852988145868
outer loop
vertex 97.48821258544922 -52.885902404785156 -10.680594444274902
vertex 96.35071563720703 -52.775840759277344 -11.789671897888184
vertex 97.65917205810547 -52.34659957885742 -10.620035171508789
endloop
endfacet
facet normal 0.6847429397522412 -0.1366809984913538 -0.7158529256145183
outer loop
vertex 97.2596664428711 -53.29206848144531 -10.821657180786133
vertex 96.35071563720703 -52.775840759277344 -11.789671897888184
vertex 97.48821258544922 -52.885902404785156 -10.680594444274902
endloop
endfacet
facet normal 0.6847917953707175 -0.1366813606267619 -0.7158061208526835
outer loop
vertex 97.65917205810547 -52.34659957885742 -10.620035171508789
vertex 97.8209457397461 -51.1170539855957 -10.70004940032959
vertex 97.77051544189453 -51.79191589355469 -10.619431495666504
endloop
endfacet
facet normal 0.6848062777008423 -0.13668080051171713 -0.7157923726842812
outer loop
vertex 97.77051544189453 -51.79191589355469 -10.619431495666504
vertex 97.8209457397461 -51.1170539855957 -10.70004940032959
vertex 97.82093811035156 -51.228416442871094 -10.678791999816895
endloop
endfacet
facet normal 0.7071110767050783 0.03979425385613945 -0.7059818287753715
outer loop
vertex 97.82493591308594 51.05425262451172 -4.936880111694336
vertex 96.79021453857422 26.169057846069336 -7.375966548919678
vertex 97.77371978759766 51.78467559814453 -4.9470062255859375
endloop
endfacet
facet normal 0.7071074629255752 0.03979479552468127 -0.705985417784323
outer loop
vertex 96.79021453857422 26.169057846069336 -7.375966548919678
vertex 96.77847290039062 51.787166595458984 -5.943692207336426
vertex 97.74769592285156 51.893733978271484 -4.966921806335449
endloop
endfacet
facet normal 0.707106580990447 0.039794916877840134 -0.7059862942796312
outer loop
vertex 97.82493591308594 29.937938690185547 -6.127159595489502
vertex 96.8255615234375 -50.93574905395508 -11.68679428100586
vertex 96.79021453857422 26.169057846069336 -7.375966548919678
endloop
endfacet
facet normal 0.7071092622781541 0.03979332071008132 -0.7059836986980007
outer loop
vertex 97.82493591308594 29.937938690185547 -6.127159595489502
vertex 96.79021453857422 26.169057846069336 -7.375966548919678
vertex 97.75260925292969 31.081146240234375 -6.1351637840271
endloop
endfacet
facet normal 0.7071010005850616 0.03979697752592579 -0.7059917673396806
outer loop
vertex 97.75260925292969 31.081146240234375 -6.1351637840271
vertex 96.79021453857422 26.169057846069336 -7.375966548919678
vertex 97.79644012451172 31.526729583740234 -6.066146373748779
endloop
endfacet
facet normal 0.707080755376478 0.03979827618390765 -0.7060119705706263
outer loop
vertex 96.79021453857422 26.169057846069336 -7.375966548919678
vertex 97.74769592285156 51.893733978271484 -4.966921806335449
vertex 97.77371978759766 51.78467559814453 -4.9470062255859375
endloop
endfacet
facet normal 0.7071069051984915 0.039794890650209115 -0.7059859710353668
outer loop
vertex 97.8209457397461 -51.1170539855957 -10.70004940032959
vertex 96.8255615234375 -50.93574905395508 -11.68679428100586
vertex 97.82493591308594 29.937938690185547 -6.127159595489502
endloop
endfacet
facet normal 0.707105598348107 0.03979501524656844 -0.7059872729350658
outer loop
vertex 97.79644012451172 31.526729583740234 -6.066146373748779
vertex 96.79021453857422 26.169057846069336 -7.375966548919678
vertex 97.82493591308594 51.05425262451172 -4.936880111694336
endloop
endfacet
facet normal 0.6692699021747641 0.26732280559119276 -0.693264967854164
outer loop
vertex 96.77847290039062 51.787166595458984 -5.943692207336426
vertex 96.25946807861328 53.3068962097168 -5.8587260246276855
vertex 97.13988494873047 53.64064025878906 -4.880090236663818
endloop
endfacet
facet normal 0.6692671542392753 0.26732985860328934 -0.6932649009978852
outer loop
vertex 97.13988494873047 53.64064025878906 -4.880090236663818
vertex 96.25946807861328 53.3068962097168 -5.8587260246276855
vertex 97.0817642211914 53.72314453125 -4.904384613037109
endloop
endfacet
facet normal 0.6692704914698394 0.26732256681880096 -0.6932644910257033
outer loop
vertex 97.74769592285156 51.893733978271484 -4.966921806335449
vertex 96.77847290039062 51.787166595458984 -5.943692207336426
vertex 97.54510498046875 52.74281692504883 -4.835094928741455
endloop
endfacet
facet normal 0.6692706630276705 0.26732233898120533 -0.6932644132595585
outer loop
vertex 97.54510498046875 52.74281692504883 -4.835094928741455
vertex 96.77847290039062 51.787166595458984 -5.943692207336426
vertex 97.13988494873047 53.64064025878906 -4.880090236663818
endloop
endfacet
facet normal 0.5372474317274012 0.49849849054262424 -0.6803414231318248
outer loop
vertex 96.25946807861328 53.3068962097168 -5.8587260246276855
vertex 95.26387786865234 54.468509674072266 -5.793781757354736
vertex 95.86360168457031 55.1297607421875 -4.8356852531433105
endloop
endfacet
facet normal 0.5372482801908153 0.49849835465388115 -0.6803408526903149
outer loop
vertex 96.25946807861328 53.3068962097168 -5.8587260246276855
vertex 95.86360168457031 55.1297607421875 -4.8356852531433105
vertex 96.57259368896484 54.445926666259766 -4.776869773864746
endloop
endfacet
facet normal 0.5372585771995744 0.4984874018341291 -0.6803407465661222
outer loop
vertex 95.86360168457031 55.1297607421875 -4.8356852531433105
vertex 95.26387786865234 54.468509674072266 -5.793781757354736
vertex 95.80593872070312 55.16734313964844 -4.853684425354004
endloop
endfacet
facet normal 0.5372495642412807 0.49849757863586464 -0.6803404073085281
outer loop
vertex 97.0817642211914 53.72314453125 -4.904384613037109
vertex 96.25946807861328 53.3068962097168 -5.8587260246276855
vertex 96.57259368896484 54.445926666259766 -4.776869773864746
endloop
endfacet
facet normal 0.26778517142326536 0.6928903695438801 -0.6694729552111555
outer loop
vertex 95.26387786865234 54.468509674072266 -5.793781757354736
vertex 93.13737487792969 56.234012603759766 -4.817111968994141
vertex 94.1264877319336 56.04014205932617 -4.622124671936035
endloop
endfacet
facet normal 0.2677845817945142 0.69289003695542 -0.6694735352805619
outer loop
vertex 95.80593872070312 55.16734313964844 -4.853684425354004
vertex 95.26387786865234 54.468509674072266 -5.793781757354736
vertex 95.03836059570312 55.6676025390625 -4.642952919006348
endloop
endfacet
facet normal 0.26778401749902275 0.692890092390546 -0.6694737036203167
outer loop
vertex 95.03836059570312 55.6676025390625 -4.642952919006348
vertex 95.26387786865234 54.468509674072266 -5.793781757354736
vertex 94.1264877319336 56.04014205932617 -4.622124671936035
endloop
endfacet
facet normal 0.26778646707398857 0.6928911796190595 -0.6694715985448073
outer loop
vertex 95.26387786865234 54.468509674072266 -5.793781757354736
vertex 92.96501922607422 55.40769958496094 -5.741272926330566
vertex 93.13737487792969 56.234012603759766 -4.817111968994141
endloop
endfacet
facet normal -0.00008679030265561213 0.7454726868898719 -0.6665361697377257
outer loop
vertex 92.96501922607422 55.40769958496094 -5.741272926330566
vertex 79.84746551513672 56.04111099243164 -5.031139850616455
vertex 79.86666870117188 56.23604965209961 -4.813117504119873
endloop
endfacet
facet normal -0.00008625995695252342 0.7454774992110355 -0.6665307875329394
outer loop
vertex 78.30967712402344 55.405914306640625 -5.741372585296631
vertex -82.78370666503906 55.70555877685547 -5.3853888511657715
vertex -82.69129943847656 55.87844467163086 -5.192037582397461
endloop
endfacet
facet normal -0.00008649659218320023 0.7454712325028402 -0.6665377963994509
outer loop
vertex 92.96501922607422 55.40769958496094 -5.741272926330566
vertex 79.57379150390625 55.52909469604492 -5.603764057159424
vertex 79.69815063476562 55.680633544921875 -5.434295654296875
endloop
endfacet
facet normal -0.00008616848535836883 0.745478295927572 -0.666529896460703
outer loop
vertex 92.96501922607422 55.40769958496094 -5.741272926330566
vertex 79.69815063476562 55.680633544921875 -5.434295654296875
vertex 79.79056549072266 55.853519439697266 -5.240943908691406
endloop
endfacet
facet normal -0.00008614182408287886 0.7454786452864502 -0.666529505724589
outer loop
vertex 92.96501922607422 55.40769958496094 -5.741272926330566
vertex 79.79056549072266 55.853519439697266 -5.240943908691406
vertex 79.84746551513672 56.04111099243164 -5.031139850616455
endloop
endfacet
facet normal -0.00008625585493773324 0.7454773697665401 -0.6665309323098879
outer loop
vertex -82.61519622802734 56.2609748840332 -4.764211177825928
vertex 77.94280242919922 55.853519439697266 -5.2407050132751465
vertex 78.03520965576172 55.680633544921875 -5.434080123901367
endloop
endfacet
facet normal -0.00008624778816362864 0.7454787470548988 -0.6665293918881425
outer loop
vertex 77.94280242919922 55.853519439697266 -5.2407050132751465
vertex -82.61519622802734 56.2609748840332 -4.764211177825928
vertex 77.88589477539062 56.04111099243164 -5.030886173248291
endloop
endfacet
facet normal -0.00008619467673444175 0.7454768669460136 -0.6665314946938614
outer loop
vertex 92.96501922607422 55.40769958496094 -5.741272926330566
vertex 79.86666870117188 56.23604965209961 -4.813117504119873
vertex 93.13737487792969 56.234012603759766 -4.817111968994141
endloop
endfacet
facet normal -0.00008624755354391431 0.7454759997209929 -0.666532464626702
outer loop
vertex -84.17074584960938 55.429656982421875 -5.693786144256592
vertex -93.13265228271484 55.38502883911133 -5.74254035949707
vertex -84.3222885131836 55.554019927978516 -5.55467414855957
endloop
endfacet
facet normal -0.00008602227897085244 0.7454707643946662 -0.6665383200034335
outer loop
vertex -84.3222885131836 55.554019927978516 -5.55467414855957
vertex -93.13265228271484 55.38502883911133 -5.74254035949707
vertex -84.44664764404297 55.70555877685547 -5.385173797607422
endloop
endfacet
facet normal -0.00008656391470847824 0.7454772965979162 -0.6665310141049337
outer loop
vertex -84.44664764404297 55.70555877685547 -5.385173797607422
vertex -93.13265228271484 55.38502883911133 -5.74254035949707
vertex -84.53905487060547 55.87844467163086 -5.191798686981201
endloop
endfacet
facet normal -0.000086742551004002 0.7454786803446767 -0.6665294664358727
outer loop
vertex -84.53905487060547 55.87844467163086 -5.191798686981201
vertex -93.13265228271484 55.38502883911133 -5.74254035949707
vertex -84.59596252441406 56.066036224365234 -4.981979846954346
endloop
endfacet
facet normal -0.00008630834619092899 0.7454726643275067 -0.6665361950346869
outer loop
vertex 78.30967712402344 55.405914306640625 -5.741372585296631
vertex -82.63439178466797 56.066036224365234 -4.98223352432251
vertex -82.61519622802734 56.2609748840332 -4.764211177825928
endloop
endfacet
facet normal -0.00008615793798438683 0.7454754220285391 -0.6665331107515823
outer loop
vertex -84.59596252441406 56.066036224365234 -4.981979846954346
vertex -93.13265228271484 55.38502883911133 -5.74254035949707
vertex -93.32203674316406 56.21305847167969 -4.8164167404174805
endloop
endfacet
facet normal -0.00008600317542930525 0.7454794873261801 -0.6665285639635781
outer loop
vertex -84.59596252441406 56.066036224365234 -4.981979846954346
vertex -93.32203674316406 56.21305847167969 -4.8164167404174805
vertex -92.61680603027344 56.262508392333984 -4.761200428009033
endloop
endfacet
facet normal -0.00008618901839731663 0.7454761255390542 -0.6665323239144022
outer loop
vertex -84.59596252441406 56.066036224365234 -4.981979846954346
vertex -92.61680603027344 56.262508392333984 -4.761200428009033
vertex -84.61516571044922 56.26128005981445 -4.763608932495117
endloop
endfacet
facet normal -0.00008625625552700579 0.7454761240941975 -0.6665323255216892
outer loop
vertex 77.88589477539062 56.04111099243164 -5.030886173248291
vertex -82.61519622802734 56.2609748840332 -4.764211177825928
vertex 77.86669921875 56.23635482788086 -4.8125152587890625
endloop
endfacet
facet normal -0.000086277212699744 0.7454738748403075 -0.6665348411649762
outer loop
vertex -83.14082336425781 55.38624572753906 -5.742472171783447
vertex -83.05960845947266 55.429656982421875 -5.693930149078369
vertex 78.30967712402344 55.405914306640625 -5.741372585296631
endloop
endfacet
facet normal -0.0000862760616229426 0.7454762933137143 -0.6665321362572746
outer loop
vertex 78.30967712402344 55.405914306640625 -5.741372585296631
vertex -83.05960845947266 55.429656982421875 -5.693930149078369
vertex -82.90807342529297 55.554019927978516 -5.55485725402832
endloop
endfacet
facet normal -0.00008628742360887548 0.7454711581818902 -0.6665378795488159
outer loop
vertex 78.30967712402344 55.405914306640625 -5.741372585296631
vertex -82.90807342529297 55.554019927978516 -5.55485725402832
vertex -82.78370666503906 55.70555877685547 -5.3853888511657715
endloop
endfacet
facet normal -0.00008619659684970067 0.7454818961696804 -0.6665258697555592
outer loop
vertex 78.30967712402344 55.405914306640625 -5.741372585296631
vertex -82.61519622802734 56.2609748840332 -4.764211177825928
vertex 78.15957641601562 55.52909469604492 -5.603580951690674
endloop
endfacet
facet normal -0.00008630367508443283 0.7454715916041447 -0.6665373947970653
outer loop
vertex 78.15957641601562 55.52909469604492 -5.603580951690674
vertex -82.61519622802734 56.2609748840332 -4.764211177825928
vertex 78.03520965576172 55.680633544921875 -5.434080123901367
endloop
endfacet
facet normal -0.00008625210889373375 0.7454786616992979 -0.6665294873534086
outer loop
vertex 78.30967712402344 55.405914306640625 -5.741372585296631
vertex -82.69129943847656 55.87844467163086 -5.192037582397461
vertex -82.63439178466797 56.066036224365234 -4.98223352432251
endloop
endfacet
facet normal -0.00008640390911506114 0.7454757426417353 -0.666532752133845
outer loop
vertex 92.96501922607422 55.40769958496094 -5.741272926330566
vertex 79.42385864257812 55.40604782104492 -5.7413649559021
vertex 79.57379150390625 55.52909469604492 -5.603764057159424
endloop
endfacet
facet normal -0.00008634634010653797 0.7454849280955228 -0.6665224786357342
outer loop
vertex -84.08931732177734 55.386131286621094 -5.742478847503662
vertex -93.13265228271484 55.38502883911133 -5.74254035949707
vertex -84.17074584960938 55.429656982421875 -5.693786144256592
endloop
endfacet
facet normal -0.2912661486707811 0.6827987857805876 -0.6700371995457011
outer loop
vertex -93.13265228271484 55.38502883911133 -5.74254035949707
vertex -95.37916564941406 54.371089935302734 -5.799228191375732
vertex -95.20319366455078 55.57745361328125 -4.646383285522461
endloop
endfacet
facet normal -0.2912657744981562 0.68279951358687 -0.6700366205301939
outer loop
vertex -94.30536651611328 55.9826774597168 -4.623727321624756
vertex -93.13265228271484 55.38502883911133 -5.74254035949707
vertex -95.20319366455078 55.57745361328125 -4.646383285522461
endloop
endfacet
facet normal -0.29126823179919364 0.6827971675783117 -0.6700379430238307
outer loop
vertex -93.32203674316406 56.21305847167969 -4.8164167404174805
vertex -93.13265228271484 55.38502883911133 -5.74254035949707
vertex -94.30536651611328 55.9826774597168 -4.623727321624756
endloop
endfacet
facet normal -0.2912685403621485 0.6827984591695503 -0.6700364927009509
outer loop
vertex -95.20319366455078 55.57745361328125 -4.646383285522461
vertex -95.37916564941406 54.371089935302734 -5.799228191375732
vertex -95.94950103759766 55.05170822143555 -4.857718467712402
endloop
endfacet
facet normal -0.5534938435667368 0.47883671812692263 -0.6814396249904745
outer loop
vertex -95.37916564941406 54.371089935302734 -5.799228191375732
vertex -96.69231414794922 54.30117416381836 -4.781762599945068
vertex -96.00847625732422 55.010162353515625 -4.839009761810303
endloop
endfacet
facet normal -0.5534936334584818 0.47883301382844146 -0.6814423985847221
outer loop
vertex -95.37916564941406 54.371089935302734 -5.799228191375732
vertex -96.33219909667969 53.17422866821289 -5.866143226623535
vertex -97.17405700683594 53.56201171875 -4.909868240356445
endloop
endfacet
facet normal -0.5534938925499889 0.4788365556512828 -0.6814396993732293
outer loop
vertex -97.17405700683594 53.56201171875 -4.909868240356445
vertex -96.69231414794922 54.30117416381836 -4.781762599945068
vertex -95.37916564941406 54.371089935302734 -5.799228191375732
endloop
endfacet
facet normal -0.5534949860157317 0.47883549268620185 -0.6814395581410043
outer loop
vertex -95.37916564941406 54.371089935302734 -5.799228191375732
vertex -96.00847625732422 55.010162353515625 -4.839009761810303
vertex -95.94950103759766 55.05170822143555 -4.857718467712402
endloop
endfacet
facet normal -0.6770638103757765 0.2430785828806462 -0.6946203273905619
outer loop
vertex -96.33219909667969 53.17422866821289 -5.866143226623535
vertex -96.80120849609375 51.619468688964844 -5.953067779541016
vertex -97.77449798583984 51.70819854736328 -4.97332763671875
endloop
endfacet
facet normal -0.6770621045875101 0.2430791378303634 -0.6946217958595733
outer loop
vertex -96.33219909667969 53.17422866821289 -5.866143226623535
vertex -97.60269927978516 52.564056396484375 -4.841287136077881
vertex -97.23015594482422 53.475929260253906 -4.885307788848877
endloop
endfacet
facet normal -0.6770615382506746 0.24307402809547993 -0.6946241359807968
outer loop
vertex -96.33219909667969 53.17422866821289 -5.866143226623535
vertex -97.77449798583984 51.70819854736328 -4.97332763671875
vertex -97.60269927978516 52.564056396484375 -4.841287136077881
endloop
endfacet
facet normal -0.6770707231852662 0.24305436129908503 -0.6946220650532737
outer loop
vertex -97.17405700683594 53.56201171875 -4.909868240356445
vertex -96.33219909667969 53.17422866821289 -5.866143226623535
vertex -97.23015594482422 53.475929260253906 -4.885307788848877
endloop
endfacet
facet normal -0.7071338116176733 0.03931586952384917 -0.7059858602483797
outer loop
vertex -96.80120849609375 51.619468688964844 -5.953067779541016
vertex -97.78157806396484 -51.67436218261719 -10.723466873168945
vertex -97.82505798339844 -51.054237365722656 -10.645381927490234
endloop
endfacet
facet normal -0.7071064021940509 0.039316874647139774 -0.7060132572014254
outer loop
vertex -96.80120849609375 51.619468688964844 -5.953067779541016
vertex -96.77855682373047 -51.452857971191406 -11.715705871582031
vertex -97.78157806396484 -51.67436218261719 -10.723466873168945
endloop
endfacet
facet normal -0.7071069940330669 0.03932080058818018 -0.7060124458043391
outer loop
vertex -97.77449798583984 51.70819854736328 -4.97332763671875
vertex -96.80120849609375 51.619468688964844 -5.953067779541016
vertex -97.79656219482422 51.59828567504883 -4.957350730895996
endloop
endfacet
facet normal -0.7071070624109791 0.03931682476586974 -0.70601259873946
outer loop
vertex -96.80120849609375 51.619468688964844 -5.953067779541016
vertex -97.82505798339844 -51.054237365722656 -10.645381927490234
vertex -97.79656219482422 51.59828567504883 -4.957350730895996
endloop
endfacet
facet normal -0.6693229541018235 -0.18835232040133887 -0.718700345423487
outer loop
vertex -96.77855682373047 -51.452857971191406 -11.715705871582031
vertex -97.14000701904297 -53.52926254272461 -10.834918022155762
vertex -97.18084716796875 -53.55012893676758 -10.791415214538574
endloop
endfacet
facet normal -0.6692693410680597 -0.18837977858427096 -0.718743075185331
outer loop
vertex -96.77855682373047 -51.452857971191406 -11.715705871582031
vertex -96.25959014892578 -52.97247314453125 -11.800664901733398
vertex -97.14000701904297 -53.52926254272461 -10.834918022155762
endloop
endfacet
facet normal -0.6696707243565808 -0.18707548052039621 -0.718709875768933
outer loop
vertex -96.77855682373047 -51.452857971191406 -11.715705871582031
vertex -97.77384185791016 -51.78466033935547 -10.70196533203125
vertex -97.78157806396484 -51.67436218261719 -10.723466873168945
endloop
endfacet
facet normal -0.669268815474503 -0.1883821157215084 -0.7187429520417182
outer loop
vertex -96.77855682373047 -51.452857971191406 -11.715705871582031
vertex -97.54522705078125 -52.7427978515625 -10.663716316223145
vertex -97.77384185791016 -51.78466033935547 -10.70196533203125
endloop
endfacet
facet normal -0.6692698021848721 -0.1883810152044996 -0.7187423216939047
outer loop
vertex -96.77855682373047 -51.452857971191406 -11.715705871582031
vertex -97.18084716796875 -53.55012893676758 -10.791415214538574
vertex -97.54522705078125 -52.7427978515625 -10.663716316223145
endloop
endfacet
facet normal -0.5372446989738998 -0.41955029978325087 -0.7316732053152063
outer loop
vertex -95.91600036621094 -55.079322814941406 -10.844841957092285
vertex -97.14000701904297 -53.640625 -10.771059036254883
vertex -95.86372375488281 -55.01837921142578 -10.918172836303711
endloop
endfacet
facet normal -0.5372474409784911 -0.4195548942690136 -0.73166855737894
outer loop
vertex -96.25959014892578 -52.97247314453125 -11.800664901733398
vertex -95.26399993896484 -54.13408660888672 -11.865609169006348
vertex -95.86372375488281 -55.01837921142578 -10.918172836303711
endloop
endfacet
facet normal -0.5372540141421308 -0.4195588264181567 -0.7316614760001966
outer loop
vertex -97.14000701904297 -53.640625 -10.771059036254883
vertex -95.91600036621094 -55.079322814941406 -10.844841957092285
vertex -96.57271575927734 -54.44590759277344 -10.725841522216797
endloop
endfacet
facet normal -0.5565526307381713 -0.4132873057559025 -0.7207237835117195
outer loop
vertex -97.14000701904297 -53.52926254272461 -10.834918022155762
vertex -97.14000701904297 -53.640625 -10.771059036254883
vertex -97.18084716796875 -53.55012893676758 -10.791415214538574
endloop
endfacet
facet normal -0.537242660299085 -0.4195628160180261 -0.7316675251572847
outer loop
vertex -97.14000701904297 -53.52926254272461 -10.834918022155762
vertex -96.25959014892578 -52.97247314453125 -11.800664901733398
vertex -97.14000701904297 -53.640625 -10.771059036254883
endloop
endfacet
facet normal -0.5372488606823621 -0.41955475400436615 -0.7316675953517688
outer loop
vertex -95.86372375488281 -55.01837921142578 -10.918172836303711
vertex -97.14000701904297 -53.640625 -10.771059036254883
vertex -96.25959014892578 -52.97247314453125 -11.800664901733398
endloop
endfacet
facet normal -0.2677970202595234 -0.6139402814787354 -0.7425375995314524
outer loop
vertex -95.86372375488281 -55.01837921142578 -10.918172836303711
vertex -95.26399993896484 -54.13408660888672 -11.865609169006348
vertex -95.86372375488281 -55.12974548339844 -10.826093673706055
endloop
endfacet
facet normal -0.2677864117060845 -0.6139469799011947 -0.7425358870625589
outer loop
vertex -94.1266098022461 -56.04012680053711 -10.699833869934082
vertex -95.26399993896484 -54.13408660888672 -11.865609169006348
vertex -93.19074249267578 -56.22799301147461 -10.882010459899902
endloop
endfacet
facet normal -0.2677892376445302 -0.6139486504131404 -0.7425334866911019
outer loop
vertex -93.16084289550781 -56.12263107299805 -10.979909896850586
vertex -93.19074249267578 -56.22799301147461 -10.882010459899902
vertex -95.26399993896484 -54.13408660888672 -11.865609169006348
endloop
endfacet
facet normal -0.2677862642088909 -0.6139467010945107 -0.7425361707797229
outer loop
vertex -95.26399993896484 -54.13408660888672 -11.865609169006348
vertex -92.96509552001953 -55.07329559326172 -11.918119430541992
vertex -93.16084289550781 -56.12263107299805 -10.979909896850586
endloop
endfacet
facet normal -0.2677840907276315 -0.6139464000713077 -0.7425372035074453
outer loop
vertex -95.26399993896484 -54.13408660888672 -11.865609169006348
vertex -94.1266098022461 -56.04012680053711 -10.699833869934082
vertex -95.03848266601562 -55.66758728027344 -10.67900562286377
endloop
endfacet
facet normal -0.26778560590508105 -0.6139462781071584 -0.7425367579240885
outer loop
vertex -95.86372375488281 -55.12974548339844 -10.826093673706055
vertex -95.26399993896484 -54.13408660888672 -11.865609169006348
vertex -95.03848266601562 -55.66758728027344 -10.67900562286377
endloop
endfacet
facet normal -0.32039085370189924 -0.6036238358817541 -0.7300602479381858
outer loop
vertex -95.86372375488281 -55.12974548339844 -10.826093673706055
vertex -95.91600036621094 -55.079322814941406 -10.844841957092285
vertex -95.86372375488281 -55.01837921142578 -10.918172836303711
endloop
endfacet
facet normal 0.00001737475870410361 -0.6665398164480785 -0.7454694311556173
outer loop
vertex 34.974937438964844 -55.59351348876953 -11.449999809265137
vertex -92.96509552001953 -55.07329559326172 -11.918119430541992
vertex 46.974937438964844 -55.59320068359375 -11.449999809265137
endloop
endfacet
facet normal 0.000017433009395296807 -0.6665324347054633 -0.7454760312590187
outer loop
vertex -93.16084289550781 -56.12263107299805 -10.979909896850586
vertex -92.96509552001953 -55.07329559326172 -11.918119430541992
vertex 33.827083587646484 -56.23086929321289 -10.88016414642334
endloop
endfacet
facet normal -0.0000047653551279539045 -0.6806868679656861 -0.7325744929741657
outer loop
vertex -93.19074249267578 -56.22799301147461 -10.882010459899902
vertex -93.16084289550781 -56.12263107299805 -10.979909896850586
vertex 33.827083587646484 -56.23086929321289 -10.88016414642334
endloop
endfacet
facet normal 0.00001744657621721361 -0.6665300287938103 -0.7454781823847961
outer loop
vertex 34.974937438964844 -55.59351348876953 -11.449999809265137
vertex 34.40091323852539 -55.72123336791992 -11.335819244384766
vertex -92.96509552001953 -55.07329559326172 -11.918119430541992
endloop
endfacet
facet normal 0.00001740969370112902 -0.6665340487197066 -0.7454745881612722
outer loop
vertex 34.40091323852539 -55.72123336791992 -11.335819244384766
vertex 33.91427993774414 -56.08491516113281 -11.010660171508789
vertex -92.96509552001953 -55.07329559326172 -11.918119430541992
endloop
endfacet
facet normal 0.000017432015226128113 -0.6665324951447252 -0.7454759772201058
outer loop
vertex 33.827083587646484 -56.23086929321289 -10.88016414642334
vertex -92.96509552001953 -55.07329559326172 -11.918119430541992
vertex 33.91427993774414 -56.08491516113281 -11.010660171508789
endloop
endfacet
facet normal 0.000017425970343685763 -0.6665314562994863 -0.7454769060538505
outer loop
vertex 67.03559875488281 -56.08405303955078 -11.010660171508789
vertex 66.54896545410156 -55.720394134521484 -11.335819244384766
vertex 93.0478286743164 -56.22941589355469 -10.880083084106445
endloop
endfacet
facet normal 0.000017435062711144506 -0.6665308240719137 -0.7454774713282986
outer loop
vertex 46.974937438964844 -55.59320068359375 -11.449999809265137
vertex -92.96509552001953 -55.07329559326172 -11.918119430541992
vertex 53.974937438964844 -55.593017578125 -11.449999809265137
endloop
endfacet
facet normal 0.00001737477042948229 -0.6665402662633472 -0.7454690289661293
outer loop
vertex 53.974937438964844 -55.593017578125 -11.449999809265137
vertex -92.96509552001953 -55.07329559326172 -11.918119430541992
vertex 65.97493743896484 -55.59270477294922 -11.449999809265137
endloop
endfacet
facet normal 0.000017425881240646736 -0.6665316053912427 -0.7454767727507756
outer loop
vertex 65.97493743896484 -55.59270477294922 -11.449999809265137
vertex -92.96509552001953 -55.07329559326172 -11.918119430541992
vertex 92.915283203125 -55.068721771240234 -11.917863845825195
endloop
endfacet
facet normal 0.000017465847043850072 -0.6665324710868458 -0.7454759987295415
outer loop
vertex 66.54896545410156 -55.720394134521484 -11.335819244384766
vertex 92.915283203125 -55.068721771240234 -11.917863845825195
vertex 93.0478286743164 -56.11804962158203 -10.979653358459473
endloop
endfacet
facet normal 0.00001742040956304307 -0.6665314489562191 -0.7454769126196013
outer loop
vertex 66.54896545410156 -55.720394134521484 -11.335819244384766
vertex 65.97493743896484 -55.59270477294922 -11.449999809265137
vertex 92.915283203125 -55.068721771240234 -11.917863845825195
endloop
endfacet
facet normal 0.000017719648619618208 -0.6665282309898899 -0.7454797897860825
outer loop
vertex 52.827064514160156 -56.230403900146484 -10.880138397216797
vertex 48.03559875488281 -56.08454895019531 -11.010660171508789
vertex 52.91427993774414 -56.08441925048828 -11.010660171508789
endloop
endfacet
facet normal 0.000017121715203599653 -0.6665391428993418 -0.7454700333949431
outer loop
vertex 48.122806549072266 -56.23051834106445 -10.880144119262695
vertex 48.03559875488281 -56.08454895019531 -11.010660171508789
vertex 52.827064514160156 -56.230403900146484 -10.880138397216797
endloop
endfacet
facet normal 0.00001771972855677214 -0.6665312378423928 -0.7454771013695182
outer loop
vertex 48.03559875488281 -56.08454895019531 -11.010660171508789
vertex 47.54896545410156 -55.720890045166016 -11.335819244384766
vertex 52.91427993774414 -56.08441925048828 -11.010660171508789
endloop
endfacet
facet normal 0.000017379687048789667 -0.6665340264064235 -0.7454746081124345
outer loop
vertex 53.40091323852539 -55.72073745727539 -11.335819244384766
vertex 52.91427993774414 -56.08441925048828 -11.010660171508789
vertex 47.54896545410156 -55.720890045166016 -11.335819244384766
endloop
endfacet
facet normal 0.00001743504115464283 -0.6665299999812256 -0.7454782081463192
outer loop
vertex 53.40091323852539 -55.72073745727539 -11.335819244384766
vertex 46.974937438964844 -55.59320068359375 -11.449999809265137
vertex 53.974937438964844 -55.593017578125 -11.449999809265137
endloop
endfacet
facet normal 0.000017379622499358237 -0.6665315508502001 -0.7454768215170582
outer loop
vertex 47.54896545410156 -55.720890045166016 -11.335819244384766
vertex 46.974937438964844 -55.59320068359375 -11.449999809265137
vertex 53.40091323852539 -55.72073745727539 -11.335819244384766
endloop
endfacet
facet normal 0.0000173933882850535 -0.66653468976722 -0.7454740149960868
outer loop
vertex 67.1228256225586 -56.23005294799805 -10.880118370056152
vertex 67.03559875488281 -56.08405303955078 -11.010660171508789
vertex 93.0478286743164 -56.22941589355469 -10.880083084106445
endloop
endfacet
facet normal 0.000017733768985302926 -0.6665225567922736 -0.7454848630070258
outer loop
vertex 93.0478286743164 -56.11804962158203 -10.979653358459473
vertex 93.0478286743164 -56.22941589355469 -10.880083084106445
vertex 66.54896545410156 -55.720394134521484 -11.335819244384766
endloop
endfacet
facet normal 0 -1 0
outer loop
vertex 48.17635726928711 -53.13749313354492 -4.099999904632568
vertex 47.54896545410156 -53.13749313354492 -11.335819244384766
vertex 48.03559875488281 -53.13749313354492 -11.010660171508789
endloop
endfacet
facet normal 0 -1 0
outer loop
vertex 45.724937438964844 -53.13749313354492 -6.699999809265137
vertex 48.17635726928711 -53.13749313354492 -4.099999904632568
vertex 45.64881896972656 -53.13749313354492 -6.31731653213501
endloop
endfacet
facet normal -0.5555715285918135 0 0.8314687466274098
outer loop
vertex 48.03559875488281 -53.13749313354492 -11.010660171508789
vertex 47.54896545410156 -55.720890045166016 -11.335819244384766
vertex 48.03559875488281 -56.08454895019531 -11.010660171508789
endloop
endfacet
facet normal -0.8314704745271091 -2.800419307834943e-7 0.5555689426071129
outer loop
vertex 48.03559875488281 -56.08454895019531 -11.010660171508789
vertex 48.122806549072266 -56.23051834106445 -10.880144119262695
vertex 48.360755920410156 -53.13749313354492 -10.524024963378906
endloop
endfacet
facet normal -0.8314715980862091 0 0.5555672610728295
outer loop
vertex 48.360755920410156 -53.13749313354492 -10.524024963378906
vertex 48.122806549072266 -56.23051834106445 -10.880144119262695
vertex 48.360755920410156 -56.23051452636719 -10.524024963378906
endloop
endfacet
facet normal -0.8314712579435086 0 0.5555677701359567
outer loop
vertex 48.03559875488281 -53.13749313354492 -11.010660171508789
vertex 48.03559875488281 -56.08454895019531 -11.010660171508789
vertex 48.360755920410156 -53.13749313354492 -10.524024963378906
endloop
endfacet
facet normal 0.9807850135586839 0 0.1950916635294606
outer loop
vertex 33.474937438964844 -56.23088073730469 -9.949999809265137
vertex 33.58911895751953 -56.23087692260742 -10.524024963378906
vertex 33.58911895751953 -53.13749313354492 -10.524024963378906
endloop
endfacet
facet normal 0.9807850135586839 0 0.1950916635294606
outer loop
vertex 33.474937438964844 -56.23088073730469 -9.949999809265137
vertex 33.58911895751953 -53.13749313354492 -10.524024963378906
vertex 33.474937438964844 -53.13749313354492 -9.949999809265137
endloop
endfacet
facet normal 0 -1 0
outer loop
vertex 37.224937438964844 -53.13749313354492 -9.199999809265137
vertex 36.842254638671875 -53.13749313354492 -9.123879432678223
vertex 34.974937438964844 -53.13749313354492 -11.449999809265137
endloop
endfacet
facet normal 0 -1 0
outer loop
vertex 34.974937438964844 -53.13749313354492 -11.449999809265137
vertex 36.842254638671875 -53.13749313354492 -9.123879432678223
vertex 36.51782989501953 -53.13749313354492 -8.907106399536133
endloop
endfacet
facet normal 0 -1 0
outer loop
vertex 34.974937438964844 -53.13749313354492 -11.449999809265137
vertex 36.51782989501953 -53.13749313354492 -8.907106399536133
vertex 36.30105972290039 -53.13749313354492 -8.582683563232422
endloop
endfacet
facet normal 0 -1 0
outer loop
vertex 34.40091323852539 -53.13749313354492 -11.335819244384766
vertex 34.974937438964844 -53.13749313354492 -11.449999809265137
vertex 33.773521423339844 -53.13749313354492 -4.099999904632568
endloop
endfacet
facet normal 0 -1 0
outer loop
vertex 48.17635726928711 -53.13749313354492 -4.099999904632568
vertex 48.03559875488281 -53.13749313354492 -11.010660171508789
vertex 48.360755920410156 -53.13749313354492 -10.524024963378906
endloop
endfacet
facet normal 0 -1 0
outer loop
vertex 37.224937438964844 -53.13749313354492 -9.199999809265137
vertex 34.974937438964844 -53.13749313354492 -11.449999809265137
vertex 44.724937438964844 -53.13749313354492 -9.199999809265137
endloop
endfacet
facet normal -0.9807850135586839 0 0.19509166352946058
outer loop
vertex 48.360755920410156 -53.13749313354492 -10.524024963378906
vertex 48.360755920410156 -56.23051452636719 -10.524024963378906
vertex 48.474937438964844 -53.13749313354492 -9.949999809265137
endloop
endfacet
facet normal -0.980785013558684 0 0.1950916635294606
outer loop
vertex 48.474937438964844 -53.13749313354492 -9.949999809265137
vertex 48.360755920410156 -56.23051452636719 -10.524024963378906
vertex 48.474937438964844 -56.23051071166992 -9.949999809265137
endloop
endfacet
facet normal 0 -1 0
outer loop
vertex 44.724937438964844 -53.13749313354492 -9.199999809265137
vertex 46.974937438964844 -53.13749313354492 -11.449999809265137
vertex 45.10762023925781 -53.13749313354492 -9.123879432678223
endloop
endfacet
facet normal 0 -1 0
outer loop
vertex 45.10762023925781 -53.13749313354492 -9.123879432678223
vertex 46.974937438964844 -53.13749313354492 -11.449999809265137
vertex 45.432044982910156 -53.13749313354492 -8.907106399536133
endloop
endfacet
facet normal 0.19509040787318935 0 0.9807852633251952
outer loop
vertex 34.40091323852539 -55.72123336791992 -11.335819244384766
vertex 34.974937438964844 -55.59351348876953 -11.449999809265137
vertex 34.974937438964844 -53.13749313354492 -11.449999809265137
endloop
endfacet
facet normal 0.5555715285918136 0 0.8314687466274098
outer loop
vertex 33.91427993774414 -56.08491516113281 -11.010660171508789
vertex 34.40091323852539 -55.72123336791992 -11.335819244384766
vertex 34.40091323852539 -53.13749313354492 -11.335819244384766
endloop
endfacet
facet normal 0.19509040787318935 0 0.9807852633251953
outer loop
vertex 34.40091323852539 -53.13749313354492 -11.335819244384766
vertex 34.40091323852539 -55.72123336791992 -11.335819244384766
vertex 34.974937438964844 -53.13749313354492 -11.449999809265137
endloop
endfacet
facet normal 0.8314646269319486 0 0.555577694081499
outer loop
vertex 33.827083587646484 -56.23086929321289 -10.88016414642334
vertex 33.91427993774414 -56.08491516113281 -11.010660171508789
vertex 33.91427993774414 -53.13749313354492 -11.010660171508789
endloop
endfacet
facet normal 0.8314682470993848 -3.306029702161433e-7 0.5555722761849866
outer loop
vertex 33.827083587646484 -56.23086929321289 -10.88016414642334
vertex 33.91427993774414 -53.13749313354492 -11.010660171508789
vertex 33.58911895751953 -53.13749313354492 -10.524024963378906
endloop
endfacet
facet normal 0 -1 0
outer loop
vertex 45.432044982910156 -53.13749313354492 -8.907106399536133
vertex 46.974937438964844 -53.13749313354492 -11.449999809265137
vertex 45.64881896972656 -53.13749313354492 -8.582683563232422
endloop
endfacet
facet normal 0 -1 0
outer loop
vertex 45.64881896972656 -53.13749313354492 -8.582683563232422
vertex 46.974937438964844 -53.13749313354492 -11.449999809265137
vertex 45.724937438964844 -53.13749313354492 -8.199999809265137
endloop
endfacet
facet normal 0.8314695735952276 0 0.5555702909491926
outer loop
vertex 33.58911895751953 -56.23087692260742 -10.524024963378906
vertex 33.827083587646484 -56.23086929321289 -10.88016414642334
vertex 33.58911895751953 -53.13749313354492 -10.524024963378906
endloop
endfacet
facet normal 0.5555715285918136 0 0.8314687466274099
outer loop
vertex 33.91427993774414 -56.08491516113281 -11.010660171508789
vertex 34.40091323852539 -53.13749313354492 -11.335819244384766
vertex 33.91427993774414 -53.13749313354492 -11.010660171508789
endloop
endfacet
facet normal 0 0 1
outer loop
vertex 34.974937438964844 -53.13749313354492 -11.449999809265137
vertex 34.974937438964844 -55.59351348876953 -11.449999809265137
vertex 46.974937438964844 -53.13749313354492 -11.449999809265137
endloop
endfacet
facet normal 0 -1 0
outer loop
vertex 48.17635726928711 -53.13749313354492 -4.099999904632568
vertex 48.360755920410156 -53.13749313354492 -10.524024963378906
vertex 48.360755920410156 -53.13749313354492 -4.375974655151367
endloop
endfacet
facet normal 0 -1 0
outer loop
vertex 46.974937438964844 -53.13749313354492 -11.449999809265137
vertex 47.54896545410156 -53.13749313354492 -11.335819244384766
vertex 48.17635726928711 -53.13749313354492 -4.099999904632568
endloop
endfacet
facet normal 1 0 0
outer loop
vertex 33.474937438964844 -56.23088073730469 -4.949999809265137
vertex 33.474937438964844 -56.23088073730469 -9.949999809265137
vertex 33.474937438964844 -53.13749313354492 -9.949999809265137
endloop
endfacet
facet normal 0 -1 0
outer loop
vertex 33.91427993774414 -53.13749313354492 -11.010660171508789
vertex 34.40091323852539 -53.13749313354492 -11.335819244384766
vertex 33.773521423339844 -53.13749313354492 -4.099999904632568
endloop
endfacet
facet normal 0 -1 0
outer loop
vertex 48.360755920410156 -53.13749313354492 -4.375974655151367
vertex 48.474937438964844 -53.13749313354492 -9.949999809265137
vertex 48.474937438964844 -53.13749313354492 -4.949999809265137
endloop
endfacet
facet normal 0 -1 0
outer loop
vertex 33.58911895751953 -53.13749313354492 -10.524024963378906
vertex 33.91427993774414 -53.13749313354492 -11.010660171508789
vertex 33.58911895751953 -53.13749313354492 -4.375974655151367
endloop
endfacet
facet normal -1 0 0
outer loop
vertex 48.474937438964844 -53.13749313354492 -4.949999809265137
vertex 48.474937438964844 -56.23051071166992 -9.949999809265137
vertex 48.474937438964844 -56.23051071166992 -4.949999809265137
endloop
endfacet
facet normal 0 -1 0
outer loop
vertex 33.474937438964844 -53.13749313354492 -9.949999809265137
vertex 33.58911895751953 -53.13749313354492 -10.524024963378906
vertex 33.474937438964844 -53.13749313354492 -4.949999809265137
endloop
endfacet
facet normal 0 -1 0
outer loop
vertex 45.724937438964844 -53.13749313354492 -6.699999809265137
vertex 46.974937438964844 -53.13749313354492 -11.449999809265137
vertex 48.17635726928711 -53.13749313354492 -4.099999904632568
endloop
endfacet
facet normal 0 0 1
outer loop
vertex 46.974937438964844 -53.13749313354492 -11.449999809265137
vertex 34.974937438964844 -55.59351348876953 -11.449999809265137
vertex 46.974937438964844 -55.59320068359375 -11.449999809265137
endloop
endfacet
facet normal 0 -1 0
outer loop
vertex 33.773521423339844 -53.13749313354492 -4.099999904632568
vertex 34.974937438964844 -53.13749313354492 -11.449999809265137
vertex 36.30105972290039 -53.13749313354492 -8.582683563232422
endloop
endfacet
facet normal 0 -1 0
outer loop
vertex 33.773521423339844 -53.13749313354492 -4.099999904632568
vertex 36.224937438964844 -53.13749313354492 -6.699999809265137
vertex 36.30105972290039 -53.13749313354492 -6.31731653213501
endloop
endfacet
facet normal -1 0 0
outer loop
vertex 48.474937438964844 -53.13749313354492 -9.949999809265137
vertex 48.474937438964844 -56.23051071166992 -9.949999809265137
vertex 48.474937438964844 -53.13749313354492 -4.949999809265137
endloop
endfacet
facet normal 0 -1 0
outer loop
vertex 33.773521423339844 -53.13749313354492 -4.099999904632568
vertex 36.30105972290039 -53.13749313354492 -6.31731653213501
vertex 36.51782989501953 -53.13749313354492 -5.992893218994141
endloop
endfacet
facet normal -0.5555715285918135 0 0.8314687466274098
outer loop
vertex 47.54896545410156 -53.13749313354492 -11.335819244384766
vertex 47.54896545410156 -55.720890045166016 -11.335819244384766
vertex 48.03559875488281 -53.13749313354492 -11.010660171508789
endloop
endfacet
facet normal 0 -1 0
outer loop
vertex 45.724937438964844 -53.13749313354492 -8.199999809265137
vertex 46.974937438964844 -53.13749313354492 -11.449999809265137
vertex 45.724937438964844 -53.13749313354492 -6.699999809265137
endloop
endfacet
facet normal 0 -1 0
outer loop
vertex 33.773521423339844 -53.13749313354492 -4.099999904632568
vertex 36.51782989501953 -53.13749313354492 -5.992893218994141
vertex 36.842254638671875 -53.13749313354492 -5.776120662689209
endloop
endfacet
facet normal -0.19508916074546295 0 0.980785511393613
outer loop
vertex 46.974937438964844 -53.13749313354492 -11.449999809265137
vertex 46.974937438964844 -55.59320068359375 -11.449999809265137
vertex 47.54896545410156 -53.13749313354492 -11.335819244384766
endloop
endfacet
facet normal -0.19508916074546298 0 0.980785511393613
outer loop
vertex 46.974937438964844 -55.59320068359375 -11.449999809265137
vertex 47.54896545410156 -55.720890045166016 -11.335819244384766
vertex 47.54896545410156 -53.13749313354492 -11.335819244384766
endloop
endfacet
facet normal 0 -1 0
outer loop
vertex 48.360755920410156 -53.13749313354492 -10.524024963378906
vertex 48.474937438964844 -53.13749313354492 -9.949999809265137
vertex 48.360755920410156 -53.13749313354492 -4.375974655151367
endloop
endfacet
facet normal 0.9807850135586839 0 -0.1950916635294606
outer loop
vertex 33.58911895751953 -56.23087692260742 -4.375974655151367
vertex 33.474937438964844 -56.23088073730469 -4.949999809265137
vertex 33.474937438964844 -53.13749313354492 -4.949999809265137
endloop
endfacet
facet normal 0.9807850135586839 0 -0.1950916635294606
outer loop
vertex 33.58911895751953 -56.23087692260742 -4.375974655151367
vertex 33.474937438964844 -53.13749313354492 -4.949999809265137
vertex 33.58911895751953 -53.13749313354492 -4.375974655151367
endloop
endfacet
facet normal 0 -1 0
outer loop
vertex 33.773521423339844 -53.13749313354492 -4.099999904632568
vertex 36.30105972290039 -53.13749313354492 -8.582683563232422
vertex 36.224937438964844 -53.13749313354492 -8.199999809265137
endloop
endfacet
facet normal 1 0 0
outer loop
vertex 33.474937438964844 -56.23088073730469 -4.949999809265137
vertex 33.474937438964844 -53.13749313354492 -9.949999809265137
vertex 33.474937438964844 -53.13749313354492 -4.949999809265137
endloop
endfacet
facet normal 0 -1 0
outer loop
vertex 33.474937438964844 -53.13749313354492 -4.949999809265137
vertex 33.58911895751953 -53.13749313354492 -10.524024963378906
vertex 33.58911895751953 -53.13749313354492 -4.375974655151367
endloop
endfacet
facet normal 0 -1 0
outer loop
vertex 33.773521423339844 -53.13749313354492 -4.099999904632568
vertex 36.842254638671875 -53.13749313354492 -5.776120662689209
vertex 37.224937438964844 -53.13749313354492 -5.699999809265137
endloop
endfacet
facet normal 0 -1 0
outer loop
vertex 33.58911895751953 -53.13749313354492 -4.375974655151367
vertex 33.91427993774414 -53.13749313354492 -11.010660171508789
vertex 33.773521423339844 -53.13749313354492 -4.099999904632568
endloop
endfacet
facet normal 0 -1 0
outer loop
vertex 33.773521423339844 -53.13749313354492 -4.099999904632568
vertex 36.224937438964844 -53.13749313354492 -8.199999809265137
vertex 36.224937438964844 -53.13749313354492 -6.699999809265137
endloop
endfacet
facet normal -0.19508916074546295 0 -0.9807855113936129
outer loop
vertex 47.54896545410156 -53.75679016113281 -3.564180612564087
vertex 47.54896545410156 -56.230533599853516 -3.564180612564087
vertex 46.974937438964844 -53.75678253173828 -3.450000047683716
endloop
endfacet
facet normal -0.19508916074546295 0 -0.9807855113936129
outer loop
vertex 47.54896545410156 -56.230533599853516 -3.564180612564087
vertex 46.974937438964844 -56.23054885864258 -3.450000047683716
vertex 46.974937438964844 -53.75678253173828 -3.450000047683716
endloop
endfacet
facet normal -0.5555718102198659 0 -0.8314685584488576
outer loop
vertex 47.54896545410156 -53.75679016113281 -3.564180612564087
vertex 48.03559875488281 -56.23052215576172 -3.8893399238586426
vertex 47.54896545410156 -56.230533599853516 -3.564180612564087
endloop
endfacet
facet normal 0 0 -1
outer loop
vertex 46.974937438964844 -56.23054885864258 -3.450000047683716
vertex 34.974937438964844 -53.75666046142578 -3.450000047683716
vertex 46.974937438964844 -53.75678253173828 -3.450000047683716
endloop
endfacet
facet normal 0 0 -1
outer loop
vertex 34.974937438964844 -56.23084259033203 -3.450000047683716
vertex 34.974937438964844 -53.75666046142578 -3.450000047683716
vertex 46.974937438964844 -56.23054885864258 -3.450000047683716
endloop
endfacet
facet normal -0.8314720920987764 0 -0.5555665217243422
outer loop
vertex 48.17635726928711 -53.13749313354492 -4.099999904632568
vertex 48.360755920410156 -53.13749313354492 -4.375974655151367
vertex 48.17635726928711 -53.75679397583008 -4.099999904632568
endloop
endfacet
facet normal -0.5555718102198659 0 -0.8314685584488577
outer loop
vertex 48.03559875488281 -53.75679397583008 -3.8893399238586426
vertex 48.03559875488281 -56.23052215576172 -3.8893399238586426
vertex 47.54896545410156 -53.75679016113281 -3.564180612564087
endloop
endfacet
facet normal -0.831471006472263 0 -0.5555681464915011
outer loop
vertex 48.03559875488281 -53.75679397583008 -3.8893399238586426
vertex 48.360755920410156 -56.23051452636719 -4.375974655151367
vertex 48.03559875488281 -56.23052215576172 -3.8893399238586426
endloop
endfacet
facet normal -0.8314695842484234 6.056686470343574e-7 -0.5555702750052302
outer loop
vertex 48.17635726928711 -53.75679397583008 -4.099999904632568
vertex 48.360755920410156 -56.23051452636719 -4.375974655151367
vertex 48.03559875488281 -53.75679397583008 -3.8893399238586426
endloop
endfacet
facet normal -0.8314720920987764 0 -0.5555665217243422
outer loop
vertex 48.360755920410156 -53.13749313354492 -4.375974655151367
vertex 48.360755920410156 -56.23051452636719 -4.375974655151367
vertex 48.17635726928711 -53.75679397583008 -4.099999904632568
endloop
endfacet
facet normal 0.19509040787318935 0 -0.9807852633251953
outer loop
vertex 34.974937438964844 -56.23084259033203 -3.450000047683716
vertex 34.40091323852539 -53.75665283203125 -3.564180612564087
vertex 34.974937438964844 -53.75666046142578 -3.450000047683716
endloop
endfacet
facet normal 0.19509040787318935 0 -0.9807852633251953
outer loop
vertex 34.974937438964844 -56.23084259033203 -3.450000047683716
vertex 34.40091323852539 -56.230857849121094 -3.564180612564087
vertex 34.40091323852539 -53.75665283203125 -3.564180612564087
endloop
endfacet
facet normal 0.5555718102198659 0 -0.8314685584488576
outer loop
vertex 34.40091323852539 -56.230857849121094 -3.564180612564087
vertex 33.91427993774414 -53.756649017333984 -3.8893399238586426
vertex 34.40091323852539 -53.75665283203125 -3.564180612564087
endloop
endfacet
facet normal 0.8314667829794998 0 -0.5555744673774359
outer loop
vertex 33.773521423339844 -53.13749313354492 -4.099999904632568
vertex 33.773521423339844 -53.75664520263672 -4.099999904632568
vertex 33.58911895751953 -53.13749313354492 -4.375974655151367
endloop
endfacet
facet normal 0.5555718102198659 0 -0.8314685584488576
outer loop
vertex 34.40091323852539 -56.230857849121094 -3.564180612564087
vertex 33.91427993774414 -56.23086929321289 -3.8893399238586426
vertex 33.91427993774414 -53.756649017333984 -3.8893399238586426
endloop
endfacet
facet normal 0.8314695842485759 0 -0.555570275005332
outer loop
vertex 33.91427993774414 -56.23086929321289 -3.8893399238586426
vertex 33.773521423339844 -53.75664520263672 -4.099999904632568
vertex 33.91427993774414 -53.756649017333984 -3.8893399238586426
endloop
endfacet
facet normal 0.8314661215455167 -6.382206391320927e-7 -0.5555754572707913
outer loop
vertex 33.91427993774414 -56.23086929321289 -3.8893399238586426
vertex 33.58911895751953 -53.13749313354492 -4.375974655151367
vertex 33.773521423339844 -53.75664520263672 -4.099999904632568
endloop
endfacet
facet normal 0.8314679956250158 0 -0.5555726525408882
outer loop
vertex 33.91427993774414 -56.23086929321289 -3.8893399238586426
vertex 33.58911895751953 -56.23087692260742 -4.375974655151367
vertex 33.58911895751953 -53.13749313354492 -4.375974655151367
endloop
endfacet
facet normal 0 -1 0
outer loop
vertex 44.724937438964844 -53.13749313354492 -5.699999809265137
vertex 45.10762023925781 -53.13749313354492 -5.776120662689209
vertex 48.17635726928711 -53.13749313354492 -4.099999904632568
endloop
endfacet
facet normal 0 -1 0
outer loop
vertex 48.17635726928711 -53.13749313354492 -4.099999904632568
vertex 37.224937438964844 -53.13749313354492 -5.699999809265137
vertex 44.724937438964844 -53.13749313354492 -5.699999809265137
endloop
endfacet
facet normal -0.9807850135586839 0 -0.19509166352946058
outer loop
vertex 48.360755920410156 -53.13749313354492 -4.375974655151367
vertex 48.474937438964844 -56.23051071166992 -4.949999809265137
vertex 48.360755920410156 -56.23051452636719 -4.375974655151367
endloop
endfacet
facet normal -0.980785013558684 0 -0.1950916635294606
outer loop
vertex 48.474937438964844 -53.13749313354492 -4.949999809265137
vertex 48.474937438964844 -56.23051071166992 -4.949999809265137
vertex 48.360755920410156 -53.13749313354492 -4.375974655151367
endloop
endfacet
facet normal 0 -1 0
outer loop
vertex 33.773521423339844 -53.13749313354492 -4.099999904632568
vertex 37.224937438964844 -53.13749313354492 -5.699999809265137
vertex 48.17635726928711 -53.13749313354492 -4.099999904632568
endloop
endfacet
facet normal 0 -1 0
outer loop
vertex 45.10762023925781 -53.13749313354492 -5.776120662689209
vertex 45.432044982910156 -53.13749313354492 -5.992893218994141
vertex 48.17635726928711 -53.13749313354492 -4.099999904632568
endloop
endfacet
facet normal 0 -1 0
outer loop
vertex 45.432044982910156 -53.13749313354492 -5.992893218994141
vertex 45.64881896972656 -53.13749313354492 -6.31731653213501
vertex 48.17635726928711 -53.13749313354492 -4.099999904632568
endloop
endfacet
facet normal 0 -1 0
outer loop
vertex 34.974937438964844 -53.13749313354492 -11.449999809265137
vertex 46.974937438964844 -53.13749313354492 -11.449999809265137
vertex 44.724937438964844 -53.13749313354492 -9.199999809265137
endloop
endfacet
facet normal -0.19509158345481065 0 -0.9807850294866326
outer loop
vertex 45.10762023925781 -51.93749237060547 -5.776120662689209
vertex 45.10762023925781 -53.13749313354492 -5.776120662689209
vertex 44.724937438964844 -51.93749237060547 -5.699999809265137
endloop
endfacet
facet normal -0.5555682361196549 0 -0.8314709465849636
outer loop
vertex 45.432044982910156 -51.93749237060547 -5.992893218994141
vertex 45.432044982910156 -53.13749313354492 -5.992893218994141
vertex 45.10762023925781 -51.93749237060547 -5.776120662689209
endloop
endfacet
facet normal -0.19509158345481065 0 -0.9807850294866326
outer loop
vertex 44.724937438964844 -53.13749313354492 -5.699999809265137
vertex 44.724937438964844 -51.93749237060547 -5.699999809265137
vertex 45.10762023925781 -53.13749313354492 -5.776120662689209
endloop
endfacet
facet normal -0.5555682361196549 0 -0.8314709465849636
outer loop
vertex 45.10762023925781 -53.13749313354492 -5.776120662689209
vertex 45.10762023925781 -51.93749237060547 -5.776120662689209
vertex 45.432044982910156 -53.13749313354492 -5.992893218994141
endloop
endfacet
facet normal 0 0 -1
outer loop
vertex 44.724937438964844 -53.13749313354492 -5.699999809265137
vertex 37.224937438964844 -51.93749237060547 -5.699999809265137
vertex 44.724937438964844 -51.93749237060547 -5.699999809265137
endloop
endfacet
facet normal 0.19509158345481065 0 -0.9807850294866326
outer loop
vertex 37.224937438964844 -51.93749237060547 -5.699999809265137
vertex 37.224937438964844 -53.13749313354492 -5.699999809265137
vertex 36.842254638671875 -51.93749237060547 -5.776120662689209
endloop
endfacet
facet normal 0 0 -1
outer loop
vertex 37.224937438964844 -53.13749313354492 -5.699999809265137
vertex 37.224937438964844 -51.93749237060547 -5.699999809265137
vertex 44.724937438964844 -53.13749313354492 -5.699999809265137
endloop
endfacet
facet normal 0.19509158345481065 0 -0.9807850294866326
outer loop
vertex 37.224937438964844 -53.13749313354492 -5.699999809265137
vertex 36.842254638671875 -53.13749313354492 -5.776120662689209
vertex 36.842254638671875 -51.93749237060547 -5.776120662689209
endloop
endfacet
facet normal 0.5555682361196549 0 -0.8314709465849636
outer loop
vertex 36.842254638671875 -53.13749313354492 -5.776120662689209
vertex 36.51782989501953 -53.13749313354492 -5.992893218994141
vertex 36.842254638671875 -51.93749237060547 -5.776120662689209
endloop
endfacet
facet normal 0.9807843744785476 0 -0.1950948763518
outer loop
vertex 36.224937438964844 -53.13749313354492 -6.699999809265137
vertex 36.224937438964844 -51.93749237060547 -6.699999809265137
vertex 36.30105972290039 -53.13749313354492 -6.31731653213501
endloop
endfacet
facet normal 1 0 0
outer loop
vertex 36.224937438964844 -53.13749313354492 -6.699999809265137
vertex 36.224937438964844 -51.93749237060547 -8.199999809265137
vertex 36.224937438964844 -51.93749237060547 -6.699999809265137
endloop
endfacet
facet normal -1 0 0
outer loop
vertex 45.724937438964844 -51.93749237060547 -8.199999809265137
vertex 45.724937438964844 -53.13749313354492 -8.199999809265137
vertex 45.724937438964844 -51.93749237060547 -6.699999809265137
endloop
endfacet
facet normal -0.980786291688289 0 0.19508523787394735
outer loop
vertex 45.724937438964844 -53.13749313354492 -8.199999809265137
vertex 45.724937438964844 -51.93749237060547 -8.199999809265137
vertex 45.64881896972656 -53.13749313354492 -8.582683563232422
endloop
endfacet
facet normal -0.8314677441500905 0 0.5555730288971555
outer loop
vertex 45.64881896972656 -53.13749313354492 -8.582683563232422
vertex 45.64881896972656 -51.93749237060547 -8.582683563232422
vertex 45.432044982910156 -53.13749313354492 -8.907106399536133
endloop
endfacet
facet normal 0.5555682361196549 0 -0.8314709465849636
outer loop
vertex 36.51782989501953 -53.13749313354492 -5.992893218994141
vertex 36.51782989501953 -51.93749237060547 -5.992893218994141
vertex 36.842254638671875 -51.93749237060547 -5.776120662689209
endloop
endfacet
facet normal 1 0 0
outer loop
vertex 36.224937438964844 -51.93749237060547 -8.199999809265137
vertex 36.224937438964844 -53.13749313354492 -6.699999809265137
vertex 36.224937438964844 -53.13749313354492 -8.199999809265137
endloop
endfacet
facet normal 0.9807843744785476 0 -0.1950948763518
outer loop
vertex 36.30105972290039 -53.13749313354492 -6.31731653213501
vertex 36.224937438964844 -51.93749237060547 -6.699999809265137
vertex 36.30105972290039 -51.93749237060547 -6.31731653213501
endloop
endfacet
facet normal 0.8314726376298004 0 -0.555565705270711
outer loop
vertex 36.30105972290039 -53.13749313354492 -6.31731653213501
vertex 36.30105972290039 -51.93749237060547 -6.31731653213501
vertex 36.51782989501953 -53.13749313354492 -5.992893218994141
endloop
endfacet
facet normal 0.980784420993769 0 0.19509464250952002
outer loop
vertex 36.224937438964844 -53.13749313354492 -8.199999809265137
vertex 36.30105972290039 -51.93749237060547 -8.582683563232422
vertex 36.224937438964844 -51.93749237060547 -8.199999809265137
endloop
endfacet
facet normal 0.8314726376298004 0 -0.555565705270711
outer loop
vertex 36.51782989501953 -53.13749313354492 -5.992893218994141
vertex 36.30105972290039 -51.93749237060547 -6.31731653213501
vertex 36.51782989501953 -51.93749237060547 -5.992893218994141
endloop
endfacet
facet normal -1 0 0
outer loop
vertex 45.724937438964844 -51.93749237060547 -6.699999809265137
vertex 45.724937438964844 -53.13749313354492 -8.199999809265137
vertex 45.724937438964844 -53.13749313354492 -6.699999809265137
endloop
endfacet
facet normal 0.980784420993769 0 0.19509464250952002
outer loop
vertex 36.30105972290039 -53.13749313354492 -8.582683563232422
vertex 36.30105972290039 -51.93749237060547 -8.582683563232422
vertex 36.224937438964844 -53.13749313354492 -8.199999809265137
endloop
endfacet
facet normal 0.8314722604247334 0 0.5555662698042281
outer loop
vertex 36.30105972290039 -53.13749313354492 -8.582683563232422
vertex 36.51782989501953 -51.93749237060547 -8.907106399536133
vertex 36.30105972290039 -51.93749237060547 -8.582683563232422
endloop
endfacet
facet normal -0.9807862451774634 0 -0.1950854717058468
outer loop
vertex 45.724937438964844 -53.13749313354492 -6.699999809265137
vertex 45.64881896972656 -53.13749313354492 -6.31731653213501
vertex 45.64881896972656 -51.93749237060547 -6.31731653213501
endloop
endfacet
facet normal -0.9807862451774634 0 -0.1950854717058468
outer loop
vertex 45.724937438964844 -51.93749237060547 -6.699999809265137
vertex 45.724937438964844 -53.13749313354492 -6.699999809265137
vertex 45.64881896972656 -51.93749237060547 -6.31731653213501
endloop
endfacet
facet normal 0.8314722604247334 0 0.5555662698042281
outer loop
vertex 36.30105972290039 -53.13749313354492 -8.582683563232422
vertex 36.51782989501953 -53.13749313354492 -8.907106399536133
vertex 36.51782989501953 -51.93749237060547 -8.907106399536133
endloop
endfacet
facet normal -0.5555690810033217 0 0.83147038205406
outer loop
vertex 45.10762023925781 -51.93749237060547 -9.123879432678223
vertex 45.10762023925781 -53.13749313354492 -9.123879432678223
vertex 45.432044982910156 -51.93749237060547 -8.907106399536133
endloop
endfacet
facet normal -0.831468121362287 0 -0.5555724643629031
outer loop
vertex 45.432044982910156 -53.13749313354492 -5.992893218994141
vertex 45.432044982910156 -51.93749237060547 -5.992893218994141
vertex 45.64881896972656 -53.13749313354492 -6.31731653213501
endloop
endfacet
facet normal -0.831468121362287 0 -0.5555724643629031
outer loop
vertex 45.64881896972656 -51.93749237060547 -6.31731653213501
vertex 45.64881896972656 -53.13749313354492 -6.31731653213501
vertex 45.432044982910156 -51.93749237060547 -5.992893218994141
endloop
endfacet
facet normal -0.19509040787318935 0 0.9807852633251952
outer loop
vertex 44.724937438964844 -51.93749237060547 -9.199999809265137
vertex 44.724937438964844 -53.13749313354492 -9.199999809265137
vertex 45.10762023925781 -51.93749237060547 -9.123879432678223
endloop
endfacet
facet normal -0.5555690810033217 0 0.83147038205406
outer loop
vertex 45.432044982910156 -53.13749313354492 -8.907106399536133
vertex 45.432044982910156 -51.93749237060547 -8.907106399536133
vertex 45.10762023925781 -53.13749313354492 -9.123879432678223
endloop
endfacet
facet normal -0.19509040787318935 0 0.9807852633251952
outer loop
vertex 45.10762023925781 -53.13749313354492 -9.123879432678223
vertex 45.10762023925781 -51.93749237060547 -9.123879432678223
vertex 44.724937438964844 -53.13749313354492 -9.199999809265137
endloop
endfacet
facet normal 0 0 1
outer loop
vertex 44.724937438964844 -51.93749237060547 -9.199999809265137
vertex 37.224937438964844 -53.13749313354492 -9.199999809265137
vertex 44.724937438964844 -53.13749313354492 -9.199999809265137
endloop
endfacet
facet normal 0 0 1
outer loop
vertex 37.224937438964844 -51.93749237060547 -9.199999809265137
vertex 37.224937438964844 -53.13749313354492 -9.199999809265137
vertex 44.724937438964844 -51.93749237060547 -9.199999809265137
endloop
endfacet
facet normal 0.19509040787318935 0 0.9807852633251952
outer loop
vertex 36.842254638671875 -51.93749237060547 -9.123879432678223
vertex 36.842254638671875 -53.13749313354492 -9.123879432678223
vertex 37.224937438964844 -51.93749237060547 -9.199999809265137
endloop
endfacet
facet normal 0.5555690810033217 0 0.83147038205406
outer loop
vertex 36.51782989501953 -53.13749313354492 -8.907106399536133
vertex 36.842254638671875 -53.13749313354492 -9.123879432678223
vertex 36.842254638671875 -51.93749237060547 -9.123879432678223
endloop
endfacet
facet normal 0.19509040787318935 0 0.9807852633251952
outer loop
vertex 36.842254638671875 -53.13749313354492 -9.123879432678223
vertex 37.224937438964844 -53.13749313354492 -9.199999809265137
vertex 37.224937438964844 -51.93749237060547 -9.199999809265137
endloop
endfacet
facet normal -0.8314677441500905 0 0.5555730288971555
outer loop
vertex 45.432044982910156 -51.93749237060547 -8.907106399536133
vertex 45.432044982910156 -53.13749313354492 -8.907106399536133
vertex 45.64881896972656 -51.93749237060547 -8.582683563232422
endloop
endfacet
facet normal -0.980786291688289 0 0.19508523787394735
outer loop
vertex 45.64881896972656 -51.93749237060547 -8.582683563232422
vertex 45.64881896972656 -53.13749313354492 -8.582683563232422
vertex 45.724937438964844 -51.93749237060547 -8.199999809265137
endloop
endfacet
facet normal 0.5555690810033217 0 0.83147038205406
outer loop
vertex 36.842254638671875 -51.93749237060547 -9.123879432678223
vertex 36.51782989501953 -51.93749237060547 -8.907106399536133
vertex 36.51782989501953 -53.13749313354492 -8.907106399536133
endloop
endfacet
facet normal 0.5555718102198659 0 -0.8314685584488576
outer loop
vertex 53.40091323852539 -56.23038864135742 -3.564180612564087
vertex 52.91427993774414 -56.23040008544922 -3.8893399238586426
vertex 52.91427993774414 -53.75684356689453 -3.8893399238586426
endloop
endfacet
facet normal 0 -1 0
outer loop
vertex 52.474937438964844 -53.13749313354492 -9.949999809265137
vertex 52.58911895751953 -53.13749313354492 -10.524024963378906
vertex 52.474937438964844 -53.13749313354492 -4.949999809265137
endloop
endfacet
facet normal 0.8314667829794997 0 -0.5555744673774358
outer loop
vertex 52.773521423339844 -53.75684356689453 -4.099999904632568
vertex 52.58911895751953 -53.13749313354492 -4.375974655151367
vertex 52.773521423339844 -53.13749313354492 -4.099999904632568
endloop
endfacet
facet normal 0 -1 0
outer loop
vertex 52.773521423339844 -53.13749313354492 -4.099999904632568
vertex 55.224937438964844 -53.13749313354492 -8.199999809265137
vertex 55.224937438964844 -53.13749313354492 -6.699999809265137
endloop
endfacet
facet normal 0 -1 0
outer loop
vertex 52.58911895751953 -53.13749313354492 -4.375974655151367
vertex 52.91427993774414 -53.13749313354492 -11.010660171508789
vertex 52.773521423339844 -53.13749313354492 -4.099999904632568
endloop
endfacet
facet normal 0 -1 0
outer loop
vertex 52.474937438964844 -53.13749313354492 -4.949999809265137
vertex 52.58911895751953 -53.13749313354492 -10.524024963378906
vertex 52.58911895751953 -53.13749313354492 -4.375974655151367
endloop
endfacet
facet normal 1 0 0
outer loop
vertex 52.474937438964844 -56.230411529541016 -4.949999809265137
vertex 52.474937438964844 -53.13749313354492 -9.949999809265137
vertex 52.474937438964844 -53.13749313354492 -4.949999809265137
endloop
endfacet
facet normal -1 0 0
outer loop
vertex 67.47493743896484 -53.13749313354492 -4.949999809265137
vertex 67.47493743896484 -56.230045318603516 -9.949999809265137
vertex 67.47493743896484 -56.230045318603516 -4.949999809265137
endloop
endfacet
facet normal 0.8314661210627721 -6.384818839267906e-7 -0.5555754579932594
outer loop
vertex 52.91427993774414 -56.23040008544922 -3.8893399238586426
vertex 52.58911895751953 -53.13749313354492 -4.375974655151367
vertex 52.773521423339844 -53.75684356689453 -4.099999904632568
endloop
endfacet
facet normal 0.5555718102198659 0 -0.8314685584488576
outer loop
vertex 53.40091323852539 -56.23038864135742 -3.564180612564087
vertex 52.91427993774414 -53.75684356689453 -3.8893399238586426
vertex 53.40091323852539 -53.7568473815918 -3.564180612564087
endloop
endfacet
facet normal 0.19509040787318938 0 -0.9807852633251954
outer loop
vertex 53.974937438964844 -56.230377197265625 -3.450000047683716
vertex 53.40091323852539 -56.23038864135742 -3.564180612564087
vertex 53.40091323852539 -53.7568473815918 -3.564180612564087
endloop
endfacet
facet normal -0.8314667829794997 0 -0.5555744673774358
outer loop
vertex 67.36075592041016 -53.13749313354492 -4.375974655151367
vertex 67.36075592041016 -56.230045318603516 -4.375974655151367
vertex 67.17635345458984 -53.75699234008789 -4.099999904632568
endloop
endfacet
facet normal -0.980785013558684 0 -0.1950916635294606
outer loop
vertex 67.36075592041016 -53.13749313354492 -4.375974655151367
vertex 67.47493743896484 -56.230045318603516 -4.949999809265137
vertex 67.36075592041016 -56.230045318603516 -4.375974655151367
endloop
endfacet
facet normal -0.980785013558684 0 -0.1950916635294606
outer loop
vertex 67.47493743896484 -53.13749313354492 -4.949999809265137
vertex 67.47493743896484 -56.230045318603516 -4.949999809265137
vertex 67.36075592041016 -53.13749313354492 -4.375974655151367
endloop
endfacet
facet normal 0 -1 0
outer loop
vertex 63.724937438964844 -53.13749313354492 -5.699999809265137
vertex 64.10762023925781 -53.13749313354492 -5.776120662689209
vertex 67.17635345458984 -53.13749313354492 -4.099999904632568
endloop
endfacet
facet normal 0 -1 0
outer loop
vertex 67.17635345458984 -53.13749313354492 -4.099999904632568
vertex 56.224937438964844 -53.13749313354492 -5.699999809265137
vertex 63.724937438964844 -53.13749313354492 -5.699999809265137
endloop
endfacet
facet normal 0 0 -1
outer loop
vertex 65.97493743896484 -56.230079650878906 -3.450000047683716
vertex 53.974937438964844 -53.75685501098633 -3.450000047683716
vertex 65.97493743896484 -53.75697708129883 -3.450000047683716
endloop
endfacet
facet normal -0.5555718102198659 0 -0.8314685584488576
outer loop
vertex 66.54896545410156 -53.75698471069336 -3.564180612564087
vertex 67.03559875488281 -56.23005294799805 -3.8893399238586426
vertex 66.54896545410156 -56.230064392089844 -3.564180612564087
endloop
endfacet
facet normal -0.19508916074546295 0 -0.9807855113936129
outer loop
vertex 66.54896545410156 -56.230064392089844 -3.564180612564087
vertex 65.97493743896484 -56.230079650878906 -3.450000047683716
vertex 65.97493743896484 -53.75697708129883 -3.450000047683716
endloop
endfacet
facet normal -0.19508916074546295 0 -0.980785511393613
outer loop
vertex 66.54896545410156 -53.75698471069336 -3.564180612564087
vertex 66.54896545410156 -56.230064392089844 -3.564180612564087
vertex 65.97493743896484 -53.75697708129883 -3.450000047683716
endloop
endfacet
facet normal 0 -1 0
outer loop
vertex 64.10762023925781 -53.13749313354492 -5.776120662689209
vertex 64.43204498291016 -53.13749313354492 -5.992893218994141
vertex 67.17635345458984 -53.13749313354492 -4.099999904632568
endloop
endfacet
facet normal 0 -1 0
outer loop
vertex 64.43204498291016 -53.13749313354492 -5.992893218994141
vertex 64.64881896972656 -53.13749313354492 -6.31731653213501
vertex 67.17635345458984 -53.13749313354492 -4.099999904632568
endloop
endfacet
facet normal 0 -1 0
outer loop
vertex 64.72493743896484 -53.13749313354492 -6.699999809265137
vertex 67.17635345458984 -53.13749313354492 -4.099999904632568
vertex 64.64881896972656 -53.13749313354492 -6.31731653213501
endloop
endfacet
facet normal 0.831469584248576 0 -0.5555702750053321
outer loop
vertex 52.91427993774414 -56.23040008544922 -3.8893399238586426
vertex 52.773521423339844 -53.75684356689453 -4.099999904632568
vertex 52.91427993774414 -53.75684356689453 -3.8893399238586426
endloop
endfacet
facet normal 0 -1 0
outer loop
vertex 52.773521423339844 -53.13749313354492 -4.099999904632568
vertex 56.224937438964844 -53.13749313354492 -5.699999809265137
vertex 67.17635345458984 -53.13749313354492 -4.099999904632568
endloop
endfacet
facet normal 0 -1 0
outer loop
vertex 52.773521423339844 -53.13749313354492 -4.099999904632568
vertex 55.30105972290039 -53.13749313354492 -8.582683563232422
vertex 55.224937438964844 -53.13749313354492 -8.199999809265137
endloop
endfacet
facet normal 0 -1 0
outer loop
vertex 52.773521423339844 -53.13749313354492 -4.099999904632568
vertex 55.842254638671875 -53.13749313354492 -5.776120662689209
vertex 56.224937438964844 -53.13749313354492 -5.699999809265137
endloop
endfacet
facet normal 0.9807850135586839 0 -0.1950916635294606
outer loop
vertex 52.58911895751953 -56.23040771484375 -4.375974655151367
vertex 52.474937438964844 -53.13749313354492 -4.949999809265137
vertex 52.58911895751953 -53.13749313354492 -4.375974655151367
endloop
endfacet
facet normal 0.9807850135586839 0 -0.1950916635294606
outer loop
vertex 52.58911895751953 -56.23040771484375 -4.375974655151367
vertex 52.474937438964844 -56.230411529541016 -4.949999809265137
vertex 52.474937438964844 -53.13749313354492 -4.949999809265137
endloop
endfacet
facet normal 0 -1 0
outer loop
vertex 52.773521423339844 -53.13749313354492 -4.099999904632568
vertex 55.51782989501953 -53.13749313354492 -5.992893218994141
vertex 55.842254638671875 -53.13749313354492 -5.776120662689209
endloop
endfacet
facet normal 0 -1 0
outer loop
vertex 52.773521423339844 -53.13749313354492 -4.099999904632568
vertex 55.30105972290039 -53.13749313354492 -6.31731653213501
vertex 55.51782989501953 -53.13749313354492 -5.992893218994141
endloop
endfacet
facet normal 0 -1 0
outer loop
vertex 52.773521423339844 -53.13749313354492 -4.099999904632568
vertex 55.224937438964844 -53.13749313354492 -6.699999809265137
vertex 55.30105972290039 -53.13749313354492 -6.31731653213501
endloop
endfacet
facet normal 0 -1 0
outer loop
vertex 67.17635345458984 -53.13749313354492 -4.099999904632568
vertex 67.36075592041016 -53.13749313354492 -10.524024963378906
vertex 67.36075592041016 -53.13749313354492 -4.375974655151367
endloop
endfacet
facet normal 0 -1 0
outer loop
vertex 67.36075592041016 -53.13749313354492 -4.375974655151367
vertex 67.47493743896484 -53.13749313354492 -9.949999809265137
vertex 67.47493743896484 -53.13749313354492 -4.949999809265137
endloop
endfacet
facet normal 0 -1 0
outer loop
vertex 64.72493743896484 -53.13749313354492 -6.699999809265137
vertex 65.97493743896484 -53.13749313354492 -11.449999809265137
vertex 67.17635345458984 -53.13749313354492 -4.099999904632568
endloop
endfacet
facet normal 0.19509040787318935 0 0.9807852633251952
outer loop
vertex 53.40091323852539 -55.72073745727539 -11.335819244384766
vertex 53.974937438964844 -55.593017578125 -11.449999809265137
vertex 53.40091323852539 -53.13749313354492 -11.335819244384766
endloop
endfacet
facet normal 0.5555715285918136 0 0.8314687466274099
outer loop
vertex 52.91427993774414 -56.08441925048828 -11.010660171508789
vertex 53.40091323852539 -55.72073745727539 -11.335819244384766
vertex 53.40091323852539 -53.13749313354492 -11.335819244384766
endloop
endfacet
facet normal 0.19509040787318938 0 0.9807852633251953
outer loop
vertex 53.40091323852539 -53.13749313354492 -11.335819244384766
vertex 53.974937438964844 -55.593017578125 -11.449999809265137
vertex 53.974937438964844 -53.13749313354492 -11.449999809265137
endloop
endfacet
facet normal 0 0 1
outer loop
vertex 53.974937438964844 -53.13749313354492 -11.449999809265137
vertex 53.974937438964844 -55.593017578125 -11.449999809265137
vertex 65.97493743896484 -53.13749313354492 -11.449999809265137
endloop
endfacet
facet normal 0.8314591296786318 0 0.5555859210545676
outer loop
vertex 52.827064514160156 -56.230403900146484 -10.880138397216797
vertex 52.91427993774414 -56.08441925048828 -11.010660171508789
vertex 52.91427993774414 -53.13749313354492 -11.010660171508789
endloop
endfacet
facet normal 0.8314682470991419 -8.329151711989324e-7 0.5555722761848243
outer loop
vertex 52.827064514160156 -56.230403900146484 -10.880138397216797
vertex 52.91427993774414 -53.13749313354492 -11.010660171508789
vertex 52.58911895751953 -53.13749313354492 -10.524024963378906
endloop
endfacet
facet normal 0 -1 0
outer loop
vertex 67.36075592041016 -53.13749313354492 -10.524024963378906
vertex 67.47493743896484 -53.13749313354492 -9.949999809265137
vertex 67.36075592041016 -53.13749313354492 -4.375974655151367
endloop
endfacet
facet normal -1 0 0
outer loop
vertex 67.47493743896484 -53.13749313354492 -9.949999809265137
vertex 67.47493743896484 -56.230045318603516 -9.949999809265137
vertex 67.47493743896484 -53.13749313354492 -4.949999809265137
endloop
endfacet
facet normal 0.8314715887869061 0 0.5555672749903275
outer loop
vertex 52.58911895751953 -56.23040771484375 -10.524024963378906
vertex 52.827064514160156 -56.230403900146484 -10.880138397216797
vertex 52.58911895751953 -53.13749313354492 -10.524024963378906
endloop
endfacet
facet normal 0.5555715285918135 0 0.8314687466274098
outer loop
vertex 52.91427993774414 -56.08441925048828 -11.010660171508789
vertex 53.40091323852539 -53.13749313354492 -11.335819244384766
vertex 52.91427993774414 -53.13749313354492 -11.010660171508789
endloop
endfacet
facet normal 0 -1 0
outer loop
vertex 67.17635345458984 -53.13749313354492 -4.099999904632568
vertex 67.03559875488281 -53.13749313354492 -11.010660171508789
vertex 67.36075592041016 -53.13749313354492 -10.524024963378906
endloop
endfacet
facet normal 0 0 1
outer loop
vertex 65.97493743896484 -53.13749313354492 -11.449999809265137
vertex 53.974937438964844 -55.593017578125 -11.449999809265137
vertex 65.97493743896484 -55.59270477294922 -11.449999809265137
endloop
endfacet
facet normal -0.19508916074546298 0 0.980785511393613
outer loop
vertex 65.97493743896484 -55.59270477294922 -11.449999809265137
vertex 66.54896545410156 -55.720394134521484 -11.335819244384766
vertex 66.54896545410156 -53.13749313354492 -11.335819244384766
endloop
endfacet
facet normal 0 -1 0
outer loop
vertex 67.17635345458984 -53.13749313354492 -4.099999904632568
vertex 66.54896545410156 -53.13749313354492 -11.335819244384766
vertex 67.03559875488281 -53.13749313354492 -11.010660171508789
endloop
endfacet
facet normal 0 -1 0
outer loop
vertex 64.72493743896484 -53.13749313354492 -8.199999809265137
vertex 65.97493743896484 -53.13749313354492 -11.449999809265137
vertex 64.72493743896484 -53.13749313354492 -6.699999809265137
endloop
endfacet
facet normal -0.19508916074546295 0 0.980785511393613
outer loop
vertex 65.97493743896484 -53.13749313354492 -11.449999809265137
vertex 65.97493743896484 -55.59270477294922 -11.449999809265137
vertex 66.54896545410156 -53.13749313354492 -11.335819244384766
endloop
endfacet
facet normal -0.5555715285918136 0 0.8314687466274098
outer loop
vertex 66.54896545410156 -53.13749313354492 -11.335819244384766
vertex 66.54896545410156 -55.720394134521484 -11.335819244384766
vertex 67.03559875488281 -53.13749313354492 -11.010660171508789
endloop
endfacet
facet normal -0.5555715285918136 0 0.8314687466274098
outer loop
vertex 67.03559875488281 -53.13749313354492 -11.010660171508789
vertex 66.54896545410156 -55.720394134521484 -11.335819244384766
vertex 67.03559875488281 -56.08405303955078 -11.010660171508789
endloop
endfacet
facet normal 0.19509040787318935 0 -0.9807852633251953
outer loop
vertex 53.974937438964844 -56.230377197265625 -3.450000047683716
vertex 53.40091323852539 -53.7568473815918 -3.564180612564087
vertex 53.974937438964844 -53.75685501098633 -3.450000047683716
endloop
endfacet
facet normal -0.8314658341518036 -0.0000019391154743116537 0.5555758873767698
outer loop
vertex 67.03559875488281 -56.08405303955078 -11.010660171508789
vertex 67.1228256225586 -56.23005294799805 -10.880118370056152
vertex 67.36075592041016 -53.13749313354492 -10.524024963378906
endloop
endfacet
facet normal -0.8314712579435086 0 0.5555677701359567
outer loop
vertex 67.03559875488281 -53.13749313354492 -11.010660171508789
vertex 67.03559875488281 -56.08405303955078 -11.010660171508789
vertex 67.36075592041016 -53.13749313354492 -10.524024963378906
endloop
endfacet
facet normal 0.8314679956250158 0 -0.5555726525408882
outer loop
vertex 52.91427993774414 -56.23040008544922 -3.8893399238586426
vertex 52.58911895751953 -56.23040771484375 -4.375974655151367
vertex 52.58911895751953 -53.13749313354492 -4.375974655151367
endloop
endfacet
facet normal 0 0 -1
outer loop
vertex 65.97493743896484 -56.230079650878906 -3.450000047683716
vertex 53.974937438964844 -56.230377197265625 -3.450000047683716
vertex 53.974937438964844 -53.75685501098633 -3.450000047683716
endloop
endfacet
facet normal -0.8314765394614136 -0.000002356936058248654 -0.5555598656488038
outer loop
vertex 67.17635345458984 -53.75699234008789 -4.099999904632568
vertex 67.36075592041016 -56.230045318603516 -4.375974655151367
vertex 67.03559875488281 -53.756988525390625 -3.8893399238586426
endloop
endfacet
facet normal -0.8314710064722629 0 -0.5555681464915011
outer loop
vertex 67.03559875488281 -53.756988525390625 -3.8893399238586426
vertex 67.36075592041016 -56.230045318603516 -4.375974655151367
vertex 67.03559875488281 -56.23005294799805 -3.8893399238586426
endloop
endfacet
facet normal -0.5555718102198658 0 -0.8314685584488575
outer loop
vertex 67.03559875488281 -53.756988525390625 -3.8893399238586426
vertex 67.03559875488281 -56.23005294799805 -3.8893399238586426
vertex 66.54896545410156 -53.75698471069336 -3.564180612564087
endloop
endfacet
facet normal -0.8314667829794997 0 -0.5555744673774359
outer loop
vertex 67.17635345458984 -53.75699234008789 -4.099999904632568
vertex 67.17635345458984 -53.13749313354492 -4.099999904632568
vertex 67.36075592041016 -53.13749313354492 -4.375974655151367
endloop
endfacet
facet normal 0 -1 0
outer loop
vertex 53.974937438964844 -53.13749313354492 -11.449999809265137
vertex 65.97493743896484 -53.13749313354492 -11.449999809265137
vertex 63.724937438964844 -53.13749313354492 -9.199999809265137
endloop
endfacet
facet normal -0.8314736135364389 0 0.5555642447032174
outer loop
vertex 67.36075592041016 -53.13749313354492 -10.524024963378906
vertex 67.1228256225586 -56.23005294799805 -10.880118370056152
vertex 67.36075592041016 -56.230045318603516 -10.524024963378906
endloop
endfacet
facet normal 0.9807850135586839 0 0.1950916635294606
outer loop
vertex 52.474937438964844 -56.230411529541016 -9.949999809265137
vertex 52.58911895751953 -56.23040771484375 -10.524024963378906
vertex 52.58911895751953 -53.13749313354492 -10.524024963378906
endloop
endfacet
facet normal 0.9807850135586839 0 0.1950916635294606
outer loop
vertex 52.474937438964844 -56.230411529541016 -9.949999809265137
vertex 52.58911895751953 -53.13749313354492 -10.524024963378906
vertex 52.474937438964844 -53.13749313354492 -9.949999809265137
endloop
endfacet
facet normal 0 -1 0
outer loop
vertex 56.224937438964844 -53.13749313354492 -9.199999809265137
vertex 55.842254638671875 -53.13749313354492 -9.123879432678223
vertex 53.974937438964844 -53.13749313354492 -11.449999809265137
endloop
endfacet
facet normal 0 -1 0
outer loop
vertex 56.224937438964844 -53.13749313354492 -9.199999809265137
vertex 53.974937438964844 -53.13749313354492 -11.449999809265137
vertex 63.724937438964844 -53.13749313354492 -9.199999809265137
endloop
endfacet
facet normal 0 -1 0
outer loop
vertex 53.974937438964844 -53.13749313354492 -11.449999809265137
vertex 55.842254638671875 -53.13749313354492 -9.123879432678223
vertex 55.51782989501953 -53.13749313354492 -8.907106399536133
endloop
endfacet
facet normal 0 -1 0
outer loop
vertex 53.974937438964844 -53.13749313354492 -11.449999809265137
vertex 55.51782989501953 -53.13749313354492 -8.907106399536133
vertex 55.30105972290039 -53.13749313354492 -8.582683563232422
endloop
endfacet
facet normal 0 -1 0
outer loop
vertex 53.40091323852539 -53.13749313354492 -11.335819244384766
vertex 53.974937438964844 -53.13749313354492 -11.449999809265137
vertex 52.773521423339844 -53.13749313354492 -4.099999904632568
endloop
endfacet
facet normal 0 -1 0
outer loop
vertex 63.724937438964844 -53.13749313354492 -9.199999809265137
vertex 65.97493743896484 -53.13749313354492 -11.449999809265137
vertex 64.10762023925781 -53.13749313354492 -9.123879432678223
endloop
endfacet
facet normal 0 -1 0
outer loop
vertex 64.10762023925781 -53.13749313354492 -9.123879432678223
vertex 65.97493743896484 -53.13749313354492 -11.449999809265137
vertex 64.43204498291016 -53.13749313354492 -8.907106399536133
endloop
endfacet
facet normal -0.980785013558684 0 0.1950916635294606
outer loop
vertex 67.36075592041016 -53.13749313354492 -10.524024963378906
vertex 67.36075592041016 -56.230045318603516 -10.524024963378906
vertex 67.47493743896484 -53.13749313354492 -9.949999809265137
endloop
endfacet
facet normal -0.980785013558684 0 0.1950916635294606
outer loop
vertex 67.47493743896484 -53.13749313354492 -9.949999809265137
vertex 67.36075592041016 -56.230045318603516 -10.524024963378906
vertex 67.47493743896484 -56.230045318603516 -9.949999809265137
endloop
endfacet
facet normal 0 -1 0
outer loop
vertex 64.43204498291016 -53.13749313354492 -8.907106399536133
vertex 65.97493743896484 -53.13749313354492 -11.449999809265137
vertex 64.64881896972656 -53.13749313354492 -8.582683563232422
endloop
endfacet
facet normal 0 -1 0
outer loop
vertex 64.64881896972656 -53.13749313354492 -8.582683563232422
vertex 65.97493743896484 -53.13749313354492 -11.449999809265137
vertex 64.72493743896484 -53.13749313354492 -8.199999809265137
endloop
endfacet
facet normal 0 -1 0
outer loop
vertex 65.97493743896484 -53.13749313354492 -11.449999809265137
vertex 66.54896545410156 -53.13749313354492 -11.335819244384766
vertex 67.17635345458984 -53.13749313354492 -4.099999904632568
endloop
endfacet
facet normal 1 0 0
outer loop
vertex 52.474937438964844 -56.230411529541016 -4.949999809265137
vertex 52.474937438964844 -56.230411529541016 -9.949999809265137
vertex 52.474937438964844 -53.13749313354492 -9.949999809265137
endloop
endfacet
facet normal 0 -1 0
outer loop
vertex 52.91427993774414 -53.13749313354492 -11.010660171508789
vertex 53.40091323852539 -53.13749313354492 -11.335819244384766
vertex 52.773521423339844 -53.13749313354492 -4.099999904632568
endloop
endfacet
facet normal 0 -1 0
outer loop
vertex 52.58911895751953 -53.13749313354492 -10.524024963378906
vertex 52.91427993774414 -53.13749313354492 -11.010660171508789
vertex 52.58911895751953 -53.13749313354492 -4.375974655151367
endloop
endfacet
facet normal 0 -1 0
outer loop
vertex 52.773521423339844 -53.13749313354492 -4.099999904632568
vertex 53.974937438964844 -53.13749313354492 -11.449999809265137
vertex 55.30105972290039 -53.13749313354492 -8.582683563232422
endloop
endfacet
facet normal -0.19509040787318935 0 0.9807852633251952
outer loop
vertex 64.10762023925781 -53.13749313354492 -9.123879432678223
vertex 64.10762023925781 -51.93749237060547 -9.123879432678223
vertex 63.724937438964844 -53.13749313354492 -9.199999809265137
endloop
endfacet
facet normal 0.8314722604247334 0 0.5555662698042281
outer loop
vertex 55.30105972290039 -53.13749313354492 -8.582683563232422
vertex 55.51782989501953 -51.93749237060547 -8.907106399536133
vertex 55.30105972290039 -51.93749237060547 -8.582683563232422
endloop
endfacet
facet normal -0.831468121362287 0 -0.5555724643629031
outer loop
vertex 64.64881896972656 -51.93749237060547 -6.31731653213501
vertex 64.64881896972656 -53.13749313354492 -6.31731653213501
vertex 64.43204498291016 -51.93749237060547 -5.992893218994141
endloop
endfacet
facet normal 0.8314726376298004 0 -0.555565705270711
outer loop
vertex 55.30105972290039 -53.13749313354492 -6.31731653213501
vertex 55.30105972290039 -51.93749237060547 -6.31731653213501
vertex 55.51782989501953 -53.13749313354492 -5.992893218994141
endloop
endfacet
facet normal 1 0 0
outer loop
vertex 55.224937438964844 -53.13749313354492 -6.699999809265137
vertex 55.224937438964844 -51.93749237060547 -8.199999809265137
vertex 55.224937438964844 -51.93749237060547 -6.699999809265137
endloop
endfacet
facet normal -0.5555682361196549 0 -0.8314709465849636
outer loop
vertex 64.43204498291016 -51.93749237060547 -5.992893218994141
vertex 64.43204498291016 -53.13749313354492 -5.992893218994141
vertex 64.10762023925781 -51.93749237060547 -5.776120662689209
endloop
endfacet
facet normal -0.5555682361196549 0 -0.8314709465849636
outer loop
vertex 64.10762023925781 -53.13749313354492 -5.776120662689209
vertex 64.10762023925781 -51.93749237060547 -5.776120662689209
vertex 64.43204498291016 -53.13749313354492 -5.992893218994141
endloop
endfacet
facet normal -0.19509158345481065 0 -0.9807850294866326
outer loop
vertex 64.10762023925781 -53.13749313354492 -5.776120662689209
vertex 63.724937438964844 -51.93749237060547 -5.699999809265137
vertex 64.10762023925781 -51.93749237060547 -5.776120662689209
endloop
endfacet
facet normal 0 0 -1
outer loop
vertex 63.724937438964844 -53.13749313354492 -5.699999809265137
vertex 56.224937438964844 -51.93749237060547 -5.699999809265137
vertex 63.724937438964844 -51.93749237060547 -5.699999809265137
endloop
endfacet
facet normal -0.19509158345481065 0 -0.9807850294866326
outer loop
vertex 63.724937438964844 -53.13749313354492 -5.699999809265137
vertex 63.724937438964844 -51.93749237060547 -5.699999809265137
vertex 64.10762023925781 -53.13749313354492 -5.776120662689209
endloop
endfacet
facet normal 0 0 -1
outer loop
vertex 56.224937438964844 -53.13749313354492 -5.699999809265137
vertex 56.224937438964844 -51.93749237060547 -5.699999809265137
vertex 63.724937438964844 -53.13749313354492 -5.699999809265137
endloop
endfacet
facet normal 0.19509158345481065 0 -0.9807850294866326
outer loop
vertex 56.224937438964844 -53.13749313354492 -5.699999809265137
vertex 55.842254638671875 -51.93749237060547 -5.776120662689209
vertex 56.224937438964844 -51.93749237060547 -5.699999809265137
endloop
endfacet
facet normal 0.5555682361196549 0 -0.8314709465849636
outer loop
vertex 55.842254638671875 -53.13749313354492 -5.776120662689209
vertex 55.51782989501953 -51.93749237060547 -5.992893218994141
vertex 55.842254638671875 -51.93749237060547 -5.776120662689209
endloop
endfacet
facet normal 0.19509158345481065 0 -0.9807850294866326
outer loop
vertex 55.842254638671875 -53.13749313354492 -5.776120662689209
vertex 55.842254638671875 -51.93749237060547 -5.776120662689209
vertex 56.224937438964844 -53.13749313354492 -5.699999809265137
endloop
endfacet
facet normal 0.5555682361196549 0 -0.8314709465849636
outer loop
vertex 55.842254638671875 -53.13749313354492 -5.776120662689209
vertex 55.51782989501953 -53.13749313354492 -5.992893218994141
vertex 55.51782989501953 -51.93749237060547 -5.992893218994141
endloop
endfacet
facet normal -0.831468121362287 0 -0.5555724643629031
outer loop
vertex 64.43204498291016 -53.13749313354492 -5.992893218994141
vertex 64.43204498291016 -51.93749237060547 -5.992893218994141
vertex 64.64881896972656 -53.13749313354492 -6.31731653213501
endloop
endfacet
facet normal -0.9807862451774634 0 -0.1950854717058468
outer loop
vertex 64.72493743896484 -51.93749237060547 -6.699999809265137
vertex 64.72493743896484 -53.13749313354492 -6.699999809265137
vertex 64.64881896972656 -51.93749237060547 -6.31731653213501
endloop
endfacet
facet normal -0.9807862451774634 0 -0.1950854717058468
outer loop
vertex 64.64881896972656 -53.13749313354492 -6.31731653213501
vertex 64.64881896972656 -51.93749237060547 -6.31731653213501
vertex 64.72493743896484 -53.13749313354492 -6.699999809265137
endloop
endfacet
facet normal -1 0 0
outer loop
vertex 64.72493743896484 -51.93749237060547 -6.699999809265137
vertex 64.72493743896484 -53.13749313354492 -8.199999809265137
vertex 64.72493743896484 -53.13749313354492 -6.699999809265137
endloop
endfacet
facet normal 0.8314726376298004 0 -0.555565705270711
outer loop
vertex 55.51782989501953 -53.13749313354492 -5.992893218994141
vertex 55.30105972290039 -51.93749237060547 -6.31731653213501
vertex 55.51782989501953 -51.93749237060547 -5.992893218994141
endloop
endfacet
facet normal -1 0 0
outer loop
vertex 64.72493743896484 -51.93749237060547 -8.199999809265137
vertex 64.72493743896484 -53.13749313354492 -8.199999809265137
vertex 64.72493743896484 -51.93749237060547 -6.699999809265137
endloop
endfacet
facet normal -0.980786291688289 0 0.19508523787394735
outer loop
vertex 64.64881896972656 -51.93749237060547 -8.582683563232422
vertex 64.64881896972656 -53.13749313354492 -8.582683563232422
vertex 64.72493743896484 -51.93749237060547 -8.199999809265137
endloop
endfacet
facet normal -0.980786291688289 0 0.19508523787394735
outer loop
vertex 64.72493743896484 -53.13749313354492 -8.199999809265137
vertex 64.72493743896484 -51.93749237060547 -8.199999809265137
vertex 64.64881896972656 -53.13749313354492 -8.582683563232422
endloop
endfacet
facet normal -0.8314677441500905 0 0.5555730288971555
outer loop
vertex 64.43204498291016 -51.93749237060547 -8.907106399536133
vertex 64.43204498291016 -53.13749313354492 -8.907106399536133
vertex 64.64881896972656 -51.93749237060547 -8.582683563232422
endloop
endfacet
facet normal -0.8314677441500905 0 0.5555730288971555
outer loop
vertex 64.64881896972656 -53.13749313354492 -8.582683563232422
vertex 64.64881896972656 -51.93749237060547 -8.582683563232422
vertex 64.43204498291016 -53.13749313354492 -8.907106399536133
endloop
endfacet
facet normal 0.19509040787318935 0 0.9807852633251952
outer loop
vertex 55.842254638671875 -53.13749313354492 -9.123879432678223
vertex 56.224937438964844 -53.13749313354492 -9.199999809265137
vertex 56.224937438964844 -51.93749237060547 -9.199999809265137
endloop
endfacet
facet normal 0.5555690810033217 0 0.83147038205406
outer loop
vertex 55.51782989501953 -53.13749313354492 -8.907106399536133
vertex 55.842254638671875 -53.13749313354492 -9.123879432678223
vertex 55.842254638671875 -51.93749237060547 -9.123879432678223
endloop
endfacet
facet normal 0.19509040787318935 0 0.9807852633251952
outer loop
vertex 55.842254638671875 -51.93749237060547 -9.123879432678223
vertex 55.842254638671875 -53.13749313354492 -9.123879432678223
vertex 56.224937438964844 -51.93749237060547 -9.199999809265137
endloop
endfacet
facet normal 0.5555690810033217 0 0.83147038205406
outer loop
vertex 55.51782989501953 -53.13749313354492 -8.907106399536133
vertex 55.842254638671875 -51.93749237060547 -9.123879432678223
vertex 55.51782989501953 -51.93749237060547 -8.907106399536133
endloop
endfacet
facet normal 0 0 1
outer loop
vertex 56.224937438964844 -51.93749237060547 -9.199999809265137
vertex 56.224937438964844 -53.13749313354492 -9.199999809265137
vertex 63.724937438964844 -51.93749237060547 -9.199999809265137
endloop
endfacet
facet normal 0 0 1
outer loop
vertex 63.724937438964844 -51.93749237060547 -9.199999809265137
vertex 56.224937438964844 -53.13749313354492 -9.199999809265137
vertex 63.724937438964844 -53.13749313354492 -9.199999809265137
endloop
endfacet
facet normal -0.19509040787318935 0 0.9807852633251952
outer loop
vertex 63.724937438964844 -51.93749237060547 -9.199999809265137
vertex 63.724937438964844 -53.13749313354492 -9.199999809265137
vertex 64.10762023925781 -51.93749237060547 -9.123879432678223
endloop
endfacet
facet normal 1 0 0
outer loop
vertex 55.224937438964844 -53.13749313354492 -8.199999809265137
vertex 55.224937438964844 -51.93749237060547 -8.199999809265137
vertex 55.224937438964844 -53.13749313354492 -6.699999809265137
endloop
endfacet
facet normal -0.5555690810033217 0 0.83147038205406
outer loop
vertex 64.43204498291016 -53.13749313354492 -8.907106399536133
vertex 64.43204498291016 -51.93749237060547 -8.907106399536133
vertex 64.10762023925781 -53.13749313354492 -9.123879432678223
endloop
endfacet
facet normal 0.980784420993769 0 0.19509464250952002
outer loop
vertex 55.224937438964844 -53.13749313354492 -8.199999809265137
vertex 55.30105972290039 -51.93749237060547 -8.582683563232422
vertex 55.224937438964844 -51.93749237060547 -8.199999809265137
endloop
endfacet
facet normal -0.5555690810033217 0 0.83147038205406
outer loop
vertex 64.10762023925781 -51.93749237060547 -9.123879432678223
vertex 64.10762023925781 -53.13749313354492 -9.123879432678223
vertex 64.43204498291016 -51.93749237060547 -8.907106399536133
endloop
endfacet
facet normal 0.9807843744785476 0 -0.1950948763518
outer loop
vertex 55.30105972290039 -53.13749313354492 -6.31731653213501
vertex 55.224937438964844 -51.93749237060547 -6.699999809265137
vertex 55.30105972290039 -51.93749237060547 -6.31731653213501
endloop
endfacet
facet normal 0.9807843744785476 0 -0.1950948763518
outer loop
vertex 55.224937438964844 -53.13749313354492 -6.699999809265137
vertex 55.224937438964844 -51.93749237060547 -6.699999809265137
vertex 55.30105972290039 -53.13749313354492 -6.31731653213501
endloop
endfacet
facet normal 0.8314722604247334 0 0.5555662698042281
outer loop
vertex 55.30105972290039 -53.13749313354492 -8.582683563232422
vertex 55.51782989501953 -53.13749313354492 -8.907106399536133
vertex 55.51782989501953 -51.93749237060547 -8.907106399536133
endloop
endfacet
facet normal 0.980784420993769 0 0.19509464250952002
outer loop
vertex 55.30105972290039 -53.13749313354492 -8.582683563232422
vertex 55.30105972290039 -51.93749237060547 -8.582683563232422
vertex 55.224937438964844 -53.13749313354492 -8.199999809265137
endloop
endfacet
facet normal 0.42261723351328206 -0.906308266506259 0
outer loop
vertex 81.60284423828125 -57.280033111572266 -0.5
vertex 81.60284423828125 -57.280033111572266 -1.5
vertex 82.86668395996094 -56.690696716308594 -0.5
endloop
endfacet
facet normal -0.060978649458106444 -0.08708602554380981 0.9943327554019571
outer loop
vertex 75.50585174560547 -55.5836181640625 -0.35377177596092224
vertex 74.7422103881836 -55.63496398925781 -0.4050999879837036
vertex 75.26490020751953 -56.00095748901367 -0.4050999879837036
endloop
endfacet
facet normal 0.05019126511808305 -0.10763610793679108 0.9929226078471907
outer loop
vertex 81.3304443359375 -56.531620025634766 -0.4050999879837036
vertex 81.60284423828125 -57.280033111572266 -0.5
vertex 82.46846008300781 -56.00095748901367 -0.4050999879837036
endloop
endfacet
facet normal 0.044929578541094 -0.0963523225411065 0.9943327224390507
outer loop
vertex 81.3304443359375 -56.531620025634766 -0.4050999879837036
vertex 82.46846008300781 -56.00095748901367 -0.4050999879837036
vertex 81.55584716796875 -55.54984664916992 -0.32014966011047363
endloop
endfacet
facet normal 1 0 0
outer loop
vertex 83.36668395996094 -56.34059143066406 -0.5
vertex 83.36668395996094 -56.229652404785156 -1
vertex 83.36668395996094 -55.663291931152344 -0.43363896012306213
endloop
endfacet
facet normal 0.06812006168029094 -0.09728510889929062 0.9929225875077707
outer loop
vertex 82.86668395996094 -56.690696716308594 -0.5
vertex 83.36668395996094 -56.34059143066406 -0.5
vertex 82.99143981933594 -55.634761810302734 -0.4050999879837036
endloop
endfacet
facet normal 0.06812000898951293 -0.0972851030504007 0.992922591695718
outer loop
vertex 82.86668395996094 -56.690696716308594 -0.5
vertex 82.99143981933594 -55.634761810302734 -0.4050999879837036
vertex 82.46846008300781 -56.00095748901367 -0.4050999879837036
endloop
endfacet
facet normal 0.06811945177859494 -0.09728543448150191 0.9929225974501382
outer loop
vertex 82.99143981933594 -55.634761810302734 -0.4050999879837036
vertex 83.36668395996094 -56.34059143066406 -0.5
vertex 83.36668395996094 -55.663291931152344 -0.43363896012306213
endloop
endfacet
facet normal 0.0609784705890197 -0.08708596612225765 0.9943327715755814
outer loop
vertex 82.46846008300781 -56.00095748901367 -0.4050999879837036
vertex 82.99143981933594 -55.634761810302734 -0.4050999879837036
vertex 82.22740173339844 -55.58342742919922 -0.3537485897541046
endloop
endfacet
facet normal 0.009265596518211124 -0.10590841097948898 0.9943327195687374
outer loop
vertex 79.26668548583984 -56.133487701416016 -0.32014966011047363
vertex 79.26668548583984 -56.931053161621094 -0.4050999879837036
vertex 79.97907257080078 -56.071163177490234 -0.32014966011047363
endloop
endfacet
facet normal 0.027516048159649344 -0.10269069656223719 0.9943326847354654
outer loop
vertex 79.97907257080078 -56.071163177490234 -0.32014966011047363
vertex 80.11756896972656 -56.85660934448242 -0.4050999879837036
vertex 81.05766296386719 -55.78215408325195 -0.32014966011047363
endloop
endfacet
facet normal 0.044929924783793714 -0.09635240003061388 0.9943326992849342
outer loop
vertex 81.05766296386719 -55.78215408325195 -0.32014966011047363
vertex 81.3304443359375 -56.531620025634766 -0.4050999879837036
vertex 81.55584716796875 -55.54984664916992 -0.32014966011047363
endloop
endfacet
facet normal 0.008179009822472928 -0.09348841512591347 0.9955867717258846
outer loop
vertex 79.87747192382812 -55.49494552612305 -0.265206515789032
vertex 79.26668548583984 -56.133487701416016 -0.32014966011047363
vertex 79.97907257080078 -56.071163177490234 -0.32014966011047363
endloop
endfacet
facet normal 0.024289150496406824 -0.09064782009789926 0.9955867666254218
outer loop
vertex 79.87747192382812 -55.49494552612305 -0.265206515789032
vertex 79.97907257080078 -56.071163177490234 -0.32014966011047363
vertex 81.05766296386719 -55.78215408325195 -0.32014966011047363
endloop
endfacet
facet normal 0.024289219885576877 -0.09064753952851658 0.9955867904782466
outer loop
vertex 80.9637222290039 -55.524070739746094 -0.2943594753742218
vertex 79.87747192382812 -55.49494552612305 -0.265206515789032
vertex 81.05766296386719 -55.78215408325195 -0.32014966011047363
endloop
endfacet
facet normal 0.039660657071392484 -0.08505243474162655 0.9955868197325569
outer loop
vertex 81.05766296386719 -55.78215408325195 -0.32014966011047363
vertex 81.55584716796875 -55.54984664916992 -0.32014966011047363
vertex 80.9637222290039 -55.524070739746094 -0.2943594753742218
endloop
endfacet
facet normal 0.04493002125675394 -0.09635143926269069 0.9943327880251539
outer loop
vertex 81.55584716796875 -55.54984664916992 -0.32014966011047363
vertex 82.46846008300781 -56.00095748901367 -0.4050999879837036
vertex 82.22740173339844 -55.58342742919922 -0.3537485897541046
endloop
endfacet
facet normal 0.030738062168052558 -0.11471648956975991 0.9929226045140398
outer loop
vertex 81.3304443359375 -56.531620025634766 -0.4050999879837036
vertex 80.25586700439453 -57.640953063964844 -0.5
vertex 81.60284423828125 -57.280033111572266 -0.5
endloop
endfacet
facet normal 0.027515879126116617 -0.10269055023112574 0.9943327045255755
outer loop
vertex 80.11756896972656 -56.85660934448242 -0.4050999879837036
vertex 81.3304443359375 -56.531620025634766 -0.4050999879837036
vertex 81.05766296386719 -55.78215408325195 -0.32014966011047363
endloop
endfacet
facet normal 0.00926595520625241 -0.1059087047181873 0.9943326849395183
outer loop
vertex 79.26668548583984 -56.931053161621094 -0.4050999879837036
vertex 80.11756896972656 -56.85660934448242 -0.4050999879837036
vertex 79.97907257080078 -56.071163177490234 -0.32014966011047363
endloop
endfacet
facet normal 0.25881803504136525 -0.9659260969335732 0
outer loop
vertex 80.25586700439453 -57.640953063964844 -0.5
vertex 80.25586700439453 -57.640953063964844 -1.5
vertex 81.60284423828125 -57.280033111572266 -0.5
endloop
endfacet
facet normal 1 0 0
outer loop
vertex 83.36668395996094 -56.34059143066406 -0.5
vertex 83.36668395996094 -56.34059143066406 -1.5
vertex 83.36668395996094 -56.229652404785156 -1
endloop
endfacet
facet normal -0.06811991776223277 -0.09728490336389302 -0.9929226175193839
outer loop
vertex 74.86668395996094 -56.690696716308594 -1.5
vertex 74.36668395996094 -56.34059143066406 -1.5
vertex 75.13275146484375 -56.229854583740234 -1.563406229019165
endloop
endfacet
facet normal 0.5735781035076711 -0.8191508769308272 0
outer loop
vertex 82.86668395996094 -56.690696716308594 -1.5
vertex 83.36668395996094 -56.34059143066406 -1.5
vertex 83.36668395996094 -56.34059143066406 -0.5
endloop
endfacet
facet normal -0.06811994042613317 -0.09728475406270776 -0.9929226305927863
outer loop
vertex 75.13275146484375 -56.229854583740234 -1.563406229019165
vertex 74.36668395996094 -56.34059143066406 -1.5
vertex 74.36668395996094 -56.22987365722656 -1.5108479261398315
endloop
endfacet
facet normal -0.04492978997073352 -0.09635341407780085 -0.9943326071133027
outer loop
vertex 76.40292358398438 -56.531620025634766 -1.5949000120162964
vertex 75.75574493408203 -56.22983932495117 -1.5949000120162964
vertex 76.51276397705078 -56.229820251464844 -1.6291084289550781
endloop
endfacet
facet normal 0.030738278794330765 -0.11471669678733101 0.9929225738671498
outer loop
vertex 80.11756896972656 -56.85660934448242 -0.4050999879837036
vertex 80.25586700439453 -57.640953063964844 -0.5
vertex 81.3304443359375 -56.531620025634766 -0.4050999879837036
endloop
endfacet
facet normal 0.010351063877468076 -0.11831136060080781 0.9929225938759729
outer loop
vertex 79.26668548583984 -56.931053161621094 -0.4050999879837036
vertex 79.26668548583984 -57.72749710083008 -0.5
vertex 80.11756896972656 -56.85660934448242 -0.4050999879837036
endloop
endfacet
facet normal -0.050191934330632036 -0.10763563728963597 -0.9929226250385291
outer loop
vertex 75.13275146484375 -56.229854583740234 -1.563406229019165
vertex 75.75574493408203 -56.22983932495117 -1.5949000120162964
vertex 74.86668395996094 -56.690696716308594 -1.5
endloop
endfacet
facet normal -0.050191530526883014 -0.10763640338790323 -0.9929225624030735
outer loop
vertex 74.86668395996094 -56.690696716308594 -1.5
vertex 75.75574493408203 -56.22983932495117 -1.5949000120162964
vertex 76.13052368164062 -57.280033111572266 -1.5
endloop
endfacet
facet normal 0.010351131958738767 -0.11831142618929925 0.9929225853510569
outer loop
vertex 79.26668548583984 -57.72749710083008 -0.5
vertex 80.25586700439453 -57.640953063964844 -0.5
vertex 80.11756896972656 -56.85660934448242 -0.4050999879837036
endloop
endfacet
facet normal 1 0 0
outer loop
vertex 83.36668395996094 -56.34059143066406 -1.5
vertex 83.36668395996094 -56.229652404785156 -1.5108696222305298
vertex 83.36668395996094 -56.229652404785156 -1
endloop
endfacet
facet normal -0.05019098110221039 -0.10763621170413855 -0.9929226109551436
outer loop
vertex 75.75574493408203 -56.22983932495117 -1.5949000120162964
vertex 76.40292358398438 -56.531620025634766 -1.5949000120162964
vertex 76.13052368164062 -57.280033111572266 -1.5
endloop
endfacet
facet normal 0.0081788248350938 -0.09348823972739824 0.9955867897159892
outer loop
vertex 79.26668548583984 -55.48942184448242 -0.2596701681613922
vertex 79.26668548583984 -56.133487701416016 -0.32014966011047363
vertex 79.87747192382812 -55.49494552612305 -0.265206515789032
endloop
endfacet
facet normal -0.0307382033724734 -0.11471641530942522 -0.9929226087223454
outer loop
vertex 76.40292358398438 -56.531620025634766 -1.5949000120162964
vertex 77.61579895019531 -56.85660934448242 -1.5949000120162964
vertex 77.47749328613281 -57.640953063964844 -1.5
endloop
endfacet
facet normal -0.008179250931082314 -0.09348808580250037 0.9955868006694296
outer loop
vertex 77.85588836669922 -55.494998931884766 -0.2652117609977722
vertex 77.7542953491211 -56.071163177490234 -0.32014966011047363
vertex 78.46668243408203 -55.489444732666016 -0.25967222452163696
endloop
endfacet
facet normal -0.030738220854969352 -0.11471643203248684 -0.9929226062490506
outer loop
vertex 76.13052368164062 -57.280033111572266 -1.5
vertex 76.40292358398438 -56.531620025634766 -1.5949000120162964
vertex 77.47749328613281 -57.640953063964844 -1.5
endloop
endfacet
facet normal 0.42261723351328206 -0.906308266506259 0
outer loop
vertex 81.60284423828125 -57.280033111572266 -1.5
vertex 82.86668395996094 -56.690696716308594 -1.5
vertex 82.86668395996094 -56.690696716308594 -0.5
endloop
endfacet
facet normal 0.25881803504136525 -0.9659260969335732 0
outer loop
vertex 80.25586700439453 -57.640953063964844 -1.5
vertex 81.60284423828125 -57.280033111572266 -1.5
vertex 81.60284423828125 -57.280033111572266 -0.5
endloop
endfacet
facet normal 0.08715760952337664 -0.9961945347682704 0
outer loop
vertex 80.25586700439453 -57.640953063964844 -1.5
vertex 80.25586700439453 -57.640953063964844 -0.5
vertex 79.26668548583984 -57.72749710083008 -1.5
endloop
endfacet
facet normal -0.01035104477430765 -0.1183113421971048 -0.9929225962680072
outer loop
vertex 77.47749328613281 -57.640953063964844 -1.5
vertex 77.61579895019531 -56.85660934448242 -1.5949000120162964
vertex 78.46668243408203 -57.72749710083008 -1.5
endloop
endfacet
facet normal -0.02751565556022997 -0.10269131219525773 -0.9943326320194398
outer loop
vertex 76.40292358398438 -56.531620025634766 -1.5949000120162964
vertex 76.51276397705078 -56.229820251464844 -1.6291084289550781
vertex 77.72632598876953 -56.22978973388672 -1.6626938581466675
endloop
endfacet
facet normal -0.008179006919381062 -0.09348838194274542 0.9955867748657272
outer loop
vertex 77.7542953491211 -56.071163177490234 -0.32014966011047363
vertex 78.46668243408203 -56.133487701416016 -0.32014966011047363
vertex 78.46668243408203 -55.489444732666016 -0.25967222452163696
endloop
endfacet
facet normal -0.02428898326326259 -0.09064751309601314 0.9955867986577287
outer loop
vertex 77.85588836669922 -55.494998931884766 -0.2652117609977722
vertex 76.76959991455078 -55.52418518066406 -0.29437094926834106
vertex 77.7542953491211 -56.071163177490234 -0.32014966011047363
endloop
endfacet
facet normal -0.024289146673521046 -0.09064780583077771 0.9955867680177042
outer loop
vertex 76.67570495605469 -55.78215408325195 -0.32014966011047363
vertex 77.7542953491211 -56.071163177490234 -0.32014966011047363
vertex 76.76959991455078 -55.52418518066406 -0.29437094926834106
endloop
endfacet
facet normal -0.03966057502156619 -0.08505294798095496 0.9955867791552415
outer loop
vertex 76.76959991455078 -55.52418518066406 -0.29437094926834106
vertex 76.17780303955078 -55.54998016357422 -0.32014966011047363
vertex 76.67570495605469 -55.78215408325195 -0.32014966011047363
endloop
endfacet
facet normal -0.009265627246703552 -0.10590876221492196 0.9943326818715296
outer loop
vertex 77.7542953491211 -56.071163177490234 -0.32014966011047363
vertex 77.61579895019531 -56.85660934448242 -0.4050999879837036
vertex 78.46668243408203 -56.133487701416016 -0.32014966011047363
endloop
endfacet
facet normal -0.009266211822490914 -0.10590841590599254 -0.9943327133101596
outer loop
vertex 77.61579895019531 -56.85660934448242 -1.5949000120162964
vertex 77.72632598876953 -56.22978973388672 -1.6626938581466675
vertex 78.46668243408203 -56.229774475097656 -1.6695948839187622
endloop
endfacet
facet normal 0.5735781035076711 -0.8191508769308272 0
outer loop
vertex 82.86668395996094 -56.690696716308594 -0.5
vertex 82.86668395996094 -56.690696716308594 -1.5
vertex 83.36668395996094 -56.34059143066406 -0.5
endloop
endfacet
facet normal -0.027515854520821097 -0.1026904584030099 -0.9943327146900923
outer loop
vertex 77.61579895019531 -56.85660934448242 -1.5949000120162964
vertex 76.40292358398438 -56.531620025634766 -1.5949000120162964
vertex 77.72632598876953 -56.22978973388672 -1.6626938581466675
endloop
endfacet
facet normal -1 0 0
outer loop
vertex 74.36668395996094 -55.663536071777344 -0.433663010597229
vertex 74.36668395996094 -56.22987365722656 -1
vertex 74.36668395996094 -56.34059143066406 -0.5
endloop
endfacet
facet normal -0.08715694240271953 -0.9961945931347997 0
outer loop
vertex 77.47749328613281 -57.640953063964844 -0.5
vertex 77.47749328613281 -57.640953063964844 -1.5
vertex 78.46668243408203 -57.72749710083008 -0.5
endloop
endfacet
facet normal -0.25881940281543525 -0.9659257304401108 0
outer loop
vertex 76.13052368164062 -57.280033111572266 -0.5
vertex 76.13052368164062 -57.280033111572266 -1.5
vertex 77.47749328613281 -57.640953063964844 -0.5
endloop
endfacet
facet normal -0.42261723351328206 -0.906308266506259 0
outer loop
vertex 74.86668395996094 -56.690696716308594 -0.5
vertex 74.86668395996094 -56.690696716308594 -1.5
vertex 76.13052368164062 -57.280033111572266 -0.5
endloop
endfacet
facet normal -0.5735781035076711 -0.8191508769308272 0
outer loop
vertex 74.36668395996094 -56.34059143066406 -0.5
vertex 74.36668395996094 -56.34059143066406 -1.5
vertex 74.86668395996094 -56.690696716308594 -0.5
endloop
endfacet
facet normal -1 0 0
outer loop
vertex 74.36668395996094 -56.22987365722656 -1
vertex 74.36668395996094 -56.34059143066406 -1.5
vertex 74.36668395996094 -56.34059143066406 -0.5
endloop
endfacet
facet normal -0.08715694240271953 -0.9961945931347997 0
outer loop
vertex 77.47749328613281 -57.640953063964844 -1.5
vertex 78.46668243408203 -57.72749710083008 -1.5
vertex 78.46668243408203 -57.72749710083008 -0.5
endloop
endfacet
facet normal -0.25881940281543525 -0.9659257304401108 0
outer loop
vertex 76.13052368164062 -57.280033111572266 -1.5
vertex 77.47749328613281 -57.640953063964844 -1.5
vertex 77.47749328613281 -57.640953063964844 -0.5
endloop
endfacet
facet normal -0.42261723351328206 -0.906308266506259 0
outer loop
vertex 76.13052368164062 -57.280033111572266 -1.5
vertex 76.13052368164062 -57.280033111572266 -0.5
vertex 74.86668395996094 -56.690696716308594 -1.5
endloop
endfacet
facet normal -0.5735781035076711 -0.8191508769308272 0
outer loop
vertex 74.36668395996094 -56.34059143066406 -1.5
vertex 74.86668395996094 -56.690696716308594 -1.5
vertex 74.86668395996094 -56.690696716308594 -0.5
endloop
endfacet
facet normal -1 0 0
outer loop
vertex 74.36668395996094 -56.22987365722656 -1
vertex 74.36668395996094 -56.22987365722656 -1.5108479261398315
vertex 74.36668395996094 -56.34059143066406 -1.5
endloop
endfacet
facet normal -0.027515997446134484 -0.10269050729791639 0.9943327056852957
outer loop
vertex 76.67570495605469 -55.78215408325195 -0.32014966011047363
vertex 76.40292358398438 -56.531620025634766 -0.4050999879837036
vertex 77.7542953491211 -56.071163177490234 -0.32014966011047363
endloop
endfacet
facet normal -0.04492946570091428 -0.09635219628041229 0.9943327397726434
outer loop
vertex 76.17780303955078 -55.54998016357422 -0.32014966011047363
vertex 75.26490020751953 -56.00095748901367 -0.4050999879837036
vertex 76.67570495605469 -55.78215408325195 -0.32014966011047363
endloop
endfacet
facet normal -0.04492957028514222 -0.09635198749386226 0.9943327552786216
outer loop
vertex 76.17780303955078 -55.54998016357422 -0.32014966011047363
vertex 75.50585174560547 -55.5836181640625 -0.35377177596092224
vertex 75.26490020751953 -56.00095748901367 -0.4050999879837036
endloop
endfacet
facet normal -0.06812041398414627 -0.09728561203915993 0.9929225140406448
outer loop
vertex 74.36668395996094 -56.34059143066406 -0.5
vertex 74.86668395996094 -56.690696716308594 -0.5
vertex 75.26490020751953 -56.00095748901367 -0.4050999879837036
endloop
endfacet
facet normal -0.010351063877468076 -0.11831136060080781 -0.9929225938759729
outer loop
vertex 78.46668243408203 -57.72749710083008 -1.5
vertex 77.61579895019531 -56.85660934448242 -1.5949000120162964
vertex 78.46668243408203 -56.931053161621094 -1.5949000120162964
endloop
endfacet
facet normal 0.068119926129643 -0.0972849153137415 -0.9929226157745075
outer loop
vertex 82.86668395996094 -56.690696716308594 -1.5
vertex 83.36668395996094 -56.229652404785156 -1.5108696222305298
vertex 83.36668395996094 -56.34059143066406 -1.5
endloop
endfacet
facet normal -0.06812045118557575 -0.09728551558162231 0.992922520939218
outer loop
vertex 75.26490020751953 -56.00095748901367 -0.4050999879837036
vertex 74.7422103881836 -55.63496398925781 -0.4050999879837036
vertex 74.36668395996094 -56.34059143066406 -0.5
endloop
endfacet
facet normal -0.050191374176117014 -0.10763606809161036 0.992922606653757
outer loop
vertex 74.86668395996094 -56.690696716308594 -0.5
vertex 76.13052368164062 -57.280033111572266 -0.5
vertex 76.40292358398438 -56.531620025634766 -0.4050999879837036
endloop
endfacet
facet normal -0.009265959547332277 -0.10590875433618518 -0.9943326796141345
outer loop
vertex 78.46668243408203 -56.931053161621094 -1.5949000120162964
vertex 77.61579895019531 -56.85660934448242 -1.5949000120162964
vertex 78.46668243408203 -56.229774475097656 -1.6695948839187622
endloop
endfacet
facet normal 0.06811976865279508 -0.09728474517868585 -0.992922643247805
outer loop
vertex 83.36668395996094 -56.229652404785156 -1.5108696222305298
vertex 82.86668395996094 -56.690696716308594 -1.5
vertex 82.60050964355469 -56.229671478271484 -1.5634313821792603
endloop
endfacet
facet normal 0.050191539975883576 -0.10763566212934411 -0.9929226422802669
outer loop
vertex 82.86668395996094 -56.690696716308594 -1.5
vertex 81.97794342041016 -56.22968673706055 -1.5949000120162964
vertex 82.60050964355469 -56.229671478271484 -1.5634313821792603
endloop
endfacet
facet normal 0.0501913868958471 -0.10763595235536697 -0.9929226185569671
outer loop
vertex 81.3304443359375 -56.531620025634766 -1.5949000120162964
vertex 81.97794342041016 -56.22968673706055 -1.5949000120162964
vertex 82.86668395996094 -56.690696716308594 -1.5
endloop
endfacet
facet normal 0.0449301344209932 -0.09635314158370871 -0.9943326179543046
outer loop
vertex 81.3304443359375 -56.531620025634766 -1.5949000120162964
vertex 81.2205581665039 -56.229705810546875 -1.6291215419769287
vertex 81.97794342041016 -56.22968673706055 -1.5949000120162964
endloop
endfacet
facet normal 0.08715760952337664 -0.9961945347682704 0
outer loop
vertex 79.26668548583984 -57.72749710083008 -0.5
vertex 79.26668548583984 -57.72749710083008 -1.5
vertex 80.25586700439453 -57.640953063964844 -0.5
endloop
endfacet
facet normal 0.0103511262136857 -0.11831136052445945 -0.9929225932352228
outer loop
vertex 79.26668548583984 -56.931053161621094 -1.5949000120162964
vertex 80.25586700439453 -57.640953063964844 -1.5
vertex 79.26668548583984 -57.72749710083008 -1.5
endloop
endfacet
facet normal -0.009265929478457342 -0.10590841065271965 0.9943327165008277
outer loop
vertex 77.61579895019531 -56.85660934448242 -0.4050999879837036
vertex 78.46668243408203 -56.931053161621094 -0.4050999879837036
vertex 78.46668243408203 -56.133487701416016 -0.32014966011047363
endloop
endfacet
facet normal 0.050191374176117014 -0.10763606809161036 -0.992922606653757
outer loop
vertex 81.60284423828125 -57.280033111572266 -1.5
vertex 81.3304443359375 -56.531620025634766 -1.5949000120162964
vertex 82.86668395996094 -56.690696716308594 -1.5
endloop
endfacet
facet normal -0.010351046386319639 -0.11831136062223059 0.9929225940557626
outer loop
vertex 78.46668243408203 -56.931053161621094 -0.4050999879837036
vertex 77.47749328613281 -57.640953063964844 -0.5
vertex 78.46668243408203 -57.72749710083008 -0.5
endloop
endfacet
facet normal -0.02751592422463865 -0.10269071854092318 0.9943326858952254
outer loop
vertex 76.40292358398438 -56.531620025634766 -0.4050999879837036
vertex 77.61579895019531 -56.85660934448242 -0.4050999879837036
vertex 77.7542953491211 -56.071163177490234 -0.32014966011047363
endloop
endfacet
facet normal -0.010351062003430738 -0.1183113391807963 0.9929225964478035
outer loop
vertex 77.61579895019531 -56.85660934448242 -0.4050999879837036
vertex 77.47749328613281 -57.640953063964844 -0.5
vertex 78.46668243408203 -56.931053161621094 -0.4050999879837036
endloop
endfacet
facet normal 0.010351070556251622 -0.11831143693846524 -0.9929225847103565
outer loop
vertex 80.25586700439453 -57.640953063964844 -1.5
vertex 79.26668548583984 -56.931053161621094 -1.5949000120162964
vertex 80.11756896972656 -56.85660934448242 -1.5949000120162964
endloop
endfacet
facet normal 0.030738125009298393 -0.11471672409746315 -0.9929225754726594
outer loop
vertex 80.25586700439453 -57.640953063964844 -1.5
vertex 80.11756896972656 -56.85660934448242 -1.5949000120162964
vertex 81.60284423828125 -57.280033111572266 -1.5
endloop
endfacet
facet normal -0.0501912856511477 -0.1076368735760498 0.9929225238111272
outer loop
vertex 75.26490020751953 -56.00095748901367 -0.4050999879837036
vertex 74.86668395996094 -56.690696716308594 -0.5
vertex 76.40292358398438 -56.531620025634766 -0.4050999879837036
endloop
endfacet
facet normal -0.04492940239360733 -0.09635259074455682 0.9943327044090248
outer loop
vertex 75.26490020751953 -56.00095748901367 -0.4050999879837036
vertex 76.40292358398438 -56.531620025634766 -0.4050999879837036
vertex 76.67570495605469 -55.78215408325195 -0.32014966011047363
endloop
endfacet
facet normal 0.05019145045552024 -0.107636231673803 0.9929225850650365
outer loop
vertex 81.60284423828125 -57.280033111572266 -0.5
vertex 82.86668395996094 -56.690696716308594 -0.5
vertex 82.46846008300781 -56.00095748901367 -0.4050999879837036
endloop
endfacet
facet normal -0.030738209004710124 -0.11471643632919659 0.9929226061194862
outer loop
vertex 76.40292358398438 -56.531620025634766 -0.4050999879837036
vertex 76.13052368164062 -57.280033111572266 -0.5
vertex 77.61579895019531 -56.85660934448242 -0.4050999879837036
endloop
endfacet
facet normal 0.030738209004710124 -0.11471643632919659 -0.9929226061194862
outer loop
vertex 81.60284423828125 -57.280033111572266 -1.5
vertex 80.11756896972656 -56.85660934448242 -1.5949000120162964
vertex 81.3304443359375 -56.531620025634766 -1.5949000120162964
endloop
endfacet
facet normal 0.027516067019100407 -0.1026912514565455 -0.994332626906152
outer loop
vertex 80.11756896972656 -56.85660934448242 -1.5949000120162964
vertex 81.2205581665039 -56.229705810546875 -1.6291215419769287
vertex 81.3304443359375 -56.531620025634766 -1.5949000120162964
endloop
endfacet
facet normal 0.027515923174383256 -0.10269100000756148 -0.9943326568554954
outer loop
vertex 80.11756896972656 -56.85660934448242 -1.5949000120162964
vertex 80.00703430175781 -56.229736328125 -1.6626999378204346
vertex 81.2205581665039 -56.229705810546875 -1.6291215419769287
endloop
endfacet
facet normal 0.009265923721822644 -0.10590834485510776 -0.9943327235627081
outer loop
vertex 80.11756896972656 -56.85660934448242 -1.5949000120162964
vertex 79.26668548583984 -56.931053161621094 -1.5949000120162964
vertex 79.26668548583984 -56.22975158691406 -1.6695970296859741
endloop
endfacet
facet normal 0.009265388885870246 -0.10590906231789299 -0.9943326521279175
outer loop
vertex 79.26668548583984 -56.22975158691406 -1.6695970296859741
vertex 80.00703430175781 -56.229736328125 -1.6626999378204346
vertex 80.11756896972656 -56.85660934448242 -1.5949000120162964
endloop
endfacet
facet normal -0.030738215783434213 -0.11471641310528807 0.9929226085927885
outer loop
vertex 76.13052368164062 -57.280033111572266 -0.5
vertex 77.47749328613281 -57.640953063964844 -0.5
vertex 77.61579895019531 -56.85660934448242 -0.4050999879837036
endloop
endfacet
facet normal -0.0681209749048729 -0.09728523572001697 0.9929225124292984
outer loop
vertex 74.7422103881836 -55.63496398925781 -0.4050999879837036
vertex 74.36668395996094 -55.663536071777344 -0.433663010597229
vertex 74.36668395996094 -56.34059143066406 -0.5
endloop
endfacet
facet normal 0.05019235598378863 -0.10763549387619022 -0.9929226192704169
outer loop
vertex -79.61518096923828 -56.690696716308594 -1.5
vertex -80.51248168945312 -56.23368453979492 -1.5949000120162964
vertex -79.87904357910156 -56.233665466308594 -1.5628817081451416
endloop
endfacet
facet normal 0.05019118988188904 -0.10763774497550796 -0.9929224341885058
outer loop
vertex -81.15142059326172 -56.531620025634766 -1.5949000120162964
vertex -80.51248168945312 -56.23368453979492 -1.5949000120162964
vertex -79.61518096923828 -56.690696716308594 -1.5
endloop
endfacet
facet normal 0.04492933987419893 -0.09635342056399421 -0.9943326268226779
outer loop
vertex -81.15142059326172 -56.531620025634766 -1.5949000120162964
vertex -81.25984954833984 -56.233699798583984 -1.6286686658859253
vertex -80.51248168945312 -56.23368453979492 -1.5949000120162964
endloop
endfacet
facet normal 0.050191374176117014 -0.10763606809161036 -0.992922606653757
outer loop
vertex -80.87902069091797 -57.280033111572266 -1.5
vertex -81.15142059326172 -56.531620025634766 -1.5949000120162964
vertex -79.61518096923828 -56.690696716308594 -1.5
endloop
endfacet
facet normal 0.027516014325950213 -0.10269105480323988 -0.9943326486739797
outer loop
vertex -81.15142059326172 -56.531620025634766 -1.5949000120162964
vertex -82.36429595947266 -56.85660934448242 -1.5949000120162964
vertex -81.25984954833984 -56.233699798583984 -1.6286686658859253
endloop
endfacet
facet normal 0.027515696883868648 -0.1026904955714659 -0.9943327152137165
outer loop
vertex -82.36429595947266 -56.85660934448242 -1.5949000120162964
vertex -82.47412872314453 -56.23373031616211 -1.6622676849365234
vertex -81.25984954833984 -56.233699798583984 -1.6286686658859253
endloop
endfacet
facet normal 0.030738209004710124 -0.11471643632919659 -0.9929226061194862
outer loop
vertex -80.87902069091797 -57.280033111572266 -1.5
vertex -82.36429595947266 -56.85660934448242 -1.5949000120162964
vertex -81.15142059326172 -56.531620025634766 -1.5949000120162964
endloop
endfacet
facet normal 0.030738215783434213 -0.11471641310528807 -0.9929226085927885
outer loop
vertex -82.22599029541016 -57.640953063964844 -1.5
vertex -82.36429595947266 -56.85660934448242 -1.5949000120162964
vertex -80.87902069091797 -57.280033111572266 -1.5
endloop
endfacet
facet normal 0.009265938215521543 -0.10590851051626657 -0.9943327057827335
outer loop
vertex -82.36429595947266 -56.85660934448242 -1.5949000120162964
vertex -83.21517944335938 -56.931053161621094 -1.5949000120162964
vertex -83.21517944335938 -56.23374938964844 -1.6691713333129883
endloop
endfacet
facet normal -0.027515873410923927 -0.10269052890175882 -0.9943327068865385
outer loop
vertex -84.8660659790039 -56.85660934448242 -1.5949000120162964
vertex -86.07894134521484 -56.531620025634766 -1.5949000120162964
vertex -84.75624084472656 -56.233787536621094 -1.6622616052627563
endloop
endfacet
facet normal 0.068119805225862 -0.09728524911714297 -0.9929225913635997
outer loop
vertex -79.61518096923828 -56.690696716308594 -1.5
vertex -79.87904357910156 -56.233665466308594 -1.5628817081451416
vertex -79.11518096923828 -56.23365020751953 -1.510478138923645
endloop
endfacet
facet normal 0.06812130285291108 -0.09728688146981589 -0.9929223286800936
outer loop
vertex -79.61518096923828 -56.690696716308594 -1.5
vertex -79.11518096923828 -56.23365020751953 -1.510478138923645
vertex -79.11518096923828 -56.34059143066406 -1.5
endloop
endfacet
facet normal -0.009265847124945017 -0.10590864137956131 -0.9943326926930405
outer loop
vertex -84.8660659790039 -56.85660934448242 -1.5949000120162964
vertex -84.75624084472656 -56.233787536621094 -1.6622616052627563
vertex -84.01518249511719 -56.233768463134766 -1.669169306755066
endloop
endfacet
facet normal -1 0 0
outer loop
vertex -88.11518096923828 -56.23387145996094 -1.5104564428329468
vertex -88.11518096923828 -56.34059143066406 -1.5
vertex -88.11518096923828 -56.34059143066406 -0.5
endloop
endfacet
facet normal -0.5735781035076711 -0.8191508769308272 0
outer loop
vertex -87.61518096923828 -56.690696716308594 -1.5
vertex -87.61518096923828 -56.690696716308594 -0.5
vertex -88.11518096923828 -56.34059143066406 -1.5
endloop
endfacet
facet normal -0.42261723351328206 -0.906308266506259 0
outer loop
vertex -86.3513412475586 -57.280033111572266 -1.5
vertex -86.3513412475586 -57.280033111572266 -0.5
vertex -87.61518096923828 -56.690696716308594 -1.5
endloop
endfacet
facet normal -1 0 0
outer loop
vertex -88.11518096923828 -56.23387145996094 -1
vertex -88.11518096923828 -56.23387145996094 -1.5104564428329468
vertex -88.11518096923828 -56.34059143066406 -0.5
endloop
endfacet
facet normal -0.42261723351328206 -0.906308266506259 0
outer loop
vertex -87.61518096923828 -56.690696716308594 -0.5
vertex -87.61518096923828 -56.690696716308594 -1.5
vertex -86.3513412475586 -57.280033111572266 -0.5
endloop
endfacet
facet normal -0.5735781035076711 -0.8191508769308272 0
outer loop
vertex -88.11518096923828 -56.34059143066406 -0.5
vertex -88.11518096923828 -56.34059143066406 -1.5
vertex -87.61518096923828 -56.690696716308594 -0.5
endloop
endfacet
facet normal -0.25881803504136525 -0.9659260969335732 0
outer loop
vertex -86.3513412475586 -57.280033111572266 -0.5
vertex -86.3513412475586 -57.280033111572266 -1.5
vertex -85.00436401367188 -57.640953063964844 -0.5
endloop
endfacet
facet normal -1 0 0
outer loop
vertex -88.11518096923828 -55.66796875 -0.4340970516204834
vertex -88.11518096923828 -56.23387145996094 -1
vertex -88.11518096923828 -56.34059143066406 -0.5
endloop
endfacet
facet normal -0.06812004356674797 -0.09728508303058238 0.9929225912850392
outer loop
vertex -88.11518096923828 -56.34059143066406 -0.5
vertex -87.61518096923828 -56.690696716308594 -0.5
vertex -87.21695709228516 -56.00095748901367 -0.4050999879837036
endloop
endfacet
facet normal -0.0681199575280149 -0.0972853061175688 0.9929225753300165
outer loop
vertex -87.21695709228516 -56.00095748901367 -0.4050999879837036
vertex -87.73394012451172 -55.63896179199219 -0.4050999879837036
vertex -88.11518096923828 -56.34059143066406 -0.5
endloop
endfacet
facet normal -0.050191374176117014 -0.10763606809161036 0.992922606653757
outer loop
vertex -87.61518096923828 -56.690696716308594 -0.5
vertex -86.3513412475586 -57.280033111572266 -0.5
vertex -86.07894134521484 -56.531620025634766 -0.4050999879837036
endloop
endfacet
facet normal -0.030738209004710124 -0.11471643632919659 0.9929226061194862
outer loop
vertex -86.3513412475586 -57.280033111572266 -0.5
vertex -84.8660659790039 -56.85660934448242 -0.4050999879837036
vertex -86.07894134521484 -56.531620025634766 -0.4050999879837036
endloop
endfacet
facet normal -0.050191349831130654 -0.10763628960550801 0.9929225838715163
outer loop
vertex -87.21695709228516 -56.00095748901367 -0.4050999879837036
vertex -87.61518096923828 -56.690696716308594 -0.5
vertex -86.07894134521484 -56.531620025634766 -0.4050999879837036
endloop
endfacet
facet normal -0.04492965978741411 -0.09635249677536142 0.9943327018843046
outer loop
vertex -87.21695709228516 -56.00095748901367 -0.4050999879837036
vertex -86.07894134521484 -56.531620025634766 -0.4050999879837036
vertex -85.80615997314453 -55.78215408325195 -0.32014966011047363
endloop
endfacet
facet normal -0.05019186652753472 -0.10763552884192758 -0.9929226402219867
outer loop
vertex -87.61518096923828 -56.690696716308594 -1.5
vertex -87.3514175415039 -56.23385238647461 -1.5628563165664673
vertex -86.71754455566406 -56.23383712768555 -1.5949000120162964
endloop
endfacet
facet normal -0.06811935118417048 -0.09728563682725538 0.9929225845257841
outer loop
vertex -88.11518096923828 -55.66796875 -0.4340970516204834
vertex -88.11518096923828 -56.34059143066406 -0.5
vertex -87.73394012451172 -55.63896179199219 -0.4050999879837036
endloop
endfacet
facet normal -0.06097838309994865 -0.08708608874268867 0.9943327662015451
outer loop
vertex -87.73394012451172 -55.63896179199219 -0.4050999879837036
vertex -87.21695709228516 -56.00095748901367 -0.4050999879837036
vertex -86.9786376953125 -55.588172912597656 -0.3543321490287781
endloop
endfacet
facet normal -0.04493003423748913 -0.09635153529174868 0.9943327781333274
outer loop
vertex -86.9786376953125 -55.588172912597656 -0.3543321490287781
vertex -87.21695709228516 -56.00095748901367 -0.4050999879837036
vertex -86.29549407958984 -55.55397415161133 -0.32014966011047363
endloop
endfacet
facet normal -0.04492970750994401 -0.09635219942064963 0.994332728542048
outer loop
vertex -86.29549407958984 -55.55397415161133 -0.32014966011047363
vertex -87.21695709228516 -56.00095748901367 -0.4050999879837036
vertex -85.80615997314453 -55.78215408325195 -0.32014966011047363
endloop
endfacet
facet normal -0.039660958977649735 -0.0850533164005784 0.9955867323855999
outer loop
vertex -85.71388244628906 -55.52862548828125 -0.2948145866394043
vertex -86.29549407958984 -55.55397415161133 -0.32014966011047363
vertex -85.80615997314453 -55.78215408325195 -0.32014966011047363
endloop
endfacet
facet normal -0.25881803504136525 -0.9659260969335732 0
outer loop
vertex -85.00436401367188 -57.640953063964844 -0.5
vertex -86.3513412475586 -57.280033111572266 -1.5
vertex -85.00436401367188 -57.640953063964844 -1.5
endloop
endfacet
facet normal -0.08715760952337664 -0.9961945347682704 0
outer loop
vertex -85.00436401367188 -57.640953063964844 -1.5
vertex -84.01518249511719 -57.72749710083008 -1.5
vertex -84.01518249511719 -57.72749710083008 -0.5
endloop
endfacet
facet normal 0.08715694240271953 -0.9961945931347997 0
outer loop
vertex -82.22599029541016 -57.640953063964844 -1.5
vertex -82.22599029541016 -57.640953063964844 -0.5
vertex -83.21517944335938 -57.72749710083008 -1.5
endloop
endfacet
facet normal 0.25881940281543525 -0.9659257304401108 0
outer loop
vertex -82.22599029541016 -57.640953063964844 -1.5
vertex -80.87902069091797 -57.280033111572266 -1.5
vertex -80.87902069091797 -57.280033111572266 -0.5
endloop
endfacet
facet normal 0.42261723351328206 -0.906308266506259 0
outer loop
vertex -80.87902069091797 -57.280033111572266 -1.5
vertex -79.61518096923828 -56.690696716308594 -1.5
vertex -79.61518096923828 -56.690696716308594 -0.5
endloop
endfacet
facet normal -0.06811976591466168 -0.09728468650402641 -0.9929226491844897
outer loop
vertex -88.11518096923828 -56.34059143066406 -1.5
vertex -87.3514175415039 -56.23385238647461 -1.5628563165664673
vertex -87.61518096923828 -56.690696716308594 -1.5
endloop
endfacet
facet normal -0.06811946545690173 -0.09728673060589696 -0.9929224695180796
outer loop
vertex -87.3514175415039 -56.23385238647461 -1.5628563165664673
vertex -88.11518096923828 -56.34059143066406 -1.5
vertex -88.11518096923828 -56.23387145996094 -1.5104564428329468
endloop
endfacet
facet normal -0.030738062168052558 -0.11471648956975991 -0.9929226045140398
outer loop
vertex -86.3513412475586 -57.280033111572266 -1.5
vertex -86.07894134521484 -56.531620025634766 -1.5949000120162964
vertex -85.00436401367188 -57.640953063964844 -1.5
endloop
endfacet
facet normal -0.044929940557754455 -0.09635343225912021 -0.9943325985470675
outer loop
vertex -86.71754455566406 -56.23383712768555 -1.5949000120162964
vertex -85.97055053710938 -56.23381805419922 -1.6286555528640747
vertex -86.07894134521484 -56.531620025634766 -1.5949000120162964
endloop
endfacet
facet normal -0.027515599587915593 -0.10269171889166659 -0.9943325915660174
outer loop
vertex -86.07894134521484 -56.531620025634766 -1.5949000120162964
vertex -85.97055053710938 -56.23381805419922 -1.6286555528640747
vertex -84.75624084472656 -56.233787536621094 -1.6622616052627563
endloop
endfacet
facet normal -0.050191116743107465 -0.10763616214671222 -0.9929226094708522
outer loop
vertex -86.07894134521484 -56.531620025634766 -1.5949000120162964
vertex -86.3513412475586 -57.280033111572266 -1.5
vertex -86.71754455566406 -56.23383712768555 -1.5949000120162964
endloop
endfacet
facet normal 0.06812158031124996 -0.09728526541020242 0.9929224679852726
outer loop
vertex -79.11518096923828 -56.34059143066406 -0.5
vertex -79.11518096923828 -55.667720794677734 -0.43407300114631653
vertex -79.49612426757812 -55.63875961303711 -0.4050999879837036
endloop
endfacet
facet normal -0.010351063877468076 -0.11831136060080781 -0.9929225938759729
outer loop
vertex -84.01518249511719 -57.72749710083008 -1.5
vertex -84.8660659790039 -56.85660934448242 -1.5949000120162964
vertex -84.01518249511719 -56.931053161621094 -1.5949000120162964
endloop
endfacet
facet normal 0.009265956085448033 -0.10590848639087182 -0.9943327081858552
outer loop
vertex -83.21517944335938 -56.23374938964844 -1.6691713333129883
vertex -82.47412872314453 -56.23373031616211 -1.6622676849365234
vertex -82.36429595947266 -56.85660934448242 -1.5949000120162964
endloop
endfacet
facet normal 0.010351062003430738 -0.1183113391807963 -0.9929225964478035
outer loop
vertex -82.22599029541016 -57.640953063964844 -1.5
vertex -83.21517944335938 -56.931053161621094 -1.5949000120162964
vertex -82.36429595947266 -56.85660934448242 -1.5949000120162964
endloop
endfacet
facet normal -0.08715760952337664 -0.9961945347682704 0
outer loop
vertex -85.00436401367188 -57.640953063964844 -0.5
vertex -85.00436401367188 -57.640953063964844 -1.5
vertex -84.01518249511719 -57.72749710083008 -0.5
endloop
endfacet
facet normal 0.08715694240271953 -0.9961945931347997 0
outer loop
vertex -83.21517944335938 -57.72749710083008 -0.5
vertex -83.21517944335938 -57.72749710083008 -1.5
vertex -82.22599029541016 -57.640953063964844 -0.5
endloop
endfacet
facet normal 0.25881940281543525 -0.9659257304401108 0
outer loop
vertex -82.22599029541016 -57.640953063964844 -0.5
vertex -82.22599029541016 -57.640953063964844 -1.5
vertex -80.87902069091797 -57.280033111572266 -0.5
endloop
endfacet
facet normal 0.010351046386319639 -0.11831136062223059 -0.9929225940557626
outer loop
vertex -83.21517944335938 -56.931053161621094 -1.5949000120162964
vertex -82.22599029541016 -57.640953063964844 -1.5
vertex -83.21517944335938 -57.72749710083008 -1.5
endloop
endfacet
facet normal 0.42261723351328206 -0.906308266506259 0
outer loop
vertex -80.87902069091797 -57.280033111572266 -0.5
vertex -80.87902069091797 -57.280033111572266 -1.5
vertex -79.61518096923828 -56.690696716308594 -0.5
endloop
endfacet
facet normal 1 0 0
outer loop
vertex -79.11518096923828 -56.34059143066406 -1.5
vertex -79.11518096923828 -56.23365020751953 -1.510478138923645
vertex -79.11518096923828 -56.23365020751953 -1
endloop
endfacet
facet normal 0.5735781035076711 -0.8191508769308272 0
outer loop
vertex -79.61518096923828 -56.690696716308594 -1.5
vertex -79.11518096923828 -56.34059143066406 -1.5
vertex -79.11518096923828 -56.34059143066406 -0.5
endloop
endfacet
facet normal 1 0 0
outer loop
vertex -79.11518096923828 -56.34059143066406 -0.5
vertex -79.11518096923828 -56.34059143066406 -1.5
vertex -79.11518096923828 -56.23365020751953 -1
endloop
endfacet
facet normal 0.5735781035076711 -0.8191508769308272 0
outer loop
vertex -79.61518096923828 -56.690696716308594 -0.5
vertex -79.61518096923828 -56.690696716308594 -1.5
vertex -79.11518096923828 -56.34059143066406 -0.5
endloop
endfacet
facet normal -0.009265938832282968 -0.10590851756577224 -0.994332705026128
outer loop
vertex -84.01518249511719 -56.931053161621094 -1.5949000120162964
vertex -84.8660659790039 -56.85660934448242 -1.5949000120162964
vertex -84.01518249511719 -56.233768463134766 -1.669169306755066
endloop
endfacet
facet normal -0.030738125009298393 -0.11471672409746315 0.9929225754726594
outer loop
vertex -84.8660659790039 -56.85660934448242 -0.4050999879837036
vertex -86.3513412475586 -57.280033111572266 -0.5
vertex -85.00436401367188 -57.640953063964844 -0.5
endloop
endfacet
facet normal -0.0103511262136857 -0.11831136052445945 0.9929225932352228
outer loop
vertex -85.00436401367188 -57.640953063964844 -0.5
vertex -84.01518249511719 -57.72749710083008 -0.5
vertex -84.01518249511719 -56.931053161621094 -0.4050999879837036
endloop
endfacet
facet normal -0.010351070556251622 -0.11831143693846524 0.9929225847103565
outer loop
vertex -84.8660659790039 -56.85660934448242 -0.4050999879837036
vertex -85.00436401367188 -57.640953063964844 -0.5
vertex -84.01518249511719 -56.931053161621094 -0.4050999879837036
endloop
endfacet
facet normal -0.02751592422463865 -0.10269071854092318 0.9943326858952254
outer loop
vertex -86.07894134521484 -56.531620025634766 -0.4050999879837036
vertex -84.8660659790039 -56.85660934448242 -0.4050999879837036
vertex -84.72756958007812 -56.071163177490234 -0.32014966011047363
endloop
endfacet
facet normal -0.009265929478457342 -0.10590841065271965 0.9943327165008277
outer loop
vertex -84.8660659790039 -56.85660934448242 -0.4050999879837036
vertex -84.01518249511719 -56.931053161621094 -0.4050999879837036
vertex -84.01518249511719 -56.133487701416016 -0.32014966011047363
endloop
endfacet
facet normal 0.01035104477430765 -0.1183113421971048 0.9929225962680072
outer loop
vertex -83.21517944335938 -57.72749710083008 -0.5
vertex -82.22599029541016 -57.640953063964844 -0.5
vertex -82.36429595947266 -56.85660934448242 -0.4050999879837036
endloop
endfacet
facet normal -0.05019147521689336 -0.1076362847748963 -0.9929225780570252
outer loop
vertex -86.71754455566406 -56.23383712768555 -1.5949000120162964
vertex -86.3513412475586 -57.280033111572266 -1.5
vertex -87.61518096923828 -56.690696716308594 -1.5
endloop
endfacet
facet normal 0.010351063877468076 -0.11831136060080781 0.9929225938759729
outer loop
vertex -83.21517944335938 -56.931053161621094 -0.4050999879837036
vertex -83.21517944335938 -57.72749710083008 -0.5
vertex -82.36429595947266 -56.85660934448242 -0.4050999879837036
endloop
endfacet
facet normal 0.00926595520625241 -0.1059087047181873 0.9943326849395183
outer loop
vertex -83.21517944335938 -56.931053161621094 -0.4050999879837036
vertex -82.36429595947266 -56.85660934448242 -0.4050999879837036
vertex -82.50279235839844 -56.071163177490234 -0.32014966011047363
endloop
endfacet
facet normal 0.030738220854969352 -0.11471643203248684 0.9929226062490506
outer loop
vertex -82.22599029541016 -57.640953063964844 -0.5
vertex -80.87902069091797 -57.280033111572266 -0.5
vertex -81.15142059326172 -56.531620025634766 -0.4050999879837036
endloop
endfacet
facet normal 0.0307382033724734 -0.11471641530942522 0.9929226087223454
outer loop
vertex -82.36429595947266 -56.85660934448242 -0.4050999879837036
vertex -82.22599029541016 -57.640953063964844 -0.5
vertex -81.15142059326172 -56.531620025634766 -0.4050999879837036
endloop
endfacet
facet normal 0.027515879126116617 -0.10269055023112574 0.9943327045255755
outer loop
vertex -82.36429595947266 -56.85660934448242 -0.4050999879837036
vertex -81.15142059326172 -56.531620025634766 -0.4050999879837036
vertex -81.42420196533203 -55.78215408325195 -0.32014966011047363
endloop
endfacet
facet normal 0.05019165155012354 -0.10763666292384884 0.9929225281507561
outer loop
vertex -80.87902069091797 -57.280033111572266 -0.5
vertex -79.61518096923828 -56.690696716308594 -0.5
vertex -80.01339721679688 -56.00095748901367 -0.4050999879837036
endloop
endfacet
facet normal 0.05019097761335975 -0.10763621297881648 0.9929226109933212
outer loop
vertex -81.15142059326172 -56.531620025634766 -0.4050999879837036
vertex -80.87902069091797 -57.280033111572266 -0.5
vertex -80.01339721679688 -56.00095748901367 -0.4050999879837036
endloop
endfacet
facet normal 0.04492937479170531 -0.09635253155136422 0.9943327113921526
outer loop
vertex -81.15142059326172 -56.531620025634766 -0.4050999879837036
vertex -80.01339721679688 -56.00095748901367 -0.4050999879837036
vertex -80.93458557128906 -55.5538444519043 -0.32014966011047363
endloop
endfacet
facet normal 0.06812013144451262 -0.09728577562324547 0.9929225173966828
outer loop
vertex -80.01339721679688 -56.00095748901367 -0.4050999879837036
vertex -79.61518096923828 -56.690696716308594 -0.5
vertex -79.49612426757812 -55.63875961303711 -0.4050999879837036
endloop
endfacet
facet normal 0.06097804360674374 -0.08708580183968542 0.9943328121488465
outer loop
vertex -80.01339721679688 -56.00095748901367 -0.4050999879837036
vertex -79.49612426757812 -55.63875961303711 -0.4050999879837036
vertex -80.2518310546875 -55.58798599243164 -0.35430896282196045
endloop
endfacet
facet normal -0.027515997446134484 -0.10269050729791639 0.9943327056852957
outer loop
vertex -85.80615997314453 -55.78215408325195 -0.32014966011047363
vertex -86.07894134521484 -56.531620025634766 -0.4050999879837036
vertex -84.72756958007812 -56.071163177490234 -0.32014966011047363
endloop
endfacet
facet normal -0.009265627246703552 -0.10590876221492196 0.9943326818715296
outer loop
vertex -84.72756958007812 -56.071163177490234 -0.32014966011047363
vertex -84.8660659790039 -56.85660934448242 -0.4050999879837036
vertex -84.01518249511719 -56.133487701416016 -0.32014966011047363
endloop
endfacet
facet normal 0.009265596518211124 -0.10590841097948898 0.9943327195687374
outer loop
vertex -83.21517944335938 -56.133487701416016 -0.32014966011047363
vertex -83.21517944335938 -56.931053161621094 -0.4050999879837036
vertex -82.50279235839844 -56.071163177490234 -0.32014966011047363
endloop
endfacet
facet normal -0.0242892523170096 -0.09064820009536703 0.9955867295426103
outer loop
vertex -85.71388244628906 -55.52862548828125 -0.2948145866394043
vertex -85.80615997314453 -55.78215408325195 -0.32014966011047363
vertex -84.72756958007812 -56.071163177490234 -0.32014966011047363
endloop
endfacet
facet normal -0.024288901654748604 -0.09064756570152506 0.9955867958590017
outer loop
vertex -84.62675476074219 -55.49941635131836 -0.2656329274177551
vertex -85.71388244628906 -55.52862548828125 -0.2948145866394043
vertex -84.72756958007812 -56.071163177490234 -0.32014966011047363
endloop
endfacet
facet normal -0.008179174427212414 -0.09348815719532393 0.9955867945939778
outer loop
vertex -84.62675476074219 -55.49941635131836 -0.2656329274177551
vertex -84.72756958007812 -56.071163177490234 -0.32014966011047363
vertex -84.01518249511719 -55.49385452270508 -0.260086327791214
endloop
endfacet
facet normal -0.008179005346316735 -0.09348836396217149 0.9955867765670763
outer loop
vertex -84.01518249511719 -55.49385452270508 -0.260086327791214
vertex -84.72756958007812 -56.071163177490234 -0.32014966011047363
vertex -84.01518249511719 -56.133487701416016 -0.32014966011047363
endloop
endfacet
facet normal 0.008179327405670388 -0.09348877304345195 0.995586735507269
outer loop
vertex -83.21517944335938 -55.49383544921875 -0.26008427143096924
vertex -83.21517944335938 -56.133487701416016 -0.32014966011047363
vertex -82.6036148071289 -55.49936294555664 -0.2656276822090149
endloop
endfacet
facet normal -0.030738278794330765 -0.11471669678733101 -0.9929225738671498
outer loop
vertex -85.00436401367188 -57.640953063964844 -1.5
vertex -86.07894134521484 -56.531620025634766 -1.5949000120162964
vertex -84.8660659790039 -56.85660934448242 -1.5949000120162964
endloop
endfacet
facet normal -0.010351131958738767 -0.11831142618929925 -0.9929225853510569
outer loop
vertex -85.00436401367188 -57.640953063964844 -1.5
vertex -84.8660659790039 -56.85660934448242 -1.5949000120162964
vertex -84.01518249511719 -57.72749710083008 -1.5
endloop
endfacet
facet normal 0.008179015007410997 -0.09348847439123448 0.9955867661181059
outer loop
vertex -82.6036148071289 -55.49936294555664 -0.2656276822090149
vertex -83.21517944335938 -56.133487701416016 -0.32014966011047363
vertex -82.50279235839844 -56.071163177490234 -0.32014966011047363
endloop
endfacet
facet normal 0.027516048159649344 -0.10269069656223719 0.9943326847354654
outer loop
vertex -82.50279235839844 -56.071163177490234 -0.32014966011047363
vertex -82.36429595947266 -56.85660934448242 -0.4050999879837036
vertex -81.42420196533203 -55.78215408325195 -0.32014966011047363
endloop
endfacet
facet normal 0.044929493997080634 -0.09635255730201 0.9943327035105146
outer loop
vertex -81.42420196533203 -55.78215408325195 -0.32014966011047363
vertex -81.15142059326172 -56.531620025634766 -0.4050999879837036
vertex -80.93458557128906 -55.5538444519043 -0.32014966011047363
endloop
endfacet
facet normal 0.02428916092020047 -0.09064785899980204 0.9955867628291091
outer loop
vertex -82.6036148071289 -55.49936294555664 -0.2656276822090149
vertex -82.50279235839844 -56.071163177490234 -0.32014966011047363
vertex -81.42420196533203 -55.78215408325195 -0.32014966011047363
endloop
endfacet
facet normal 0.024288932540083706 -0.09064879610906182 0.9955866830768885
outer loop
vertex -81.42420196533203 -55.78215408325195 -0.32014966011047363
vertex -81.51651763916016 -55.52851104736328 -0.29480311274528503
vertex -82.6036148071289 -55.49936294555664 -0.2656276822090149
endloop
endfacet
facet normal 0.03966094732974126 -0.08505401152501739 0.9955866734646511
outer loop
vertex -81.51651763916016 -55.52851104736328 -0.29480311274528503
vertex -81.42420196533203 -55.78215408325195 -0.32014966011047363
vertex -80.93458557128906 -55.5538444519043 -0.32014966011047363
endloop
endfacet
facet normal 0.04492995790137453 -0.09635134697188062 0.9943327998309645
outer loop
vertex -80.93458557128906 -55.5538444519043 -0.32014966011047363
vertex -80.01339721679688 -56.00095748901367 -0.4050999879837036
vertex -80.2518310546875 -55.58798599243164 -0.35430896282196045
endloop
endfacet
facet normal 1 0 0
outer loop
vertex -79.11518096923828 -56.34059143066406 -0.5
vertex -79.11518096923828 -56.23365020751953 -1
vertex -79.11518096923828 -55.667720794677734 -0.43407300114631653
endloop
endfacet
facet normal 0.06812056037959047 -0.09728582111261612 0.9929224835121897
outer loop
vertex -79.49612426757812 -55.63875961303711 -0.4050999879837036
vertex -79.61518096923828 -56.690696716308594 -0.5
vertex -79.11518096923828 -56.34059143066406 -0.5
endloop
endfacet
facet normal -0.980782457176804 0.19510451479714808 0
outer loop
vertex 84.86668395996094 -54.56249237060547 -4
vertex 84.82862091064453 -54.75383377075195 -4
vertex 84.82862091064453 -54.75383377075195 0
endloop
endfacet
facet normal -1 0 0
outer loop
vertex 79.26668548583984 -56.931053161621094 -0.4050999879837036
vertex 79.26668548583984 -57.72749710083008 -1.5
vertex 79.26668548583984 -57.72749710083008 -0.5
endloop
endfacet
facet normal -1 0 0
outer loop
vertex 84.86668395996094 -53.757171630859375 -4.099999904632568
vertex 84.86668395996094 -54.56249237060547 -4
vertex 84.86668395996094 -53.757171630859375 0
endloop
endfacet
facet normal -1 0 0
outer loop
vertex 79.26668548583984 -56.22975158691406 -1.6695970296859741
vertex 79.26668548583984 -55.48942184448242 -0.2596701681613922
vertex 79.26668548583984 -55.06249237060547 -4
endloop
endfacet
facet normal 1 0 0
outer loop
vertex 78.46668243408203 -56.229774475097656 -1.6695948839187622
vertex 78.46668243408203 -55.06249237060547 -4
vertex 78.46668243408203 -55.06249237060547 0
endloop
endfacet
facet normal 0 1 0
outer loop
vertex 78.46668243408203 -55.06249237060547 0
vertex 73.36668395996094 -55.06249237060547 -4
vertex 73.36668395996094 -55.06249237060547 0
endloop
endfacet
facet normal 1 0 0
outer loop
vertex 78.46668243408203 -57.72749710083008 -1.5
vertex 78.46668243408203 -56.931053161621094 -1.5949000120162964
vertex 78.46668243408203 -56.931053161621094 -0.4050999879837036
endloop
endfacet
facet normal 0.5555798033776966 -0.83146321751404 0
outer loop
vertex 73.01313018798828 -53.20893859863281 -5
vertex 73.17533874511719 -53.10055160522461 -5
vertex 73.17533874511719 -53.10055160522461 -4.099999904632568
endloop
endfacet
facet normal -1 0 0
outer loop
vertex 79.26668548583984 -56.931053161621094 -1.5949000120162964
vertex 79.26668548583984 -57.72749710083008 -1.5
vertex 79.26668548583984 -56.931053161621094 -0.4050999879837036
endloop
endfacet
facet normal -1 0 0
outer loop
vertex 79.26668548583984 -56.22975158691406 -1.6695970296859741
vertex 79.26668548583984 -56.931053161621094 -1.5949000120162964
vertex 79.26668548583984 -56.931053161621094 -0.4050999879837036
endloop
endfacet
facet normal 1 0 0
outer loop
vertex 78.46668243408203 -56.931053161621094 -1.5949000120162964
vertex 78.46668243408203 -56.229774475097656 -1.6695948839187622
vertex 78.46668243408203 -56.133487701416016 -0.32014966011047363
endloop
endfacet
facet normal -1 0 0
outer loop
vertex 79.26668548583984 -55.48942184448242 -0.2596701681613922
vertex 79.26668548583984 -55.22975158691406 0
vertex 79.26668548583984 -55.06249237060547 -4
endloop
endfacet
facet normal 0.8314602204820793 -0.5555842886150507 0
outer loop
vertex 72.90473937988281 -53.371150970458984 -5
vertex 73.01313018798828 -53.20893859863281 -5
vertex 73.01313018798828 -53.20893859863281 -4.099999904632568
endloop
endfacet
facet normal -1 0 0
outer loop
vertex 79.26668548583984 -55.22975158691406 0
vertex 79.26668548583984 -55.06249237060547 0
vertex 79.26668548583984 -55.06249237060547 -4
endloop
endfacet
facet normal 0 0 -1
outer loop
vertex 84.86668395996094 -56.2296142578125 -4
vertex 84.7202377319336 -54.916046142578125 -4
vertex 84.82862091064453 -54.75383377075195 -4
endloop
endfacet
facet normal 0 0 -1
outer loop
vertex 84.86668395996094 -56.2296142578125 -4
vertex 84.55802154541016 -55.02443313598633 -4
vertex 84.7202377319336 -54.916046142578125 -4
endloop
endfacet
facet normal 0 0 -1
outer loop
vertex 84.86668395996094 -56.2296142578125 -4
vertex 79.26668548583984 -55.06249237060547 -4
vertex 84.55802154541016 -55.02443313598633 -4
endloop
endfacet
facet normal 0 0 -1
outer loop
vertex 79.26668548583984 -55.06249237060547 -4
vertex 84.86668395996094 -56.2296142578125 -4
vertex 79.26668548583984 -56.22975158691406 -4
endloop
endfacet
facet normal -1 0 0
outer loop
vertex 84.86668395996094 -54.56249237060547 -4
vertex 84.86668395996094 -56.2296142578125 -5
vertex 84.86668395996094 -56.2296142578125 -4
endloop
endfacet
facet normal 0 0 -1
outer loop
vertex 78.46668243408203 -56.229774475097656 -4
vertex 73.36668395996094 -55.06249237060547 -4
vertex 78.46668243408203 -55.06249237060547 -4
endloop
endfacet
facet normal 0 0 -1
outer loop
vertex 72.86668395996094 -56.22991180419922 -4
vertex 73.36668395996094 -55.06249237060547 -4
vertex 78.46668243408203 -56.229774475097656 -4
endloop
endfacet
facet normal -0.5555617383814266 -0.831475288175546 0
outer loop
vertex 84.55802154541016 -53.10055160522461 -5
vertex 84.7202377319336 -53.20893859863281 -5
vertex 84.7202377319336 -53.20893859863281 -4.099999904632568
endloop
endfacet
facet normal -0.9807824571768041 -0.1951045147971481 0
outer loop
vertex 84.82862091064453 -53.371150970458984 -5
vertex 84.86668395996094 -53.56249237060547 -5
vertex 84.86668395996094 -53.56249237060547 -4.099999904632568
endloop
endfacet
facet normal -0.8314782854783427 -0.5555572524753821 0
outer loop
vertex 84.7202377319336 -53.20893859863281 -5
vertex 84.82862091064453 -53.371150970458984 -5
vertex 84.82862091064453 -53.371150970458984 -4.099999904632568
endloop
endfacet
facet normal -1 0 0
outer loop
vertex 84.86668395996094 -53.56249237060547 -5
vertex 84.86668395996094 -56.2296142578125 -5
vertex 84.86668395996094 -54.56249237060547 -4
endloop
endfacet
facet normal 0 0 1
outer loop
vertex 72.86668395996094 -56.22991180419922 -5
vertex 84.7202377319336 -53.20893859863281 -5
vertex 84.55802154541016 -53.10055160522461 -5
endloop
endfacet
facet normal 0 0 1
outer loop
vertex 72.86668395996094 -56.22991180419922 -5
vertex 84.82862091064453 -53.371150970458984 -5
vertex 84.7202377319336 -53.20893859863281 -5
endloop
endfacet
facet normal 0 0 1
outer loop
vertex 84.82862091064453 -53.371150970458984 -5
vertex 72.86668395996094 -56.22991180419922 -5
vertex 84.86668395996094 -53.56249237060547 -5
endloop
endfacet
facet normal 0 0 1
outer loop
vertex 84.86668395996094 -56.2296142578125 -5
vertex 84.86668395996094 -53.56249237060547 -5
vertex 72.86668395996094 -56.22991180419922 -5
endloop
endfacet
facet normal 0 -1 0
outer loop
vertex 73.17533874511719 -53.10055160522461 -4.099999904632568
vertex 84.55802154541016 -53.10055160522461 -5
vertex 84.55802154541016 -53.10055160522461 -4.099999904632568
endloop
endfacet
facet normal -0.8314782854783427 -0.5555572524753821 0
outer loop
vertex 84.7202377319336 -53.20893859863281 -4.099999904632568
vertex 84.7202377319336 -53.20893859863281 -5
vertex 84.82862091064453 -53.371150970458984 -4.099999904632568
endloop
endfacet
facet normal -1 0 0
outer loop
vertex 84.86668395996094 -53.56249237060547 -4.099999904632568
vertex 84.86668395996094 -53.56249237060547 -5
vertex 84.86668395996094 -53.757171630859375 -4.099999904632568
endloop
endfacet
facet normal -0.9807824571768041 -0.1951045147971481 0
outer loop
vertex 84.82862091064453 -53.371150970458984 -4.099999904632568
vertex 84.82862091064453 -53.371150970458984 -5
vertex 84.86668395996094 -53.56249237060547 -4.099999904632568
endloop
endfacet
facet normal -1 0 0
outer loop
vertex 84.86668395996094 -53.757171630859375 -4.099999904632568
vertex 84.86668395996094 -53.56249237060547 -5
vertex 84.86668395996094 -54.56249237060547 -4
endloop
endfacet
facet normal -0.5555617383814266 -0.831475288175546 0
outer loop
vertex 84.55802154541016 -53.10055160522461 -4.099999904632568
vertex 84.55802154541016 -53.10055160522461 -5
vertex 84.7202377319336 -53.20893859863281 -4.099999904632568
endloop
endfacet
facet normal 1 0 0
outer loop
vertex 78.46668243408203 -56.229774475097656 -1.6695948839187622
vertex 78.46668243408203 -56.229774475097656 -4
vertex 78.46668243408203 -55.06249237060547 -4
endloop
endfacet
facet normal -1 0 0
outer loop
vertex 79.26668548583984 -55.06249237060547 -4
vertex 79.26668548583984 -56.22975158691406 -4
vertex 79.26668548583984 -56.22975158691406 -1.6695970296859741
endloop
endfacet
facet normal 0.8314602204820793 0.5555842886150507 0
outer loop
vertex 73.01313018798828 -54.916046142578125 -4
vertex 72.90473937988281 -54.75383377075195 -4
vertex 72.90473937988281 -54.75383377075195 0
endloop
endfacet
facet normal 0.9807899398239573 0.19506689606419184 0
outer loop
vertex 72.90473937988281 -54.75383377075195 -4
vertex 72.86668395996094 -54.56249237060547 -4
vertex 72.86668395996094 -54.56249237060547 0
endloop
endfacet
facet normal 0.5555798033776966 0.83146321751404 0
outer loop
vertex 73.17533874511719 -55.02443313598633 -4
vertex 73.01313018798828 -54.916046142578125 -4
vertex 73.01313018798828 -54.916046142578125 0
endloop
endfacet
facet normal 0.19508196428504695 0.9807869428222868 0
outer loop
vertex 73.36668395996094 -55.06249237060547 -4
vertex 73.17533874511719 -55.02443313598633 -4
vertex 73.17533874511719 -55.02443313598633 0
endloop
endfacet
facet normal 1 0 0
outer loop
vertex 72.86668395996094 -54.56249237060547 -4
vertex 72.86668395996094 -53.757049560546875 -4.099999904632568
vertex 72.86668395996094 -53.757049560546875 0
endloop
endfacet
facet normal 0.19508196428504695 0.9807869428222868 0
outer loop
vertex 73.17533874511719 -55.02443313598633 0
vertex 73.36668395996094 -55.06249237060547 0
vertex 73.36668395996094 -55.06249237060547 -4
endloop
endfacet
facet normal 0.8314602204820793 0.5555842886150507 0
outer loop
vertex 73.01313018798828 -54.916046142578125 0
vertex 73.01313018798828 -54.916046142578125 -4
vertex 72.90473937988281 -54.75383377075195 0
endloop
endfacet
facet normal -0.8314782854783427 0.5555572524753821 0
outer loop
vertex 84.82862091064453 -54.75383377075195 -4
vertex 84.7202377319336 -54.916046142578125 -4
vertex 84.7202377319336 -54.916046142578125 0
endloop
endfacet
facet normal 0.9807899398239573 0.19506689606419184 0
outer loop
vertex 72.86668395996094 -54.56249237060547 0
vertex 72.90473937988281 -54.75383377075195 0
vertex 72.90473937988281 -54.75383377075195 -4
endloop
endfacet
facet normal 0.5555798033776966 0.83146321751404 0
outer loop
vertex 73.01313018798828 -54.916046142578125 0
vertex 73.17533874511719 -55.02443313598633 0
vertex 73.17533874511719 -55.02443313598633 -4
endloop
endfacet
facet normal 1 0 0
outer loop
vertex 72.86668395996094 -53.757049560546875 0
vertex 72.86668395996094 -54.56249237060547 0
vertex 72.86668395996094 -54.56249237060547 -4
endloop
endfacet
facet normal 0 1 0
outer loop
vertex 78.46668243408203 -55.06249237060547 -4
vertex 73.36668395996094 -55.06249237060547 -4
vertex 78.46668243408203 -55.06249237060547 0
endloop
endfacet
facet normal -0.007192559633405969 0.9999741332084146 0
outer loop
vertex 84.55802154541016 -55.02443313598633 -4
vertex 79.26668548583984 -55.06249237060547 -4
vertex 84.55802154541016 -55.02443313598633 0
endloop
endfacet
facet normal -0.5555617383814266 0.831475288175546 0
outer loop
vertex 84.7202377319336 -54.916046142578125 -4
vertex 84.55802154541016 -55.02443313598633 -4
vertex 84.55802154541016 -55.02443313598633 0
endloop
endfacet
facet normal 1 0 0
outer loop
vertex 78.46668243408203 -55.229774475097656 0
vertex 78.46668243408203 -56.229774475097656 -1.6695948839187622
vertex 78.46668243408203 -55.06249237060547 0
endloop
endfacet
facet normal 1 0 0
outer loop
vertex 78.46668243408203 -55.489444732666016 -0.25967222452163696
vertex 78.46668243408203 -56.229774475097656 -1.6695948839187622
vertex 78.46668243408203 -55.229774475097656 0
endloop
endfacet
facet normal -1 0 0
outer loop
vertex 84.86668395996094 -53.757171630859375 0
vertex 84.86668395996094 -54.56249237060547 -4
vertex 84.86668395996094 -54.56249237060547 0
endloop
endfacet
facet normal -0.980782457176804 0.19510451479714808 0
outer loop
vertex 84.86668395996094 -54.56249237060547 -4
vertex 84.82862091064453 -54.75383377075195 0
vertex 84.86668395996094 -54.56249237060547 0
endloop
endfacet
facet normal -0.8314782854783427 0.5555572524753821 0
outer loop
vertex 84.82862091064453 -54.75383377075195 0
vertex 84.82862091064453 -54.75383377075195 -4
vertex 84.7202377319336 -54.916046142578125 0
endloop
endfacet
facet normal 0 -1 0
outer loop
vertex 73.17533874511719 -53.10055160522461 -5
vertex 84.55802154541016 -53.10055160522461 -5
vertex 73.17533874511719 -53.10055160522461 -4.099999904632568
endloop
endfacet
facet normal 0 0 1
outer loop
vertex 73.17533874511719 -53.10055160522461 -5
vertex 72.86668395996094 -56.22991180419922 -5
vertex 84.55802154541016 -53.10055160522461 -5
endloop
endfacet
facet normal 0 0 1
outer loop
vertex 72.86668395996094 -56.22991180419922 -5
vertex 72.90473937988281 -53.371150970458984 -5
vertex 72.86668395996094 -53.56249237060547 -5
endloop
endfacet
facet normal 0 0 1
outer loop
vertex 72.90473937988281 -53.371150970458984 -5
vertex 72.86668395996094 -56.22991180419922 -5
vertex 73.01313018798828 -53.20893859863281 -5
endloop
endfacet
facet normal 0 0 1
outer loop
vertex 73.01313018798828 -53.20893859863281 -5
vertex 72.86668395996094 -56.22991180419922 -5
vertex 73.17533874511719 -53.10055160522461 -5
endloop
endfacet
facet normal 0.5555798033776966 -0.83146321751404 0
outer loop
vertex 73.01313018798828 -53.20893859863281 -4.099999904632568
vertex 73.01313018798828 -53.20893859863281 -5
vertex 73.17533874511719 -53.10055160522461 -4.099999904632568
endloop
endfacet
facet normal 1 0 0
outer loop
vertex 72.86668395996094 -54.56249237060547 -4
vertex 72.86668395996094 -53.56249237060547 -5
vertex 72.86668395996094 -53.757049560546875 -4.099999904632568
endloop
endfacet
facet normal 0.8314602204820793 -0.5555842886150507 0
outer loop
vertex 72.90473937988281 -53.371150970458984 -4.099999904632568
vertex 72.90473937988281 -53.371150970458984 -5
vertex 73.01313018798828 -53.20893859863281 -4.099999904632568
endloop
endfacet
facet normal 0.9807899398239572 -0.1950668960641918 0
outer loop
vertex 72.86668395996094 -53.56249237060547 -5
vertex 72.90473937988281 -53.371150970458984 -5
vertex 72.90473937988281 -53.371150970458984 -4.099999904632568
endloop
endfacet
facet normal 1 0 0
outer loop
vertex 72.86668395996094 -56.22991180419922 -4
vertex 72.86668395996094 -56.22991180419922 -5
vertex 72.86668395996094 -54.56249237060547 -4
endloop
endfacet
facet normal 0 0 -1
outer loop
vertex 72.86668395996094 -56.22991180419922 -4
vertex 72.90473937988281 -54.75383377075195 -4
vertex 73.01313018798828 -54.916046142578125 -4
endloop
endfacet
facet normal 0 0 -1
outer loop
vertex 72.90473937988281 -54.75383377075195 -4
vertex 72.86668395996094 -56.22991180419922 -4
vertex 72.86668395996094 -54.56249237060547 -4
endloop
endfacet
facet normal -0.5555617383814266 0.831475288175546 0
outer loop
vertex 84.7202377319336 -54.916046142578125 0
vertex 84.7202377319336 -54.916046142578125 -4
vertex 84.55802154541016 -55.02443313598633 0
endloop
endfacet
facet normal 0 0 -1
outer loop
vertex 72.86668395996094 -56.22991180419922 -4
vertex 73.17533874511719 -55.02443313598633 -4
vertex 73.36668395996094 -55.06249237060547 -4
endloop
endfacet
facet normal 0 0 -1
outer loop
vertex 73.17533874511719 -55.02443313598633 -4
vertex 72.86668395996094 -56.22991180419922 -4
vertex 73.01313018798828 -54.916046142578125 -4
endloop
endfacet
facet normal 1 0 0
outer loop
vertex 72.86668395996094 -56.22991180419922 -5
vertex 72.86668395996094 -53.56249237060547 -5
vertex 72.86668395996094 -54.56249237060547 -4
endloop
endfacet
facet normal 1 0 0
outer loop
vertex 72.86668395996094 -53.56249237060547 -5
vertex 72.86668395996094 -53.56249237060547 -4.099999904632568
vertex 72.86668395996094 -53.757049560546875 -4.099999904632568
endloop
endfacet
facet normal 0.9807899398239572 -0.1950668960641918 0
outer loop
vertex 72.86668395996094 -53.56249237060547 -4.099999904632568
vertex 72.86668395996094 -53.56249237060547 -5
vertex 72.90473937988281 -53.371150970458984 -4.099999904632568
endloop
endfacet
facet normal -0.007192559633405969 0.9999741332084146 0
outer loop
vertex 84.55802154541016 -55.02443313598633 0
vertex 79.26668548583984 -55.06249237060547 -4
vertex 79.26668548583984 -55.06249237060547 0
endloop
endfacet
facet normal -1 0 0
outer loop
vertex 79.26668548583984 -55.48942184448242 -0.2596701681613922
vertex 79.26668548583984 -56.22975158691406 -1.6695970296859741
vertex 79.26668548583984 -56.133487701416016 -0.32014966011047363
endloop
endfacet
facet normal 0 0 -1
outer loop
vertex 84.86668395996094 -54.56249237060547 -4
vertex 84.86668395996094 -56.2296142578125 -4
vertex 84.82862091064453 -54.75383377075195 -4
endloop
endfacet
facet normal 1 0 0
outer loop
vertex 78.46668243408203 -56.133487701416016 -0.32014966011047363
vertex 78.46668243408203 -56.229774475097656 -1.6695948839187622
vertex 78.46668243408203 -55.489444732666016 -0.25967222452163696
endloop
endfacet
facet normal 1 0 0
outer loop
vertex 78.46668243408203 -56.931053161621094 -0.4050999879837036
vertex 78.46668243408203 -56.931053161621094 -1.5949000120162964
vertex 78.46668243408203 -56.133487701416016 -0.32014966011047363
endloop
endfacet
facet normal 1 0 0
outer loop
vertex 78.46668243408203 -57.72749710083008 -0.5
vertex 78.46668243408203 -57.72749710083008 -1.5
vertex 78.46668243408203 -56.931053161621094 -0.4050999879837036
endloop
endfacet
facet normal -1 0 0
outer loop
vertex 79.26668548583984 -56.22975158691406 -1.6695970296859741
vertex 79.26668548583984 -56.931053161621094 -0.4050999879837036
vertex 79.26668548583984 -56.133487701416016 -0.32014966011047363
endloop
endfacet
facet normal 0.007192559633405969 0.9999741332084146 0
outer loop
vertex -84.01518249511719 -55.06249237060547 -4
vertex -89.3065185546875 -55.02443313598633 -4
vertex -84.01518249511719 -55.06249237060547 0
endloop
endfacet
facet normal 0.5555617383814266 0.831475288175546 0
outer loop
vertex -89.3065185546875 -55.02443313598633 -4
vertex -89.46873474121094 -54.916046142578125 -4
vertex -89.46873474121094 -54.916046142578125 0
endloop
endfacet
facet normal 1 0 0
outer loop
vertex -89.61518096923828 -54.56249237060547 0
vertex -89.61518096923828 -54.56249237060547 -4
vertex -89.61518096923828 -53.75537872314453 -4.099999904632568
endloop
endfacet
facet normal 0.980782457176804 0.19510451479714808 0
outer loop
vertex -89.57711791992188 -54.75383377075195 -4
vertex -89.61518096923828 -54.56249237060547 -4
vertex -89.61518096923828 -54.56249237060547 0
endloop
endfacet
facet normal 0.8314782854783427 0.5555572524753821 0
outer loop
vertex -89.46873474121094 -54.916046142578125 -4
vertex -89.57711791992188 -54.75383377075195 -4
vertex -89.57711791992188 -54.75383377075195 0
endloop
endfacet
facet normal -1 0 0
outer loop
vertex -83.21517944335938 -55.06249237060547 -4
vertex -83.21517944335938 -56.23374938964844 -4
vertex -83.21517944335938 -56.23374938964844 -1.6691713333129883
endloop
endfacet
facet normal 1 0 0
outer loop
vertex -84.01518249511719 -55.06249237060547 -4
vertex -84.01518249511719 -56.233768463134766 -1.669169306755066
vertex -84.01518249511719 -56.233768463134766 -4
endloop
endfacet
facet normal -0.007192549263254353 0.9999741332830042 0
outer loop
vertex -77.92383575439453 -55.02443313598633 -4
vertex -83.21517944335938 -55.06249237060547 -4
vertex -77.92383575439453 -55.02443313598633 0
endloop
endfacet
facet normal -1 0 0
outer loop
vertex -77.61518096923828 -53.75550079345703 0
vertex -77.61518096923828 -54.56249237060547 -4
vertex -77.61518096923828 -54.56249237060547 0
endloop
endfacet
facet normal -0.9807899398239573 0.19506689606419184 0
outer loop
vertex -77.61518096923828 -54.56249237060547 -4
vertex -77.65323638916016 -54.75383377075195 0
vertex -77.61518096923828 -54.56249237060547 0
endloop
endfacet
facet normal -0.8314602204820793 0.5555842886150507 0
outer loop
vertex -77.65323638916016 -54.75383377075195 0
vertex -77.65323638916016 -54.75383377075195 -4
vertex -77.76162719726562 -54.916046142578125 0
endloop
endfacet
facet normal -0.5555798033776966 0.83146321751404 0
outer loop
vertex -77.76162719726562 -54.916046142578125 0
vertex -77.76162719726562 -54.916046142578125 -4
vertex -77.92383575439453 -55.02443313598633 0
endloop
endfacet
facet normal -0.5555798033776966 -0.83146321751404 0
outer loop
vertex -77.92383575439453 -53.10055160522461 -4.099999904632568
vertex -77.92383575439453 -53.10055160522461 -5
vertex -77.76162719726562 -53.20893859863281 -4.099999904632568
endloop
endfacet
facet normal 1 0 0
outer loop
vertex -84.01518249511719 -55.49385452270508 -0.260086327791214
vertex -84.01518249511719 -56.233768463134766 -1.669169306755066
vertex -84.01518249511719 -55.06249237060547 0
endloop
endfacet
facet normal -1 0 0
outer loop
vertex -83.21517944335938 -55.23374938964844 0
vertex -83.21517944335938 -56.23374938964844 -1.6691713333129883
vertex -83.21517944335938 -55.49383544921875 -0.26008427143096924
endloop
endfacet
facet normal -1 0 0
outer loop
vertex -77.61518096923828 -53.75550079345703 -4.099999904632568
vertex -77.61518096923828 -53.56249237060547 -5
vertex -77.61518096923828 -54.56249237060547 -4
endloop
endfacet
facet normal -1 0 0
outer loop
vertex -83.21517944335938 -56.133487701416016 -0.32014966011047363
vertex -83.21517944335938 -55.49383544921875 -0.26008427143096924
vertex -83.21517944335938 -56.23374938964844 -1.6691713333129883
endloop
endfacet
facet normal -1 0 0
outer loop
vertex -83.21517944335938 -56.931053161621094 -0.4050999879837036
vertex -83.21517944335938 -56.133487701416016 -0.32014966011047363
vertex -83.21517944335938 -56.23374938964844 -1.6691713333129883
endloop
endfacet
facet normal 1 0 0
outer loop
vertex -84.01518249511719 -56.133487701416016 -0.32014966011047363
vertex -84.01518249511719 -56.233768463134766 -1.669169306755066
vertex -84.01518249511719 -55.49385452270508 -0.260086327791214
endloop
endfacet
facet normal 1 0 0
outer loop
vertex -84.01518249511719 -56.931053161621094 -0.4050999879837036
vertex -84.01518249511719 -56.233768463134766 -1.669169306755066
vertex -84.01518249511719 -56.133487701416016 -0.32014966011047363
endloop
endfacet
facet normal -0.8314602204820793 -0.5555842886150507 0
outer loop
vertex -77.76162719726562 -53.20893859863281 -4.099999904632568
vertex -77.76162719726562 -53.20893859863281 -5
vertex -77.65323638916016 -53.371150970458984 -4.099999904632568
endloop
endfacet
facet normal -1 0 0
outer loop
vertex -83.21517944335938 -56.931053161621094 -0.4050999879837036
vertex -83.21517944335938 -57.72749710083008 -1.5
vertex -83.21517944335938 -57.72749710083008 -0.5
endloop
endfacet
facet normal 1 0 0
outer loop
vertex -84.01518249511719 -57.72749710083008 -0.5
vertex -84.01518249511719 -57.72749710083008 -1.5
vertex -84.01518249511719 -56.931053161621094 -0.4050999879837036
endloop
endfacet
facet normal -0.9807899398239572 -0.1950668960641918 0
outer loop
vertex -77.65323638916016 -53.371150970458984 -4.099999904632568
vertex -77.65323638916016 -53.371150970458984 -5
vertex -77.61518096923828 -53.56249237060547 -4.099999904632568
endloop
endfacet
facet normal -0.007192549263254353 0.9999741332830042 0
outer loop
vertex -77.92383575439453 -55.02443313598633 0
vertex -83.21517944335938 -55.06249237060547 -4
vertex -83.21517944335938 -55.06249237060547 0
endloop
endfacet
facet normal -1 0 0
outer loop
vertex -77.61518096923828 -53.56249237060547 -4.099999904632568
vertex -77.61518096923828 -53.56249237060547 -5
vertex -77.61518096923828 -53.75550079345703 -4.099999904632568
endloop
endfacet
facet normal -0.19508196428504695 -0.9807869428222868 0
outer loop
vertex -78.11518096923828 -53.06249237060547 -4.099999904632568
vertex -78.11518096923828 -53.06249237060547 -5
vertex -77.92383575439453 -53.10055160522461 -4.099999904632568
endloop
endfacet
facet normal -1 0 0
outer loop
vertex -83.21517944335938 -55.23374938964844 0
vertex -83.21517944335938 -55.06249237060547 0
vertex -83.21517944335938 -55.06249237060547 -4
endloop
endfacet
facet normal -1 0 0
outer loop
vertex -83.21517944335938 -56.23374938964844 -1.6691713333129883
vertex -83.21517944335938 -56.931053161621094 -1.5949000120162964
vertex -83.21517944335938 -56.931053161621094 -0.4050999879837036
endloop
endfacet
facet normal 1 0 0
outer loop
vertex -84.01518249511719 -56.931053161621094 -0.4050999879837036
vertex -84.01518249511719 -56.931053161621094 -1.5949000120162964
vertex -84.01518249511719 -56.233768463134766 -1.669169306755066
endloop
endfacet
facet normal -0.5555798033776966 0.83146321751404 0
outer loop
vertex -77.76162719726562 -54.916046142578125 -4
vertex -77.92383575439453 -55.02443313598633 -4
vertex -77.92383575439453 -55.02443313598633 0
endloop
endfacet
facet normal -0.8314602204820793 0.5555842886150507 0
outer loop
vertex -77.65323638916016 -54.75383377075195 -4
vertex -77.76162719726562 -54.916046142578125 -4
vertex -77.76162719726562 -54.916046142578125 0
endloop
endfacet
facet normal -0.9807899398239573 0.19506689606419184 0
outer loop
vertex -77.61518096923828 -54.56249237060547 -4
vertex -77.65323638916016 -54.75383377075195 -4
vertex -77.65323638916016 -54.75383377075195 0
endloop
endfacet
facet normal -1 0 0
outer loop
vertex -77.61518096923828 -53.75550079345703 -4.099999904632568
vertex -77.61518096923828 -54.56249237060547 -4
vertex -77.61518096923828 -53.75550079345703 0
endloop
endfacet
facet normal 1 0 0
outer loop
vertex -84.01518249511719 -56.233768463134766 -1.669169306755066
vertex -84.01518249511719 -55.06249237060547 -4
vertex -84.01518249511719 -55.06249237060547 0
endloop
endfacet
facet normal -1 0 0
outer loop
vertex -83.21517944335938 -55.06249237060547 -4
vertex -83.21517944335938 -56.23374938964844 -1.6691713333129883
vertex -83.21517944335938 -55.23374938964844 0
endloop
endfacet
facet normal 0 0 -1
outer loop
vertex -77.61518096923828 -54.56249237060547 -4
vertex -77.61518096923828 -56.233612060546875 -4
vertex -77.65323638916016 -54.75383377075195 -4
endloop
endfacet
facet normal 0 0 -1
outer loop
vertex -77.61518096923828 -56.233612060546875 -4
vertex -77.76162719726562 -54.916046142578125 -4
vertex -77.65323638916016 -54.75383377075195 -4
endloop
endfacet
facet normal 0 0 -1
outer loop
vertex -77.61518096923828 -56.233612060546875 -4
vertex -77.92383575439453 -55.02443313598633 -4
vertex -77.76162719726562 -54.916046142578125 -4
endloop
endfacet
facet normal -1 0 0
outer loop
vertex -77.61518096923828 -54.56249237060547 -4
vertex -77.61518096923828 -56.233612060546875 -5
vertex -77.61518096923828 -56.233612060546875 -4
endloop
endfacet
facet normal 0 -1 0
outer loop
vertex -89.11518096923828 -53.06249237060547 -4.099999904632568
vertex -89.11518096923828 -53.06249237060547 -5
vertex -78.11518096923828 -53.06249237060547 -4.099999904632568
endloop
endfacet
facet normal 0 0 -1
outer loop
vertex -77.61518096923828 -56.233612060546875 -4
vertex -83.21517944335938 -55.06249237060547 -4
vertex -77.92383575439453 -55.02443313598633 -4
endloop
endfacet
facet normal 0 0 -1
outer loop
vertex -83.21517944335938 -55.06249237060547 -4
vertex -77.61518096923828 -56.233612060546875 -4
vertex -83.21517944335938 -56.23374938964844 -4
endloop
endfacet
facet normal 0.19508944693220684 -0.980785454467839 0
outer loop
vertex -89.3065185546875 -53.10055160522461 -4.099999904632568
vertex -89.3065185546875 -53.10055160522461 -5
vertex -89.11518096923828 -53.06249237060547 -4.099999904632568
endloop
endfacet
facet normal 0.5555617383814266 -0.831475288175546 0
outer loop
vertex -89.46873474121094 -53.20893859863281 -4.099999904632568
vertex -89.46873474121094 -53.20893859863281 -5
vertex -89.3065185546875 -53.10055160522461 -4.099999904632568
endloop
endfacet
facet normal 1 0 0
outer loop
vertex -89.61518096923828 -54.56249237060547 -4
vertex -89.61518096923828 -53.56249237060547 -5
vertex -89.61518096923828 -53.75537872314453 -4.099999904632568
endloop
endfacet
facet normal 0.8314782854783427 -0.5555572524753821 0
outer loop
vertex -89.57711791992188 -53.371150970458984 -4.099999904632568
vertex -89.57711791992188 -53.371150970458984 -5
vertex -89.46873474121094 -53.20893859863281 -4.099999904632568
endloop
endfacet
facet normal -1 0 0
outer loop
vertex -83.21517944335938 -57.72749710083008 -1.5
vertex -83.21517944335938 -56.931053161621094 -0.4050999879837036
vertex -83.21517944335938 -56.931053161621094 -1.5949000120162964
endloop
endfacet
facet normal 1 0 0
outer loop
vertex -84.01518249511719 -55.06249237060547 0
vertex -84.01518249511719 -55.233768463134766 0
vertex -84.01518249511719 -55.49385452270508 -0.260086327791214
endloop
endfacet
facet normal 0.9807824571768041 -0.1951045147971481 0
outer loop
vertex -89.61518096923828 -53.56249237060547 -4.099999904632568
vertex -89.61518096923828 -53.56249237060547 -5
vertex -89.57711791992188 -53.371150970458984 -4.099999904632568
endloop
endfacet
facet normal 1 0 0
outer loop
vertex -89.61518096923828 -53.56249237060547 -5
vertex -89.61518096923828 -53.56249237060547 -4.099999904632568
vertex -89.61518096923828 -53.75537872314453 -4.099999904632568
endloop
endfacet
facet normal 0 0 -1
outer loop
vertex -84.01518249511719 -56.233768463134766 -4
vertex -89.3065185546875 -55.02443313598633 -4
vertex -84.01518249511719 -55.06249237060547 -4
endloop
endfacet
facet normal 0 0 -1
outer loop
vertex -89.61518096923828 -56.23390579223633 -4
vertex -89.3065185546875 -55.02443313598633 -4
vertex -84.01518249511719 -56.233768463134766 -4
endloop
endfacet
facet normal 0 0 -1
outer loop
vertex -89.57711791992188 -54.75383377075195 -4
vertex -89.61518096923828 -56.23390579223633 -4
vertex -89.61518096923828 -54.56249237060547 -4
endloop
endfacet
facet normal 0 0 -1
outer loop
vertex -89.46873474121094 -54.916046142578125 -4
vertex -89.61518096923828 -56.23390579223633 -4
vertex -89.57711791992188 -54.75383377075195 -4
endloop
endfacet
facet normal 0 0 -1
outer loop
vertex -89.61518096923828 -56.23390579223633 -4
vertex -89.46873474121094 -54.916046142578125 -4
vertex -89.3065185546875 -55.02443313598633 -4
endloop
endfacet
facet normal 1 0 0
outer loop
vertex -89.61518096923828 -56.23390579223633 -4
vertex -89.61518096923828 -56.23390579223633 -5
vertex -89.61518096923828 -54.56249237060547 -4
endloop
endfacet
facet normal 0.8314782854783427 0.5555572524753821 0
outer loop
vertex -89.46873474121094 -54.916046142578125 0
vertex -89.46873474121094 -54.916046142578125 -4
vertex -89.57711791992188 -54.75383377075195 0
endloop
endfacet
facet normal 0.980782457176804 0.19510451479714808 0
outer loop
vertex -89.57711791992188 -54.75383377075195 0
vertex -89.57711791992188 -54.75383377075195 -4
vertex -89.61518096923828 -54.56249237060547 0
endloop
endfacet
facet normal 0.5555617383814266 0.831475288175546 0
outer loop
vertex -89.3065185546875 -55.02443313598633 0
vertex -89.3065185546875 -55.02443313598633 -4
vertex -89.46873474121094 -54.916046142578125 0
endloop
endfacet
facet normal -0.5555798033776966 -0.83146321751404 0
outer loop
vertex -77.92383575439453 -53.10055160522461 -5
vertex -77.76162719726562 -53.20893859863281 -5
vertex -77.76162719726562 -53.20893859863281 -4.099999904632568
endloop
endfacet
facet normal -0.8314602204820793 -0.5555842886150507 0
outer loop
vertex -77.76162719726562 -53.20893859863281 -5
vertex -77.65323638916016 -53.371150970458984 -5
vertex -77.65323638916016 -53.371150970458984 -4.099999904632568
endloop
endfacet
facet normal -0.9807899398239572 -0.1950668960641918 0
outer loop
vertex -77.65323638916016 -53.371150970458984 -5
vertex -77.61518096923828 -53.56249237060547 -5
vertex -77.61518096923828 -53.56249237060547 -4.099999904632568
endloop
endfacet
facet normal 0.007192559633405969 0.9999741332084146 0
outer loop
vertex -89.3065185546875 -55.02443313598633 -4
vertex -89.3065185546875 -55.02443313598633 0
vertex -84.01518249511719 -55.06249237060547 0
endloop
endfacet
facet normal -0.19508196428504695 -0.9807869428222868 0
outer loop
vertex -78.11518096923828 -53.06249237060547 -5
vertex -77.92383575439453 -53.10055160522461 -5
vertex -77.92383575439453 -53.10055160522461 -4.099999904632568
endloop
endfacet
facet normal -1 0 0
outer loop
vertex -77.61518096923828 -53.56249237060547 -5
vertex -77.61518096923828 -56.233612060546875 -5
vertex -77.61518096923828 -54.56249237060547 -4
endloop
endfacet
facet normal 0 -1 0
outer loop
vertex -89.11518096923828 -53.06249237060547 -5
vertex -78.11518096923828 -53.06249237060547 -5
vertex -78.11518096923828 -53.06249237060547 -4.099999904632568
endloop
endfacet
facet normal 0 0 1
outer loop
vertex -78.11518096923828 -53.06249237060547 -5
vertex -89.61518096923828 -56.23390579223633 -5
vertex -77.92383575439453 -53.10055160522461 -5
endloop
endfacet
facet normal 1 0 0
outer loop
vertex -84.01518249511719 -57.72749710083008 -1.5
vertex -84.01518249511719 -56.931053161621094 -1.5949000120162964
vertex -84.01518249511719 -56.931053161621094 -0.4050999879837036
endloop
endfacet
facet normal 0 0 1
outer loop
vertex -89.61518096923828 -56.23390579223633 -5
vertex -77.76162719726562 -53.20893859863281 -5
vertex -77.92383575439453 -53.10055160522461 -5
endloop
endfacet
facet normal 0 0 1
outer loop
vertex -89.61518096923828 -56.23390579223633 -5
vertex -77.65323638916016 -53.371150970458984 -5
vertex -77.76162719726562 -53.20893859863281 -5
endloop
endfacet
facet normal 0 0 1
outer loop
vertex -89.61518096923828 -56.23390579223633 -5
vertex -77.61518096923828 -53.56249237060547 -5
vertex -77.65323638916016 -53.371150970458984 -5
endloop
endfacet
facet normal 0 0 1
outer loop
vertex -77.61518096923828 -56.233612060546875 -5
vertex -77.61518096923828 -53.56249237060547 -5
vertex -89.61518096923828 -56.23390579223633 -5
endloop
endfacet
facet normal 0.19508944693220684 -0.980785454467839 0
outer loop
vertex -89.3065185546875 -53.10055160522461 -5
vertex -89.11518096923828 -53.06249237060547 -5
vertex -89.11518096923828 -53.06249237060547 -4.099999904632568
endloop
endfacet
facet normal 0.5555617383814266 -0.831475288175546 0
outer loop
vertex -89.46873474121094 -53.20893859863281 -5
vertex -89.3065185546875 -53.10055160522461 -5
vertex -89.3065185546875 -53.10055160522461 -4.099999904632568
endloop
endfacet
facet normal 0.8314782854783427 -0.5555572524753821 0
outer loop
vertex -89.57711791992188 -53.371150970458984 -5
vertex -89.46873474121094 -53.20893859863281 -5
vertex -89.46873474121094 -53.20893859863281 -4.099999904632568
endloop
endfacet
facet normal 0.9807824571768041 -0.1951045147971481 0
outer loop
vertex -89.61518096923828 -53.56249237060547 -5
vertex -89.57711791992188 -53.371150970458984 -5
vertex -89.57711791992188 -53.371150970458984 -4.099999904632568
endloop
endfacet
facet normal 0 0 1
outer loop
vertex -89.11518096923828 -53.06249237060547 -5
vertex -89.61518096923828 -56.23390579223633 -5
vertex -78.11518096923828 -53.06249237060547 -5
endloop
endfacet
facet normal 0 0 1
outer loop
vertex -89.3065185546875 -53.10055160522461 -5
vertex -89.61518096923828 -56.23390579223633 -5
vertex -89.11518096923828 -53.06249237060547 -5
endloop
endfacet
facet normal 1 0 0
outer loop
vertex -89.61518096923828 -56.23390579223633 -5
vertex -89.61518096923828 -53.56249237060547 -5
vertex -89.61518096923828 -54.56249237060547 -4
endloop
endfacet
facet normal 0 0 1
outer loop
vertex -89.46873474121094 -53.20893859863281 -5
vertex -89.61518096923828 -56.23390579223633 -5
vertex -89.3065185546875 -53.10055160522461 -5
endloop
endfacet
facet normal 0 0 1
outer loop
vertex -89.57711791992188 -53.371150970458984 -5
vertex -89.61518096923828 -56.23390579223633 -5
vertex -89.46873474121094 -53.20893859863281 -5
endloop
endfacet
facet normal 0 0 1
outer loop
vertex -89.61518096923828 -56.23390579223633 -5
vertex -89.57711791992188 -53.371150970458984 -5
vertex -89.61518096923828 -53.56249237060547 -5
endloop
endfacet
facet normal 1 0 0
outer loop
vertex -89.61518096923828 -54.56249237060547 0
vertex -89.61518096923828 -53.75537872314453 -4.099999904632568
vertex -89.61518096923828 -53.75537872314453 0
endloop
endfacet
facet normal 0 0 -1
outer loop
vertex -83.42008972167969 55.28034210205078 -3.5
vertex -83.61518096923828 55.26112747192383 -3.5
vertex -84.61518096923828 56.26112747192383 -3.5
endloop
endfacet
facet normal 0 0 -1
outer loop
vertex -82.63439178466797 56.066036224365234 -3.5
vertex -82.69129943847656 55.87844467163086 -3.5
vertex -84.61518096923828 56.26112747192383 -3.5
endloop
endfacet
facet normal 0 0 -1
outer loop
vertex -83.61518096923828 55.26112747192383 -3.5
vertex -83.81027221679688 55.28034210205078 -3.5
vertex -84.61518096923828 56.26112747192383 -3.5
endloop
endfacet
facet normal 0.9951829182294893 0.0980355000203388 0
outer loop
vertex -84.59596252441406 56.066036224365234 -3.5
vertex -84.59596252441406 56.066036224365234 -4.981979846954346
vertex -84.61518096923828 56.26112747192383 -3.5
endloop
endfacet
facet normal 0.9569369653840532 0.2902957875711588 0
outer loop
vertex -84.53905487060547 55.87844467163086 -3.5
vertex -84.53905487060547 55.87844467163086 -5.191798686981201
vertex -84.59596252441406 56.066036224365234 -3.5
endloop
endfacet
facet normal -0.7730053477682733 0.6343995052974511 0
outer loop
vertex -82.78370666503906 55.70555877685547 -3.5
vertex -82.78370666503906 55.70555877685547 -5.3853888511657715
vertex -82.90807342529297 55.554019927978516 -3.5
endloop
endfacet
facet normal -0.6343974203505326 0.7730070588633648 0
outer loop
vertex -82.90807342529297 55.554019927978516 -3.5
vertex -82.90807342529297 55.554019927978516 -5.55485725402832
vertex -83.05960845947266 55.429656982421875 -3.5
endloop
endfacet
facet normal -0.4713950159279665 0.8819221841852342 -4.670692007141162e-7
outer loop
vertex -83.05960845947266 55.429656982421875 -3.5
vertex -83.14082336425781 55.38624572753906 -5.742472171783447
vertex -83.23249816894531 55.33724594116211 -3.5
endloop
endfacet
facet normal -0.2902779678676651 0.9569423709767579 0
outer loop
vertex -83.23249816894531 55.33724594116211 -3.5
vertex -83.23249816894531 55.33724594116211 -5.745211601257324
vertex -83.42008972167969 55.28034210205078 -3.5
endloop
endfacet
facet normal -0.09801622777686084 0.9951848165503706 0
outer loop
vertex -83.42008972167969 55.28034210205078 -3.5
vertex -83.42008972167969 55.28034210205078 -5.7483930587768555
vertex -83.61518096923828 55.26112747192383 -3.5
endloop
endfacet
facet normal 0.2902779678676651 0.9569423709767578 0
outer loop
vertex -83.81027221679688 55.28034210205078 -3.5
vertex -83.81027221679688 55.28034210205078 -5.7483930587768555
vertex -83.99786376953125 55.33724594116211 -3.5
endloop
endfacet
facet normal 0.4714111959544524 0.8819135356307857 0
outer loop
vertex -83.99786376953125 55.33724594116211 -3.5
vertex -83.99786376953125 55.33724594116211 -5.745211601257324
vertex -84.17074584960938 55.429656982421875 -3.5
endloop
endfacet
facet normal 0.8819259499769284 0.471387970526712 0
outer loop
vertex -84.44664764404297 55.70555877685547 -3.5
vertex -84.44664764404297 55.70555877685547 -5.385173797607422
vertex -84.53905487060547 55.87844467163086 -3.5
endloop
endfacet
facet normal 0.77302443296692 0.6343762495839294 0
outer loop
vertex -84.3222885131836 55.554019927978516 -3.5
vertex -84.3222885131836 55.554019927978516 -5.55467414855957
vertex -84.44664764404297 55.70555877685547 -3.5
endloop
endfacet
facet normal 0.6343783351518825 0.773022721457737 0
outer loop
vertex -84.17074584960938 55.429656982421875 -3.5
vertex -84.17074584960938 55.429656982421875 -5.693786144256592
vertex -84.3222885131836 55.554019927978516 -3.5
endloop
endfacet
facet normal -0.9951868306689368 0.09799577574118605 0
outer loop
vertex -82.63439178466797 56.066036224365234 -4.98223352432251
vertex -82.63439178466797 56.066036224365234 -3.5
vertex -82.61519622802734 56.2609748840332 -4.764211177825928
endloop
endfacet
facet normal 0.9952005659548256 0.09785618506319081 0.000023834292081742306
outer loop
vertex -84.59596252441406 56.066036224365234 -4.981979846954346
vertex -84.61516571044922 56.26128005981445 -4.763608932495117
vertex -84.61518096923828 56.26112747192383 -3.5
endloop
endfacet
facet normal 0.09801622777686082 0.9951848165503705 0
outer loop
vertex -83.61518096923828 55.26112747192383 -3.5
vertex -83.61518096923828 55.26112747192383 -5.749467372894287
vertex -83.81027221679688 55.28034210205078 -3.5
endloop
endfacet
facet normal -0.9569369653840533 0.2902957875711588 0
outer loop
vertex -82.69129943847656 55.87844467163086 -5.192037582397461
vertex -82.69129943847656 55.87844467163086 -3.5
vertex -82.63439178466797 56.066036224365234 -4.98223352432251
endloop
endfacet
facet normal 0.9569369653840533 0.2902957875711588 0
outer loop
vertex -84.53905487060547 55.87844467163086 -5.191798686981201
vertex -84.59596252441406 56.066036224365234 -4.981979846954346
vertex -84.59596252441406 56.066036224365234 -3.5
endloop
endfacet
facet normal -0.8819259499769284 0.471387970526712 0
outer loop
vertex -82.78370666503906 55.70555877685547 -5.3853888511657715
vertex -82.78370666503906 55.70555877685547 -3.5
vertex -82.69129943847656 55.87844467163086 -5.192037582397461
endloop
endfacet
facet normal -0.7730053477682733 0.6343995052974511 0
outer loop
vertex -82.90807342529297 55.554019927978516 -5.55485725402832
vertex -82.90807342529297 55.554019927978516 -3.5
vertex -82.78370666503906 55.70555877685547 -5.3853888511657715
endloop
endfacet
facet normal 0.8819259499769285 0.471387970526712 0
outer loop
vertex -84.44664764404297 55.70555877685547 -5.385173797607422
vertex -84.53905487060547 55.87844467163086 -5.191798686981201
vertex -84.53905487060547 55.87844467163086 -3.5
endloop
endfacet
facet normal 0.77302443296692 0.6343762495839294 0
outer loop
vertex -84.3222885131836 55.554019927978516 -5.55467414855957
vertex -84.44664764404297 55.70555877685547 -5.385173797607422
vertex -84.44664764404297 55.70555877685547 -3.5
endloop
endfacet
facet normal -0.6343974203505326 0.7730070588633648 0
outer loop
vertex -83.05960845947266 55.429656982421875 -5.693930149078369
vertex -83.05960845947266 55.429656982421875 -3.5
vertex -82.90807342529297 55.554019927978516 -5.55485725402832
endloop
endfacet
facet normal -0.47140504657917504 0.881916822642411 0
outer loop
vertex -83.14082336425781 55.38624572753906 -5.742472171783447
vertex -83.05960845947266 55.429656982421875 -3.5
vertex -83.05960845947266 55.429656982421875 -5.693930149078369
endloop
endfacet
facet normal -0.4713861295999653 0.8819269339467782 0
outer loop
vertex -83.23249816894531 55.33724594116211 -5.745211601257324
vertex -83.23249816894531 55.33724594116211 -3.5
vertex -83.14082336425781 55.38624572753906 -5.742472171783447
endloop
endfacet
facet normal -0.2902779678676651 0.9569423709767578 0
outer loop
vertex -83.42008972167969 55.28034210205078 -5.7483930587768555
vertex -83.42008972167969 55.28034210205078 -3.5
vertex -83.23249816894531 55.33724594116211 -5.745211601257324
endloop
endfacet
facet normal 0.09801622777686084 0.9951848165503706 0
outer loop
vertex -83.61518096923828 55.26112747192383 -5.749467372894287
vertex -83.81027221679688 55.28034210205078 -5.7483930587768555
vertex -83.81027221679688 55.28034210205078 -3.5
endloop
endfacet
facet normal 0.2902779678676651 0.9569423709767579 0
outer loop
vertex -83.81027221679688 55.28034210205078 -5.7483930587768555
vertex -83.99786376953125 55.33724594116211 -5.745211601257324
vertex -83.99786376953125 55.33724594116211 -3.5
endloop
endfacet
facet normal 0.6343783351518825 0.773022721457737 0
outer loop
vertex -84.17074584960938 55.429656982421875 -5.693786144256592
vertex -84.3222885131836 55.554019927978516 -5.55467414855957
vertex -84.3222885131836 55.554019927978516 -3.5
endloop
endfacet
facet normal 0.471407189855725 0.8819156770079146 0
outer loop
vertex -84.17074584960938 55.429656982421875 -3.5
vertex -84.08931732177734 55.386131286621094 -5.742478847503662
vertex -84.17074584960938 55.429656982421875 -5.693786144256592
endloop
endfacet
facet normal 0.4714147711109961 0.8819116245850499 3.539453589922986e-7
outer loop
vertex -83.99786376953125 55.33724594116211 -5.745211601257324
vertex -84.08931732177734 55.386131286621094 -5.742478847503662
vertex -84.17074584960938 55.429656982421875 -3.5
endloop
endfacet
facet normal -0.09801622777686082 0.9951848165503705 0
outer loop
vertex -83.61518096923828 55.26112747192383 -5.749467372894287
vertex -83.61518096923828 55.26112747192383 -3.5
vertex -83.42008972167969 55.28034210205078 -5.7483930587768555
endloop
endfacet
facet normal -0.8819259499769284 0.471387970526712 0
outer loop
vertex -82.69129943847656 55.87844467163086 -3.5
vertex -82.69129943847656 55.87844467163086 -5.192037582397461
vertex -82.78370666503906 55.70555877685547 -3.5
endloop
endfacet
facet normal -0.9569369653840533 0.2902957875711588 0
outer loop
vertex -82.63439178466797 56.066036224365234 -3.5
vertex -82.63439178466797 56.066036224365234 -4.98223352432251
vertex -82.69129943847656 55.87844467163086 -3.5
endloop
endfacet
facet normal -0.9951868306689369 0.09799577574118606 0
outer loop
vertex -82.61519622802734 56.2609748840332 -4.764211177825928
vertex -82.63439178466797 56.066036224365234 -3.5
vertex -82.61519622802734 56.2609748840332 -3.5
endloop
endfacet
facet normal 0 0 -1
outer loop
vertex -83.99786376953125 55.33724594116211 -3.5
vertex -84.17074584960938 55.429656982421875 -3.5
vertex -84.61518096923828 56.26112747192383 -3.5
endloop
endfacet
facet normal 0 0 -1
outer loop
vertex -83.81027221679688 55.28034210205078 -3.5
vertex -83.99786376953125 55.33724594116211 -3.5
vertex -84.61518096923828 56.26112747192383 -3.5
endloop
endfacet
facet normal 0 0 -1
outer loop
vertex -84.61518096923828 56.26112747192383 -3.5
vertex -84.3222885131836 55.554019927978516 -3.5
vertex -84.44664764404297 55.70555877685547 -3.5
endloop
endfacet
facet normal 0 0 -1
outer loop
vertex -84.44664764404297 55.70555877685547 -3.5
vertex -84.53905487060547 55.87844467163086 -3.5
vertex -84.59596252441406 56.066036224365234 -3.5
endloop
endfacet
facet normal 0 0 -1
outer loop
vertex -84.61518096923828 56.26112747192383 -3.5
vertex -84.44664764404297 55.70555877685547 -3.5
vertex -84.59596252441406 56.066036224365234 -3.5
endloop
endfacet
facet normal 0 0 -1
outer loop
vertex -84.17074584960938 55.429656982421875 -3.5
vertex -84.3222885131836 55.554019927978516 -3.5
vertex -84.61518096923828 56.26112747192383 -3.5
endloop
endfacet
facet normal 0 0 -1
outer loop
vertex -83.23249816894531 55.33724594116211 -3.5
vertex -83.42008972167969 55.28034210205078 -3.5
vertex -84.61518096923828 56.26112747192383 -3.5
endloop
endfacet
facet normal 0 0 -1
outer loop
vertex -83.05960845947266 55.429656982421875 -3.5
vertex -83.23249816894531 55.33724594116211 -3.5
vertex -84.61518096923828 56.26112747192383 -3.5
endloop
endfacet
facet normal 0 0 -1
outer loop
vertex -82.90807342529297 55.554019927978516 -3.5
vertex -83.05960845947266 55.429656982421875 -3.5
vertex -84.61518096923828 56.26112747192383 -3.5
endloop
endfacet
facet normal 0 0 -1
outer loop
vertex -82.78370666503906 55.70555877685547 -3.5
vertex -82.90807342529297 55.554019927978516 -3.5
vertex -84.61518096923828 56.26112747192383 -3.5
endloop
endfacet
facet normal 0 0 -1
outer loop
vertex -82.69129943847656 55.87844467163086 -3.5
vertex -82.78370666503906 55.70555877685547 -3.5
vertex -84.61518096923828 56.26112747192383 -3.5
endloop
endfacet
facet normal 0 0 -1
outer loop
vertex -82.61519622802734 56.2609748840332 -3.5
vertex -82.63439178466797 56.066036224365234 -3.5
vertex -84.61518096923828 56.26112747192383 -3.5
endloop
endfacet
facet normal 0 0 -1
outer loop
vertex 79.79056549072266 55.853519439697266 -3.5
vertex 79.69815063476562 55.680633544921875 -3.5
vertex 77.86668395996094 56.236202239990234 -3.5
endloop
endfacet
facet normal -0.9951830314658894 0.09803435052247049 0
outer loop
vertex 79.86666870117188 56.23604965209961 -4.813117504119873
vertex 79.84746551513672 56.04111099243164 -5.031139850616455
vertex 79.84746551513672 56.04111099243164 -3.5
endloop
endfacet
facet normal 0.63438073413209 0.7730207527369694 0
outer loop
vertex 78.30967712402344 55.405914306640625 -5.741372585296631
vertex 78.15957641601562 55.52909469604492 -5.603580951690674
vertex 78.15957641601562 55.52909469604492 -3.5
endloop
endfacet
facet normal 0.2902957875711588 0.9569369653840532 0
outer loop
vertex 78.67159271240234 55.25541687011719 -5.749786853790283
vertex 78.48400115966797 55.31232452392578 -5.746605396270752
vertex 78.48400115966797 55.31232452392578 -3.5
endloop
endfacet
facet normal 0.4730178979047147 0.881052803167929 0.00016214727733355162
outer loop
vertex 78.48400115966797 55.31232452392578 -5.746605396270752
vertex 78.30967712402344 55.405914306640625 -5.741372585296631
vertex 78.31111145019531 55.40473175048828 -3.5
endloop
endfacet
facet normal -0.09801622777686082 0.9951848165503705 0
outer loop
vertex 79.06177520751953 55.25541687011719 -5.749786853790283
vertex 78.86668395996094 55.236202239990234 -5.750861167907715
vertex 78.86668395996094 55.236202239990234 -3.5
endloop
endfacet
facet normal 0.09801622777686082 0.9951848165503705 0
outer loop
vertex 78.86668395996094 55.236202239990234 -5.750861167907715
vertex 78.67159271240234 55.25541687011719 -5.749786853790283
vertex 78.67159271240234 55.25541687011719 -3.5
endloop
endfacet
facet normal 0 0 -1
outer loop
vertex 79.69815063476562 55.680633544921875 -3.5
vertex 79.57379150390625 55.52909469604492 -3.5
vertex 77.86668395996094 56.236202239990234 -3.5
endloop
endfacet
facet normal 0 0 -1
outer loop
vertex 79.86666870117188 56.23604965209961 -3.5
vertex 79.84746551513672 56.04111099243164 -3.5
vertex 77.86668395996094 56.236202239990234 -3.5
endloop
endfacet
facet normal 0 0 -1
outer loop
vertex 79.84746551513672 56.04111099243164 -3.5
vertex 79.79056549072266 55.853519439697266 -3.5
vertex 77.86668395996094 56.236202239990234 -3.5
endloop
endfacet
facet normal 0 0 -1
outer loop
vertex 79.57379150390625 55.52909469604492 -3.5
vertex 79.42224884033203 55.40473175048828 -3.5
vertex 77.86668395996094 56.236202239990234 -3.5
endloop
endfacet
facet normal 0 0 -1
outer loop
vertex 79.42224884033203 55.40473175048828 -3.5
vertex 79.2493667602539 55.31232452392578 -3.5
vertex 77.86668395996094 56.236202239990234 -3.5
endloop
endfacet
facet normal 0 0 -1
outer loop
vertex 79.2493667602539 55.31232452392578 -3.5
vertex 79.06177520751953 55.25541687011719 -3.5
vertex 77.86668395996094 56.236202239990234 -3.5
endloop
endfacet
facet normal 0 0 -1
outer loop
vertex 78.03520965576172 55.680633544921875 -3.5
vertex 77.94280242919922 55.853519439697266 -3.5
vertex 77.88589477539062 56.04111099243164 -3.5
endloop
endfacet
facet normal 0 0 -1
outer loop
vertex 78.03520965576172 55.680633544921875 -3.5
vertex 77.86668395996094 56.236202239990234 -3.5
vertex 78.15957641601562 55.52909469604492 -3.5
endloop
endfacet
facet normal 0 0 -1
outer loop
vertex 77.86668395996094 56.236202239990234 -3.5
vertex 78.31111145019531 55.40473175048828 -3.5
vertex 78.15957641601562 55.52909469604492 -3.5
endloop
endfacet
facet normal 0 0 -1
outer loop
vertex 79.06177520751953 55.25541687011719 -3.5
vertex 78.86668395996094 55.236202239990234 -3.5
vertex 77.86668395996094 56.236202239990234 -3.5
endloop
endfacet
facet normal -0.4731842152238101 0.8809635057498278 0
outer loop
vertex 79.42385864257812 55.40604782104492 -5.7413649559021
vertex 79.2493667602539 55.31232452392578 -5.746605396270752
vertex 79.2493667602539 55.31232452392578 -3.5
endloop
endfacet
facet normal -0.6343928070135166 0.7730108449475127 -0.0000017445408104863356
outer loop
vertex 79.57379150390625 55.52909469604492 -5.603764057159424
vertex 79.42385864257812 55.40604782104492 -5.7413649559021
vertex 79.42224884033203 55.40473175048828 -3.5
endloop
endfacet
facet normal 0.7730053477682733 0.6343995052974511 0
outer loop
vertex 78.15957641601562 55.52909469604492 -5.603580951690674
vertex 78.03520965576172 55.680633544921875 -5.434080123901367
vertex 78.03520965576172 55.680633544921875 -3.5
endloop
endfacet
facet normal 0 0 -1
outer loop
vertex 78.67159271240234 55.25541687011719 -3.5
vertex 78.48400115966797 55.31232452392578 -3.5
vertex 77.86668395996094 56.236202239990234 -3.5
endloop
endfacet
facet normal 0 0 -1
outer loop
vertex 78.86668395996094 55.236202239990234 -3.5
vertex 78.67159271240234 55.25541687011719 -3.5
vertex 77.86668395996094 56.236202239990234 -3.5
endloop
endfacet
facet normal 0 0 -1
outer loop
vertex 78.31111145019531 55.40473175048828 -3.5
vertex 77.86668395996094 56.236202239990234 -3.5
vertex 78.48400115966797 55.31232452392578 -3.5
endloop
endfacet
facet normal 0 0 -1
outer loop
vertex 78.03520965576172 55.680633544921875 -3.5
vertex 77.88589477539062 56.04111099243164 -3.5
vertex 77.86668395996094 56.236202239990234 -3.5
endloop
endfacet
facet normal -0.9951830314658894 0.0980343505224705 0
outer loop
vertex 79.86666870117188 56.23604965209961 -3.5
vertex 79.86666870117188 56.23604965209961 -4.813117504119873
vertex 79.84746551513672 56.04111099243164 -3.5
endloop
endfacet
facet normal -0.9569477762986945 0.2902601478621955 0
outer loop
vertex 79.84746551513672 56.04111099243164 -3.5
vertex 79.84746551513672 56.04111099243164 -5.031139850616455
vertex 79.79056549072266 55.853519439697266 -3.5
endloop
endfacet
facet normal -0.8819097699505025 0.47141824070123944 0
outer loop
vertex 79.79056549072266 55.853519439697266 -3.5
vertex 79.79056549072266 55.853519439697266 -5.240943908691406
vertex 79.69815063476562 55.680633544921875 -3.5
endloop
endfacet
facet normal 0.8819259499769285 0.471387970526712 0
outer loop
vertex 78.03520965576172 55.680633544921875 -5.434080123901367
vertex 77.94280242919922 55.853519439697266 -5.2407050132751465
vertex 77.94280242919922 55.853519439697266 -3.5
endloop
endfacet
facet normal -0.77302443296692 0.6343762495839294 0
outer loop
vertex 79.69815063476562 55.680633544921875 -3.5
vertex 79.69815063476562 55.680633544921875 -5.434295654296875
vertex 79.57379150390625 55.52909469604492 -3.5
endloop
endfacet
facet normal -0.6343783351518825 0.773022721457737 0
outer loop
vertex 79.57379150390625 55.52909469604492 -3.5
vertex 79.57379150390625 55.52909469604492 -5.603764057159424
vertex 79.42224884033203 55.40473175048828 -3.5
endloop
endfacet
facet normal 0.9569369653840532 0.2902957875711588 0
outer loop
vertex 77.94280242919922 55.853519439697266 -5.2407050132751465
vertex 77.88589477539062 56.04111099243164 -5.030886173248291
vertex 77.88589477539062 56.04111099243164 -3.5
endloop
endfacet
facet normal -0.77302443296692 0.6343762495839294 0
outer loop
vertex 79.69815063476562 55.680633544921875 -5.434295654296875
vertex 79.57379150390625 55.52909469604492 -5.603764057159424
vertex 79.57379150390625 55.52909469604492 -3.5
endloop
endfacet
facet normal -0.8819097699505024 0.47141824070123944 0
outer loop
vertex 79.79056549072266 55.853519439697266 -5.240943908691406
vertex 79.69815063476562 55.680633544921875 -5.434295654296875
vertex 79.69815063476562 55.680633544921875 -3.5
endloop
endfacet
facet normal -0.9569477762986945 0.29026014786219556 0
outer loop
vertex 79.84746551513672 56.04111099243164 -5.031139850616455
vertex 79.79056549072266 55.853519439697266 -5.240943908691406
vertex 79.79056549072266 55.853519439697266 -3.5
endloop
endfacet
facet normal 0.09801622777686082 0.9951848165503705 0
outer loop
vertex 78.86668395996094 55.236202239990234 -3.5
vertex 78.86668395996094 55.236202239990234 -5.750861167907715
vertex 78.67159271240234 55.25541687011719 -3.5
endloop
endfacet
facet normal -0.09801622777686082 0.9951848165503705 0
outer loop
vertex 79.06177520751953 55.25541687011719 -3.5
vertex 79.06177520751953 55.25541687011719 -5.749786853790283
vertex 78.86668395996094 55.236202239990234 -3.5
endloop
endfacet
facet normal 0.9952042553028673 0.09781865722210774 0.00002294186995040451
outer loop
vertex 77.88589477539062 56.04111099243164 -5.030886173248291
vertex 77.86669921875 56.23635482788086 -4.8125152587890625
vertex 77.86668395996094 56.236202239990234 -3.5
endloop
endfacet
facet normal 0.6343974203494234 0.7730070588620133 0.0000018700281750357487
outer loop
vertex 78.31111145019531 55.40473175048828 -3.5
vertex 78.30967712402344 55.405914306640625 -5.741372585296631
vertex 78.15957641601562 55.52909469604492 -3.5
endloop
endfacet
facet normal 0.47137988074382814 0.8819302739048787 0
outer loop
vertex 78.48400115966797 55.31232452392578 -3.5
vertex 78.48400115966797 55.31232452392578 -5.746605396270752
vertex 78.31111145019531 55.40473175048828 -3.5
endloop
endfacet
facet normal 0.2902957875711588 0.9569369653840532 0
outer loop
vertex 78.67159271240234 55.25541687011719 -3.5
vertex 78.67159271240234 55.25541687011719 -5.749786853790283
vertex 78.48400115966797 55.31232452392578 -3.5
endloop
endfacet
facet normal 0.7730053477682733 0.6343995052974511 0
outer loop
vertex 78.15957641601562 55.52909469604492 -3.5
vertex 78.15957641601562 55.52909469604492 -5.603580951690674
vertex 78.03520965576172 55.680633544921875 -3.5
endloop
endfacet
facet normal -0.2902957875711588 0.9569369653840532 0
outer loop
vertex 79.2493667602539 55.31232452392578 -3.5
vertex 79.2493667602539 55.31232452392578 -5.746605396270752
vertex 79.06177520751953 55.25541687011719 -3.5
endloop
endfacet
facet normal -0.4713960529725374 0.8819216116543673 0.0001792731881661454
outer loop
vertex 79.42224884033203 55.40473175048828 -3.5
vertex 79.42385864257812 55.40604782104492 -5.7413649559021
vertex 79.2493667602539 55.31232452392578 -3.5
endloop
endfacet
facet normal 0.8819259499769285 0.471387970526712 0
outer loop
vertex 78.03520965576172 55.680633544921875 -3.5
vertex 78.03520965576172 55.680633544921875 -5.434080123901367
vertex 77.94280242919922 55.853519439697266 -3.5
endloop
endfacet
facet normal 0.9569369653840533 0.2902957875711588 0
outer loop
vertex 77.94280242919922 55.853519439697266 -3.5
vertex 77.94280242919922 55.853519439697266 -5.2407050132751465
vertex 77.88589477539062 56.04111099243164 -3.5
endloop
endfacet
facet normal 0.9951867145052739 0.0979969554231074 0
outer loop
vertex 77.88589477539062 56.04111099243164 -3.5
vertex 77.88589477539062 56.04111099243164 -5.030886173248291
vertex 77.86668395996094 56.236202239990234 -3.5
endloop
endfacet
facet normal -0.2902957875711588 0.9569369653840532 0
outer loop
vertex 79.2493667602539 55.31232452392578 -5.746605396270752
vertex 79.06177520751953 55.25541687011719 -5.749786853790283
vertex 79.06177520751953 55.25541687011719 -3.5
endloop
endfacet
facet normal 0.000018926198088775456 0.12403473179459884 -0.9922778768824996
outer loop
vertex -82.61505889892578 57.06097412109375 -2.4000000953674316
vertex -84.81517791748047 56.26131057739258 -2.5
vertex -84.61505889892578 57.061279296875 -2.4000000953674316
endloop
endfacet
facet normal 0.000018926186060802244 0.12403473182718217 -0.992277876878427
outer loop
vertex -84.81517791748047 56.26131057739258 -2.5
vertex -82.61505889892578 57.06097412109375 -2.4000000953674316
vertex -82.41517639160156 56.26094436645508 -2.5
endloop
endfacet
facet normal -0.9701062976330511 0.2426803891802842 0
outer loop
vertex -84.81517791748047 56.26131057739258 -1.100000023841858
vertex -84.61505889892578 57.061279296875 -2.4000000953674316
vertex -84.81517791748047 56.26131057739258 -2.5
endloop
endfacet
facet normal 0.9701781370613964 0.24239303283732852 0
outer loop
vertex -82.61505889892578 57.06097412109375 -1.2000000476837158
vertex -82.41517639160156 56.26094436645508 -2.5
vertex -82.61505889892578 57.06097412109375 -2.4000000953674316
endloop
endfacet
facet normal 0.0001525878888486432 0.999999988358468 0
outer loop
vertex -82.61505889892578 57.06097412109375 -2.4000000953674316
vertex -84.61505889892578 57.061279296875 -2.4000000953674316
vertex -82.61505889892578 57.06097412109375 -1.2000000476837158
endloop
endfacet
facet normal -0.970106297633051 0.2426803891802842 0
outer loop
vertex -84.61505889892578 57.061279296875 -2.4000000953674316
vertex -84.81517791748047 56.26131057739258 -1.100000023841858
vertex -84.61505889892578 57.061279296875 -1.2000000476837158
endloop
endfacet
facet normal 0.0001525878888486432 0.999999988358468 0
outer loop
vertex -82.61505889892578 57.06097412109375 -1.2000000476837158
vertex -84.61505889892578 57.061279296875 -2.4000000953674316
vertex -84.61505889892578 57.061279296875 -1.2000000476837158
endloop
endfacet
facet normal 0.9701781370613966 0.24239303283732855 0
outer loop
vertex -82.41517639160156 56.26094436645508 -2.5
vertex -82.61505889892578 57.06097412109375 -1.2000000476837158
vertex -82.41517639160156 56.26094436645508 -1.100000023841858
endloop
endfacet
facet normal 0.000018926220308901433 0.12403487741641643 0.9922778586797615
outer loop
vertex -84.61505889892578 57.061279296875 -1.2000000476837158
vertex -82.41517639160156 56.26094436645508 -1.100000023841858
vertex -82.61505889892578 57.06097412109375 -1.2000000476837158
endloop
endfacet
facet normal 0.00001892620827097099 0.12403487738383662 0.9922778586838342
outer loop
vertex -82.41517639160156 56.26094436645508 -1.100000023841858
vertex -84.61505889892578 57.061279296875 -1.2000000476837158
vertex -84.81517791748047 56.26131057739258 -1.100000023841858
endloop
endfacet
facet normal 0.00001916267656565259 0.1240340910031218 -0.9922779569766836
outer loop
vertex 79.86680603027344 57.036048889160156 -2.4000000953674316
vertex 77.66667938232422 56.236385345458984 -2.5
vertex 77.86680603027344 57.03635787963867 -2.4000000953674316
endloop
endfacet
facet normal 0.000018926186033684722 0.12403473164946466 -0.9922778769006416
outer loop
vertex 77.66667938232422 56.236385345458984 -2.5
vertex 79.86680603027344 57.036048889160156 -2.4000000953674316
vertex 80.06668090820312 56.236019134521484 -2.5
endloop
endfacet
facet normal -0.9701043918959271 0.2426880071701801 0
outer loop
vertex 77.66667938232422 56.236385345458984 -1.100000023841858
vertex 77.86680603027344 57.03635787963867 -2.4000000953674316
vertex 77.66667938232422 56.236385345458984 -2.5
endloop
endfacet
facet normal 0.00015449523741400617 0.9999999880656106 0
outer loop
vertex 79.86680603027344 57.036048889160156 -2.4000000953674316
vertex 77.86680603027344 57.03635787963867 -2.4000000953674316
vertex 79.86680603027344 57.036048889160156 -1.2000000476837158
endloop
endfacet
facet normal -0.9701043918959271 0.2426880071701801 0
outer loop
vertex 77.86680603027344 57.03635787963867 -2.4000000953674316
vertex 77.66667938232422 56.236385345458984 -1.100000023841858
vertex 77.86680603027344 57.03635787963867 -1.2000000476837158
endloop
endfacet
facet normal 0.00015449523741400617 0.9999999880656106 0
outer loop
vertex 79.86680603027344 57.036048889160156 -1.2000000476837158
vertex 77.86680603027344 57.03635787963867 -2.4000000953674316
vertex 77.86680603027344 57.03635787963867 -1.2000000476837158
endloop
endfacet
facet normal 0.9701803127673816 0.24238432440771746 0
outer loop
vertex 79.86680603027344 57.036048889160156 -1.2000000476837158
vertex 80.06668090820312 56.236019134521484 -2.5
vertex 79.86680603027344 57.036048889160156 -2.4000000953674316
endloop
endfacet
facet normal 0.9701803127673815 0.24238432440771743 0
outer loop
vertex 80.06668090820312 56.236019134521484 -2.5
vertex 79.86680603027344 57.036048889160156 -1.2000000476837158
vertex 80.06668090820312 56.236019134521484 -1.100000023841858
endloop
endfacet
facet normal 0.000019162807026560146 0.12403493543631068 0.9922778514227238
outer loop
vertex 77.86680603027344 57.03635787963867 -1.2000000476837158
vertex 80.06668090820312 56.236019134521484 -1.100000023841858
vertex 79.86680603027344 57.036048889160156 -1.2000000476837158
endloop
endfacet
facet normal 0.000018926119385412812 0.12403429486307219 0.9922779314988429
outer loop
vertex 80.06668090820312 56.236019134521484 -1.100000023841858
vertex 77.86680603027344 57.03635787963867 -1.2000000476837158
vertex 77.66667938232422 56.236385345458984 -1.100000023841858
endloop
endfacet
endsolid auto-kdk-case
