solid auto-kdk-case
facet normal 0.6827429597789718 0.7306586418240145 3.6854756246602344e-7
outer loop
vertex -47.7564582824707 -25.58772850036621 10.5
vertex -48.131317138671875 -25.237449645996094 5
vertex -48.00751876831055 -25.353132247924805 10.5
endloop
endfacet
facet normal 0 0 -1
outer loop
vertex -66.49168395996094 56.5625 -5.699999809265137
vertex -66.45040893554688 57.90778732299805 -5.699999809265137
vertex 67.23320770263672 57.861663818359375 -5.699999809265137
endloop
endfacet
facet normal 0.6827517008183206 0.730650473913273 0
outer loop
vertex -48.00751876831055 -25.353132247924805 10.5
vertex -48.131317138671875 -25.237449645996094 5
vertex -48.131317138671875 -25.237449645996094 10.5
endloop
endfacet
facet normal 0 0 1
outer loop
vertex 70.77755737304688 56.39894104003906 11.5
vertex 67.47171020507812 51.726600646972656 11.5
vertex 71.70728302001953 55.496395111083984 11.5
endloop
endfacet
facet normal 0 0 -1
outer loop
vertex -57.457157135009766 -55.496395111083984 -5.699999809265137
vertex -58.19996643066406 -54.4346923828125 -5.699999809265137
vertex -56.42682647705078 -54.639442443847656 -5.699999809265137
endloop
endfacet
facet normal 0.9748118268351023 0.22302892696227275 6.839326132571097e-7
outer loop
vertex -48.131317138671875 -25.237449645996094 10.5
vertex -48.1999397277832 -24.937498092651367 5
vertex -48.1649284362793 -25.09054183959961 10.5
endloop
endfacet
facet normal 0 0 -1
outer loop
vertex -56.42682647705078 -54.639442443847656 -5.699999809265137
vertex -58.19996643066406 -54.4346923828125 -5.699999809265137
vertex -57.0265007019043 -53.78744888305664 -5.699999809265137
endloop
endfacet
facet normal 0 0 -1
outer loop
vertex -57.0265007019043 -53.78744888305664 -5.699999809265137
vertex -58.72920227050781 -53.251949310302734 -5.699999809265137
vertex -57.4547233581543 -52.837642669677734 -5.699999809265137
endloop
endfacet
facet normal 0.9748171702888648 0.2230055705806703 0
outer loop
vertex -48.1649284362793 -25.09054183959961 10.5
vertex -48.1999397277832 -24.937498092651367 5
vertex -48.1999397277832 -24.937498092651367 10.5
endloop
endfacet
facet normal 0 0 1
outer loop
vertex 72.45008850097656 54.434696197509766 11.5
vertex 67.60128784179688 51.53346252441406 11.5
vertex 72.97932434082031 53.251949310302734 11.5
endloop
endfacet
facet normal 0 0 1
outer loop
vertex -47.92747116088867 -26.057575225830078 11.5
vertex -52.519142150878906 -30.916324615478516 11.5
vertex -47.756675720214844 -26.087709426879883 11.5
endloop
endfacet
facet normal 0 0 1
outer loop
vertex 68.4963607788086 57.60385513305664 11.5
vertex 66.9275894165039 52.182579040527344 11.5
vertex 69.69429016113281 57.10993576049805 11.5
endloop
endfacet
facet normal 0 0 1
outer loop
vertex 69.69429016113281 57.10993576049805 11.5
vertex 66.9275894165039 52.182579040527344 11.5
vertex 70.77755737304688 56.39894104003906 11.5
endloop
endfacet
facet normal 0 0 1
outer loop
vertex -52.519142150878906 -30.916324615478516 11.5
vertex -48.601165771484375 -25.40846061706543 11.5
vertex -48.61720275878906 -25.34860610961914 11.5
endloop
endfacet
facet normal 0 0 1
outer loop
vertex 67.47171020507812 51.726600646972656 11.5
vertex 67.51446533203125 51.68384552001953 11.5
vertex 71.70728302001953 55.496395111083984 11.5
endloop
endfacet
facet normal 0 0 1
outer loop
vertex -48.514339447021484 -25.5588436126709 11.5
vertex -48.5643310546875 -25.487449645996094 11.5
vertex -52.519142150878906 -30.916324615478516 11.5
endloop
endfacet
facet normal 0 0 1
outer loop
vertex 67.60128784179688 51.53346252441406 11.5
vertex 67.61732482910156 51.473609924316406 11.5
vertex 72.97932434082031 53.251949310302734 11.5
endloop
endfacet
facet normal 0 0 1
outer loop
vertex -48.514339447021484 -25.5588436126709 11.5
vertex -52.519142150878906 -30.916324615478516 11.5
vertex -48.471588134765625 -25.60159683227539 11.5
endloop
endfacet
facet normal 0 0 1
outer loop
vertex 67.51446533203125 51.68384552001953 11.5
vertex 67.564453125 51.61245346069336 11.5
vertex 72.45008850097656 54.434696197509766 11.5
endloop
endfacet
facet normal 0 0 1
outer loop
vertex 67.23320770263672 57.861663818359375 11.5
vertex -66.45040893554688 57.90778732299805 11.5
vertex -66.49974822998047 52.26248550415039 11.5
endloop
endfacet
facet normal 0 0 1
outer loop
vertex 24.95005989074707 -32.06378936767578 11.5
vertex 24.900178909301758 -51.3203125 11.5
vertex 46.349945068359375 -31.804685592651367 11.5
endloop
endfacet
facet normal -0.19997352440570637 -0.979801301048718 0
outer loop
vertex -54.58481216430664 -58.7132568359375 9.5
vertex -53.099910736083984 -59.016319274902344 -3.700000047683716
vertex -53.099910736083984 -59.016319274902344 9.5
endloop
endfacet
facet normal -0.682017825379864 -0.7313355494327507 1.3401015148597622e-7
outer loop
vertex -61.069297790527344 23.40129852294922 -3.700000047683716
vertex -60.89605712890625 23.2397403717041 -3.700000047683716
vertex -61.20597457885742 23.52876091003418 9.5
endloop
endfacet
facet normal 0 0 1
outer loop
vertex 24.892696380615234 -51.40584182739258 11.5
vertex 24.87013816833496 -51.490028381347656 11.5
vertex 46.312652587890625 -51.17400360107422 11.5
endloop
endfacet
facet normal 0.7175131381413336 -0.6965449709778799 0
outer loop
vertex 71.6859359741211 -57.15285110473633 -3.700000047683716
vertex 72.04037475585938 -56.787742614746094 -3.700000047683716
vertex 71.6859359741211 -57.15285110473633 9.5
endloop
endfacet
facet normal 0 0 -1
outer loop
vertex -69.9272232055664 27.761960983276367 -5.699999809265137
vertex -71.7071533203125 27.628604888916016 -5.699999809265137
vertex -70.67682647705078 28.485559463500977 -5.699999809265137
endloop
endfacet
facet normal 0 0 1
outer loop
vertex -47.756675720214844 -26.087709426879883 11.5
vertex 46.87871551513672 -31.048095703125 11.5
vertex 46.978981018066406 -30.984643936157227 11.5
endloop
endfacet
facet normal 0.5904054624456482 0.8071068020493573 0
outer loop
vertex -48.50686264038086 31.0833683013916 10.5
vertex -48.722801208496094 31.241329193115234 5
vertex -48.722801208496094 31.241329193115234 10.5
endloop
endfacet
facet normal 0 0 -1
outer loop
vertex -71.99993896484375 32.07075881958008 -5.699999809265137
vertex -73.29933166503906 51.79450988769531 -5.699999809265137
vertex -71.9696044921875 51.63141632080078 -5.699999809265137
endloop
endfacet
facet normal -0.06817787650114034 0.9976731815358149 0
outer loop
vertex -66.48961639404297 59.0625 -3.700000047683716
vertex -67.58545684814453 58.987613677978516 -3.700000047683716
vertex -66.48961639404297 59.0625 9.5
endloop
endfacet
facet normal -0.9748247135385811 -0.22297259444699305 0
outer loop
vertex 67.16505432128906 51.21553421020508 10.5
vertex 67.20005798339844 51.0625 5
vertex 67.20005798339844 51.0625 10.5
endloop
endfacet
facet normal 0 0 1
outer loop
vertex 67.6201400756836 -25.36503028869629 11.5
vertex 67.47171020507812 -31.398399353027344 11.5
vertex 67.64269256591797 -25.28084373474121 11.5
endloop
endfacet
facet normal 0 0 -1
outer loop
vertex 72.54749298095703 -54.2567253112793 -5.699999809265137
vertex 71.36982727050781 -53.61715316772461 -5.699999809265137
vertex 71.7642593383789 -52.652828216552734 -5.699999809265137
endloop
endfacet
facet normal -0.9127863911402434 -0.40843727076401054 -1.3032086821200718e-7
outer loop
vertex -59.82807540893555 -53.62327575683594 9.5
vertex -59.209083557128906 -55.00661087036133 -3.700000047683716
vertex -59.35983657836914 -54.669708251953125 9.5
endloop
endfacet
facet normal 0.9127861641394269 0.408437778071013 -2.1226398637265138e-7
outer loop
vertex 74.07820129394531 53.62327575683594 9.5
vertex 73.4592056274414 55.006614685058594 -3.700000047683716
vertex 73.60993957519531 54.66975784301758 9.5
endloop
endfacet
facet normal 0 0 -1
outer loop
vertex -57.8061408996582 24.856056213378906 -5.699999809265137
vertex -59.72333908081055 23.59973907470703 -5.699999809265137
vertex -59.97998809814453 23.93695068359375 -5.699999809265137
endloop
endfacet
facet normal 0.7306557223611021 -0.6827460841198403 0
outer loop
vertex -66.91567993164062 51.56996536254883 10.5
vertex -66.79988861083984 51.69388198852539 5
vertex -66.79988861083984 51.69388198852539 10.5
endloop
endfacet
facet normal 0.0025843909539894406 0.9999966604561221 0
outer loop
vertex 66.50006103515625 -51.76249694824219 10.5
vertex 47.2435417175293 -51.712730407714844 5
vertex 47.2435417175293 -51.712730407714844 10.5
endloop
endfacet
facet normal -0.9976729453010974 -0.06818133332689734 0
outer loop
vertex -74.49993896484375 32.07282257080078 9.5
vertex -74.425048828125 30.97698211669922 -3.700000047683716
vertex -74.425048828125 30.97698211669922 9.5
endloop
endfacet
facet normal 0 0 1
outer loop
vertex -70.77742767333984 26.72606086730957 11.5
vertex -69.69416809082031 26.015066146850586 11.5
vertex -66.9274673461914 30.942424774169922 11.5
endloop
endfacet
facet normal -0.5487128839651795 -0.8360108677347535 0
outer loop
vertex -70.57405853271484 25.211380004882812 9.5
vertex -70.23590087890625 24.989431381225586 -3.700000047683716
vertex -70.23590087890625 24.989431381225586 9.5
endloop
endfacet
facet normal 0 0 1
outer loop
vertex -53.37001419067383 -31.634967803955078 11.5
vertex -59.0987434387207 12.753053665161133 11.5
vertex -53.392574310302734 -31.719154357910156 11.5
endloop
endfacet
facet normal 0 0 1
outer loop
vertex 24.177593231201172 -30.94242286682129 11.5
vertex 24.34795570373535 -31.046939849853516 11.5
vertex 46.834781646728516 -31.089746475219727 11.5
endloop
endfacet
facet normal 0.7306521284483287 -0.6827499302042638 0
outer loop
vertex 47.08449172973633 -31.55484962463379 10.5
vertex 47.200111389160156 -31.43111801147461 5
vertex 47.200111389160156 -31.43111801147461 10.5
endloop
endfacet
facet normal 0.8360133044769467 -0.5487091713626957 0
outer loop
vertex 72.7415542602539 -56.06544876098633 9.5
vertex 72.7415542602539 -56.06544876098633 -3.700000047683716
vertex 73.3510971069336 -55.136749267578125 -3.700000047683716
endloop
endfacet
facet normal 0 0 -1
outer loop
vertex -57.74993896484375 -51.05424118041992 -5.699999809265137
vertex -59.09524154663086 -51.01273727416992 -5.699999809265137
vertex -59.09923553466797 21.703914642333984 -5.699999809265137
endloop
endfacet
facet normal -0.000070053398028915 -0.9999999975181065 -0.000007503869605529565
outer loop
vertex 21.627355575561523 -59.02154541015625 -3.700000047683716
vertex 27.072769165039062 -59.02192687988281 -3.700000047683716
vertex 27.276037216186523 -59.021942138671875 -3.564180612564087
endloop
endfacet
facet normal 0 0 1
outer loop
vertex 73.27957916259766 51.9753303527832 11.5
vertex 73.33956909179688 38.13442611694336 11.5
vertex 73.34534454345703 51.013031005859375 11.5
endloop
endfacet
facet normal 0 0 -1
outer loop
vertex -57.753578186035156 24.48688316345215 -5.699999809265137
vertex -59.42252731323242 23.05939292907715 -5.699999809265137
vertex -59.618534088134766 23.435108184814453 -5.699999809265137
endloop
endfacet
facet normal 0.4333066505502686 -0.9012465514990375 0
outer loop
vertex -52.549888610839844 -31.43111801147461 5
vertex -52.51911544799805 -31.416322708129883 5
vertex -52.549888610839844 -31.43111801147461 10.5
endloop
endfacet
facet normal 0 0 -1
outer loop
vertex -58.903072357177734 26.297325134277344 -5.699999809265137
vertex -61.4888801574707 24.985429763793945 -5.699999809265137
vertex -59.24489974975586 26.44634246826172 -5.699999809265137
endloop
endfacet
facet normal 0 0 1
outer loop
vertex -69.87213134765625 57.01253128051758 11.5
vertex -70.933837890625 56.269718170166016 11.5
vertex -67.12128448486328 52.076904296875 11.5
endloop
endfacet
facet normal -0.38118292390319564 -0.9244996368439582 0
outer loop
vertex -68.83480834960938 24.4117431640625 -3.700000047683716
vertex -70.23590087890625 24.989431381225586 9.5
vertex -70.23590087890625 24.989431381225586 -3.700000047683716
endloop
endfacet
facet normal 0 0 1
outer loop
vertex -52.67747116088867 -52.18257522583008 11.5
vertex -54.24624252319336 -57.60385513305664 11.5
vertex -52.50678634643555 -52.21269989013672 11.5
endloop
endfacet
facet normal 0.22300657661529438 -0.9748169401412384 0
outer loop
vertex -66.79988861083984 51.69388198852539 5
vertex -66.49993896484375 51.76250076293945 5
vertex -66.79988861083984 51.69388198852539 10.5
endloop
endfacet
facet normal -0.9798012003910016 0.19997401759316727 0
outer loop
vertex -74.15069580078125 53.39737319946289 -3.700000047683716
vertex -74.4537582397461 51.9124755859375 9.5
vertex -74.15069580078125 53.39737319946289 9.5
endloop
endfacet
facet normal 0 0 1
outer loop
vertex -59.0987434387207 12.753053665161133 11.5
vertex -48.6999397277832 -24.937498092651367 11.5
vertex -59.0992431640625 21.703914642333984 11.5
endloop
endfacet
facet normal 0 0 -1
outer loop
vertex 73.34534454345703 51.013031005859375 -5.699999809265137
vertex 71.94623565673828 51.82412338256836 -5.699999809265137
vertex 73.27957916259766 51.9753303527832 -5.699999809265137
endloop
endfacet
facet normal 0 0 1
outer loop
vertex 67.1641616821289 -52.034149169921875 11.5
vertex 69.87225341796875 -57.01252746582031 11.5
vertex 70.9339599609375 -56.269718170166016 11.5
endloop
endfacet
facet normal 0 0 1
outer loop
vertex 7.016587257385254 -57.865821838378906 11.5
vertex 47.24224853515625 -52.212615966796875 11.5
vertex 47.07252883911133 -52.18257522583008 11.5
endloop
endfacet
facet normal -0.23905195249231745 -0.971006778560073 0
outer loop
vertex -62.36019515991211 24.03193473815918 9.5
vertex -61.94871139526367 23.930631637573242 -3.700000047683716
vertex -61.94871139526367 23.930631637573242 9.5
endloop
endfacet
facet normal 0 0 1
outer loop
vertex 67.61732482910156 51.473609924316406 11.5
vertex 67.68594360351562 51.17365646362305 11.5
vertex 72.97932434082031 53.251949310302734 11.5
endloop
endfacet
facet normal -0.9748259215905729 -0.2229673128399994 0
outer loop
vertex 67.20005798339844 -32.0625 5
vertex 67.20005798339844 -32.0625 10.5
vertex 67.16505432128906 -31.909461975097656 10.5
endloop
endfacet
facet normal -0.40843886787538025 0.9127856764918464 0
outer loop
vertex -69.06071472167969 58.64064025878906 -3.700000047683716
vertex -70.10726165771484 58.17234802246094 -3.700000047683716
vertex -69.06071472167969 58.64064025878906 9.5
endloop
endfacet
facet normal -0.9748171702888648 -0.2230055705806703 0
outer loop
vertex 24.450061798095703 -32.0625 5
vertex 24.450061798095703 -32.0625 10.5
vertex 24.415050506591797 -31.909456253051758 10.5
endloop
endfacet
facet normal -0.9748152078554322 -0.22301414872986733 2.5118898617506645e-7
outer loop
vertex 24.381441116333008 -31.76254653930664 10.5
vertex 24.450061798095703 -32.0625 5
vertex 24.415050506591797 -31.909456253051758 10.5
endloop
endfacet
facet normal 0 0 1
outer loop
vertex -59.0987434387207 12.753053665161133 11.5
vertex -52.519142150878906 -30.916324615478516 11.5
vertex -48.6999397277832 -24.937498092651367 11.5
endloop
endfacet
facet normal 0 0 1
outer loop
vertex -67.22754669189453 25.262208938598633 11.5
vertex -66.75787353515625 30.912395477294922 11.5
vertex -68.4962387084961 25.521146774291992 11.5
endloop
endfacet
facet normal -0.6827446073643256 -0.7306571022818656 0
outer loop
vertex 24.25767707824707 -31.64689826965332 10.5
vertex 24.381441116333008 -31.76254653930664 5
vertex 24.381441116333008 -31.76254653930664 10.5
endloop
endfacet
facet normal 0.7175163520505061 -0.6965416603047534 1.7787037191995096e-7
outer loop
vertex 71.6859359741211 -57.15285110473633 9.5
vertex 72.04037475585938 -56.787742614746094 -3.700000047683716
vertex 72.7415542602539 -56.06544876098633 -3.700000047683716
endloop
endfacet
facet normal 0 0 1
outer loop
vertex -59.21725845336914 22.475975036621094 11.5
vertex -59.176513671875 22.323902130126953 11.5
vertex -48.6999397277832 30.328907012939453 11.5
endloop
endfacet
facet normal 0.000052989039095499235 -0.9999999985960809 0
outer loop
vertex -52.51911544799805 -31.416322708129883 10.5
vertex 24.006582260131836 -31.412267684936523 5
vertex 24.006582260131836 -31.412267684936523 10.5
endloop
endfacet
facet normal 0 0 1
outer loop
vertex 24.814455032348633 -31.51254653930664 11.5
vertex 24.851287841796875 -31.591537475585938 11.5
vertex 46.834781646728516 -31.089746475219727 11.5
endloop
endfacet
facet normal 0.8193692369828254 0.5732661279773843 0
outer loop
vertex 73.2068099975586 55.367366790771484 9.5
vertex 72.59041595458984 56.24837875366211 -3.700000047683716
vertex 72.59041595458984 56.24837875366211 9.5
endloop
endfacet
facet normal 0 0 1
outer loop
vertex 67.68594360351562 -31.951343536376953 11.5
vertex 67.699951171875 -32.06378936767578 11.5
vertex 73.33956909179688 38.13442611694336 11.5
endloop
endfacet
facet normal 0.11583924725800936 -0.9932679743124198 0
outer loop
vertex 67.26720428466797 -59.02473831176758 -3.700000047683716
vertex 67.44756317138672 -59.00370407104492 -3.700000047683716
vertex 67.26720428466797 -59.02473831176758 9.5
endloop
endfacet
facet normal 0 0 1
outer loop
vertex -47.756675720214844 -26.087709426879883 11.5
vertex -52.519142150878906 -30.916324615478516 11.5
vertex 24.006555557250977 -30.91227149963379 11.5
endloop
endfacet
facet normal 0 0 -1
outer loop
vertex -70.0768814086914 55.2393913269043 -5.699999809265137
vertex -69.87213134765625 57.01253128051758 -5.699999809265137
vertex -69.22489166259766 55.83906555175781 -5.699999809265137
endloop
endfacet
facet normal 0 0 -1
outer loop
vertex -69.69416809082031 26.015066146850586 -5.699999809265137
vertex -70.77742767333984 26.72606086730957 -5.699999809265137
vertex -69.05459594726562 27.192731857299805 -5.699999809265137
endloop
endfacet
facet normal -0.00007217757866407646 -0.9999999973844258 0.000004641708773942374
outer loop
vertex 39.85006332397461 -59.02281951904297 -3.450000047683716
vertex 40.42408752441406 -59.02286148071289 -3.564180612564087
vertex 67.26720428466797 -59.02473831176758 9.5
endloop
endfacet
facet normal -0.5487104492832645 -0.8360124657248587 5.140871149737138e-9
outer loop
vertex -57.25288772583008 -57.303993225097656 9.5
vertex -55.98590087890625 -58.13557052612305 -3.700000047683716
vertex -56.32423782348633 -57.91350555419922 9.5
endloop
endfacet
facet normal 0 0 1
outer loop
vertex -59.029457092285156 -51.9753303527832 11.5
vertex -53.437347412109375 -51.17400360107422 11.5
vertex -53.449825286865234 -51.06120681762695 11.5
endloop
endfacet
facet normal 0 0 -1
outer loop
vertex 67.26168060302734 -56.50867462158203 -5.699999809265137
vertex 67.20014190673828 -57.870033264160156 -5.699999809265137
vertex 67.01201629638672 -56.53778839111328 -5.699999809265137
endloop
endfacet
facet normal 0 0 -1
outer loop
vertex -62.08515167236328 25.14912223815918 -5.699999809265137
vertex -59.95319366455078 26.562501907348633 -5.699999809265137
vertex -61.67367172241211 25.047819137573242 -5.699999809265137
endloop
endfacet
facet normal -0.22300657661529438 0.9748169401412384 0
outer loop
vertex 66.80001068115234 -51.693878173828125 5
vertex 66.50006103515625 -51.76249694824219 5
vertex 66.80001068115234 -51.693878173828125 10.5
endloop
endfacet
facet normal 0 0 1
outer loop
vertex 47.015037536621094 -30.967384338378906 11.5
vertex 47.23078155517578 -30.916330337524414 11.5
vertex -47.756675720214844 -26.087709426879883 11.5
endloop
endfacet
facet normal 0 0 -1
outer loop
vertex -60.111045837402344 24.081506729125977 -5.699999809265137
vertex -60.42095947265625 24.370527267456055 -5.699999809265137
vertex -58.0927734375 25.54166030883789 -5.699999809265137
endloop
endfacet
facet normal 0.9748142449734901 0.22301835753310587 0
outer loop
vertex 46.868682861328125 -51.362449645996094 5
vertex 46.8000602722168 -51.0625 5
vertex 46.868682861328125 -51.362449645996094 10.5
endloop
endfacet
facet normal 0.4333066505502686 -0.9012465514990375 0
outer loop
vertex 47.200111389160156 -31.43111801147461 5
vertex 47.23088455200195 -31.416322708129883 5
vertex 47.200111389160156 -31.43111801147461 10.5
endloop
endfacet
facet normal 0 0 1
outer loop
vertex -73.27945709228516 31.14967155456543 11.5
vertex -67.68582153320312 31.951345443725586 11.5
vertex -67.6998291015625 32.06379318237305 11.5
endloop
endfacet
facet normal 0 0 1
outer loop
vertex -68.68938446044922 57.54176712036133 11.5
vertex -66.61144256591797 52.249908447265625 11.5
vertex -67.41276550292969 57.84202194213867 11.5
endloop
endfacet
facet normal 0.11582652959785822 -0.9932694574189406 0
outer loop
vertex 67.44756317138672 -59.00370407104492 9.5
vertex 67.58557891845703 -58.98760986328125 -3.700000047683716
vertex 67.58557891845703 -58.98760986328125 9.5
endloop
endfacet
facet normal 0 0 1
outer loop
vertex -73.29933166503906 51.79450988769531 11.5
vertex -67.6501693725586 51.320316314697266 11.5
vertex -73.04129028320312 53.05880355834961 11.5
endloop
endfacet
facet normal 0.4084354245862804 -0.9127872172324856 0
outer loop
vertex 70.10736083984375 -58.17235565185547 9.5
vertex 70.44417572021484 -58.021644592285156 -3.700000047683716
vertex 70.44417572021484 -58.021644592285156 9.5
endloop
endfacet
facet normal 0.9748158061626242 0.22301153345850333 0
outer loop
vertex -52.91493225097656 -51.21552276611328 10.5
vertex -52.9499397277832 -51.0625 5
vertex -52.9499397277832 -51.0625 10.5
endloop
endfacet
facet normal -0.23905195249231745 -0.971006778560073 0
outer loop
vertex -62.36019515991211 24.03193473815918 -3.700000047683716
vertex -61.94871139526367 23.930631637573242 -3.700000047683716
vertex -62.36019515991211 24.03193473815918 9.5
endloop
endfacet
facet normal 0 0 1
outer loop
vertex -56.52743148803711 -56.39894104003906 11.5
vertex -55.44416427612305 -57.10993194580078 11.5
vertex -52.67747116088867 -52.18257522583008 11.5
endloop
endfacet
facet normal 0 0 -1
outer loop
vertex 73.29923248291016 -51.79558181762695 -5.699999809265137
vertex 72.00006103515625 51.05424499511719 -5.699999809265137
vertex 73.34534454345703 51.013031005859375 -5.699999809265137
endloop
endfacet
facet normal -0.9519828258168728 -0.3061514320556441 0
outer loop
vertex -60.44340515136719 22.526813507080078 -3.700000047683716
vertex -60.40540313720703 22.408645629882812 -3.700000047683716
vertex -60.44340515136719 22.526813507080078 9.5
endloop
endfacet
facet normal 0.35528877566246597 0.9347565917864746 0
outer loop
vertex -48.722801208496094 31.241329193115234 5
vertex -48.97289276123047 31.33638572692871 5
vertex -48.722801208496094 31.241329193115234 10.5
endloop
endfacet
facet normal -0.6965397151432913 -0.717518240345221 -1.714797318100434e-8
outer loop
vertex -72.22511291503906 26.522119522094727 -3.700000047683716
vertex -71.50288391113281 25.821006774902344 -3.700000047683716
vertex -72.59029388427734 26.876623153686523 9.5
endloop
endfacet
facet normal 0 0 -1
outer loop
vertex -71.36970520019531 53.617156982421875 -5.699999809265137
vertex -71.83638000488281 55.33999252319336 -5.699999809265137
vertex -70.80047607421875 54.489784240722656 -5.699999809265137
endloop
endfacet
facet normal 0.6827592856856404 0.7306433862083704 0
outer loop
vertex 46.992488861083984 -51.47814178466797 10.5
vertex 46.868682861328125 -51.362449645996094 5
vertex 46.868682861328125 -51.362449645996094 10.5
endloop
endfacet
facet normal 0 0 1
outer loop
vertex -59.21725845336914 22.475975036621094 11.5
vertex -48.722206115722656 30.49386978149414 11.5
vertex -48.77413558959961 30.615835189819336 11.5
endloop
endfacet
facet normal 0 0 1
outer loop
vertex 24.414159774780273 -52.034149169921875 11.5
vertex 24.37140655517578 -52.076900482177734 11.5
vertex 46.312652587890625 -51.17400360107422 11.5
endloop
endfacet
facet normal -0.00037349279857604205 -0.9999999302515623 0
outer loop
vertex -66.49993896484375 51.76250076293945 10.5
vertex 66.75658416748047 51.712730407714844 5
vertex 66.75658416748047 51.712730407714844 10.5
endloop
endfacet
facet normal 0 0 -1
outer loop
vertex 69.69429016113281 57.10993576049805 -5.699999809265137
vertex 70.77755737304688 56.39894104003906 -5.699999809265137
vertex 69.05471801757812 55.93227005004883 -5.699999809265137
endloop
endfacet
facet normal 0 0 1
outer loop
vertex 7.016587257385254 -57.865821838378906 11.5
vertex 46.398834228515625 -51.5334587097168 11.5
vertex 46.38279724121094 -51.47360610961914 11.5
endloop
endfacet
facet normal 0 0 -1
outer loop
vertex 73.27957916259766 51.9753303527832 -5.699999809265137
vertex 71.70484161376953 52.837646484375 -5.699999809265137
vertex 72.97932434082031 53.251949310302734 -5.699999809265137
endloop
endfacet
facet normal 0 0 1
outer loop
vertex 71.83650207519531 -55.33999252319336 11.5
vertex 67.1641616821289 -52.034149169921875 11.5
vertex 70.9339599609375 -56.269718170166016 11.5
endloop
endfacet
facet normal -0.6827411567854778 -0.7306603265753709 0
outer loop
vertex 67.13143920898438 51.36245346069336 10.5
vertex 67.00772094726562 51.478057861328125 10.5
vertex 67.13143920898438 51.36245346069336 5
endloop
endfacet
facet normal 0 0 1
outer loop
vertex 71.70728302001953 55.496395111083984 11.5
vertex 67.51446533203125 51.68384552001953 11.5
vertex 72.45008850097656 54.434696197509766 11.5
endloop
endfacet
facet normal -0.9127852134758657 -0.40843990262927937 5.4966374764692673e-8
outer loop
vertex -74.07807922363281 29.501726150512695 9.5
vertex -73.4590835571289 28.11838722229004 -3.700000047683716
vertex -73.60987091064453 28.45536994934082 9.5
endloop
endfacet
facet normal -0.00006417983057922566 -0.9999999978709567 -0.00001179135296491764
outer loop
vertex 40.42408752441406 -59.02286148071289 -3.564180612564087
vertex 40.62735366821289 -59.02287292480469 -3.700000047683716
vertex 67.26720428466797 -59.02473831176758 9.5
endloop
endfacet
facet normal 0 0 1
outer loop
vertex -48.471588134765625 -25.60159683227539 11.5
vertex -52.519142150878906 -30.916324615478516 11.5
vertex -48.09672927856445 -25.951875686645508 11.5
endloop
endfacet
facet normal -0.6827411567854778 -0.7306603265753709 0
outer loop
vertex 67.00772094726562 -31.646942138671875 10.5
vertex 67.13143920898438 -31.76254653930664 5
vertex 67.13143920898438 -31.76254653930664 10.5
endloop
endfacet
facet normal 0 0 1
outer loop
vertex 24.900178909301758 -51.3203125 11.5
vertex 24.892696380615234 -51.40584182739258 11.5
vertex 46.312652587890625 -51.17400360107422 11.5
endloop
endfacet
facet normal -0.8193733691904094 -0.5732602217676314 -6.951523831535054e-7
outer loop
vertex -73.4590835571289 28.11838722229004 9.5
vertex -72.59029388427734 26.876623153686523 -3.700000047683716
vertex -73.20673370361328 27.75769805908203 9.5
endloop
endfacet
facet normal -0.9748101009919475 -0.22303647011323263 0.00000187030086894851
outer loop
vertex 67.13143920898438 51.36245346069336 10.5
vertex 67.20005798339844 51.0625 5
vertex 67.16505432128906 51.21553421020508 10.5
endloop
endfacet
facet normal 0 0 1
outer loop
vertex -59.0987434387207 12.753053665161133 11.5
vertex -52.915218353271484 -31.089746475219727 11.5
vertex -52.771018981933594 -30.984643936157227 11.5
endloop
endfacet
facet normal 0.22894799907129088 -0.9734386543184178 0
outer loop
vertex 67.58557891845703 -58.98760986328125 -3.700000047683716
vertex 69.06083679199219 -58.6406364440918 -3.700000047683716
vertex 67.58557891845703 -58.98760986328125 9.5
endloop
endfacet
facet normal -0.6827464573670003 -0.7306553735878528 -7.797895869794204e-8
outer loop
vertex 24.006582260131836 -31.412267684936523 10.5
vertex 24.381441116333008 -31.76254653930664 5
vertex 24.25767707824707 -31.64689826965332 10.5
endloop
endfacet
facet normal 0 0 -1
outer loop
vertex 69.69429016113281 57.10993576049805 -5.699999809265137
vertex 68.09039306640625 56.326698303222656 -5.699999809265137
vertex 68.4963607788086 57.60385513305664 -5.699999809265137
endloop
endfacet
facet normal 0 0 1
outer loop
vertex -49.229305267333984 30.86258316040039 11.5
vertex -62.08515167236328 25.14912223815918 11.5
vertex -61.67367172241211 25.047819137573242 11.5
endloop
endfacet
facet normal 0.4333066505502686 -0.9012465514990375 0
outer loop
vertex -52.549888610839844 -31.43111801147461 10.5
vertex -52.51911544799805 -31.416322708129883 5
vertex -52.51911544799805 -31.416322708129883 10.5
endloop
endfacet
facet normal 0 0 1
outer loop
vertex 24.935945510864258 -31.951343536376953 11.5
vertex 24.95005989074707 -32.06378936767578 11.5
vertex 46.349945068359375 -31.804685592651367 11.5
endloop
endfacet
facet normal 0 0 1
outer loop
vertex 66.75647735595703 -30.912277221679688 11.5
vertex 66.9275894165039 -30.94242286682129 11.5
vertex 66.61121368408203 -26.123382568359375 11.5
endloop
endfacet
facet normal 0 0 1
outer loop
vertex 24.006555557250977 -30.91227149963379 11.5
vertex 24.177593231201172 -30.94242286682129 11.5
vertex 46.834781646728516 -31.089746475219727 11.5
endloop
endfacet
facet normal 0 0 1
outer loop
vertex 66.91117095947266 -26.054763793945312 11.5
vertex 67.09795379638672 -31.046939849853516 11.5
vertex 67.1641616821289 -25.909147262573242 11.5
endloop
endfacet
facet normal 0 0 1
outer loop
vertex 67.65017700195312 -51.3203125 11.5
vertex 73.29923248291016 -51.79558181762695 11.5
vertex 73.33956909179688 38.13442611694336 11.5
endloop
endfacet
facet normal 0 0 1
outer loop
vertex 67.64269256591797 -25.28084373474121 11.5
vertex 67.47171020507812 -31.398399353027344 11.5
vertex 73.33956909179688 38.13442611694336 11.5
endloop
endfacet
facet normal 0.6827495557538268 0.7306524783492847 0
outer loop
vertex -66.75646209716797 31.41227149963379 5
vertex -67.13131713867188 31.762550354003906 5
vertex -66.75646209716797 31.41227149963379 10.5
endloop
endfacet
facet normal 0.4333066505502686 -0.9012465514990375 0
outer loop
vertex 47.200111389160156 -31.43111801147461 10.5
vertex 47.23088455200195 -31.416322708129883 5
vertex 47.23088455200195 -31.416322708129883 10.5
endloop
endfacet
facet normal 0 0 1
outer loop
vertex 46.37998580932617 -31.634967803955078 11.5
vertex 24.935945510864258 -31.951343536376953 11.5
vertex 46.357425689697266 -31.719154357910156 11.5
endloop
endfacet
facet normal 0 0 -1
outer loop
vertex -71.7071533203125 27.628604888916016 -5.699999809265137
vertex -69.9272232055664 27.761960983276367 -5.699999809265137
vertex -70.77742767333984 26.72606086730957 -5.699999809265137
endloop
endfacet
facet normal 0.6827421824007809 0.730659368221676 7.211786510455251e-7
outer loop
vertex 47.2435417175293 -51.712730407714844 10.5
vertex 46.868682861328125 -51.362449645996094 5
vertex 46.992488861083984 -51.47814178466797 10.5
endloop
endfacet
facet normal -0.22300096804650277 0.9748182231833393 0
outer loop
vertex 66.50006103515625 -51.76249694824219 5
vertex 66.50006103515625 -51.76249694824219 10.5
vertex 66.65309143066406 -51.72748947143555 10.5
endloop
endfacet
facet normal -0.8193692310374326 -0.5732661364751335 0
outer loop
vertex -58.95671463012695 -55.36732482910156 9.5
vertex -58.340293884277344 -56.248374938964844 -3.700000047683716
vertex -58.340293884277344 -56.248374938964844 9.5
endloop
endfacet
facet normal 0 0 1
outer loop
vertex 24.161169052124023 -52.17976379394531 11.5
vertex 23.861217498779297 -52.248382568359375 11.5
vertex 46.312652587890625 -51.17400360107422 11.5
endloop
endfacet
facet normal -0.00006992476144762069 -0.9999999975552639 -4.996356734498271e-9
outer loop
vertex -7.635866165161133 -59.019500732421875 9.5
vertex -7.634922981262207 -59.019500732421875 -3.700000047683716
vertex 67.26720428466797 -59.02473831176758 9.5
endloop
endfacet
facet normal -0.6965404344603867 -0.7175175420585242 1.7272562733387326e-7
outer loop
vertex -58.340293884277344 -56.248374938964844 9.5
vertex -57.25288772583008 -57.303993225097656 -3.700000047683716
vertex -57.9752082824707 -56.602787017822266 9.5
endloop
endfacet
facet normal 0 0 -1
outer loop
vertex 68.27520751953125 -56.26728057861328 -5.699999809265137
vertex 67.3858642578125 -57.84837341308594 -5.699999809265137
vertex 67.26168060302734 -56.50867462158203 -5.699999809265137
endloop
endfacet
facet normal 0.8193715131280485 0.5732628746693335 -3.234246706623341e-7
outer loop
vertex 73.4592056274414 55.006614685058594 9.5
vertex 72.59041595458984 56.24837875366211 -3.700000047683716
vertex 73.2068099975586 55.367366790771484 9.5
endloop
endfacet
facet normal 0 0 -1
outer loop
vertex -62.659996032714844 25.209333419799805 -5.699999809265137
vertex -62.73835754394531 25.216188430786133 -5.699999809265137
vertex -59.95319366455078 26.562501907348633 -5.699999809265137
endloop
endfacet
facet normal 0 0 1
outer loop
vertex -47.756675720214844 -26.087709426879883 11.5
vertex 24.006555557250977 -30.91227149963379 11.5
vertex 46.834781646728516 -31.089746475219727 11.5
endloop
endfacet
facet normal 0 0 -1
outer loop
vertex 22.350061416625977 -56.53569412231445 -5.699999809265137
vertex 26.350061416625977 -57.8671760559082 -5.699999809265137
vertex 22.350061416625977 -57.86689758300781 -5.699999809265137
endloop
endfacet
facet normal 0 0 1
outer loop
vertex -56.52743148803711 -56.39894104003906 11.5
vertex -52.67747116088867 -52.18257522583008 11.5
vertex -52.84672927856445 -52.07687759399414 11.5
endloop
endfacet
facet normal 0.8193692369828182 0.5732661279773792 1.3243385082040019e-7
outer loop
vertex 73.4592056274414 55.006614685058594 9.5
vertex 73.2068099975586 55.367366790771484 -3.700000047683716
vertex 72.59041595458984 56.24837875366211 -3.700000047683716
endloop
endfacet
facet normal 0.999996659945464 -0.002584588539005977 0
outer loop
vertex -52.9499397277832 -51.0625 5
vertex -52.900169372558594 -31.80597686767578 5
vertex -52.9499397277832 -51.0625 10.5
endloop
endfacet
facet normal 0 0 -1
outer loop
vertex -59.95319366455078 26.562501907348633 -5.699999809265137
vertex -67.22754669189453 25.262208938598633 -5.699999809265137
vertex -67.06885528564453 26.59283447265625 -5.699999809265137
endloop
endfacet
facet normal -0.696540434460397 -0.7175175420585348 0
outer loop
vertex -58.340293884277344 -56.248374938964844 -3.700000047683716
vertex -57.9752082824707 -56.602787017822266 -3.700000047683716
vertex -58.340293884277344 -56.248374938964844 9.5
endloop
endfacet
facet normal 0 0 1
outer loop
vertex 66.75647735595703 -30.912277221679688 11.5
vertex 66.50006103515625 -26.13749885559082 11.5
vertex -47.756675720214844 -26.087709426879883 11.5
endloop
endfacet
facet normal 0 0 -1
outer loop
vertex -60.92878723144531 24.7233943939209 -5.699999809265137
vertex -60.98290252685547 24.76128387451172 -5.699999809265137
vertex -58.59132385253906 26.092714309692383 -5.699999809265137
endloop
endfacet
facet normal -0.9999966599441407 0.0025845890510069677 0
outer loop
vertex 24.450061798095703 -32.0625 5
vertex 24.400291442871094 -51.31901931762695 5
vertex 24.450061798095703 -32.0625 10.5
endloop
endfacet
facet normal 0 0 -1
outer loop
vertex -58.0927734375 25.54166030883789 -5.699999809265137
vertex -60.42095947265625 24.370527267456055 -5.699999809265137
vertex -58.31861114501953 25.838390350341797 -5.699999809265137
endloop
endfacet
facet normal -0.6827475710259715 -0.7306543329496761 0
outer loop
vertex 66.75658416748047 51.712730407714844 5
vertex 67.13143920898438 51.36245346069336 5
vertex 66.75658416748047 51.712730407714844 10.5
endloop
endfacet
facet normal 0.9734390833570624 0.22894617488170002 0
outer loop
vertex 74.4251708984375 52.14802169799805 9.5
vertex 74.4251708984375 52.14802169799805 -3.700000047683716
vertex 74.07820129394531 53.62327575683594 -3.700000047683716
endloop
endfacet
facet normal 0.19997352440570637 0.979801301048718 0
outer loop
vertex 68.8349380493164 58.713260650634766 -3.700000047683716
vertex 67.35003662109375 59.01632308959961 -3.700000047683716
vertex 68.8349380493164 58.713260650634766 9.5
endloop
endfacet
facet normal 0.9910126575543708 0.13376812986291464 -4.161695188516687e-8
outer loop
vertex -48.1999397277832 30.36250114440918 10.5
vertex -48.2357292175293 30.627643585205078 5
vertex -48.225894927978516 30.55478858947754 10.5
endloop
endfacet
facet normal 0 0 1
outer loop
vertex 67.70005798339844 51.06217575073242 11.5
vertex 73.33956909179688 38.13442611694336 11.5
vertex 73.27957916259766 51.9753303527832 11.5
endloop
endfacet
facet normal 0.11583924725800832 -0.9932679743124108 1.3478081703039373e-7
outer loop
vertex 67.26720428466797 -59.02473831176758 9.5
vertex 67.58557891845703 -58.98760986328125 -3.700000047683716
vertex 67.44756317138672 -59.00370407104492 9.5
endloop
endfacet
facet normal 0 0 1
outer loop
vertex -68.68938446044922 57.54176712036133 11.5
vertex -66.91104888916016 52.17976379394531 11.5
vertex -66.61144256591797 52.249908447265625 11.5
endloop
endfacet
facet normal 0 0 1
outer loop
vertex -73.04129028320312 53.05880355834961 11.5
vertex -67.6501693725586 51.320316314697266 11.5
vertex -67.6200180053711 51.49003219604492 11.5
endloop
endfacet
facet normal 0 0 1
outer loop
vertex -58.19996643066406 -54.4346923828125 11.5
vertex -53.351165771484375 -51.5334587097168 11.5
vertex -58.72920227050781 -53.251949310302734 11.5
endloop
endfacet
facet normal 0.22300489068291576 -0.9748173258264857 0
outer loop
vertex -66.65299987792969 51.72748565673828 10.5
vertex -66.49993896484375 51.76250076293945 5
vertex -66.49993896484375 51.76250076293945 10.5
endloop
endfacet
facet normal -0.7306478888225827 0.6827544672567898 0
outer loop
vertex 24.050012588500977 -51.693878173828125 10.5
vertex 24.165599822998047 -51.57018280029297 10.5
vertex 24.050012588500977 -51.693878173828125 5
endloop
endfacet
facet normal -0.5487099891290459 -0.8360127677434133 0
outer loop
vertex -71.50288391113281 25.821006774902344 9.5
vertex -71.50288391113281 25.821006774902344 -3.700000047683716
vertex -70.57405853271484 25.211380004882812 -3.700000047683716
endloop
endfacet
facet normal 0.6827454856454223 0.7306562815925877 2.994627790049968e-7
outer loop
vertex -52.5064582824707 -51.712730407714844 10.5
vertex -52.881317138671875 -51.362449645996094 5
vertex -52.757659912109375 -51.47800064086914 10.5
endloop
endfacet
facet normal -0.912784935903363 -0.4084405229502743 0
outer loop
vertex -74.07807922363281 29.501726150512695 -3.700000047683716
vertex -73.60987091064453 28.455371856689453 -3.700000047683716
vertex -74.07807922363281 29.501726150512695 9.5
endloop
endfacet
facet normal -0.01003800630028069 -0.999949617945582 0
outer loop
vertex -67.34991455078125 24.108678817749023 9.5
vertex -67.34991455078125 24.108678817749023 -3.700000047683716
vertex -62.74993896484375 24.062501907348633 -3.700000047683716
endloop
endfacet
facet normal 0.7175163520505176 -0.6965416603047645 0
outer loop
vertex 72.04037475585938 -56.787742614746094 9.5
vertex 72.7415542602539 -56.06544876098633 -3.700000047683716
vertex 72.7415542602539 -56.06544876098633 9.5
endloop
endfacet
facet normal -0.6820247475853148 -0.7313290939660391 0
outer loop
vertex -61.20597457885742 23.52876091003418 -3.700000047683716
vertex -61.069297790527344 23.40129852294922 -3.700000047683716
vertex -61.20597457885742 23.52876091003418 9.5
endloop
endfacet
facet normal -0.9519869601658321 -0.3061385759328648 -1.2699199389800618e-7
outer loop
vertex -60.40540313720703 22.408645629882812 -3.700000047683716
vertex -60.31367111206055 22.123390197753906 -3.700000047683716
vertex -60.44340515136719 22.526813507080078 9.5
endloop
endfacet
facet normal 0.836013304476872 -0.5487091713626467 4.222418860307405e-7
outer loop
vertex 72.7415542602539 -56.06544876098633 9.5
vertex 73.57313537597656 -54.7984619140625 -3.700000047683716
vertex 73.3510971069336 -55.136749267578125 9.5
endloop
endfacet
facet normal 0.0003450166420171428 0.9999999404817566 0
outer loop
vertex 67.35003662109375 59.01632308959961 -3.700000047683716
vertex -66.48961639404297 59.0625 -3.700000047683716
vertex 67.35003662109375 59.01632308959961 9.5
endloop
endfacet
facet normal 0 0 1
outer loop
vertex -67.47158813476562 31.39840316772461 11.5
vertex -70.77742767333984 26.72606086730957 11.5
vertex -67.09672546386719 31.048124313354492 11.5
endloop
endfacet
facet normal 0 0 1
outer loop
vertex -58.72920227050781 -53.251949310302734 11.5
vertex -53.351165771484375 -51.5334587097168 11.5
vertex -53.36720275878906 -51.47360610961914 11.5
endloop
endfacet
facet normal -0.8866018594759973 -0.46253339638744345 0
outer loop
vertex -60.63941192626953 22.90252685546875 -3.700000047683716
vertex -60.44340515136719 22.526813507080078 -3.700000047683716
vertex -60.63941192626953 22.90252685546875 9.5
endloop
endfacet
facet normal 0.6827536932630831 0.7306486120806231 -5.282251566299052e-7
outer loop
vertex -66.75646209716797 31.41227149963379 10.5
vertex -67.13131713867188 31.762550354003906 5
vertex -67.00759887695312 31.64694595336914 10.5
endloop
endfacet
facet normal 0 0 1
outer loop
vertex 67.65026092529297 -25.194345474243164 11.5
vertex 73.33956909179688 38.13442611694336 11.5
vertex 67.70005798339844 51.06217575073242 11.5
endloop
endfacet
facet normal 0 0 -1
outer loop
vertex -71.70471954345703 30.287355422973633 -5.699999809265137
vertex -73.27945709228516 31.14967155456543 -5.699999809265137
vertex -71.94611358642578 31.300878524780273 -5.699999809265137
endloop
endfacet
facet normal -0.5487105894634606 -0.8360123737186319 -1.4110398058026644e-8
outer loop
vertex -56.32423782348633 -57.91350555419922 -3.700000047683716
vertex -55.98590087890625 -58.13557052612305 -3.700000047683716
vertex -57.25288772583008 -57.303993225097656 9.5
endloop
endfacet
facet normal -0.22894799907129088 0.9734386543184178 0
outer loop
vertex -67.58545684814453 58.987613677978516 9.5
vertex -69.06071472167969 58.64064025878906 -3.700000047683716
vertex -69.06071472167969 58.64064025878906 9.5
endloop
endfacet
facet normal 0 0 -1
outer loop
vertex -71.9696044921875 51.63141632080078 -5.699999809265137
vertex -73.04129028320312 53.05880355834961 -5.699999809265137
vertex -71.7641372680664 52.652828216552734 -5.699999809265137
endloop
endfacet
facet normal -0.8360189781025856 0.5487005269291332 0
outer loop
vertex -73.35107421875 55.13660430908203 9.5
vertex -73.57300567626953 54.7984619140625 -3.700000047683716
vertex -73.57300567626953 54.7984619140625 9.5
endloop
endfacet
facet normal 0.9734390833570624 0.22894617488170002 0
outer loop
vertex 74.4251708984375 52.14802169799805 9.5
vertex 74.07820129394531 53.62327575683594 -3.700000047683716
vertex 74.07820129394531 53.62327575683594 9.5
endloop
endfacet
facet normal 0 0 -1
outer loop
vertex -68.27508544921875 56.26728439331055 -5.699999809265137
vertex -68.68938446044922 57.54176712036133 -5.699999809265137
vertex -67.41276550292969 57.84202194213867 -5.699999809265137
endloop
endfacet
facet normal -0.9999972909214967 0.0023276919185639487 0
outer loop
vertex -74.4537582397461 51.9124755859375 9.5
vertex -74.49993896484375 32.07282257080078 -3.700000047683716
vertex -74.49993896484375 32.07282257080078 9.5
endloop
endfacet
facet normal -0.8193684773215066 -0.5732672137596521 2.845756165570743e-7
outer loop
vertex -73.20673370361328 27.75769805908203 -3.700000047683716
vertex -72.59029388427734 26.876623153686523 -3.700000047683716
vertex -73.4590835571289 28.11838722229004 9.5
endloop
endfacet
facet normal -0.9734391493257781 -0.2289458943940803 0
outer loop
vertex -74.425048828125 30.97698211669922 9.5
vertex -74.07807922363281 29.501726150512695 -3.700000047683716
vertex -74.07807922363281 29.501726150512695 9.5
endloop
endfacet
facet normal 0 0 1
outer loop
vertex 46.349945068359375 -31.804685592651367 11.5
vertex 24.900178909301758 -51.3203125 11.5
vertex 46.300174713134766 -51.06120681762695 11.5
endloop
endfacet
facet normal 0 0 1
outer loop
vertex -59.176513671875 22.323902130126953 11.5
vertex -59.17317581176758 22.285770416259766 11.5
vertex -48.6999397277832 30.328907012939453 11.5
endloop
endfacet
facet normal -0.6965393960300946 -0.71751855012817 0
outer loop
vertex -72.59029388427734 26.876623153686523 -3.700000047683716
vertex -72.22511291503906 26.522119522094727 -3.700000047683716
vertex -72.59029388427734 26.876623153686523 9.5
endloop
endfacet
facet normal 0 0 1
outer loop
vertex -59.72056198120117 23.601850509643555 11.5
vertex -59.61565017700195 23.436613082885742 11.5
vertex -49.229305267333984 30.86258316040039 11.5
endloop
endfacet
facet normal 0 0 1
outer loop
vertex -61.4888801574707 24.985429763793945 11.5
vertex -61.10041809082031 24.816083908081055 11.5
vertex -49.229305267333984 30.86258316040039 11.5
endloop
endfacet
facet normal 0 0 1
outer loop
vertex -66.75787353515625 30.912395477294922 11.5
vertex -62.2702522277832 25.17876625061035 11.5
vertex -49.229305267333984 30.86258316040039 11.5
endloop
endfacet
facet normal 0 0 1
outer loop
vertex 68.68950653076172 -57.54176330566406 11.5
vertex 66.61121368408203 -52.248382568359375 11.5
vertex 67.3858642578125 -57.84837341308594 11.5
endloop
endfacet
facet normal 0 0 1
outer loop
vertex -66.75787353515625 30.912395477294922 11.5
vertex -62.73835754394531 25.216188430786133 11.5
vertex -62.659996032714844 25.209333419799805 11.5
endloop
endfacet
facet normal 0 0 1
outer loop
vertex 7.016587257385254 -57.865821838378906 11.5
vertex 46.485660552978516 -51.68384552001953 11.5
vertex 46.4356689453125 -51.612449645996094 11.5
endloop
endfacet
facet normal -0.9976729453010974 -0.06818133332689734 0
outer loop
vertex -74.49993896484375 32.07282257080078 -3.700000047683716
vertex -74.425048828125 30.97698211669922 -3.700000047683716
vertex -74.49993896484375 32.07282257080078 9.5
endloop
endfacet
facet normal 0 0 -1
outer loop
vertex 69.9273452758789 55.363040924072266 -5.699999809265137
vertex 71.70728302001953 55.496395111083984 -5.699999809265137
vertex 70.67694854736328 54.639442443847656 -5.699999809265137
endloop
endfacet
facet normal -0.6827507308343287 -0.7306513803073441 -4.0340229720015886e-7
outer loop
vertex 66.75658416748047 51.712730407714844 10.5
vertex 67.13143920898438 51.36245346069336 5
vertex 67.00772094726562 51.478057861328125 10.5
endloop
endfacet
facet normal 0 0 -1
outer loop
vertex 73.27957916259766 51.9753303527832 -5.699999809265137
vertex 71.94623565673828 51.82412338256836 -5.699999809265137
vertex 71.70484161376953 52.837646484375 -5.699999809265137
endloop
endfacet
facet normal 0 0 1
outer loop
vertex 67.51561737060547 -51.66039276123047 11.5
vertex 72.54749298095703 -54.2567253112793 11.5
vertex 67.6201400756836 -51.490028381347656 11.5
endloop
endfacet
facet normal 0 0 1
outer loop
vertex 46.312652587890625 -51.17400360107422 11.5
vertex 7.016587257385254 -57.865821838378906 11.5
vertex 46.38279724121094 -51.47360610961914 11.5
endloop
endfacet
facet normal -0.71751712647989 0.6965408625544102 0
outer loop
vertex -71.6858139038086 57.152854919433594 -3.700000047683716
vertex -72.04036712646484 56.78762435913086 -3.700000047683716
vertex -71.6858139038086 57.152854919433594 9.5
endloop
endfacet
facet normal 0.00020767620038052246 -0.9999999784352976 0
outer loop
vertex 47.23088455200195 -31.416322708129883 10.5
vertex 66.75658416748047 -31.412267684936523 5
vertex 66.75658416748047 -31.412267684936523 10.5
endloop
endfacet
facet normal -0.6965397151432914 -0.7175182403452212 0
outer loop
vertex -71.50288391113281 25.821006774902344 -3.700000047683716
vertex -71.50288391113281 25.821006774902344 9.5
vertex -72.22511291503906 26.522119522094727 9.5
endloop
endfacet
facet normal -0.9519869601658397 -0.30613857593286725 0
outer loop
vertex -60.40540313720703 22.408645629882812 9.5
vertex -60.31367111206055 22.123390197753906 -3.700000047683716
vertex -60.31367111206055 22.123390197753906 9.5
endloop
endfacet
facet normal -0.39962469766132075 -0.9166788428992446 0
outer loop
vertex -61.94871139526367 23.930631637573242 9.5
vertex -61.56025314331055 23.76128387451172 -3.700000047683716
vertex -61.56025314331055 23.76128387451172 9.5
endloop
endfacet
facet normal -0.00006993610524938256 -0.9999999975544652 -1.0383506160160373e-7
outer loop
vertex 27.850061416625977 -59.02198028564453 -3.450000047683716
vertex 39.85006332397461 -59.02281951904297 -3.450000047683716
vertex 67.26720428466797 -59.02473831176758 9.5
endloop
endfacet
facet normal -0.19997571900933137 -0.9798008531363407 0
outer loop
vertex -68.83480834960938 24.4117431640625 9.5
vertex -67.34991455078125 24.108678817749023 -3.700000047683716
vertex -67.34991455078125 24.108678817749023 9.5
endloop
endfacet
facet normal 0 0 -1
outer loop
vertex -57.4547233581543 -52.837642669677734 -5.699999809265137
vertex -59.029457092285156 -51.9753303527832 -5.699999809265137
vertex -57.69611740112305 -51.824119567871094 -5.699999809265137
endloop
endfacet
facet normal 0 0 1
outer loop
vertex 24.7656192779541 -51.66039276123047 11.5
vertex 24.414159774780273 -52.034149169921875 11.5
vertex 46.312652587890625 -51.17400360107422 11.5
endloop
endfacet
facet normal 0 0 1
outer loop
vertex -52.519142150878906 -30.916324615478516 11.5
vertex -48.61720275878906 -25.34860610961914 11.5
vertex -48.687347412109375 -25.04900360107422 11.5
endloop
endfacet
facet normal -0.6827536932630831 -0.7306486120806231 -5.282251566299052e-7
outer loop
vertex 66.75658416748047 -31.412267684936523 10.5
vertex 67.13143920898438 -31.76254653930664 5
vertex 67.00772094726562 -31.646942138671875 10.5
endloop
endfacet
facet normal 0 0 1
outer loop
vertex 24.87013816833496 -51.490028381347656 11.5
vertex 24.7656192779541 -51.66039276123047 11.5
vertex 46.312652587890625 -51.17400360107422 11.5
endloop
endfacet
facet normal 0 0 1
outer loop
vertex -69.69416809082031 26.015066146850586 11.5
vertex -68.4962387084961 25.521146774291992 11.5
vertex -66.9274673461914 30.942424774169922 11.5
endloop
endfacet
facet normal 0 0 -1
outer loop
vertex -57.69611740112305 -51.824119567871094 -5.699999809265137
vertex -59.09524154663086 -51.01273727416992 -5.699999809265137
vertex -57.74993896484375 -51.05424118041992 -5.699999809265137
endloop
endfacet
facet normal 0 0 1
outer loop
vertex -59.09524154663086 -51.01273727416992 11.5
vertex -53.392574310302734 -31.719154357910156 11.5
vertex -59.0987434387207 12.753053665161133 11.5
endloop
endfacet
facet normal -0.8866018594759973 -0.46253339638744345 0
outer loop
vertex -60.63941192626953 22.90252685546875 9.5
vertex -60.44340515136719 22.526813507080078 -3.700000047683716
vertex -60.44340515136719 22.526813507080078 9.5
endloop
endfacet
facet normal 0 0 1
outer loop
vertex 67.23320770263672 57.861663818359375 11.5
vertex 66.75676727294922 52.21271514892578 11.5
vertex 68.4963607788086 57.60385513305664 11.5
endloop
endfacet
facet normal 0 0 1
outer loop
vertex 67.65017700195312 -51.3203125 11.5
vertex 73.04141998291016 -53.058799743652344 11.5
vertex 73.29923248291016 -51.79558181762695 11.5
endloop
endfacet
facet normal 0 0 1
outer loop
vertex 73.04141998291016 -53.058799743652344 11.5
vertex 67.65017700195312 -51.3203125 11.5
vertex 67.6201400756836 -51.490028381347656 11.5
endloop
endfacet
facet normal 0 0 1
outer loop
vertex -59.0987434387207 12.753053665161133 11.5
vertex -53.26431655883789 -31.465709686279297 11.5
vertex -52.915218353271484 -31.089746475219727 11.5
endloop
endfacet
facet normal 0 0 1
outer loop
vertex -59.0987434387207 12.753053665161133 11.5
vertex -52.771018981933594 -30.984643936157227 11.5
vertex -52.734962463378906 -30.967384338378906 11.5
endloop
endfacet
facet normal 0.6827458465684214 0.7306559443360258 0
outer loop
vertex -48.131317138671875 -25.237449645996094 5
vertex -47.7564582824707 -25.58772850036621 10.5
vertex -47.7564582824707 -25.58772850036621 5
endloop
endfacet
facet normal -0.9244988275881606 0.3811848866208057 0
outer loop
vertex -73.57300567626953 54.7984619140625 -3.700000047683716
vertex -74.15069580078125 53.39737319946289 -3.700000047683716
vertex -73.57300567626953 54.7984619140625 9.5
endloop
endfacet
facet normal 0 0 1
outer loop
vertex -71.7071533203125 27.628604888916016 11.5
vertex -70.77742767333984 26.72606086730957 11.5
vertex -67.47158813476562 31.39840316772461 11.5
endloop
endfacet
facet normal 0.9245006016600879 -0.3811805838839846 0
outer loop
vertex 74.15081787109375 -53.39737319946289 -3.700000047683716
vertex 73.57313537597656 -54.7984619140625 9.5
vertex 73.57313537597656 -54.7984619140625 -3.700000047683716
endloop
endfacet
facet normal 0 0 1
outer loop
vertex -66.9274673461914 30.942424774169922 11.5
vertex -68.4962387084961 25.521146774291992 11.5
vertex -66.75787353515625 30.912395477294922 11.5
endloop
endfacet
facet normal 0 0 1
outer loop
vertex 70.77755737304688 56.39894104003906 11.5
vertex 67.09685516357422 52.07687759399414 11.5
vertex 67.47171020507812 51.726600646972656 11.5
endloop
endfacet
facet normal 0 0 1
outer loop
vertex 66.61121368408203 -52.248382568359375 11.5
vertex 68.68950653076172 -57.54176330566406 11.5
vertex 66.91151428222656 -52.1812858581543 11.5
endloop
endfacet
facet normal 0 0 1
outer loop
vertex 66.49877166748047 -52.26249694824219 11.5
vertex 67.20014190673828 -57.870033264160156 11.5
vertex 66.61121368408203 -52.248382568359375 11.5
endloop
endfacet
facet normal 0 0 -1
outer loop
vertex 67.06897735595703 56.532169342041016 -5.699999809265137
vertex 68.4963607788086 57.60385513305664 -5.699999809265137
vertex 68.09039306640625 56.326698303222656 -5.699999809265137
endloop
endfacet
facet normal 0 0 1
outer loop
vertex -66.75787353515625 30.912395477294922 11.5
vertex -62.659996032714844 25.209333419799805 11.5
vertex -62.2702522277832 25.17876625061035 11.5
endloop
endfacet
facet normal 0 0 1
outer loop
vertex -59.34699249267578 22.879398345947266 11.5
vertex -59.21725845336914 22.475975036621094 11.5
vertex -49.229305267333984 30.86258316040039 11.5
endloop
endfacet
facet normal 0 0 1
outer loop
vertex 67.20014190673828 -57.870033264160156 11.5
vertex 67.3858642578125 -57.84837341308594 11.5
vertex 66.61121368408203 -52.248382568359375 11.5
endloop
endfacet
facet normal 0 0 1
outer loop
vertex -49.229305267333984 30.86258316040039 11.5
vertex -61.10041809082031 24.816083908081055 11.5
vertex -60.92878723144531 24.7233943939209 11.5
endloop
endfacet
facet normal 0.9748112836286097 0.22303130118963604 0
outer loop
vertex 46.83507537841797 -51.21554183959961 10.5
vertex 46.8000602722168 -51.0625 5
vertex 46.8000602722168 -51.0625 10.5
endloop
endfacet
facet normal -0.00006993611636542746 -0.9999999975544699 -5.610821437004097e-9
outer loop
vertex 67.26720428466797 -59.02473831176758 9.5
vertex 8.850061416625977 -59.020652770996094 -3.450000047683716
vertex 20.850061416625977 -59.02149200439453 -3.450000047683716
endloop
endfacet
facet normal 0 0 1
outer loop
vertex 23.74973487854004 -52.26247024536133 11.5
vertex -52.983238220214844 -57.861629486083984 11.5
vertex 7.016587257385254 -57.865821838378906 11.5
endloop
endfacet
facet normal 0 0 1
outer loop
vertex -59.11344528198242 21.86623191833496 11.5
vertex -59.0992431640625 21.703914642333984 11.5
vertex -48.6999397277832 -24.937498092651367 11.5
endloop
endfacet
facet normal -0.22301349400337692 0.9748153576408232 0
outer loop
vertex 66.50006103515625 -25.63749885559082 5
vertex 66.50006103515625 -25.63749885559082 10.5
vertex 66.6530990600586 -25.602487564086914 10.5
endloop
endfacet
facet normal 0 0 1
outer loop
vertex 24.86884880065918 -31.651042938232422 11.5
vertex 24.935945510864258 -31.951343536376953 11.5
vertex 46.834781646728516 -31.089746475219727 11.5
endloop
endfacet
facet normal -0.7306543757085419 0.6827475252668145 3.9069204915410916e-8
outer loop
vertex 67.1502914428711 -25.194019317626953 10.5
vertex 66.80001068115234 -25.568878173828125 5
vertex 66.91559600830078 -25.44518280029297 10.5
endloop
endfacet
facet normal 0 0 -1
outer loop
vertex -54.24624252319336 -57.60385513305664 -5.699999809265137
vertex -52.81885528564453 -56.53216552734375 -5.699999809265137
vertex -52.983238220214844 -57.861629486083984 -5.699999809265137
endloop
endfacet
facet normal 0 0 1
outer loop
vertex 24.851287841796875 -31.591537475585938 11.5
vertex 24.86884880065918 -31.651042938232422 11.5
vertex 46.834781646728516 -31.089746475219727 11.5
endloop
endfacet
facet normal 0 0 1
outer loop
vertex -59.21725845336914 22.475975036621094 11.5
vertex -48.6999397277832 30.328907012939453 11.5
vertex -48.722206115722656 30.49386978149414 11.5
endloop
endfacet
facet normal 0 0 1
outer loop
vertex 24.34795570373535 -31.046939849853516 11.5
vertex 24.721710205078125 -31.398399353027344 11.5
vertex 46.834781646728516 -31.089746475219727 11.5
endloop
endfacet
facet normal 0 0 1
outer loop
vertex 67.1641616821289 -25.909147262573242 11.5
vertex 67.47171020507812 -31.398399353027344 11.5
vertex 67.51561737060547 -25.53539276123047 11.5
endloop
endfacet
facet normal 0 0 1
outer loop
vertex 24.764463424682617 -31.441152572631836 11.5
vertex 24.814455032348633 -31.51254653930664 11.5
vertex 46.834781646728516 -31.089746475219727 11.5
endloop
endfacet
facet normal 0 0 1
outer loop
vertex 67.60128784179688 -31.591537475585938 11.5
vertex 67.61732482910156 -31.651391983032227 11.5
vertex 73.33956909179688 38.13442611694336 11.5
endloop
endfacet
facet normal 0 0 1
outer loop
vertex 46.834781646728516 -31.089746475219727 11.5
vertex 24.721710205078125 -31.398399353027344 11.5
vertex 24.764463424682617 -31.441152572631836 11.5
endloop
endfacet
facet normal 0 0 1
outer loop
vertex 67.51446533203125 -31.441152572631836 11.5
vertex 73.33956909179688 38.13442611694336 11.5
vertex 67.47171020507812 -31.398399353027344 11.5
endloop
endfacet
facet normal -0.00006988020668281256 -0.9999999975583451 -2.578180740105131e-7
outer loop
vertex 67.26720428466797 -59.02473831176758 9.5
vertex -7.634922981262207 -59.019500732421875 -3.700000047683716
vertex 8.850061416625977 -59.020652770996094 -3.450000047683716
endloop
endfacet
facet normal 0 0 -1
outer loop
vertex -52.81885528564453 -56.53216552734375 -5.699999809265137
vertex 7.350061416625977 -56.53498840332031 -5.699999809265137
vertex 7.350061416625977 -57.865848541259766 -5.699999809265137
endloop
endfacet
facet normal 0 0 1
outer loop
vertex 47.24224853515625 -52.212615966796875 11.5
vertex 7.016587257385254 -57.865821838378906 11.5
vertex 67.20014190673828 -57.870033264160156 11.5
endloop
endfacet
facet normal 0 0 1
outer loop
vertex 24.935945510864258 -31.951343536376953 11.5
vertex 46.349945068359375 -31.804685592651367 11.5
vertex 46.357425689697266 -31.719154357910156 11.5
endloop
endfacet
facet normal -0.00007002242561995726 -0.99999999754843 0
outer loop
vertex 40.62735366821289 -59.02287292480469 -3.700000047683716
vertex 67.26720428466797 -59.02473831176758 -3.700000047683716
vertex 67.26720428466797 -59.02473831176758 9.5
endloop
endfacet
facet normal 0 0 1
outer loop
vertex 46.37998580932617 -31.634967803955078 11.5
vertex 46.48568344116211 -31.465709686279297 11.5
vertex 24.935945510864258 -31.951343536376953 11.5
endloop
endfacet
facet normal 0 0 -1
outer loop
vertex -72.44996643066406 28.690305709838867 -5.699999809265137
vertex -70.67682647705078 28.485559463500977 -5.699999809265137
vertex -71.7071533203125 27.628604888916016 -5.699999809265137
endloop
endfacet
facet normal -0.5732684594529343 0.8193676057768329 0
outer loop
vertex -71.6858139038086 57.152854919433594 9.5
vertex -70.8050308227539 57.76909255981445 9.5
vertex -71.6858139038086 57.152854919433594 -3.700000047683716
endloop
endfacet
facet normal 0 0 -1
outer loop
vertex 71.36982727050781 -53.61715316772461 -5.699999809265137
vertex 72.54749298095703 -54.2567253112793 -5.699999809265137
vertex 71.83650207519531 -55.33999252319336 -5.699999809265137
endloop
endfacet
facet normal -0.22301241845042644 0.9748156036998892 3.352656995070736e-7
outer loop
vertex 66.80001068115234 -51.693878173828125 10.5
vertex 66.50006103515625 -51.76249694824219 5
vertex 66.65309143066406 -51.72748947143555 10.5
endloop
endfacet
facet normal 0 0 -1
outer loop
vertex 71.83650207519531 -55.33999252319336 -5.699999809265137
vertex 70.80059814453125 -54.48978042602539 -5.699999809265137
vertex 71.36982727050781 -53.61715316772461 -5.699999809265137
endloop
endfacet
facet normal 0 0 -1
outer loop
vertex -68.09026336669922 26.798303604125977 -5.699999809265137
vertex -69.69416809082031 26.015066146850586 -5.699999809265137
vertex -69.05459594726562 27.192731857299805 -5.699999809265137
endloop
endfacet
facet normal 0.9999998994191936 -0.00044851042664100177 0
outer loop
vertex 74.4538803100586 -51.912471771240234 9.5
vertex 74.4538803100586 -51.912471771240234 -3.700000047683716
vertex 74.50006103515625 51.052181243896484 -3.700000047683716
endloop
endfacet
facet normal 0 0 -1
outer loop
vertex -71.7641372680664 52.652828216552734 -5.699999809265137
vertex -73.04129028320312 53.05880355834961 -5.699999809265137
vertex -72.54737091064453 54.25672912597656 -5.699999809265137
endloop
endfacet
facet normal 0 0 -1
outer loop
vertex -70.80047607421875 54.489784240722656 -5.699999809265137
vertex -71.83638000488281 55.33999252319336 -5.699999809265137
vertex -70.933837890625 56.269718170166016 -5.699999809265137
endloop
endfacet
facet normal 0 0 1
outer loop
vertex 24.221023559570312 -52.163726806640625 11.5
vertex 24.161169052124023 -52.17976379394531 11.5
vertex 46.312652587890625 -51.17400360107422 11.5
endloop
endfacet
facet normal -0.5487105894634607 -0.836012373718632 0
outer loop
vertex -56.32423782348633 -57.91350555419922 9.5
vertex -55.98590087890625 -58.13557052612305 -3.700000047683716
vertex -55.98590087890625 -58.13557052612305 9.5
endloop
endfacet
facet normal -0.6965420595015029 -0.7175159645230234 0
outer loop
vertex -57.9752082824707 -56.602787017822266 9.5
vertex -57.25288772583008 -57.303993225097656 -3.700000047683716
vertex -57.25288772583008 -57.303993225097656 9.5
endloop
endfacet
facet normal 0.9999998994191936 -0.00044851042664100177 0
outer loop
vertex 74.50006103515625 51.052181243896484 -3.700000047683716
vertex 74.50006103515625 51.052181243896484 9.5
vertex 74.4538803100586 -51.912471771240234 9.5
endloop
endfacet
facet normal -0.9127844875240638 -0.40844152498911285 0
outer loop
vertex -59.35983657836914 -54.669708251953125 9.5
vertex -59.209083557128906 -55.00661087036133 -3.700000047683716
vertex -59.209083557128906 -55.00661087036133 9.5
endloop
endfacet
facet normal 0 0 -1
outer loop
vertex -71.99993896484375 32.07075881958008 -5.699999809265137
vertex -73.34514617919922 32.11088943481445 -5.699999809265137
vertex -73.29933166503906 51.79450988769531 -5.699999809265137
endloop
endfacet
facet normal -0.9734386543184178 -0.22894799907129088 0
outer loop
vertex -60.175048828125 -52.14801788330078 9.5
vertex -59.82807540893555 -53.62327575683594 -3.700000047683716
vertex -59.82807540893555 -53.62327575683594 9.5
endloop
endfacet
facet normal -0.9976729453010974 -0.06818133332689734 0
outer loop
vertex -60.24993896484375 -51.05217742919922 9.5
vertex -60.175048828125 -52.14801788330078 -3.700000047683716
vertex -60.175048828125 -52.14801788330078 9.5
endloop
endfacet
facet normal 0 0 -1
outer loop
vertex -52.983238220214844 -57.861629486083984 -5.699999809265137
vertex -52.81885528564453 -56.53216552734375 -5.699999809265137
vertex 7.350061416625977 -57.865848541259766 -5.699999809265137
endloop
endfacet
facet normal -0.00007040171657057529 -0.9999999973249909 0.000019839773188689222
outer loop
vertex 27.850061416625977 -59.02198028564453 -3.450000047683716
vertex 21.424087524414062 -59.02153015136719 -3.564180612564087
vertex 27.276037216186523 -59.021942138671875 -3.564180612564087
endloop
endfacet
facet normal 0 0 -1
outer loop
vertex -72.97920227050781 29.8730525970459 -5.699999809265137
vertex -73.27945709228516 31.14967155456543 -5.699999809265137
vertex -71.70471954345703 30.287355422973633 -5.699999809265137
endloop
endfacet
facet normal 0 0 -1
outer loop
vertex 67.20014190673828 -57.870033264160156 -5.699999809265137
vertex 67.26168060302734 -56.50867462158203 -5.699999809265137
vertex 67.3858642578125 -57.84837341308594 -5.699999809265137
endloop
endfacet
facet normal 0 0 -1
outer loop
vertex -62.659996032714844 25.209333419799805 -5.699999809265137
vertex -59.95319366455078 26.562501907348633 -5.699999809265137
vertex -62.2702522277832 25.17876625061035 -5.699999809265137
endloop
endfacet
facet normal -0.9999997870435428 0.0006526200038313824 0
outer loop
vertex 67.20005798339844 51.0625 10.5
vertex 67.1502914428711 -25.194019317626953 5
vertex 67.1502914428711 -25.194019317626953 10.5
endloop
endfacet
facet normal -0.00007040171658271465 -0.999999997497421 0.000006982574300018728
outer loop
vertex 21.424087524414062 -59.02153015136719 -3.564180612564087
vertex 21.627355575561523 -59.02154541015625 -3.700000047683716
vertex 27.276037216186523 -59.021942138671875 -3.564180612564087
endloop
endfacet
facet normal 0 0 1
outer loop
vertex -47.756675720214844 -26.087709426879883 11.5
vertex 46.834781646728516 -31.089746475219727 11.5
vertex 46.87871551513672 -31.048095703125 11.5
endloop
endfacet
facet normal -0.00006961863562265422 -0.9999999974233963 -0.000017505796834742825
outer loop
vertex -7.634922981262207 -59.019500732421875 -3.700000047683716
vertex 8.276036262512207 -59.02061080932617 -3.564180612564087
vertex 8.850061416625977 -59.020652770996094 -3.450000047683716
endloop
endfacet
facet normal 0 0 -1
outer loop
vertex -54.24624252319336 -57.60385513305664 -5.699999809265137
vertex -55.44416427612305 -57.10993194580078 -5.699999809265137
vertex -53.840267181396484 -56.32669448852539 -5.699999809265137
endloop
endfacet
facet normal 0.0003450166420171428 0.9999999404817566 0
outer loop
vertex -66.48961639404297 59.0625 -3.700000047683716
vertex -66.48961639404297 59.0625 9.5
vertex 67.35003662109375 59.01632308959961 9.5
endloop
endfacet
facet normal 0.9748142449734901 0.22301835753310587 0
outer loop
vertex -52.881317138671875 -51.362449645996094 5
vertex -52.9499397277832 -51.0625 5
vertex -52.881317138671875 -51.362449645996094 10.5
endloop
endfacet
facet normal -0.9999999984903553 -0.00005494806102254264 0
outer loop
vertex -60.253936767578125 21.7038516998291 -3.700000047683716
vertex -60.24993896484375 -51.05217742919922 -3.700000047683716
vertex -60.253936767578125 21.7038516998291 9.5
endloop
endfacet
facet normal 0.5487058928336902 0.8360154562981236 4.7231569177779406e-7
outer loop
vertex 70.5740966796875 57.91368103027344 -3.700000047683716
vertex 70.23602294921875 58.13557052612305 -3.700000047683716
vertex 71.50301361083984 57.303993225097656 9.5
endloop
endfacet
facet normal 0 0 1
outer loop
vertex 47.015037536621094 -30.967384338378906 11.5
vertex -47.756675720214844 -26.087709426879883 11.5
vertex 46.978981018066406 -30.984643936157227 11.5
endloop
endfacet
facet normal 0 0 -1
outer loop
vertex -57.753578186035156 24.48688316345215 -5.699999809265137
vertex -59.11344528198242 21.86623191833496 -5.699999809265137
vertex -59.17317581176758 22.285770416259766 -5.699999809265137
endloop
endfacet
facet normal 0.9748185885871398 0.2229993707273759 -4.135487032121903e-7
outer loop
vertex -67.13131713867188 31.762550354003906 10.5
vertex -67.19993591308594 32.0625 5
vertex -67.16492462158203 31.909461975097656 10.5
endloop
endfacet
facet normal 0 0 -1
outer loop
vertex -57.753578186035156 24.48688316345215 -5.699999809265137
vertex -59.17317581176758 22.285770416259766 -5.699999809265137
vertex -59.21725845336914 22.475975036621094 -5.699999809265137
endloop
endfacet
facet normal 0 0 1
outer loop
vertex 47.23078155517578 -30.916330337524414 11.5
vertex 66.75647735595703 -30.912277221679688 11.5
vertex -47.756675720214844 -26.087709426879883 11.5
endloop
endfacet
facet normal 0 0 -1
outer loop
vertex -60.4637451171875 24.413312911987305 -5.699999809265137
vertex -60.572383880615234 24.494108200073242 -5.699999809265137
vertex -58.31861114501953 25.838390350341797 -5.699999809265137
endloop
endfacet
facet normal 0 0 1
outer loop
vertex 23.861217498779297 -52.248382568359375 11.5
vertex 7.016587257385254 -57.865821838378906 11.5
vertex 46.312652587890625 -51.17400360107422 11.5
endloop
endfacet
facet normal 0 0 -1
outer loop
vertex -61.10041809082031 24.816083908081055 -5.699999809265137
vertex -61.4888801574707 24.985429763793945 -5.699999809265137
vertex -58.59132385253906 26.092714309692383 -5.699999809265137
endloop
endfacet
facet normal 0 0 -1
outer loop
vertex 41.35006332397461 -57.86822509765625 -5.699999809265137
vertex 41.35006332397461 -56.53658676147461 -5.699999809265137
vertex 67.01201629638672 -56.53778839111328 -5.699999809265137
endloop
endfacet
facet normal 0 0 -1
outer loop
vertex -57.8061408996582 24.856056213378906 -5.699999809265137
vertex -59.97998809814453 23.93695068359375 -5.699999809265137
vertex -57.9202995300293 25.211048126220703 -5.699999809265137
endloop
endfacet
facet normal 0.19997352440570637 0.979801301048718 0
outer loop
vertex 68.8349380493164 58.713260650634766 9.5
vertex 67.35003662109375 59.01632308959961 -3.700000047683716
vertex 67.35003662109375 59.01632308959961 9.5
endloop
endfacet
facet normal 0.6965420595014999 0.7175159645230204 -9.33625639314908e-8
outer loop
vertex 72.22533416748047 56.602787017822266 -3.700000047683716
vertex 71.50301361083984 57.303993225097656 -3.700000047683716
vertex 72.59041595458984 56.24837875366211 9.5
endloop
endfacet
facet normal 0.999996659945464 -0.002584588539005977 0
outer loop
vertex 46.8000602722168 -51.0625 5
vertex 46.849830627441406 -31.80597686767578 5
vertex 46.8000602722168 -51.0625 10.5
endloop
endfacet
facet normal 0.7306540897510115 -0.6827478312892109 0
outer loop
vertex 47.200111389160156 -31.43111801147461 5
vertex 46.849830627441406 -31.80597686767578 10.5
vertex 46.849830627441406 -31.80597686767578 5
endloop
endfacet
facet normal 0 0 -1
outer loop
vertex -59.60698318481445 26.535484313964844 -5.699999809265137
vertex -61.4888801574707 24.985429763793945 -5.699999809265137
vertex -59.95319366455078 26.562501907348633 -5.699999809265137
endloop
endfacet
facet normal 0.38118577366196227 0.9244984618471418 0
outer loop
vertex 70.23602294921875 58.13557052612305 -3.700000047683716
vertex 68.8349380493164 58.713260650634766 -3.700000047683716
vertex 70.23602294921875 58.13557052612305 9.5
endloop
endfacet
facet normal 0.00020767620038052246 -0.9999999784352976 0
outer loop
vertex 47.23088455200195 -31.416322708129883 5
vertex 66.75658416748047 -31.412267684936523 5
vertex 47.23088455200195 -31.416322708129883 10.5
endloop
endfacet
facet normal 0.9200747699926372 0.39174279524069366 -6.075776767145837e-8
outer loop
vertex -48.2357292175293 30.627643585205078 10.5
vertex -48.340538024902344 30.873804092407227 5
vertex -48.314781188964844 30.813310623168945 10.5
endloop
endfacet
facet normal 0 0 1
outer loop
vertex 23.74973487854004 -52.26247024536133 11.5
vertex 7.016587257385254 -57.865821838378906 11.5
vertex 23.861217498779297 -52.248382568359375 11.5
endloop
endfacet
facet normal 0.0025843909539894406 0.9999966604561221 0
outer loop
vertex 66.50006103515625 -51.76249694824219 5
vertex 47.2435417175293 -51.712730407714844 5
vertex 66.50006103515625 -51.76249694824219 10.5
endloop
endfacet
facet normal 0.9200727789443243 0.39174747152428285 0
outer loop
vertex -48.340538024902344 30.873804092407227 10.5
vertex -48.314781188964844 30.813310623168945 10.5
vertex -48.340538024902344 30.873804092407227 5
endloop
endfacet
facet normal 0.002834852722541782 0.9999959817969478 0
outer loop
vertex -66.75646209716797 31.41227149963379 10.5
vertex -49.1999397277832 31.36250114440918 10.5
vertex -49.1999397277832 31.36250114440918 5
endloop
endfacet
facet normal -0.5487104492832645 -0.8360124657248587 0
outer loop
vertex -57.25288772583008 -57.303993225097656 9.5
vertex -57.25288772583008 -57.303993225097656 -3.700000047683716
vertex -56.32423782348633 -57.91350555419922 -3.700000047683716
endloop
endfacet
facet normal 0 0 1
outer loop
vertex -66.61144256591797 52.249908447265625 11.5
vertex -66.49974822998047 52.26248550415039 11.5
vertex -66.45040893554688 57.90778732299805 11.5
endloop
endfacet
facet normal 0 0 1
outer loop
vertex -69.87213134765625 57.01253128051758 11.5
vertex -67.04988861083984 52.12689208984375 11.5
vertex -66.97090148925781 52.163726806640625 11.5
endloop
endfacet
facet normal 0.9999966604574453 -0.002584390442027692 0
outer loop
vertex -67.19993591308594 32.0625 10.5
vertex -67.1501693725586 51.31902313232422 5
vertex -67.1501693725586 51.31902313232422 10.5
endloop
endfacet
facet normal 0 0 1
outer loop
vertex -67.1640396118164 52.034149169921875 11.5
vertex -72.54737091064453 54.25672912597656 11.5
vertex -67.51431274414062 51.6592903137207 11.5
endloop
endfacet
facet normal 0 0 1
outer loop
vertex -58.19996643066406 -54.4346923828125 11.5
vertex -57.457157135009766 -55.496395111083984 11.5
vertex -53.264339447021484 -51.68384552001953 11.5
endloop
endfacet
facet normal 0 0 1
outer loop
vertex -71.83638000488281 55.33999252319336 11.5
vertex -72.54737091064453 54.25672912597656 11.5
vertex -67.1640396118164 52.034149169921875 11.5
endloop
endfacet
facet normal 0.4084379940501112 -0.9127860674968231 7.869026734605822e-8
outer loop
vertex 69.06083679199219 -58.6406364440918 9.5
vertex 70.44417572021484 -58.021644592285156 -3.700000047683716
vertex 70.10736083984375 -58.17235565185547 9.5
endloop
endfacet
facet normal 0.22300833338745288 -0.9748165382469361 1.008219420917734e-7
outer loop
vertex -66.79988861083984 51.69388198852539 10.5
vertex -66.49993896484375 51.76250076293945 5
vertex -66.65299987792969 51.72748565673828 10.5
endloop
endfacet
facet normal 0.5732669650972645 -0.8193686512969289 -1.527282717183606e-7
outer loop
vertex 70.44417572021484 -58.021644592285156 9.5
vertex 71.6859359741211 -57.15285110473633 -3.700000047683716
vertex 70.80496215820312 -57.769222259521484 9.5
endloop
endfacet
facet normal -0.8193733691906074 -0.5732602217677699 0
outer loop
vertex -73.4590835571289 28.11838722229004 -3.700000047683716
vertex -73.20673370361328 27.75769805908203 -3.700000047683716
vertex -73.4590835571289 28.11838722229004 9.5
endloop
endfacet
facet normal -0.9127868780556637 -0.4084361825906516 -4.1294589095217093e-7
outer loop
vertex -73.60987091064453 28.455371856689453 -3.700000047683716
vertex -73.4590835571289 28.11838722229004 -3.700000047683716
vertex -74.07807922363281 29.501726150512695 9.5
endloop
endfacet
facet normal -0.19997571900933137 -0.9798008531363407 0
outer loop
vertex -68.83480834960938 24.4117431640625 9.5
vertex -68.83480834960938 24.4117431640625 -3.700000047683716
vertex -67.34991455078125 24.108678817749023 -3.700000047683716
endloop
endfacet
facet normal -0.9900153692311827 -0.1409594575970166 0
outer loop
vertex -60.31367111206055 22.123390197753906 -3.700000047683716
vertex -60.253936767578125 21.7038516998291 -3.700000047683716
vertex -60.31367111206055 22.123390197753906 9.5
endloop
endfacet
facet normal 0 0 -1
outer loop
vertex -54.80459213256836 -55.93226623535156 -5.699999809265137
vertex -56.52743148803711 -56.39894104003906 -5.699999809265137
vertex -55.677223205566406 -55.363037109375 -5.699999809265137
endloop
endfacet
facet normal -0.39962469766132075 -0.9166788428992446 0
outer loop
vertex -61.94871139526367 23.930631637573242 9.5
vertex -61.94871139526367 23.930631637573242 -3.700000047683716
vertex -61.56025314331055 23.76128387451172 -3.700000047683716
endloop
endfacet
facet normal -0.07818877325807842 -0.99693857169657 0
outer loop
vertex -62.36019515991211 24.03193473815918 -3.700000047683716
vertex -62.74993896484375 24.062501907348633 9.5
vertex -62.74993896484375 24.062501907348633 -3.700000047683716
endloop
endfacet
facet normal 0 0 1
outer loop
vertex -52.983238220214844 -57.861629486083984 11.5
vertex -52.50678634643555 -52.21269989013672 11.5
vertex -54.24624252319336 -57.60385513305664 11.5
endloop
endfacet
facet normal 0.730653283560494 -0.6827486940465404 -1.1014640987258002e-7
outer loop
vertex -67.1501693725586 51.31902313232422 10.5
vertex -66.79988861083984 51.69388198852539 5
vertex -66.91567993164062 51.56996536254883 10.5
endloop
endfacet
facet normal -0.5487020581358472 -0.8360179731306531 0
outer loop
vertex -61.56025314331055 23.76128387451172 -3.700000047683716
vertex -61.20597457885742 23.52876091003418 -3.700000047683716
vertex -61.56025314331055 23.76128387451172 9.5
endloop
endfacet
facet normal 0.836005746500712 -0.548720686522558 0
outer loop
vertex 73.3510971069336 -55.136749267578125 9.5
vertex 73.57313537597656 -54.7984619140625 -3.700000047683716
vertex 73.57313537597656 -54.7984619140625 9.5
endloop
endfacet
facet normal 0 0 1
outer loop
vertex -73.34514617919922 32.11088943481445 11.5
vertex -73.27945709228516 31.14967155456543 11.5
vertex -67.6501693725586 51.320316314697266 11.5
endloop
endfacet
facet normal -0.9999966599441407 0.0025845890510069677 0
outer loop
vertex 24.450061798095703 -32.0625 10.5
vertex 24.400291442871094 -51.31901931762695 5
vertex 24.400291442871094 -51.31901931762695 10.5
endloop
endfacet
facet normal 0 0 1
outer loop
vertex -67.09672546386719 31.048124313354492 11.5
vertex -70.77742767333984 26.72606086730957 11.5
vertex -66.9274673461914 30.942424774169922 11.5
endloop
endfacet
facet normal 0 0 1
outer loop
vertex -53.264339447021484 -51.68384552001953 11.5
vertex -53.3143310546875 -51.612449645996094 11.5
vertex -58.19996643066406 -54.4346923828125 11.5
endloop
endfacet
facet normal 0 0 1
outer loop
vertex -72.97920227050781 29.8730525970459 11.5
vertex -67.47158813476562 31.39840316772461 11.5
vertex -67.61720275878906 31.65139389038086 11.5
endloop
endfacet
facet normal 0.979801301048718 -0.19997352440570637 0
outer loop
vertex 74.15081787109375 -53.39737319946289 9.5
vertex 74.4538803100586 -51.912471771240234 -3.700000047683716
vertex 74.4538803100586 -51.912471771240234 9.5
endloop
endfacet
facet normal 0 0 1
outer loop
vertex -73.27945709228516 31.14967155456543 11.5
vertex -72.97920227050781 29.8730525970459 11.5
vertex -67.68582153320312 31.951345443725586 11.5
endloop
endfacet
facet normal 0 0 1
outer loop
vertex -53.221588134765625 -51.72659683227539 11.5
vertex -56.52743148803711 -56.39894104003906 11.5
vertex -52.84672927856445 -52.07687759399414 11.5
endloop
endfacet
facet normal -0.9999966604561221 0.0025843909539894406 0
outer loop
vertex 67.20005798339844 -32.0625 5
vertex 67.1502914428711 -51.31901931762695 5
vertex 67.20005798339844 -32.0625 10.5
endloop
endfacet
facet normal 0.7832819602043947 0.6216666074499747 0
outer loop
vertex -48.50686264038086 31.0833683013916 5
vertex -48.340538024902344 30.873804092407227 10.5
vertex -48.340538024902344 30.873804092407227 5
endloop
endfacet
facet normal -0.6827495557538268 -0.7306524783492847 0
outer loop
vertex 67.13143920898438 -31.76254653930664 5
vertex 66.75658416748047 -31.412267684936523 10.5
vertex 66.75658416748047 -31.412267684936523 5
endloop
endfacet
facet normal 0.11426868546792134 0.993449881736081 0
outer loop
vertex -48.97289276123047 31.33638572692871 5
vertex -49.1999397277832 31.36250114440918 5
vertex -48.97289276123047 31.33638572692871 10.5
endloop
endfacet
facet normal -0.9999997870435428 0.0006526200038313824 0
outer loop
vertex 67.20005798339844 51.0625 5
vertex 67.1502914428711 -25.194019317626953 5
vertex 67.20005798339844 51.0625 10.5
endloop
endfacet
facet normal 0 0 -1
outer loop
vertex -71.94611358642578 31.300878524780273 -5.699999809265137
vertex -73.34514617919922 32.11088943481445 -5.699999809265137
vertex -71.99993896484375 32.07075881958008 -5.699999809265137
endloop
endfacet
facet normal 0.7175131381412891 -0.6965449709778369 -3.518792481150582e-7
outer loop
vertex 71.6859359741211 -57.15285110473633 9.5
vertex 72.7415542602539 -56.06544876098633 -3.700000047683716
vertex 72.04037475585938 -56.787742614746094 9.5
endloop
endfacet
facet normal -0.06817787650114034 0.9976731815358149 0
outer loop
vertex -66.48961639404297 59.0625 9.5
vertex -67.58545684814453 58.987613677978516 -3.700000047683716
vertex -67.58545684814453 58.987613677978516 9.5
endloop
endfacet
facet normal -0.5732670683585374 0.8193685790507156 -1.3825912146272098e-7
outer loop
vertex -70.44405364990234 58.02164840698242 9.5
vertex -71.6858139038086 57.152854919433594 -3.700000047683716
vertex -70.8050308227539 57.76909255981445 9.5
endloop
endfacet
facet normal -0.7175161743793154 0.6965418433260645 0
outer loop
vertex -72.7414321899414 56.06544876098633 -3.700000047683716
vertex -72.7414321899414 56.06544876098633 9.5
vertex -72.04036712646484 56.78762435913086 9.5
endloop
endfacet
facet normal 0 0 -1
outer loop
vertex -71.7641372680664 52.652828216552734 -5.699999809265137
vertex -72.54737091064453 54.25672912597656 -5.699999809265137
vertex -71.36970520019531 53.617156982421875 -5.699999809265137
endloop
endfacet
facet normal 0 0 -1
outer loop
vertex -70.80047607421875 54.489784240722656 -5.699999809265137
vertex -70.933837890625 56.269718170166016 -5.699999809265137
vertex -70.0768814086914 55.2393913269043 -5.699999809265137
endloop
endfacet
facet normal 0 0 -1
outer loop
vertex -70.933837890625 56.269718170166016 -5.699999809265137
vertex -69.87213134765625 57.01253128051758 -5.699999809265137
vertex -70.0768814086914 55.2393913269043 -5.699999809265137
endloop
endfacet
facet normal 0.9748126189662383 0.2230254646985796 4.078859264396129e-7
outer loop
vertex -52.881317138671875 -51.362449645996094 10.5
vertex -52.9499397277832 -51.0625 5
vertex -52.91493225097656 -51.21552276611328 10.5
endloop
endfacet
facet normal 0 0 -1
outer loop
vertex -69.22489166259766 55.83906555175781 -5.699999809265137
vertex -69.87213134765625 57.01253128051758 -5.699999809265137
vertex -68.68938446044922 57.54176712036133 -5.699999809265137
endloop
endfacet
facet normal 0 0 -1
outer loop
vertex -67.26155853271484 56.5086784362793 -5.699999809265137
vertex -66.45040893554688 57.90778732299805 -5.699999809265137
vertex -66.49168395996094 56.5625 -5.699999809265137
endloop
endfacet
facet normal 0.002834852722541782 0.9999959817969478 0
outer loop
vertex -66.75646209716797 31.41227149963379 5
vertex -66.75646209716797 31.41227149963379 10.5
vertex -49.1999397277832 31.36250114440918 5
endloop
endfacet
facet normal 0.7306542843771596 -0.6827476230067008 2.6590970705479686e-8
outer loop
vertex -52.900169372558594 -31.80597686767578 10.5
vertex -52.549888610839844 -31.43111801147461 5
vertex -52.66552734375 -31.55487060546875 10.5
endloop
endfacet
facet normal 0.9748169401412384 0.22300657661529438 0
outer loop
vertex -67.13131713867188 31.762550354003906 5
vertex -67.19993591308594 32.0625 5
vertex -67.13131713867188 31.762550354003906 10.5
endloop
endfacet
facet normal 0 0 1
outer loop
vertex 24.900178909301758 -51.3203125 11.5
vertex 46.312652587890625 -51.17400360107422 11.5
vertex 46.300174713134766 -51.06120681762695 11.5
endloop
endfacet
facet normal 0 0 1
outer loop
vertex -48.96353530883789 30.797929763793945 11.5
vertex -59.21725845336914 22.475975036621094 11.5
vertex -48.856544494628906 30.71966552734375 11.5
endloop
endfacet
facet normal 0.6827525962472607 0.7306496371843519 0
outer loop
vertex -52.757659912109375 -51.47800064086914 10.5
vertex -52.881317138671875 -51.362449645996094 5
vertex -52.881317138671875 -51.362449645996094 10.5
endloop
endfacet
facet normal 0 0 1
outer loop
vertex -49.09211349487305 30.8468017578125 11.5
vertex -59.21725845336914 22.475975036621094 11.5
vertex -48.96353530883789 30.797929763793945 11.5
endloop
endfacet
facet normal 0.5732685014403309 -0.8193675764004561 0
outer loop
vertex 70.80496215820312 -57.769222259521484 9.5
vertex 71.6859359741211 -57.15285110473633 -3.700000047683716
vertex 71.6859359741211 -57.15285110473633 9.5
endloop
endfacet
facet normal 0 0 1
outer loop
vertex -49.229305267333984 30.86258316040039 11.5
vertex -59.977210998535156 23.939064025878906 11.5
vertex -59.72056198120117 23.601850509643555 11.5
endloop
endfacet
facet normal -0.7306599116194622 0.6827416008651778 5.420354470397661e-7
outer loop
vertex 24.400291442871094 -51.31901931762695 10.5
vertex 24.050012588500977 -51.693878173828125 5
vertex 24.165599822998047 -51.57018280029297 10.5
endloop
endfacet
facet normal 0 0 1
outer loop
vertex -49.229305267333984 30.86258316040039 11.5
vertex -60.572383880615234 24.494108200073242 11.5
vertex -60.42095947265625 24.370527267456055 11.5
endloop
endfacet
facet normal -0.548712883965156 -0.836010867734718 -2.9144646935840964e-7
outer loop
vertex -71.50288391113281 25.821006774902344 9.5
vertex -70.57405853271484 25.211380004882812 -3.700000047683716
vertex -70.23590087890625 24.989431381225586 -3.700000047683716
endloop
endfacet
facet normal 0 0 1
outer loop
vertex -49.229305267333984 30.86258316040039 11.5
vertex -60.92878723144531 24.7233943939209 11.5
vertex -60.572383880615234 24.494108200073242 11.5
endloop
endfacet
facet normal 0 0 1
outer loop
vertex -49.229305267333984 30.86258316040039 11.5
vertex -61.67367172241211 25.047819137573242 11.5
vertex -61.4888801574707 24.985429763793945 11.5
endloop
endfacet
facet normal 0 0 1
outer loop
vertex -62.2702522277832 25.17876625061035 11.5
vertex -62.08515167236328 25.14912223815918 11.5
vertex -49.229305267333984 30.86258316040039 11.5
endloop
endfacet
facet normal 0 0 1
outer loop
vertex -59.42252731323242 23.05939292907715 11.5
vertex -59.34699249267578 22.879398345947266 11.5
vertex -49.229305267333984 30.86258316040039 11.5
endloop
endfacet
facet normal 0 0 1
outer loop
vertex 7.016587257385254 -57.865821838378906 11.5
vertex 47.07252883911133 -52.18257522583008 11.5
vertex 46.90327072143555 -52.07687759399414 11.5
endloop
endfacet
facet normal 0 0 1
outer loop
vertex 68.68950653076172 -57.54176330566406 11.5
vertex 69.87225341796875 -57.01252746582031 11.5
vertex 67.1641616821289 -52.034149169921875 11.5
endloop
endfacet
facet normal 0 0 1
outer loop
vertex 66.75676727294922 52.21271514892578 11.5
vertex 66.9275894165039 52.182579040527344 11.5
vertex 68.4963607788086 57.60385513305664 11.5
endloop
endfacet
facet normal -0.9734391493257781 -0.2289458943940803 0
outer loop
vertex -74.425048828125 30.97698211669922 -3.700000047683716
vertex -74.07807922363281 29.501726150512695 -3.700000047683716
vertex -74.425048828125 30.97698211669922 9.5
endloop
endfacet
facet normal 0 0 -1
outer loop
vertex 68.09039306640625 56.326698303222656 -5.699999809265137
vertex 69.69429016113281 57.10993576049805 -5.699999809265137
vertex 69.05471801757812 55.93227005004883 -5.699999809265137
endloop
endfacet
facet normal 0 0 1
outer loop
vertex 46.485660552978516 -51.68384552001953 11.5
vertex 7.016587257385254 -57.865821838378906 11.5
vertex 46.528411865234375 -51.72659683227539 11.5
endloop
endfacet
facet normal 0 0 -1
outer loop
vertex 71.27662658691406 53.787452697753906 -5.699999809265137
vertex 72.97932434082031 53.251949310302734 -5.699999809265137
vertex 71.70484161376953 52.837646484375 -5.699999809265137
endloop
endfacet
facet normal 0 0 1
outer loop
vertex 66.91151428222656 -52.1812858581543 11.5
vertex 68.68950653076172 -57.54176330566406 11.5
vertex 67.1641616821289 -52.034149169921875 11.5
endloop
endfacet
facet normal 0 0 1
outer loop
vertex -67.22754669189453 25.262208938598633 11.5
vertex -62.73835754394531 25.216188430786133 11.5
vertex -66.75787353515625 30.912395477294922 11.5
endloop
endfacet
facet normal 0 0 -1
outer loop
vertex 70.67694854736328 54.639442443847656 -5.699999809265137
vertex 72.45008850097656 54.434696197509766 -5.699999809265137
vertex 71.27662658691406 53.787452697753906 -5.699999809265137
endloop
endfacet
facet normal 0 0 1
outer loop
vertex 67.51561737060547 -51.66039276123047 11.5
vertex 67.1641616821289 -52.034149169921875 11.5
vertex 71.83650207519531 -55.33999252319336 11.5
endloop
endfacet
facet normal -0.9999972909214967 0.0023276919185639487 0
outer loop
vertex -74.4537582397461 51.9124755859375 -3.700000047683716
vertex -74.49993896484375 32.07282257080078 -3.700000047683716
vertex -74.4537582397461 51.9124755859375 9.5
endloop
endfacet
facet normal 0 0 1
outer loop
vertex 46.398834228515625 -51.5334587097168 11.5
vertex 7.016587257385254 -57.865821838378906 11.5
vertex 46.4356689453125 -51.612449645996094 11.5
endloop
endfacet
facet normal 0 0 -1
outer loop
vertex 69.05471801757812 55.93227005004883 -5.699999809265137
vertex 70.77755737304688 56.39894104003906 -5.699999809265137
vertex 69.9273452758789 55.363040924072266 -5.699999809265137
endloop
endfacet
facet normal 0.9748145532787154 0.22301700992529375 0
outer loop
vertex -48.131317138671875 -25.237449645996094 5
vertex -48.1999397277832 -24.937498092651367 5
vertex -48.131317138671875 -25.237449645996094 10.5
endloop
endfacet
facet normal -0.8360189781025856 0.5487005269291332 0
outer loop
vertex -73.35107421875 55.13660430908203 -3.700000047683716
vertex -73.57300567626953 54.7984619140625 -3.700000047683716
vertex -73.35107421875 55.13660430908203 9.5
endloop
endfacet
facet normal 0 0 1
outer loop
vertex 67.09685516357422 52.07687759399414 11.5
vertex 70.77755737304688 56.39894104003906 11.5
vertex 66.9275894165039 52.182579040527344 11.5
endloop
endfacet
facet normal 0 0 1
outer loop
vertex 67.6201400756836 -51.490028381347656 11.5
vertex 72.54749298095703 -54.2567253112793 11.5
vertex 73.04141998291016 -53.058799743652344 11.5
endloop
endfacet
facet normal -0.5732684594529334 0.8193676057768315 5.666358559466316e-8
outer loop
vertex -70.8050308227539 57.76909255981445 -3.700000047683716
vertex -71.6858139038086 57.152854919433594 -3.700000047683716
vertex -70.44405364990234 58.02164840698242 9.5
endloop
endfacet
facet normal 0 0 1
outer loop
vertex 46.528411865234375 -51.72659683227539 11.5
vertex 7.016587257385254 -57.865821838378906 11.5
vertex 46.90327072143555 -52.07687759399414 11.5
endloop
endfacet
facet normal 0 0 -1
outer loop
vertex 71.70728302001953 55.496395111083984 -5.699999809265137
vertex 69.9273452758789 55.363040924072266 -5.699999809265137
vertex 70.77755737304688 56.39894104003906 -5.699999809265137
endloop
endfacet
facet normal 0 0 -1
outer loop
vertex -58.72920227050781 -53.251949310302734 -5.699999809265137
vertex -59.029457092285156 -51.9753303527832 -5.699999809265137
vertex -57.4547233581543 -52.837642669677734 -5.699999809265137
endloop
endfacet
facet normal -0.6820178253798701 -0.7313355494327572 0
outer loop
vertex -60.89605712890625 23.2397403717041 -3.700000047683716
vertex -60.89605712890625 23.2397403717041 9.5
vertex -61.069297790527344 23.40129852294922 9.5
endloop
endfacet
facet normal -0.795749426088041 -0.6056259991781673 0
outer loop
vertex -60.89605712890625 23.2397403717041 9.5
vertex -60.63941192626953 22.90252685546875 -3.700000047683716
vertex -60.63941192626953 22.90252685546875 9.5
endloop
endfacet
facet normal 0 0 -1
outer loop
vertex -55.677223205566406 -55.363037109375 -5.699999809265137
vertex -57.457157135009766 -55.496395111083984 -5.699999809265137
vertex -56.42682647705078 -54.639442443847656 -5.699999809265137
endloop
endfacet
facet normal 0 0 -1
outer loop
vertex -58.72920227050781 -53.251949310302734 -5.699999809265137
vertex -57.0265007019043 -53.78744888305664 -5.699999809265137
vertex -58.19996643066406 -54.4346923828125 -5.699999809265137
endloop
endfacet
facet normal -0.6965393960300942 -0.7175185501281695 3.391405900035448e-8
outer loop
vertex -72.59029388427734 26.876623153686523 9.5
vertex -71.50288391113281 25.821006774902344 -3.700000047683716
vertex -72.22511291503906 26.522119522094727 9.5
endloop
endfacet
facet normal -0.912786016187534 -0.4084381087172094 0
outer loop
vertex -73.4590835571289 28.11838722229004 9.5
vertex -73.60987091064453 28.45536994934082 9.5
vertex -73.4590835571289 28.11838722229004 -3.700000047683716
endloop
endfacet
facet normal -0.38118292390319564 -0.9244996368439582 0
outer loop
vertex -70.23590087890625 24.989431381225586 9.5
vertex -68.83480834960938 24.4117431640625 -3.700000047683716
vertex -68.83480834960938 24.4117431640625 9.5
endloop
endfacet
facet normal -0.8193684773215398 -0.5732672137596753 0
outer loop
vertex -73.20673370361328 27.75769805908203 9.5
vertex -72.59029388427734 26.876623153686523 -3.700000047683716
vertex -72.59029388427734 26.876623153686523 9.5
endloop
endfacet
facet normal -0.00006975446411599761 -0.9999999975669418 -6.567134024043209e-7
outer loop
vertex 27.850061416625977 -59.02198028564453 -3.450000047683716
vertex 67.26720428466797 -59.02473831176758 9.5
vertex 20.850061416625977 -59.02149200439453 -3.450000047683716
endloop
endfacet
facet normal 0 0 1
outer loop
vertex 67.564453125 51.61245346069336 11.5
vertex 67.60128784179688 51.53346252441406 11.5
vertex 72.45008850097656 54.434696197509766 11.5
endloop
endfacet
facet normal 0 0 1
outer loop
vertex -48.601165771484375 -25.40846061706543 11.5
vertex -52.519142150878906 -30.916324615478516 11.5
vertex -48.5643310546875 -25.487449645996094 11.5
endloop
endfacet
facet normal -0.9900153692311827 -0.1409594575970166 0
outer loop
vertex -60.31367111206055 22.123390197753906 9.5
vertex -60.253936767578125 21.7038516998291 -3.700000047683716
vertex -60.253936767578125 21.7038516998291 9.5
endloop
endfacet
facet normal 0 0 1
outer loop
vertex -48.09672927856445 -25.951875686645508 11.5
vertex -52.519142150878906 -30.916324615478516 11.5
vertex -47.92747116088867 -26.057575225830078 11.5
endloop
endfacet
facet normal -0.01003800630028069 -0.999949617945582 0
outer loop
vertex -67.34991455078125 24.108678817749023 9.5
vertex -62.74993896484375 24.062501907348633 -3.700000047683716
vertex -62.74993896484375 24.062501907348633 9.5
endloop
endfacet
facet normal 0 0 1
outer loop
vertex -48.687347412109375 -25.04900360107422 11.5
vertex -48.6999397277832 -24.937498092651367 11.5
vertex -52.519142150878906 -30.916324615478516 11.5
endloop
endfacet
facet normal -0.682024747585305 -0.7313290939660285 -1.698591448068822e-7
outer loop
vertex -60.89605712890625 23.2397403717041 -3.700000047683716
vertex -61.069297790527344 23.40129852294922 9.5
vertex -61.20597457885742 23.52876091003418 9.5
endloop
endfacet
facet normal -0.9748088418652008 -0.2230419732172552 0.000002186132656278785
outer loop
vertex 67.13143920898438 -31.76254653930664 10.5
vertex 67.20005798339844 -32.0625 5
vertex 67.16505432128906 -31.909461975097656 10.5
endloop
endfacet
facet normal -0.38118273525549146 -0.9244997146257763 0
outer loop
vertex -54.58481216430664 -58.7132568359375 -3.700000047683716
vertex -55.98590087890625 -58.13557052612305 9.5
vertex -55.98590087890625 -58.13557052612305 -3.700000047683716
endloop
endfacet
facet normal -0.5487020581358472 -0.8360179731306531 0
outer loop
vertex -61.56025314331055 23.76128387451172 9.5
vertex -61.20597457885742 23.52876091003418 -3.700000047683716
vertex -61.20597457885742 23.52876091003418 9.5
endloop
endfacet
facet normal 0 0 -1
outer loop
vertex -57.69611740112305 -51.824119567871094 -5.699999809265137
vertex -59.029457092285156 -51.9753303527832 -5.699999809265137
vertex -59.09524154663086 -51.01273727416992 -5.699999809265137
endloop
endfacet
facet normal -0.7306610008453645 0.6827404351895079 9.442394307727333e-7
outer loop
vertex 67.1502914428711 -51.31901931762695 10.5
vertex 66.80001068115234 -51.693878173828125 5
vertex 66.91561126708984 -51.57017135620117 10.5
endloop
endfacet
facet normal -0.951982825816828 -0.30615143205562967 3.065553823474551e-7
outer loop
vertex -60.44340515136719 22.526813507080078 9.5
vertex -60.31367111206055 22.123390197753906 -3.700000047683716
vertex -60.40540313720703 22.408645629882812 9.5
endloop
endfacet
facet normal 1 0 0
outer loop
vertex -48.1999397277832 -24.937498092651367 5
vertex -48.1999397277832 30.36250114440918 5
vertex -48.1999397277832 -24.937498092651367 10.5
endloop
endfacet
facet normal -0.22894799907129088 0.9734386543184178 0
outer loop
vertex -67.58545684814453 58.987613677978516 -3.700000047683716
vertex -69.06071472167969 58.64064025878906 -3.700000047683716
vertex -67.58545684814453 58.987613677978516 9.5
endloop
endfacet
facet normal -0.07818877325807842 -0.99693857169657 0
outer loop
vertex -62.74993896484375 24.062501907348633 9.5
vertex -62.36019515991211 24.03193473815918 -3.700000047683716
vertex -62.36019515991211 24.03193473815918 9.5
endloop
endfacet
facet normal 0 0 1
outer loop
vertex 72.54749298095703 -54.2567253112793 11.5
vertex 67.51561737060547 -51.66039276123047 11.5
vertex 71.83650207519531 -55.33999252319336 11.5
endloop
endfacet
facet normal -0.19997352440570637 -0.979801301048718 0
outer loop
vertex -54.58481216430664 -58.7132568359375 9.5
vertex -54.58481216430664 -58.7132568359375 -3.700000047683716
vertex -53.099910736083984 -59.016319274902344 -3.700000047683716
endloop
endfacet
facet normal -0.40843270907082485 0.9127884323109728 -5.860611144536807e-7
outer loop
vertex -70.10726165771484 58.17234802246094 -3.700000047683716
vertex -70.44405364990234 58.02164840698242 -3.700000047683716
vertex -69.06071472167969 58.64064025878906 9.5
endloop
endfacet
facet normal -0.7175161743793144 0.6965418433260635 -5.2710462526491515e-8
outer loop
vertex -72.04036712646484 56.78762435913086 -3.700000047683716
vertex -72.7414321899414 56.06544876098633 -3.700000047683716
vertex -71.6858139038086 57.152854919433594 9.5
endloop
endfacet
facet normal -0.5732670683585429 0.8193685790507235 0
outer loop
vertex -70.44405364990234 58.02164840698242 -3.700000047683716
vertex -70.8050308227539 57.76909255981445 -3.700000047683716
vertex -70.44405364990234 58.02164840698242 9.5
endloop
endfacet
facet normal 0.40843799405011255 -0.912786067496826 0
outer loop
vertex 69.06083679199219 -58.6406364440918 -3.700000047683716
vertex 70.10736083984375 -58.17235565185547 -3.700000047683716
vertex 69.06083679199219 -58.6406364440918 9.5
endloop
endfacet
facet normal 0 0 1
outer loop
vertex -59.0987434387207 12.753053665161133 11.5
vertex -53.37001419067383 -31.634967803955078 11.5
vertex -53.26431655883789 -31.465709686279297 11.5
endloop
endfacet
facet normal -0.8360116364199787 0.5487117128059045 0
outer loop
vertex -72.7414321899414 56.06544876098633 -3.700000047683716
vertex -73.35107421875 55.13660430908203 -3.700000047683716
vertex -72.7414321899414 56.06544876098633 9.5
endloop
endfacet
facet normal 0 0 1
outer loop
vertex -59.0987434387207 12.753053665161133 11.5
vertex -52.734962463378906 -30.967384338378906 11.5
vertex -52.519142150878906 -30.916324615478516 11.5
endloop
endfacet
facet normal 0 0 -1
outer loop
vertex 72.45008850097656 54.434696197509766 -5.699999809265137
vertex 70.67694854736328 54.639442443847656 -5.699999809265137
vertex 71.70728302001953 55.496395111083984 -5.699999809265137
endloop
endfacet
facet normal -0.9798012003910016 0.19997401759316727 0
outer loop
vertex -74.15069580078125 53.39737319946289 -3.700000047683716
vertex -74.4537582397461 51.9124755859375 -3.700000047683716
vertex -74.4537582397461 51.9124755859375 9.5
endloop
endfacet
facet normal -0.5487099891290429 -0.8360127677434086 1.0610721946822872e-7
outer loop
vertex -71.50288391113281 25.821006774902344 9.5
vertex -70.23590087890625 24.989431381225586 -3.700000047683716
vertex -70.57405853271484 25.211380004882812 9.5
endloop
endfacet
facet normal -0.9976729453010974 -0.06818133332689734 0
outer loop
vertex -60.24993896484375 -51.05217742919922 -3.700000047683716
vertex -60.175048828125 -52.14801788330078 -3.700000047683716
vertex -60.24993896484375 -51.05217742919922 9.5
endloop
endfacet
facet normal 0 0 -1
outer loop
vertex 72.97932434082031 53.251949310302734 -5.699999809265137
vertex 71.27662658691406 53.787452697753906 -5.699999809265137
vertex 72.45008850097656 54.434696197509766 -5.699999809265137
endloop
endfacet
facet normal 0 0 1
outer loop
vertex -72.44996643066406 28.690305709838867 11.5
vertex -71.7071533203125 27.628604888916016 11.5
vertex -67.47158813476562 31.39840316772461 11.5
endloop
endfacet
facet normal -0.00006997744133341903 -0.9999999975515788 -5.000120887521208e-9
outer loop
vertex -53.099910736083984 -59.016319274902344 9.5
vertex -7.634922981262207 -59.019500732421875 -3.700000047683716
vertex -7.635866165161133 -59.019500732421875 9.5
endloop
endfacet
facet normal 0 0 1
outer loop
vertex 72.97932434082031 53.251949310302734 11.5
vertex 67.68594360351562 51.17365646362305 11.5
vertex 73.27957916259766 51.9753303527832 11.5
endloop
endfacet
facet normal 0 0 -1
outer loop
vertex 68.4963607788086 57.60385513305664 -5.699999809265137
vertex 67.06897735595703 56.532169342041016 -5.699999809265137
vertex 67.23320770263672 57.861663818359375 -5.699999809265137
endloop
endfacet
facet normal -0.9999999984903553 -0.00005494806102254264 0
outer loop
vertex -60.253936767578125 21.7038516998291 9.5
vertex -60.24993896484375 -51.05217742919922 -3.700000047683716
vertex -60.24993896484375 -51.05217742919922 9.5
endloop
endfacet
facet normal 0.5487105837279982 0.836012377483043 -1.7189582240871514e-7
outer loop
vertex 71.50301361083984 57.303993225097656 9.5
vertex 70.23602294921875 58.13557052612305 -3.700000047683716
vertex 70.5740966796875 57.91368103027344 9.5
endloop
endfacet
facet normal 0.000052989039095499235 -0.9999999985960809 0
outer loop
vertex -52.51911544799805 -31.416322708129883 10.5
vertex -52.51911544799805 -31.416322708129883 5
vertex 24.006582260131836 -31.412267684936523 5
endloop
endfacet
facet normal 0 0 1
outer loop
vertex 67.23320770263672 57.861663818359375 11.5
vertex -66.49974822998047 52.26248550415039 11.5
vertex 66.75676727294922 52.21271514892578 11.5
endloop
endfacet
facet normal 0 0 -1
outer loop
vertex 73.34534454345703 51.013031005859375 -5.699999809265137
vertex 72.00006103515625 51.05424499511719 -5.699999809265137
vertex 71.94623565673828 51.82412338256836 -5.699999809265137
endloop
endfacet
facet normal 0.5487058928337514 0.8360154562982168 0
outer loop
vertex 70.23602294921875 58.13557052612305 9.5
vertex 70.5740966796875 57.91368103027344 9.5
vertex 70.23602294921875 58.13557052612305 -3.700000047683716
endloop
endfacet
facet normal 0.0006526200038313824 0.9999997870435428 0
outer loop
vertex 23.75006103515625 -51.76249694824219 5
vertex -52.5064582824707 -51.712730407714844 5
vertex 23.75006103515625 -51.76249694824219 10.5
endloop
endfacet
facet normal 0 0 1
outer loop
vertex 67.68594360351562 51.17365646362305 11.5
vertex 67.70005798339844 51.06217575073242 11.5
vertex 73.27957916259766 51.9753303527832 11.5
endloop
endfacet
facet normal -0.9734386543184178 -0.22894799907129088 0
outer loop
vertex -60.175048828125 -52.14801788330078 -3.700000047683716
vertex -59.82807540893555 -53.62327575683594 -3.700000047683716
vertex -60.175048828125 -52.14801788330078 9.5
endloop
endfacet
facet normal 0 0 1
outer loop
vertex -59.61565017700195 23.436613082885742 11.5
vertex -59.42252731323242 23.05939292907715 11.5
vertex -49.229305267333984 30.86258316040039 11.5
endloop
endfacet
facet normal 0 0 1
outer loop
vertex -60.42095947265625 24.370527267456055 11.5
vertex -60.111045837402344 24.081506729125977 11.5
vertex -49.229305267333984 30.86258316040039 11.5
endloop
endfacet
facet normal -0.9999966604561221 0.0025843909539894406 0
outer loop
vertex 67.20005798339844 -32.0625 10.5
vertex 67.1502914428711 -51.31901931762695 5
vertex 67.1502914428711 -51.31901931762695 10.5
endloop
endfacet
facet normal 0 0 1
outer loop
vertex 24.37140655517578 -52.076900482177734 11.5
vertex 24.300012588500977 -52.12689208984375 11.5
vertex 46.312652587890625 -51.17400360107422 11.5
endloop
endfacet
facet normal 0.0006526200038313824 0.9999997870435428 0
outer loop
vertex 23.75006103515625 -51.76249694824219 10.5
vertex -52.5064582824707 -51.712730407714844 5
vertex -52.5064582824707 -51.712730407714844 10.5
endloop
endfacet
facet normal 0 0 -1
outer loop
vertex -53.840267181396484 -56.32669448852539 -5.699999809265137
vertex -55.44416427612305 -57.10993194580078 -5.699999809265137
vertex -54.80459213256836 -55.93226623535156 -5.699999809265137
endloop
endfacet
facet normal 0.1158265295978564 -0.993269457418925 -1.7613174528069383e-7
outer loop
vertex 67.26720428466797 -59.02473831176758 9.5
vertex 67.44756317138672 -59.00370407104492 -3.700000047683716
vertex 67.58557891845703 -58.98760986328125 -3.700000047683716
endloop
endfacet
facet normal 0 0 1
outer loop
vertex -52.50678634643555 -52.21269989013672 11.5
vertex -52.983238220214844 -57.861629486083984 11.5
vertex 23.74973487854004 -52.26247024536133 11.5
endloop
endfacet
facet normal 1 0 0
outer loop
vertex -48.1999397277832 30.36250114440918 10.5
vertex -48.1999397277832 -24.937498092651367 10.5
vertex -48.1999397277832 30.36250114440918 5
endloop
endfacet
facet normal -0.2230124670864146 0.9748155925732984 0
outer loop
vertex 66.80001068115234 -25.568878173828125 5
vertex 66.50006103515625 -25.63749885559082 5
vertex 66.80001068115234 -25.568878173828125 10.5
endloop
endfacet
facet normal -0.7306400588811797 0.6827628463515764 0
outer loop
vertex 66.80001068115234 -51.693878173828125 10.5
vertex 66.91561126708984 -51.57017135620117 10.5
vertex 66.80001068115234 -51.693878173828125 5
endloop
endfacet
facet normal -0.7306540897510115 0.6827478312892109 0
outer loop
vertex 67.1502914428711 -25.194019317626953 5
vertex 66.80001068115234 -25.568878173828125 5
vertex 67.1502914428711 -25.194019317626953 10.5
endloop
endfacet
facet normal 0.999996659945464 -0.002584588539005977 0
outer loop
vertex 46.8000602722168 -51.0625 10.5
vertex 46.849830627441406 -31.80597686767578 5
vertex 46.849830627441406 -31.80597686767578 10.5
endloop
endfacet
facet normal 0.6965420595015029 0.7175159645230234 0
outer loop
vertex 72.22533416748047 56.602787017822266 9.5
vertex 71.50301361083984 57.303993225097656 -3.700000047683716
vertex 71.50301361083984 57.303993225097656 9.5
endloop
endfacet
facet normal -0.22301139734490238 0.9748158373017287 -6.139309447691791e-8
outer loop
vertex 66.80001068115234 -25.568878173828125 10.5
vertex 66.50006103515625 -25.63749885559082 5
vertex 66.6530990600586 -25.602487564086914 10.5
endloop
endfacet
facet normal 0 0 1
outer loop
vertex -59.17317581176758 22.285770416259766 11.5
vertex -48.6999397277832 -24.937498092651367 11.5
vertex -48.6999397277832 30.328907012939453 11.5
endloop
endfacet
facet normal -0.7306535091144777 0.6827484526666464 0
outer loop
vertex 66.80001068115234 -25.568878173828125 10.5
vertex 66.91559600830078 -25.44518280029297 10.5
vertex 66.80001068115234 -25.568878173828125 5
endloop
endfacet
facet normal 0 0 1
outer loop
vertex -59.17317581176758 22.285770416259766 11.5
vertex -59.11344528198242 21.86623191833496 11.5
vertex -48.6999397277832 -24.937498092651367 11.5
endloop
endfacet
facet normal 0.6965403216158162 0.7175176516039876 1.8471986304017608e-7
outer loop
vertex 72.59041595458984 56.24837875366211 9.5
vertex 71.50301361083984 57.303993225097656 -3.700000047683716
vertex 72.22533416748047 56.602787017822266 9.5
endloop
endfacet
facet normal 0 0 1
outer loop
vertex -49.229305267333984 30.86258316040039 11.5
vertex -59.21725845336914 22.475975036621094 11.5
vertex -49.09211349487305 30.8468017578125 11.5
endloop
endfacet
facet normal 0 0 1
outer loop
vertex 66.9275894165039 -30.94242286682129 11.5
vertex 67.09795379638672 -31.046939849853516 11.5
vertex 66.61121368408203 -26.123382568359375 11.5
endloop
endfacet
facet normal 0.9976729453010974 0.06818133332689734 0
outer loop
vertex 74.50006103515625 51.052181243896484 9.5
vertex 74.4251708984375 52.14802169799805 -3.700000047683716
vertex 74.4251708984375 52.14802169799805 9.5
endloop
endfacet
facet normal 0 0 1
outer loop
vertex 67.09795379638672 -31.046939849853516 11.5
vertex 67.47171020507812 -31.398399353027344 11.5
vertex 67.1641616821289 -25.909147262573242 11.5
endloop
endfacet
facet normal 0 0 1
outer loop
vertex 66.50006103515625 -26.13749885559082 11.5
vertex 66.75647735595703 -30.912277221679688 11.5
vertex 66.61121368408203 -26.123382568359375 11.5
endloop
endfacet
facet normal -0.00006997598963181545 -0.9999999975516803 0
outer loop
vertex -53.099910736083984 -59.016319274902344 -3.700000047683716
vertex -7.634922981262207 -59.019500732421875 -3.700000047683716
vertex -53.099910736083984 -59.016319274902344 9.5
endloop
endfacet
facet normal 0 0 1
outer loop
vertex 66.61121368408203 -26.123382568359375 11.5
vertex 67.09795379638672 -31.046939849853516 11.5
vertex 66.91117095947266 -26.054763793945312 11.5
endloop
endfacet
facet normal 0 0 1
outer loop
vertex -48.856544494628906 30.71966552734375 11.5
vertex -59.21725845336914 22.475975036621094 11.5
vertex -48.77413558959961 30.615835189819336 11.5
endloop
endfacet
facet normal 0 0 1
outer loop
vertex -59.09524154663086 -51.01273727416992 11.5
vertex -53.40016555786133 -31.804685592651367 11.5
vertex -53.392574310302734 -31.719154357910156 11.5
endloop
endfacet
facet normal 0 0 1
outer loop
vertex 67.51561737060547 -25.53539276123047 11.5
vertex 67.47171020507812 -31.398399353027344 11.5
vertex 67.6201400756836 -25.36503028869629 11.5
endloop
endfacet
facet normal 0 0 -1
outer loop
vertex -68.27508544921875 56.26728439331055 -5.699999809265137
vertex -67.41276550292969 57.84202194213867 -5.699999809265137
vertex -67.26155853271484 56.5086784362793 -5.699999809265137
endloop
endfacet
facet normal 0 0 1
outer loop
vertex 67.699951171875 -32.06378936767578 11.5
vertex 67.65017700195312 -51.3203125 11.5
vertex 73.33956909179688 38.13442611694336 11.5
endloop
endfacet
facet normal 0.8360057465001504 -0.5487206865221894 -0.00000115916919883072
outer loop
vertex 72.7415542602539 -56.06544876098633 9.5
vertex 73.3510971069336 -55.136749267578125 -3.700000047683716
vertex 73.57313537597656 -54.7984619140625 -3.700000047683716
endloop
endfacet
facet normal 0 0 1
outer loop
vertex 67.61732482910156 -31.651391983032227 11.5
vertex 67.68594360351562 -31.951343536376953 11.5
vertex 73.33956909179688 38.13442611694336 11.5
endloop
endfacet
facet normal 0 0 1
outer loop
vertex 67.564453125 -31.51254653930664 11.5
vertex 67.60128784179688 -31.591537475585938 11.5
vertex 73.33956909179688 38.13442611694336 11.5
endloop
endfacet
facet normal -0.819371527890526 -0.5732628535692376 0
outer loop
vertex -59.209083557128906 -55.00661087036133 -3.700000047683716
vertex -58.95671463012695 -55.36732482910156 -3.700000047683716
vertex -59.209083557128906 -55.00661087036133 9.5
endloop
endfacet
facet normal 0 0 1
outer loop
vertex 73.33956909179688 38.13442611694336 11.5
vertex 67.51446533203125 -31.441152572631836 11.5
vertex 67.564453125 -31.51254653930664 11.5
endloop
endfacet
facet normal 0 0 1
outer loop
vertex 67.65026092529297 -25.194345474243164 11.5
vertex 67.64269256591797 -25.28084373474121 11.5
vertex 73.33956909179688 38.13442611694336 11.5
endloop
endfacet
facet normal 0.730655056096024 -0.6827467971373418 1.3202782796799603e-7
outer loop
vertex 46.849830627441406 -31.80597686767578 10.5
vertex 47.200111389160156 -31.43111801147461 5
vertex 47.08449172973633 -31.55484962463379 10.5
endloop
endfacet
facet normal 0.0004356018439903069 0.9999999051255123 0
outer loop
vertex 66.50006103515625 -25.63749885559082 5
vertex -47.7564582824707 -25.58772850036621 5
vertex 66.50006103515625 -25.63749885559082 10.5
endloop
endfacet
facet normal 0.7306536948354287 -0.6827482539145275 0
outer loop
vertex -52.66552734375 -31.55487060546875 10.5
vertex -52.549888610839844 -31.43111801147461 5
vertex -52.549888610839844 -31.43111801147461 10.5
endloop
endfacet
facet normal 0.5732685014403297 -0.8193675764004544 6.25469405007243e-8
outer loop
vertex 70.44417572021484 -58.021644592285156 9.5
vertex 70.80496215820312 -57.769222259521484 -3.700000047683716
vertex 71.6859359741211 -57.15285110473633 -3.700000047683716
endloop
endfacet
facet normal 0.7306540897510115 -0.6827478312892109 0
outer loop
vertex -66.79988861083984 51.69388198852539 5
vertex -67.1501693725586 51.31902313232422 10.5
vertex -67.1501693725586 51.31902313232422 5
endloop
endfacet
facet normal 0 0 -1
outer loop
vertex 73.04141998291016 -53.058799743652344 -5.699999809265137
vertex 71.9697265625 -51.631412506103516 -5.699999809265137
vertex 73.29923248291016 -51.79558181762695 -5.699999809265137
endloop
endfacet
facet normal 0.9999966604574453 -0.002584390442027692 0
outer loop
vertex -67.19993591308594 32.0625 5
vertex -67.1501693725586 51.31902313232422 5
vertex -67.19993591308594 32.0625 10.5
endloop
endfacet
facet normal 0 0 -1
outer loop
vertex -66.45040893554688 57.90778732299805 -5.699999809265137
vertex -67.26155853271484 56.5086784362793 -5.699999809265137
vertex -67.41276550292969 57.84202194213867 -5.699999809265137
endloop
endfacet
facet normal 0.0004356018439903069 0.9999999051255123 0
outer loop
vertex -47.7564582824707 -25.58772850036621 5
vertex -47.7564582824707 -25.58772850036621 10.5
vertex 66.50006103515625 -25.63749885559082 10.5
endloop
endfacet
facet normal 0 0 -1
outer loop
vertex 73.04141998291016 -53.058799743652344 -5.699999809265137
vertex 71.7642593383789 -52.652828216552734 -5.699999809265137
vertex 71.9697265625 -51.631412506103516 -5.699999809265137
endloop
endfacet
facet normal 0 0 -1
outer loop
vertex -72.44996643066406 28.690305709838867 -5.699999809265137
vertex -72.97920227050781 29.8730525970459 -5.699999809265137
vertex -71.27650451660156 29.33755111694336 -5.699999809265137
endloop
endfacet
facet normal 0 0 -1
outer loop
vertex 72.54749298095703 -54.2567253112793 -5.699999809265137
vertex 71.7642593383789 -52.652828216552734 -5.699999809265137
vertex 73.04141998291016 -53.058799743652344 -5.699999809265137
endloop
endfacet
facet normal 0 0 -1
outer loop
vertex -70.77742767333984 26.72606086730957 -5.699999809265137
vertex -69.9272232055664 27.761960983276367 -5.699999809265137
vertex -69.05459594726562 27.192731857299805 -5.699999809265137
endloop
endfacet
facet normal 0 0 1
outer loop
vertex 46.834781646728516 -31.089746475219727 11.5
vertex 24.935945510864258 -31.951343536376953 11.5
vertex 46.48568344116211 -31.465709686279297 11.5
endloop
endfacet
facet normal 0 0 -1
outer loop
vertex -70.67682647705078 28.485559463500977 -5.699999809265137
vertex -72.44996643066406 28.690305709838867 -5.699999809265137
vertex -71.27650451660156 29.33755111694336 -5.699999809265137
endloop
endfacet
facet normal 0.920074280697765 0.39174394443116856 0
outer loop
vertex -48.2357292175293 30.627643585205078 5
vertex -48.340538024902344 30.873804092407227 5
vertex -48.2357292175293 30.627643585205078 10.5
endloop
endfacet
facet normal 0.5732669650972712 -0.8193686512969385 0
outer loop
vertex 70.44417572021484 -58.021644592285156 -3.700000047683716
vertex 70.80496215820312 -57.769222259521484 -3.700000047683716
vertex 70.44417572021484 -58.021644592285156 9.5
endloop
endfacet
facet normal 0 0 -1
outer loop
vertex 73.29923248291016 -51.79558181762695 -5.699999809265137
vertex 71.9697265625 -51.631412506103516 -5.699999809265137
vertex 72.00006103515625 51.05424499511719 -5.699999809265137
endloop
endfacet
facet normal 0.999996659945464 -0.002584588539005977 0
outer loop
vertex -52.9499397277832 -51.0625 10.5
vertex -52.900169372558594 -31.80597686767578 5
vertex -52.900169372558594 -31.80597686767578 10.5
endloop
endfacet
facet normal 0 0 -1
outer loop
vertex -68.4962387084961 25.521146774291992 -5.699999809265137
vertex -67.06885528564453 26.59283447265625 -5.699999809265137
vertex -67.22754669189453 25.262208938598633 -5.699999809265137
endloop
endfacet
facet normal 0 0 -1
outer loop
vertex -69.22489166259766 55.83906555175781 -5.699999809265137
vertex -68.68938446044922 57.54176712036133 -5.699999809265137
vertex -68.27508544921875 56.26728439331055 -5.699999809265137
endloop
endfacet
facet normal 0 0 -1
outer loop
vertex -68.4962387084961 25.521146774291992 -5.699999809265137
vertex -69.69416809082031 26.015066146850586 -5.699999809265137
vertex -68.09026336669922 26.798303604125977 -5.699999809265137
endloop
endfacet
facet normal -0.8193715278904823 -0.5732628535692069 -3.2638124861168316e-7
outer loop
vertex -59.209083557128906 -55.00661087036133 9.5
vertex -58.340293884277344 -56.248374938964844 -3.700000047683716
vertex -58.95671463012695 -55.36732482910156 9.5
endloop
endfacet
facet normal 0 0 -1
outer loop
vertex -67.06885528564453 26.59283447265625 -5.699999809265137
vertex -68.4962387084961 25.521146774291992 -5.699999809265137
vertex -68.09026336669922 26.798303604125977 -5.699999809265137
endloop
endfacet
facet normal 0 0 1
outer loop
vertex -53.40016555786133 -31.804685592651367 11.5
vertex -59.029457092285156 -51.9753303527832 11.5
vertex -53.449825286865234 -51.06120681762695 11.5
endloop
endfacet
facet normal 0 0 -1
outer loop
vertex 70.80059814453125 -54.48978042602539 -5.699999809265137
vertex 70.9339599609375 -56.269718170166016 -5.699999809265137
vertex 70.0770034790039 -55.23938751220703 -5.699999809265137
endloop
endfacet
facet normal -0.9244988275881606 0.3811848866208057 0
outer loop
vertex -73.57300567626953 54.7984619140625 9.5
vertex -74.15069580078125 53.39737319946289 -3.700000047683716
vertex -74.15069580078125 53.39737319946289 9.5
endloop
endfacet
facet normal 0 0 -1
outer loop
vertex 70.9339599609375 -56.269718170166016 -5.699999809265137
vertex 70.80059814453125 -54.48978042602539 -5.699999809265137
vertex 71.83650207519531 -55.33999252319336 -5.699999809265137
endloop
endfacet
facet normal -0.8360116364199787 0.5487117128059045 0
outer loop
vertex -72.7414321899414 56.06544876098633 9.5
vertex -73.35107421875 55.13660430908203 -3.700000047683716
vertex -73.35107421875 55.13660430908203 9.5
endloop
endfacet
facet normal 0 0 -1
outer loop
vertex -54.24624252319336 -57.60385513305664 -5.699999809265137
vertex -53.840267181396484 -56.32669448852539 -5.699999809265137
vertex -52.81885528564453 -56.53216552734375 -5.699999809265137
endloop
endfacet
facet normal 0 0 -1
outer loop
vertex 69.87225341796875 -57.01252746582031 -5.699999809265137
vertex 70.0770034790039 -55.23938751220703 -5.699999809265137
vertex 70.9339599609375 -56.269718170166016 -5.699999809265137
endloop
endfacet
facet normal 0 0 -1
outer loop
vertex -71.36970520019531 53.617156982421875 -5.699999809265137
vertex -72.54737091064453 54.25672912597656 -5.699999809265137
vertex -71.83638000488281 55.33999252319336 -5.699999809265137
endloop
endfacet
facet normal 0.9748173298033243 0.22300487329768862 -7.738692091115355e-7
outer loop
vertex 46.868682861328125 -51.362449645996094 10.5
vertex 46.8000602722168 -51.0625 5
vertex 46.83507537841797 -51.21554183959961 10.5
endloop
endfacet
facet normal -0.7175171264798861 0.6965408625544064 1.0422528794838441e-7
outer loop
vertex -71.6858139038086 57.152854919433594 9.5
vertex -72.7414321899414 56.06544876098633 -3.700000047683716
vertex -72.04036712646484 56.78762435913086 9.5
endloop
endfacet
facet normal 0 0 -1
outer loop
vertex -73.29933166503906 51.79450988769531 -5.699999809265137
vertex -73.04129028320312 53.05880355834961 -5.699999809265137
vertex -71.9696044921875 51.63141632080078 -5.699999809265137
endloop
endfacet
facet normal 0 0 -1
outer loop
vertex 69.87225341796875 -57.01252746582031 -5.699999809265137
vertex 69.22501373291016 -55.83906173706055 -5.699999809265137
vertex 70.0770034790039 -55.23938751220703 -5.699999809265137
endloop
endfacet
facet normal -0.9127863911402512 -0.408437270764014 0
outer loop
vertex -59.82807540893555 -53.62327575683594 -3.700000047683716
vertex -59.35983657836914 -54.669708251953125 -3.700000047683716
vertex -59.82807540893555 -53.62327575683594 9.5
endloop
endfacet
facet normal -0.6965420595015004 -0.7175159645230207 -8.730126864012366e-8
outer loop
vertex -57.9752082824707 -56.602787017822266 -3.700000047683716
vertex -57.25288772583008 -57.303993225097656 -3.700000047683716
vertex -58.340293884277344 -56.248374938964844 9.5
endloop
endfacet
facet normal 0 0 -1
outer loop
vertex 68.68950653076172 -57.54176330566406 -5.699999809265137
vertex 69.22501373291016 -55.83906173706055 -5.699999809265137
vertex 69.87225341796875 -57.01252746582031 -5.699999809265137
endloop
endfacet
facet normal 0.4084354245862682 -0.9127872172324583 -2.445003639612201e-7
outer loop
vertex 69.06083679199219 -58.6406364440918 9.5
vertex 70.10736083984375 -58.17235565185547 -3.700000047683716
vertex 70.44417572021484 -58.021644592285156 -3.700000047683716
endloop
endfacet
facet normal -0.408438867875373 0.9127856764918302 1.886012825301259e-7
outer loop
vertex -69.06071472167969 58.64064025878906 9.5
vertex -70.44405364990234 58.02164840698242 -3.700000047683716
vertex -70.10726165771484 58.17234802246094 9.5
endloop
endfacet
facet normal 0 0 -1
outer loop
vertex 68.68950653076172 -57.54176330566406 -5.699999809265137
vertex 68.27520751953125 -56.26728057861328 -5.699999809265137
vertex 69.22501373291016 -55.83906173706055 -5.699999809265137
endloop
endfacet
facet normal -0.408432709070895 0.9127884323111296 0
outer loop
vertex -70.44405364990234 58.02164840698242 9.5
vertex -70.10726165771484 58.17234802246094 9.5
vertex -70.44405364990234 58.02164840698242 -3.700000047683716
endloop
endfacet
facet normal 0 0 -1
outer loop
vertex -71.27650451660156 29.33755111694336 -5.699999809265137
vertex -72.97920227050781 29.8730525970459 -5.699999809265137
vertex -71.70471954345703 30.287355422973633 -5.699999809265137
endloop
endfacet
facet normal -0.912784487523989 -0.4084415249890794 4.047807865947572e-7
outer loop
vertex -59.35983657836914 -54.669708251953125 -3.700000047683716
vertex -59.209083557128906 -55.00661087036133 -3.700000047683716
vertex -59.82807540893555 -53.62327575683594 9.5
endloop
endfacet
facet normal 0 0 -1
outer loop
vertex 67.3858642578125 -57.84837341308594 -5.699999809265137
vertex 68.27520751953125 -56.26728057861328 -5.699999809265137
vertex 68.68950653076172 -57.54176330566406 -5.699999809265137
endloop
endfacet
facet normal -0.00006975446410641695 -0.9999999974295933 -0.000016586981993282137
outer loop
vertex 27.850061416625977 -59.02198028564453 -3.450000047683716
vertex 20.850061416625977 -59.02149200439453 -3.450000047683716
vertex 21.424087524414062 -59.02153015136719 -3.564180612564087
endloop
endfacet
facet normal 0.5904054624456482 0.8071068020493573 0
outer loop
vertex -48.50686264038086 31.0833683013916 5
vertex -48.722801208496094 31.241329193115234 5
vertex -48.50686264038086 31.0833683013916 10.5
endloop
endfacet
facet normal 0 0 -1
outer loop
vertex -67.22754669189453 25.262208938598633 -5.699999809265137
vertex -59.95319366455078 26.562501907348633 -5.699999809265137
vertex -62.73835754394531 25.216188430786133 -5.699999809265137
endloop
endfacet
facet normal 0 0 -1
outer loop
vertex -57.74993896484375 -51.05424118041992 -5.699999809265137
vertex -59.09923553466797 21.703914642333984 -5.699999809265137
vertex -57.753578186035156 24.48688316345215 -5.699999809265137
endloop
endfacet
facet normal -0.9748175566826621 -0.2230038815430012 0
outer loop
vertex 67.13143920898438 -31.76254653930664 5
vertex 67.20005798339844 -32.0625 5
vertex 67.13143920898438 -31.76254653930664 10.5
endloop
endfacet
facet normal 0 0 -1
outer loop
vertex -71.94611358642578 31.300878524780273 -5.699999809265137
vertex -73.27945709228516 31.14967155456543 -5.699999809265137
vertex -73.34514617919922 32.11088943481445 -5.699999809265137
endloop
endfacet
facet normal 0 0 -1
outer loop
vertex -62.08515167236328 25.14912223815918 -5.699999809265137
vertex -62.2702522277832 25.17876625061035 -5.699999809265137
vertex -59.95319366455078 26.562501907348633 -5.699999809265137
endloop
endfacet
facet normal 0 0 -1
outer loop
vertex -61.4888801574707 24.985429763793945 -5.699999809265137
vertex -61.67367172241211 25.047819137573242 -5.699999809265137
vertex -59.95319366455078 26.562501907348633 -5.699999809265137
endloop
endfacet
facet normal 0.9127830631375041 0.4084447081911029 0
outer loop
vertex 73.60993957519531 54.66975784301758 9.5
vertex 73.4592056274414 55.006614685058594 -3.700000047683716
vertex 73.4592056274414 55.006614685058594 9.5
endloop
endfacet
facet normal 0 0 -1
outer loop
vertex 26.350061416625977 -56.53588104248047 -5.699999809265137
vertex 26.350061416625977 -57.8671760559082 -5.699999809265137
vertex 22.350061416625977 -56.53569412231445 -5.699999809265137
endloop
endfacet
facet normal 0.991012543111989 0.133768977699271 0
outer loop
vertex -48.1999397277832 30.36250114440918 5
vertex -48.2357292175293 30.627643585205078 5
vertex -48.1999397277832 30.36250114440918 10.5
endloop
endfacet
facet normal 0 0 -1
outer loop
vertex -66.49168395996094 56.5625 -5.699999809265137
vertex 67.23320770263672 57.861663818359375 -5.699999809265137
vertex 67.06897735595703 56.532169342041016 -5.699999809265137
endloop
endfacet
facet normal -0.38118273525549146 -0.9244997146257763 0
outer loop
vertex -55.98590087890625 -58.13557052612305 9.5
vertex -54.58481216430664 -58.7132568359375 -3.700000047683716
vertex -54.58481216430664 -58.7132568359375 9.5
endloop
endfacet
facet normal -0.00006994234837641173 -0.9999999973456178 0.000020416467482798653
outer loop
vertex -7.634922981262207 -59.019500732421875 -3.700000047683716
vertex 8.072768211364746 -59.020599365234375 -3.700000047683716
vertex 8.276036262512207 -59.02061080932617 -3.564180612564087
endloop
endfacet
facet normal 0 0 1
outer loop
vertex -55.44416427612305 -57.10993194580078 11.5
vertex -54.24624252319336 -57.60385513305664 11.5
vertex -52.67747116088867 -52.18257522583008 11.5
endloop
endfacet
facet normal -0.00037349279857604205 -0.9999999302515623 0
outer loop
vertex -66.49993896484375 51.76250076293945 10.5
vertex -66.49993896484375 51.76250076293945 5
vertex 66.75658416748047 51.712730407714844 5
endloop
endfacet
facet normal 0.6965403216158281 0.7175176516039998 0
outer loop
vertex 72.59041595458984 56.24837875366211 -3.700000047683716
vertex 72.22533416748047 56.602787017822266 -3.700000047683716
vertex 72.59041595458984 56.24837875366211 9.5
endloop
endfacet
facet normal 0 0 -1
outer loop
vertex 67.20014190673828 -57.870033264160156 -5.699999809265137
vertex 41.35006332397461 -57.86822509765625 -5.699999809265137
vertex 67.01201629638672 -56.53778839111328 -5.699999809265137
endloop
endfacet
facet normal 0.6827478312892109 0.7306540897510115 0
outer loop
vertex -52.881317138671875 -51.362449645996094 5
vertex -52.5064582824707 -51.712730407714844 10.5
vertex -52.5064582824707 -51.712730407714844 5
endloop
endfacet
facet normal 0.5487105837280063 0.8360123774830553 0
outer loop
vertex 71.50301361083984 57.303993225097656 -3.700000047683716
vertex 70.5740966796875 57.91368103027344 -3.700000047683716
vertex 71.50301361083984 57.303993225097656 9.5
endloop
endfacet
facet normal 0 0 -1
outer loop
vertex -57.753578186035156 24.48688316345215 -5.699999809265137
vertex -59.09923553466797 21.703914642333984 -5.699999809265137
vertex -59.11344528198242 21.86623191833496 -5.699999809265137
endloop
endfacet
facet normal 0 0 -1
outer loop
vertex -59.34699249267578 22.879398345947266 -5.699999809265137
vertex -59.42252731323242 23.05939292907715 -5.699999809265137
vertex -57.753578186035156 24.48688316345215 -5.699999809265137
endloop
endfacet
facet normal 0 0 -1
outer loop
vertex -57.753578186035156 24.48688316345215 -5.699999809265137
vertex -59.618534088134766 23.435108184814453 -5.699999809265137
vertex -59.72333908081055 23.59973907470703 -5.699999809265137
endloop
endfacet
facet normal -0.2230052290712182 0.9748172484147445 0
outer loop
vertex 24.050012588500977 -51.693878173828125 5
vertex 23.75006103515625 -51.76249694824219 5
vertex 24.050012588500977 -51.693878173828125 10.5
endloop
endfacet
facet normal 0 0 -1
outer loop
vertex -57.753578186035156 24.48688316345215 -5.699999809265137
vertex -59.21725845336914 22.475975036621094 -5.699999809265137
vertex -59.34699249267578 22.879398345947266 -5.699999809265137
endloop
endfacet
facet normal -0.7306540897510115 0.6827478312892109 0
outer loop
vertex 67.1502914428711 -51.31901931762695 5
vertex 66.80001068115234 -51.693878173828125 5
vertex 67.1502914428711 -51.31901931762695 10.5
endloop
endfacet
facet normal 0 0 -1
outer loop
vertex -60.42095947265625 24.370527267456055 -5.699999809265137
vertex -60.4637451171875 24.413312911987305 -5.699999809265137
vertex -58.31861114501953 25.838390350341797 -5.699999809265137
endloop
endfacet
facet normal 0 0 1
outer loop
vertex -53.264339447021484 -51.68384552001953 11.5
vertex -57.457157135009766 -55.496395111083984 11.5
vertex -53.221588134765625 -51.72659683227539 11.5
endloop
endfacet
facet normal 0 0 -1
outer loop
vertex -60.111045837402344 24.081506729125977 -5.699999809265137
vertex -58.0927734375 25.54166030883789 -5.699999809265137
vertex -59.97998809814453 23.93695068359375 -5.699999809265137
endloop
endfacet
facet normal -0.7306559443360258 0.6827458465684214 0
outer loop
vertex 24.400291442871094 -51.31901931762695 5
vertex 24.050012588500977 -51.693878173828125 5
vertex 24.400291442871094 -51.31901931762695 10.5
endloop
endfacet
facet normal 0 0 -1
outer loop
vertex -60.98290252685547 24.76128387451172 -5.699999809265137
vertex -61.10041809082031 24.816083908081055 -5.699999809265137
vertex -58.59132385253906 26.092714309692383 -5.699999809265137
endloop
endfacet
facet normal 0.9748153576408232 0.22301349400337692 0
outer loop
vertex -67.16492462158203 31.909461975097656 10.5
vertex -67.19993591308594 32.0625 5
vertex -67.19993591308594 32.0625 10.5
endloop
endfacet
facet normal 0 0 -1
outer loop
vertex -60.572383880615234 24.494108200073242 -5.699999809265137
vertex -60.92878723144531 24.7233943939209 -5.699999809265137
vertex -58.31861114501953 25.838390350341797 -5.699999809265137
endloop
endfacet
facet normal 0.7306540897510115 -0.6827478312892109 0
outer loop
vertex -52.549888610839844 -31.43111801147461 5
vertex -52.900169372558594 -31.80597686767578 10.5
vertex -52.900169372558594 -31.80597686767578 5
endloop
endfacet
facet normal 0 0 -1
outer loop
vertex -58.59132385253906 26.092714309692383 -5.699999809265137
vertex -61.4888801574707 24.985429763793945 -5.699999809265137
vertex -58.903072357177734 26.297325134277344 -5.699999809265137
endloop
endfacet
facet normal 0 0 -1
outer loop
vertex -57.753578186035156 24.48688316345215 -5.699999809265137
vertex -59.72333908081055 23.59973907470703 -5.699999809265137
vertex -57.8061408996582 24.856056213378906 -5.699999809265137
endloop
endfacet
facet normal 0.38118577366196227 0.9244984618471418 0
outer loop
vertex 70.23602294921875 58.13557052612305 9.5
vertex 68.8349380493164 58.713260650634766 -3.700000047683716
vertex 68.8349380493164 58.713260650634766 9.5
endloop
endfacet
facet normal 0 0 -1
outer loop
vertex -57.9202995300293 25.211048126220703 -5.699999809265137
vertex -59.97998809814453 23.93695068359375 -5.699999809265137
vertex -58.0927734375 25.54166030883789 -5.699999809265137
endloop
endfacet
facet normal 0.6827478312892109 0.7306540897510115 0
outer loop
vertex 46.868682861328125 -51.362449645996094 5
vertex 47.2435417175293 -51.712730407714844 10.5
vertex 47.2435417175293 -51.712730407714844 5
endloop
endfacet
facet normal 0 0 -1
outer loop
vertex -58.31861114501953 25.838390350341797 -5.699999809265137
vertex -60.92878723144531 24.7233943939209 -5.699999809265137
vertex -58.59132385253906 26.092714309692383 -5.699999809265137
endloop
endfacet
facet normal -0.9748175566826621 -0.2230038815430012 0
outer loop
vertex 67.13143920898438 51.36245346069336 5
vertex 67.20005798339844 51.0625 5
vertex 67.13143920898438 51.36245346069336 10.5
endloop
endfacet
facet normal 0.8193715131280913 0.5732628746693634 0
outer loop
vertex 73.4592056274414 55.006614685058594 -3.700000047683716
vertex 73.2068099975586 55.367366790771484 -3.700000047683716
vertex 73.4592056274414 55.006614685058594 9.5
endloop
endfacet
facet normal 0.9127861641394475 0.4084377780710222 0
outer loop
vertex 74.07820129394531 53.62327575683594 9.5
vertex 74.07820129394531 53.62327575683594 -3.700000047683716
vertex 73.60993957519531 54.66975784301758 -3.700000047683716
endloop
endfacet
facet normal 0.9127830631373056 0.408444708191014 6.594187112018474e-7
outer loop
vertex 73.60993957519531 54.66975784301758 -3.700000047683716
vertex 73.4592056274414 55.006614685058594 -3.700000047683716
vertex 74.07820129394531 53.62327575683594 9.5
endloop
endfacet
facet normal -0.8193692310374253 -0.5732661364751284 1.3362457016592847e-7
outer loop
vertex -58.340293884277344 -56.248374938964844 -3.700000047683716
vertex -59.209083557128906 -55.00661087036133 9.5
vertex -58.95671463012695 -55.36732482910156 -3.700000047683716
endloop
endfacet
facet normal -0.9748162091464407 -0.22300977195038532 0
outer loop
vertex 24.381441116333008 -31.76254653930664 5
vertex 24.450061798095703 -32.0625 5
vertex 24.381441116333008 -31.76254653930664 10.5
endloop
endfacet
facet normal 0 0 -1
outer loop
vertex -59.60698318481445 26.535484313964844 -5.699999809265137
vertex -59.24489974975586 26.44634246826172 -5.699999809265137
vertex -61.4888801574707 24.985429763793945 -5.699999809265137
endloop
endfacet
facet normal 0.9245006016600879 -0.3811805838839846 0
outer loop
vertex 73.57313537597656 -54.7984619140625 9.5
vertex 74.15081787109375 -53.39737319946289 -3.700000047683716
vertex 74.15081787109375 -53.39737319946289 9.5
endloop
endfacet
facet normal -0.6827458465684214 -0.7306559443360258 0
outer loop
vertex 24.381441116333008 -31.76254653930664 5
vertex 24.006582260131836 -31.412267684936523 10.5
vertex 24.006582260131836 -31.412267684936523 5
endloop
endfacet
facet normal 0 0 1
outer loop
vertex -72.97920227050781 29.8730525970459 11.5
vertex -72.44996643066406 28.690305709838867 11.5
vertex -67.47158813476562 31.39840316772461 11.5
endloop
endfacet
facet normal 0 0 1
outer loop
vertex -53.437347412109375 -51.17400360107422 11.5
vertex -58.72920227050781 -53.251949310302734 11.5
vertex -53.36720275878906 -51.47360610961914 11.5
endloop
endfacet
facet normal 0.9976729453010974 0.06818133332689734 0
outer loop
vertex 74.50006103515625 51.052181243896484 9.5
vertex 74.50006103515625 51.052181243896484 -3.700000047683716
vertex 74.4251708984375 52.14802169799805 -3.700000047683716
endloop
endfacet
facet normal 0 0 1
outer loop
vertex -67.68582153320312 31.951345443725586 11.5
vertex -72.97920227050781 29.8730525970459 11.5
vertex -67.61720275878906 31.65139389038086 11.5
endloop
endfacet
facet normal 0.9910122410588807 0.13377121540695838 0
outer loop
vertex -48.225894927978516 30.55478858947754 10.5
vertex -48.2357292175293 30.627643585205078 5
vertex -48.2357292175293 30.627643585205078 10.5
endloop
endfacet
facet normal 0 0 -1
outer loop
vertex -57.457157135009766 -55.496395111083984 -5.699999809265137
vertex -55.677223205566406 -55.363037109375 -5.699999809265137
vertex -56.52743148803711 -56.39894104003906 -5.699999809265137
endloop
endfacet
facet normal 0 0 1
outer loop
vertex -53.351165771484375 -51.5334587097168 11.5
vertex -58.19996643066406 -54.4346923828125 11.5
vertex -53.3143310546875 -51.612449645996094 11.5
endloop
endfacet
facet normal 0.7832819602043947 0.6216666074499747 0
outer loop
vertex -48.340538024902344 30.873804092407227 10.5
vertex -48.50686264038086 31.0833683013916 5
vertex -48.50686264038086 31.0833683013916 10.5
endloop
endfacet
facet normal -0.795749426088041 -0.6056259991781673 0
outer loop
vertex -60.89605712890625 23.2397403717041 -3.700000047683716
vertex -60.63941192626953 22.90252685546875 -3.700000047683716
vertex -60.89605712890625 23.2397403717041 9.5
endloop
endfacet
facet normal 0.35528877566246597 0.9347565917864746 0
outer loop
vertex -48.722801208496094 31.241329193115234 10.5
vertex -48.97289276123047 31.33638572692871 5
vertex -48.97289276123047 31.33638572692871 10.5
endloop
endfacet
facet normal 0.11426868546792134 0.993449881736081 0
outer loop
vertex -48.97289276123047 31.33638572692871 10.5
vertex -49.1999397277832 31.36250114440918 5
vertex -49.1999397277832 31.36250114440918 10.5
endloop
endfacet
facet normal 0 0 -1
outer loop
vertex -55.44416427612305 -57.10993194580078 -5.699999809265137
vertex -56.52743148803711 -56.39894104003906 -5.699999809265137
vertex -54.80459213256836 -55.93226623535156 -5.699999809265137
endloop
endfacet
facet normal 0 0 1
outer loop
vertex -67.41276550292969 57.84202194213867 11.5
vertex -66.61144256591797 52.249908447265625 11.5
vertex -66.45040893554688 57.90778732299805 11.5
endloop
endfacet
facet normal 0 0 1
outer loop
vertex -67.6501693725586 51.320316314697266 11.5
vertex -73.27945709228516 31.14967155456543 11.5
vertex -67.6998291015625 32.06379318237305 11.5
endloop
endfacet
facet normal 0 0 1
outer loop
vertex -68.68938446044922 57.54176712036133 11.5
vertex -69.87213134765625 57.01253128051758 11.5
vertex -66.97090148925781 52.163726806640625 11.5
endloop
endfacet
facet normal -0.22300096804650277 0.9748182231833393 0
outer loop
vertex 23.75006103515625 -51.76249694824219 5
vertex 23.75006103515625 -51.76249694824219 10.5
vertex 23.903091430664062 -51.72748947143555 10.5
endloop
endfacet
facet normal 0 0 1
outer loop
vertex -57.457157135009766 -55.496395111083984 11.5
vertex -56.52743148803711 -56.39894104003906 11.5
vertex -53.221588134765625 -51.72659683227539 11.5
endloop
endfacet
facet normal 0 0 1
outer loop
vertex -66.91104888916016 52.17976379394531 11.5
vertex -68.68938446044922 57.54176712036133 11.5
vertex -66.97090148925781 52.163726806640625 11.5
endloop
endfacet
facet normal 0 0 1
outer loop
vertex -67.12128448486328 52.076904296875 11.5
vertex -67.04988861083984 52.12689208984375 11.5
vertex -69.87213134765625 57.01253128051758 11.5
endloop
endfacet
facet normal 0.979801301048718 -0.19997352440570637 0
outer loop
vertex 74.15081787109375 -53.39737319946289 9.5
vertex 74.15081787109375 -53.39737319946289 -3.700000047683716
vertex 74.4538803100586 -51.912471771240234 -3.700000047683716
endloop
endfacet
facet normal 0 0 1
outer loop
vertex -70.933837890625 56.269718170166016 11.5
vertex -67.1640396118164 52.034149169921875 11.5
vertex -67.12128448486328 52.076904296875 11.5
endloop
endfacet
facet normal -0.22300966726316568 0.9748162330958114 2.5471136536535793e-7
outer loop
vertex 24.050012588500977 -51.693878173828125 10.5
vertex 23.75006103515625 -51.76249694824219 5
vertex 23.903091430664062 -51.72748947143555 10.5
endloop
endfacet
facet normal 0 0 1
outer loop
vertex -72.54737091064453 54.25672912597656 11.5
vertex -67.6200180053711 51.49003219604492 11.5
vertex -67.51431274414062 51.6592903137207 11.5
endloop
endfacet
facet normal 0.22894799907129088 -0.9734386543184178 0
outer loop
vertex 67.58557891845703 -58.98760986328125 9.5
vertex 69.06083679199219 -58.6406364440918 -3.700000047683716
vertex 69.06083679199219 -58.6406364440918 9.5
endloop
endfacet
facet normal 0 0 1
outer loop
vertex -71.83638000488281 55.33999252319336 11.5
vertex -67.1640396118164 52.034149169921875 11.5
vertex -70.933837890625 56.269718170166016 11.5
endloop
endfacet
facet normal 0 0 1
outer loop
vertex -59.029457092285156 -51.9753303527832 11.5
vertex -58.72920227050781 -53.251949310302734 11.5
vertex -53.437347412109375 -51.17400360107422 11.5
endloop
endfacet
facet normal 0 0 1
outer loop
vertex -72.54737091064453 54.25672912597656 11.5
vertex -73.04129028320312 53.05880355834961 11.5
vertex -67.6200180053711 51.49003219604492 11.5
endloop
endfacet
facet normal 0 0 1
outer loop
vertex -73.29933166503906 51.79450988769531 11.5
vertex -73.34514617919922 32.11088943481445 11.5
vertex -67.6501693725586 51.320316314697266 11.5
endloop
endfacet
facet normal 0 0 1
outer loop
vertex -59.09524154663086 -51.01273727416992 11.5
vertex -59.029457092285156 -51.9753303527832 11.5
vertex -53.40016555786133 -31.804685592651367 11.5
endloop
endfacet
facet normal 0.6827411567854778 0.7306603265753709 0
outer loop
vertex -67.00759887695312 31.64694595336914 10.5
vertex -67.13131713867188 31.762550354003906 5
vertex -67.13131713867188 31.762550354003906 10.5
endloop
endfacet
facet normal 0 0 1
outer loop
vertex -60.111045837402344 24.081506729125977 11.5
vertex -59.977210998535156 23.939064025878906 11.5
vertex -49.229305267333984 30.86258316040039 11.5
endloop
endfacet
facet normal 0 0 1
outer loop
vertex 24.300012588500977 -52.12689208984375 11.5
vertex 24.221023559570312 -52.163726806640625 11.5
vertex 46.312652587890625 -51.17400360107422 11.5
endloop
endfacet
facet normal 0 0 1
outer loop
vertex 47.24224853515625 -52.212615966796875 11.5
vertex 67.20014190673828 -57.870033264160156 11.5
vertex 66.49877166748047 -52.26249694824219 11.5
endloop
endfacet
facet normal 0 1 0
outer loop
vertex -45.24993896484375 -48.61249923706055 0
vertex -49.7999382019043 -48.61249923706055 0
vertex -45.24993896484375 -48.61249923706055 3.549999952316284
endloop
endfacet
facet normal 0 0 -1
outer loop
vertex -40.24993896484375 -49.3125 0
vertex -40.24993896484375 -48.61249923706055 0
vertex -35.6999397277832 -48.61249923706055 0
endloop
endfacet
facet normal 0 0 -1
outer loop
vertex -45.24993896484375 -49.3125 0
vertex -49.7999382019043 -48.61249923706055 0
vertex -45.24993896484375 -48.61249923706055 0
endloop
endfacet
facet normal 0 0 -1
outer loop
vertex -52.5064582824707 -51.712730407714844 0
vertex -49.7999382019043 -48.61249923706055 0
vertex -45.24993896484375 -49.3125 0
endloop
endfacet
facet normal 0 0 -1
outer loop
vertex 23.9345703125 -40.299705505371094 0
vertex 23.9345703125 -41.22529220581055 0
vertex 23.90031623840332 -40.127498626708984 0
endloop
endfacet
facet normal 0 0 -1
outer loop
vertex 23.9345703125 -39.955291748046875 0
vertex 24.03211784362793 -39.175697326660156 0
vertex 24.03211784362793 -39.80929946899414 0
endloop
endfacet
facet normal 0 0 -1
outer loop
vertex 23.90031623840332 -40.127498626708984 0
vertex 23.90031623840332 -38.85749816894531 0
vertex 23.9345703125 -39.955291748046875 0
endloop
endfacet
facet normal 0 0 -1
outer loop
vertex 24.03211784362793 -39.80929946899414 0
vertex 24.03211784362793 -39.175697326660156 0
vertex 24.17810821533203 -39.711753845214844 0
endloop
endfacet
facet normal 0 0 -1
outer loop
vertex 24.03211784362793 -39.175697326660156 0
vertex 23.9345703125 -39.955291748046875 0
vertex 23.9345703125 -39.02970504760742 0
endloop
endfacet
facet normal 0 0 -1
outer loop
vertex 23.9345703125 -39.02970504760742 0
vertex 23.9345703125 -39.955291748046875 0
vertex 23.90031623840332 -38.85749816894531 0
endloop
endfacet
facet normal 0 0 -1
outer loop
vertex 24.17810821533203 -39.711753845214844 0
vertex 24.03211784362793 -39.175697326660156 0
vertex 24.17810821533203 -39.27324295043945 0
endloop
endfacet
facet normal 0 0 -1
outer loop
vertex 24.29465675354004 -39.688568115234375 0
vertex 24.17810821533203 -39.711753845214844 0
vertex 24.17810821533203 -39.27324295043945 0
endloop
endfacet
facet normal 0 0 -1
outer loop
vertex 24.302616119384766 -39.298011779785156 0
vertex 24.29465675354004 -39.688568115234375 0
vertex 24.17810821533203 -39.27324295043945 0
endloop
endfacet
facet normal 0 0 -1
outer loop
vertex 23.9345703125 -38.6852912902832 0
vertex 23.9345703125 -37.75970458984375 0
vertex 24.03211784362793 -38.53929901123047 0
endloop
endfacet
facet normal 0 0 -1
outer loop
vertex 23.90031623840332 -38.85749816894531 0
vertex 23.90031623840332 -37.58749771118164 0
vertex 23.9345703125 -38.6852912902832 0
endloop
endfacet
facet normal 0 0 -1
outer loop
vertex 24.03211784362793 -38.53929901123047 0
vertex 24.03211784362793 -37.905696868896484 0
vertex 24.17810821533203 -38.44175338745117 0
endloop
endfacet
facet normal 0 0 -1
outer loop
vertex 24.17810821533203 -38.44175338745117 0
vertex 24.17810821533203 -38.00324630737305 0
vertex 24.320642471313477 -38.41340255737305 0
endloop
endfacet
facet normal 0 0 -1
outer loop
vertex 24.03211784362793 -37.905696868896484 0
vertex 24.03211784362793 -38.53929901123047 0
vertex 23.9345703125 -37.75970458984375 0
endloop
endfacet
facet normal 0 0 -1
outer loop
vertex 24.17810821533203 -38.00324630737305 0
vertex 24.17810821533203 -38.44175338745117 0
vertex 24.03211784362793 -37.905696868896484 0
endloop
endfacet
facet normal 0 0 -1
outer loop
vertex 23.9345703125 -37.75970458984375 0
vertex 23.9345703125 -38.6852912902832 0
vertex 23.90031623840332 -37.58749771118164 0
endloop
endfacet
facet normal 0 0 -1
outer loop
vertex 24.35031509399414 -38.037498474121094 0
vertex 24.320642471313477 -38.41340255737305 0
vertex 24.17810821533203 -38.00324630737305 0
endloop
endfacet
facet normal 0 0 -1
outer loop
vertex 23.9345703125 -37.41529083251953 0
vertex 23.9345703125 -36.489707946777344 0
vertex 24.03211784362793 -37.26930236816406 0
endloop
endfacet
facet normal 0 0 -1
outer loop
vertex 23.90031623840332 -37.58749771118164 0
vertex 23.90031623840332 -36.31749725341797 0
vertex 23.9345703125 -37.41529083251953 0
endloop
endfacet
facet normal 0 0 -1
outer loop
vertex 24.03211784362793 -37.26930236816406 0
vertex 24.03211784362793 -36.63569641113281 0
vertex 24.17810821533203 -37.1717529296875 0
endloop
endfacet
facet normal 0 0 -1
outer loop
vertex 24.17810821533203 -37.1717529296875 0
vertex 24.17810821533203 -36.733245849609375 0
vertex 24.346628189086914 -37.13823318481445 0
endloop
endfacet
facet normal 0 0 -1
outer loop
vertex 21.30006217956543 -34.51249694824219 0
vertex 16.75006103515625 -33.8125 0
vertex 24.006582260131836 -31.412267684936523 0
endloop
endfacet
facet normal 0 0 -1
outer loop
vertex 24.031864166259766 -34.09569549560547 0
vertex 21.30006217956543 -34.51249694824219 0
vertex 23.934316635131836 -33.94970703125 0
endloop
endfacet
facet normal 0 0 -1
outer loop
vertex 23.934316635131836 -33.94970703125 0
vertex 21.30006217956543 -34.51249694824219 0
vertex 23.900060653686523 -33.77750015258789 0
endloop
endfacet
facet normal 0 0 -1
outer loop
vertex 23.900060653686523 -33.77750015258789 0
vertex 21.30006217956543 -34.51249694824219 0
vertex 23.934316635131836 -33.605289459228516 0
endloop
endfacet
facet normal 0 0 -1
outer loop
vertex 23.934316635131836 -33.605289459228516 0
vertex 21.30006217956543 -34.51249694824219 0
vertex 24.031864166259766 -33.45930099487305 0
endloop
endfacet
facet normal 0 0 -1
outer loop
vertex 24.031864166259766 -33.45930099487305 0
vertex 21.30006217956543 -34.51249694824219 0
vertex 24.177854537963867 -33.361751556396484 0
endloop
endfacet
facet normal 0 0 -1
outer loop
vertex 24.006582260131836 -31.412267684936523 0
vertex 24.381441116333008 -31.76254653930664 0
vertex 21.30006217956543 -34.51249694824219 0
endloop
endfacet
facet normal 0 0 -1
outer loop
vertex 24.03211784362793 -36.63569641113281 0
vertex 24.03211784362793 -37.26930236816406 0
vertex 23.9345703125 -36.489707946777344 0
endloop
endfacet
facet normal 0 0 -1
outer loop
vertex 23.9345703125 -36.489707946777344 0
vertex 23.9345703125 -37.41529083251953 0
vertex 23.90031623840332 -36.31749725341797 0
endloop
endfacet
facet normal 0 0 -1
outer loop
vertex 24.17810821533203 -36.733245849609375 0
vertex 24.17810821533203 -37.1717529296875 0
vertex 24.03211784362793 -36.63569641113281 0
endloop
endfacet
facet normal 0 0 -1
outer loop
vertex 24.354198455810547 -36.766727447509766 0
vertex 24.346628189086914 -37.13823318481445 0
vertex 24.17810821533203 -36.733245849609375 0
endloop
endfacet
facet normal 0 0 -1
outer loop
vertex 23.90031623840332 -36.31749725341797 0
vertex 23.934316635131836 -35.21970748901367 0
vertex 23.9345703125 -36.14529037475586 0
endloop
endfacet
facet normal 0 0 -1
outer loop
vertex 23.9345703125 -36.14529037475586 0
vertex 24.031864166259766 -35.36569595336914 0
vertex 24.03211784362793 -35.99930191040039 0
endloop
endfacet
facet normal 0 0 -1
outer loop
vertex 24.03211784362793 -35.99930191040039 0
vertex 24.177854537963867 -35.4632453918457 0
vertex 24.17810821533203 -35.90175247192383 0
endloop
endfacet
facet normal 0 0 -1
outer loop
vertex 24.031864166259766 -35.36569595336914 0
vertex 23.9345703125 -36.14529037475586 0
vertex 23.934316635131836 -35.21970748901367 0
endloop
endfacet
facet normal 0 0 -1
outer loop
vertex 23.934316635131836 -35.21970748901367 0
vertex 23.90031623840332 -36.31749725341797 0
vertex 23.900060653686523 -35.04750061035156 0
endloop
endfacet
facet normal 0 0 -1
outer loop
vertex 24.177854537963867 -35.4632453918457 0
vertex 24.03211784362793 -35.99930191040039 0
vertex 24.031864166259766 -35.36569595336914 0
endloop
endfacet
facet normal 0 0 -1
outer loop
vertex 24.17810821533203 -35.90175247192383 0
vertex 24.380186080932617 -35.49150848388672 0
vertex 24.372432708740234 -35.87189865112305 0
endloop
endfacet
facet normal 0 0 -1
outer loop
vertex 24.380186080932617 -35.49150848388672 0
vertex 24.17810821533203 -35.90175247192383 0
vertex 24.177854537963867 -35.4632453918457 0
endloop
endfacet
facet normal 0 0 -1
outer loop
vertex 23.900060653686523 -35.04750061035156 0
vertex 24.031864166259766 -34.09569549560547 0
vertex 23.934316635131836 -34.87528991699219 0
endloop
endfacet
facet normal 0 0 -1
outer loop
vertex 23.934316635131836 -34.87528991699219 0
vertex 24.031864166259766 -34.09569549560547 0
vertex 24.031864166259766 -34.72930145263672 0
endloop
endfacet
facet normal 0 0 -1
outer loop
vertex 24.031864166259766 -34.72930145263672 0
vertex 24.031864166259766 -34.09569549560547 0
vertex 24.177854537963867 -34.631752014160156 0
endloop
endfacet
facet normal 0 0 -1
outer loop
vertex 24.177854537963867 -34.631752014160156 0
vertex 24.031864166259766 -34.09569549560547 0
vertex 24.177854537963867 -34.19324493408203 0
endloop
endfacet
facet normal 0 0 -1
outer loop
vertex 24.177854537963867 -34.631752014160156 0
vertex 24.177854537963867 -34.19324493408203 0
vertex 24.350061416625977 -34.59749984741211 0
endloop
endfacet
facet normal 0 0 -1
outer loop
vertex 24.398208618164062 -34.60707473754883 0
vertex 24.350061416625977 -34.59749984741211 0
vertex 24.350061416625977 -34.22749710083008 0
endloop
endfacet
facet normal 0 0 -1
outer loop
vertex 24.406169891357422 -34.216339111328125 0
vertex 24.398208618164062 -34.60707473754883 0
vertex 24.350061416625977 -34.22749710083008 0
endloop
endfacet
facet normal 0 0 -1
outer loop
vertex 24.350061416625977 -34.22749710083008 0
vertex 24.350061416625977 -34.59749984741211 0
vertex 24.177854537963867 -34.19324493408203 0
endloop
endfacet
facet normal 0 0 -1
outer loop
vertex 24.177854537963867 -33.361751556396484 0
vertex 21.30006217956543 -34.51249694824219 0
vertex 24.450061798095703 -32.0625 0
endloop
endfacet
facet normal 0 -1 0
outer loop
vertex -35.6999397277832 -34.51249694824219 5
vertex -49.7999382019043 -34.51249694824219 5
vertex -40.24993896484375 -34.51249694824219 3.549999952316284
endloop
endfacet
facet normal 0 0 1
outer loop
vertex -52.51911544799805 -31.416322708129883 5
vertex -49.7999382019043 -34.51249694824219 5
vertex -35.6999397277832 -34.51249694824219 5
endloop
endfacet
facet normal 0 -1 0
outer loop
vertex -49.7999382019043 -34.51249694824219 5
vertex -45.24993896484375 -34.51249694824219 3.549999952316284
vertex -40.24993896484375 -34.51249694824219 3.549999952316284
endloop
endfacet
facet normal 0 0 -1
outer loop
vertex 24.450061798095703 -32.0625 0
vertex 21.30006217956543 -34.51249694824219 0
vertex 24.381441116333008 -31.76254653930664 0
endloop
endfacet
facet normal 0 0 -1
outer loop
vertex 24.42398452758789 -33.342201232910156 0
vertex 24.350061416625977 -33.32749938964844 0
vertex 24.450061798095703 -32.0625 0
endloop
endfacet
facet normal 0 0 1
outer loop
vertex -52.51911544799805 -31.416322708129883 5
vertex -49.7999382019043 -48.61249923706055 5
vertex -49.7999382019043 -34.51249694824219 5
endloop
endfacet
facet normal 0 0 1
outer loop
vertex -52.881317138671875 -51.362449645996094 5
vertex -52.51911544799805 -31.416322708129883 5
vertex -52.549888610839844 -31.43111801147461 5
endloop
endfacet
facet normal 0 0 1
outer loop
vertex -52.900169372558594 -31.80597686767578 5
vertex -52.881317138671875 -51.362449645996094 5
vertex -52.549888610839844 -31.43111801147461 5
endloop
endfacet
facet normal 0 0 1
outer loop
vertex -52.51911544799805 -31.416322708129883 5
vertex -52.5064582824707 -51.712730407714844 5
vertex -49.7999382019043 -48.61249923706055 5
endloop
endfacet
facet normal 1 0 0
outer loop
vertex -49.7999382019043 -48.61249923706055 5
vertex -49.7999382019043 -34.51249694824219 0
vertex -49.7999382019043 -34.51249694824219 5
endloop
endfacet
facet normal 0 0 1
outer loop
vertex -35.6999397277832 -48.61249923706055 5
vertex -52.5064582824707 -51.712730407714844 5
vertex -30.799938201904297 -48.61249923706055 5
endloop
endfacet
facet normal 0 1 0
outer loop
vertex -35.6999397277832 -48.61249923706055 5
vertex -40.24993896484375 -48.61249923706055 3.549999952316284
vertex -45.24993896484375 -48.61249923706055 3.549999952316284
endloop
endfacet
facet normal 0 1 0
outer loop
vertex -45.24993896484375 -48.61249923706055 3.549999952316284
vertex -49.7999382019043 -48.61249923706055 5
vertex -35.6999397277832 -48.61249923706055 5
endloop
endfacet
facet normal 0 0 1
outer loop
vertex -52.5064582824707 -51.712730407714844 5
vertex -35.6999397277832 -48.61249923706055 5
vertex -49.7999382019043 -48.61249923706055 5
endloop
endfacet
facet normal 0 0 -1
outer loop
vertex 24.350061416625977 -33.32749938964844 0
vertex 24.177854537963867 -33.361751556396484 0
vertex 24.450061798095703 -32.0625 0
endloop
endfacet
facet normal -1 0 0
outer loop
vertex 21.30006217956543 -34.51249694824219 0
vertex 21.30006217956543 -48.61249923706055 0
vertex 21.30006217956543 -34.51249694824219 5
endloop
endfacet
facet normal 0 0 1
outer loop
vertex -52.5064582824707 -51.712730407714844 5
vertex -52.51911544799805 -31.416322708129883 5
vertex -52.881317138671875 -51.362449645996094 5
endloop
endfacet
facet normal 0 0 1
outer loop
vertex -52.881317138671875 -51.362449645996094 5
vertex -52.900169372558594 -31.80597686767578 5
vertex -52.9499397277832 -51.0625 5
endloop
endfacet
facet normal 0 0 -1
outer loop
vertex 23.75006103515625 -51.76249694824219 0
vertex -7.249938488006592 -49.3125 0
vertex -2.249938488006592 -49.3125 0
endloop
endfacet
facet normal 0 0 -1
outer loop
vertex 23.75006103515625 -51.76249694824219 0
vertex -2.249938488006592 -49.3125 0
vertex 2.3000614643096924 -48.61249923706055 0
endloop
endfacet
facet normal 0 0 -1
outer loop
vertex 7.200061321258545 -48.61249923706055 0
vertex 11.750061988830566 -48.61249923706055 0
vertex 11.750061988830566 -49.3125 0
endloop
endfacet
facet normal 0 0 -1
outer loop
vertex 23.75006103515625 -51.76249694824219 0
vertex 2.3000614643096924 -48.61249923706055 0
vertex 7.200061321258545 -48.61249923706055 0
endloop
endfacet
facet normal 0 0 -1
outer loop
vertex 23.75006103515625 -51.76249694824219 0
vertex 7.200061321258545 -48.61249923706055 0
vertex 11.750061988830566 -49.3125 0
endloop
endfacet
facet normal 0 0 -1
outer loop
vertex 23.75006103515625 -51.76249694824219 0
vertex 11.750061988830566 -49.3125 0
vertex 16.75006103515625 -49.3125 0
endloop
endfacet
facet normal 0 0 -1
outer loop
vertex 16.75006103515625 -49.3125 0
vertex 16.75006103515625 -48.61249923706055 0
vertex 21.30006217956543 -48.61249923706055 0
endloop
endfacet
facet normal 0 1 0
outer loop
vertex 2.3000614643096924 -48.61249923706055 0
vertex -2.249938488006592 -48.61249923706055 3.549999952316284
vertex 2.3000614643096924 -48.61249923706055 5
endloop
endfacet
facet normal 0 1 0
outer loop
vertex 7.200061321258545 -48.61249923706055 0
vertex 7.200061321258545 -48.61249923706055 5
vertex 11.750061988830566 -48.61249923706055 3.549999952316284
endloop
endfacet
facet normal 0 1 0
outer loop
vertex 11.750061988830566 -48.61249923706055 0
vertex 7.200061321258545 -48.61249923706055 0
vertex 11.750061988830566 -48.61249923706055 3.549999952316284
endloop
endfacet
facet normal 0 1 0
outer loop
vertex 21.30006217956543 -48.61249923706055 0
vertex 16.75006103515625 -48.61249923706055 0
vertex 16.75006103515625 -48.61249923706055 3.549999952316284
endloop
endfacet
facet normal 0 0 -1
outer loop
vertex 7.200061321258545 -48.61249923706055 0
vertex 2.3000614643096924 -48.61249923706055 0
vertex 2.3000614643096924 -34.51249694824219 0
endloop
endfacet
facet normal 0 0 -1
outer loop
vertex 7.200061321258545 -48.61249923706055 0
vertex 2.3000614643096924 -34.51249694824219 0
vertex 7.200061321258545 -34.51249694824219 0
endloop
endfacet
facet normal 0 0 -1
outer loop
vertex 2.3000614643096924 -34.51249694824219 0
vertex -2.249938488006592 -33.8125 0
vertex 7.200061321258545 -34.51249694824219 0
endloop
endfacet
facet normal 0 0 -1
outer loop
vertex 7.200061321258545 -34.51249694824219 0
vertex -2.249938488006592 -33.8125 0
vertex 11.750061988830566 -33.8125 0
endloop
endfacet
facet normal 0 0 -1
outer loop
vertex 7.200061321258545 -34.51249694824219 0
vertex 11.750061988830566 -33.8125 0
vertex 11.750061988830566 -34.51249694824219 0
endloop
endfacet
facet normal 0 0 -1
outer loop
vertex 16.75006103515625 -33.8125 0
vertex 21.30006217956543 -34.51249694824219 0
vertex 16.75006103515625 -34.51249694824219 0
endloop
endfacet
facet normal -1 0 0
outer loop
vertex 2.3000614643096924 -34.51249694824219 0
vertex 2.3000614643096924 -48.61249923706055 0
vertex 2.3000614643096924 -34.51249694824219 5
endloop
endfacet
facet normal 1 0 0
outer loop
vertex 7.200061321258545 -48.61249923706055 5
vertex 7.200061321258545 -48.61249923706055 0
vertex 7.200061321258545 -34.51249694824219 0
endloop
endfacet
facet normal 0 -1 0
outer loop
vertex 2.3000614643096924 -34.51249694824219 5
vertex -2.249938488006592 -34.51249694824219 3.549999952316284
vertex 2.3000614643096924 -34.51249694824219 0
endloop
endfacet
facet normal 0 -1 0
outer loop
vertex 7.200061321258545 -34.51249694824219 0
vertex 11.750061988830566 -34.51249694824219 3.549999952316284
vertex 7.200061321258545 -34.51249694824219 5
endloop
endfacet
facet normal 0 -1 0
outer loop
vertex 11.750061988830566 -34.51249694824219 3.549999952316284
vertex 7.200061321258545 -34.51249694824219 0
vertex 11.750061988830566 -34.51249694824219 0
endloop
endfacet
facet normal 0 -1 0
outer loop
vertex 16.75006103515625 -34.51249694824219 0
vertex 21.30006217956543 -34.51249694824219 0
vertex 16.75006103515625 -34.51249694824219 3.549999952316284
endloop
endfacet
facet normal 0 0 -1
outer loop
vertex 23.75006103515625 -51.76249694824219 0
vertex 16.75006103515625 -49.3125 0
vertex 21.30006217956543 -48.61249923706055 0
endloop
endfacet
facet normal 0 0 -1
outer loop
vertex 23.75006103515625 -51.76249694824219 0
vertex 21.30006217956543 -48.61249923706055 0
vertex 24.050012588500977 -51.693878173828125 0
endloop
endfacet
facet normal 0 0 -1
outer loop
vertex 24.050012588500977 -51.693878173828125 0
vertex 21.30006217956543 -48.61249923706055 0
vertex 24.148242950439453 -46.87345886230469 0
endloop
endfacet
facet normal 0 0 -1
outer loop
vertex 23.934316635131836 -46.64970779418945 0
vertex 24.031864166259766 -46.79569625854492 0
vertex 21.30006217956543 -48.61249923706055 0
endloop
endfacet
facet normal 0 0 -1
outer loop
vertex 24.148242950439453 -46.87345886230469 0
vertex 21.30006217956543 -48.61249923706055 0
vertex 24.031864166259766 -46.79569625854492 0
endloop
endfacet
facet normal 0 0 -1
outer loop
vertex 23.934316635131836 -46.64970779418945 0
vertex 21.30006217956543 -48.61249923706055 0
vertex 23.900060653686523 -46.47749710083008 0
endloop
endfacet
facet normal 0 0 -1
outer loop
vertex 23.900060653686523 -46.47749710083008 0
vertex 21.30006217956543 -48.61249923706055 0
vertex 23.934316635131836 -46.30529022216797 0
endloop
endfacet
facet normal 0 0 -1
outer loop
vertex 23.934316635131836 -46.30529022216797 0
vertex 21.30006217956543 -48.61249923706055 0
vertex 23.9345703125 -45.37970733642578 0
endloop
endfacet
facet normal 0 0 -1
outer loop
vertex 23.9345703125 -45.37970733642578 0
vertex 21.30006217956543 -48.61249923706055 0
vertex 23.90031623840332 -45.20750045776367 0
endloop
endfacet
facet normal 0 0 -1
outer loop
vertex 23.90031623840332 -45.20750045776367 0
vertex 21.30006217956543 -48.61249923706055 0
vertex 23.9345703125 -45.0352897644043 0
endloop
endfacet
facet normal 0 0 -1
outer loop
vertex 23.9345703125 -45.0352897644043 0
vertex 21.30006217956543 -48.61249923706055 0
vertex 23.9345703125 -44.10970687866211 0
endloop
endfacet
facet normal 0 0 -1
outer loop
vertex 23.9345703125 -44.10970687866211 0
vertex 21.30006217956543 -48.61249923706055 0
vertex 23.90031623840332 -43.9375 0
endloop
endfacet
facet normal 0 0 -1
outer loop
vertex 23.90031623840332 -43.9375 0
vertex 21.30006217956543 -48.61249923706055 0
vertex 23.9345703125 -43.765289306640625 0
endloop
endfacet
facet normal 0 0 -1
outer loop
vertex 23.9345703125 -43.765289306640625 0
vertex 21.30006217956543 -48.61249923706055 0
vertex 23.9345703125 -42.83970642089844 0
endloop
endfacet
facet normal 0 0 -1
outer loop
vertex 23.9345703125 -42.83970642089844 0
vertex 21.30006217956543 -48.61249923706055 0
vertex 23.90031623840332 -42.66749954223633 0
endloop
endfacet
facet normal 0 0 -1
outer loop
vertex 23.90031623840332 -42.66749954223633 0
vertex 21.30006217956543 -48.61249923706055 0
vertex 23.9345703125 -42.49529266357422 0
endloop
endfacet
facet normal 0 0 -1
outer loop
vertex 23.934316635131836 -46.30529022216797 0
vertex 23.9345703125 -45.37970733642578 0
vertex 24.031864166259766 -46.1593017578125 0
endloop
endfacet
facet normal 0 0 -1
outer loop
vertex 24.031864166259766 -46.1593017578125 0
vertex 24.03211784362793 -45.52569580078125 0
vertex 24.16460418701172 -46.07060623168945 0
endloop
endfacet
facet normal 0 0 -1
outer loop
vertex 24.03211784362793 -45.52569580078125 0
vertex 24.031864166259766 -46.1593017578125 0
vertex 23.9345703125 -45.37970733642578 0
endloop
endfacet
facet normal 0 0 -1
outer loop
vertex 24.03211784362793 -45.52569580078125 0
vertex 24.173778533935547 -45.62035369873047 0
vertex 24.16460418701172 -46.07060623168945 0
endloop
endfacet
facet normal 0 0 -1
outer loop
vertex 23.9345703125 -45.0352897644043 0
vertex 23.9345703125 -44.10970687866211 0
vertex 24.03211784362793 -44.88930130004883 0
endloop
endfacet
facet normal 0 0 -1
outer loop
vertex 24.03211784362793 -44.88930130004883 0
vertex 24.03211784362793 -44.25569534301758 0
vertex 24.190715789794922 -44.78924560546875 0
endloop
endfacet
facet normal 0 0 -1
outer loop
vertex 24.03211784362793 -44.25569534301758 0
vertex 24.03211784362793 -44.88930130004883 0
vertex 23.9345703125 -44.10970687866211 0
endloop
endfacet
facet normal 0 0 -1
outer loop
vertex 24.190715789794922 -44.78924560546875 0
vertex 24.03211784362793 -44.25569534301758 0
vertex 24.199514389038086 -44.35750198364258 0
endloop
endfacet
facet normal 0 -1 0
outer loop
vertex 16.75006103515625 -34.51249694824219 3.549999952316284
vertex 21.30006217956543 -34.51249694824219 0
vertex 21.30006217956543 -34.51249694824219 5
endloop
endfacet
facet normal 0 -1 0
outer loop
vertex -2.249938488006592 -34.51249694824219 0
vertex 2.3000614643096924 -34.51249694824219 0
vertex -2.249938488006592 -34.51249694824219 3.549999952316284
endloop
endfacet
facet normal 0 -1 0
outer loop
vertex -7.249938488006592 -34.51249694824219 3.549999952316284
vertex -11.799938201904297 -34.51249694824219 0
vertex -7.249938488006592 -34.51249694824219 0
endloop
endfacet
facet normal 0 -1 0
outer loop
vertex -11.799938201904297 -34.51249694824219 0
vertex -7.249938488006592 -34.51249694824219 3.549999952316284
vertex -11.799938201904297 -34.51249694824219 5
endloop
endfacet
facet normal 0 -1 0
outer loop
vertex -21.24993896484375 -34.51249694824219 3.549999952316284
vertex -16.69993782043457 -34.51249694824219 0
vertex -16.69993782043457 -34.51249694824219 5
endloop
endfacet
facet normal 1 0 0
outer loop
vertex -11.799938201904297 -48.61249923706055 5
vertex -11.799938201904297 -48.61249923706055 0
vertex -11.799938201904297 -34.51249694824219 0
endloop
endfacet
facet normal -1 0 0
outer loop
vertex -16.69993782043457 -34.51249694824219 0
vertex -16.69993782043457 -48.61249923706055 0
vertex -16.69993782043457 -34.51249694824219 5
endloop
endfacet
facet normal 0 0 -1
outer loop
vertex 16.75006103515625 -33.8125 0
vertex -52.51911544799805 -31.416322708129883 0
vertex 24.006582260131836 -31.412267684936523 0
endloop
endfacet
facet normal 0 0 -1
outer loop
vertex -2.249938488006592 -34.51249694824219 0
vertex -2.249938488006592 -33.8125 0
vertex 2.3000614643096924 -34.51249694824219 0
endloop
endfacet
facet normal 0 0 -1
outer loop
vertex 11.750061988830566 -33.8125 0
vertex -52.51911544799805 -31.416322708129883 0
vertex 16.75006103515625 -33.8125 0
endloop
endfacet
facet normal 0 0 -1
outer loop
vertex -21.24993896484375 -33.8125 0
vertex -7.249938488006592 -34.51249694824219 0
vertex -11.799938201904297 -34.51249694824219 0
endloop
endfacet
facet normal 0 0 -1
outer loop
vertex -2.249938488006592 -33.8125 0
vertex -52.51911544799805 -31.416322708129883 0
vertex 11.750061988830566 -33.8125 0
endloop
endfacet
facet normal 0 0 -1
outer loop
vertex -16.69993782043457 -34.51249694824219 0
vertex -21.24993896484375 -33.8125 0
vertex -11.799938201904297 -34.51249694824219 0
endloop
endfacet
facet normal 0 0 -1
outer loop
vertex -11.799938201904297 -48.61249923706055 0
vertex -16.69993782043457 -34.51249694824219 0
vertex -11.799938201904297 -34.51249694824219 0
endloop
endfacet
facet normal 0 0 -1
outer loop
vertex -11.799938201904297 -48.61249923706055 0
vertex -16.69993782043457 -48.61249923706055 0
vertex -16.69993782043457 -34.51249694824219 0
endloop
endfacet
facet normal 0 1 0
outer loop
vertex 2.3000614643096924 -48.61249923706055 0
vertex -2.249938488006592 -48.61249923706055 0
vertex -2.249938488006592 -48.61249923706055 3.549999952316284
endloop
endfacet
facet normal 0 1 0
outer loop
vertex -7.249938488006592 -48.61249923706055 0
vertex -11.799938201904297 -48.61249923706055 0
vertex -7.249938488006592 -48.61249923706055 3.549999952316284
endloop
endfacet
facet normal 0 1 0
outer loop
vertex 16.75006103515625 -48.61249923706055 3.549999952316284
vertex 21.30006217956543 -48.61249923706055 5
vertex 21.30006217956543 -48.61249923706055 0
endloop
endfacet
facet normal 0 1 0
outer loop
vertex -11.799938201904297 -48.61249923706055 0
vertex -11.799938201904297 -48.61249923706055 5
vertex -7.249938488006592 -48.61249923706055 3.549999952316284
endloop
endfacet
facet normal 0 0 -1
outer loop
vertex 23.9345703125 -42.49529266357422 0
vertex 21.30006217956543 -48.61249923706055 0
vertex 23.9345703125 -41.569705963134766 0
endloop
endfacet
facet normal 0 1 0
outer loop
vertex -21.24993896484375 -48.61249923706055 3.549999952316284
vertex -16.69993782043457 -48.61249923706055 5
vertex -16.69993782043457 -48.61249923706055 0
endloop
endfacet
facet normal 0 0 -1
outer loop
vertex 23.9345703125 -41.569705963134766 0
vertex 21.30006217956543 -48.61249923706055 0
vertex 23.90031623840332 -41.397499084472656 0
endloop
endfacet
facet normal 0 0 -1
outer loop
vertex -2.249938488006592 -49.3125 0
vertex -2.249938488006592 -48.61249923706055 0
vertex 2.3000614643096924 -48.61249923706055 0
endloop
endfacet
facet normal 0 0 1
outer loop
vertex 24.006582260131836 -31.412267684936523 5
vertex -16.69993782043457 -34.51249694824219 5
vertex -11.799938201904297 -34.51249694824219 5
endloop
endfacet
facet normal 0 -1 0
outer loop
vertex -2.249938488006592 -34.51249694824219 3.549999952316284
vertex 2.3000614643096924 -34.51249694824219 5
vertex -11.799938201904297 -34.51249694824219 5
endloop
endfacet
facet normal 0 0 -1
outer loop
vertex 23.75006103515625 -51.76249694824219 0
vertex -16.69993782043457 -48.61249923706055 0
vertex -7.249938488006592 -49.3125 0
endloop
endfacet
facet normal 0 0 1
outer loop
vertex 24.006582260131836 -31.412267684936523 5
vertex -30.799938201904297 -34.51249694824219 5
vertex -16.69993782043457 -34.51249694824219 5
endloop
endfacet
facet normal 0 -1 0
outer loop
vertex -11.799938201904297 -34.51249694824219 5
vertex -7.249938488006592 -34.51249694824219 3.549999952316284
vertex -2.249938488006592 -34.51249694824219 3.549999952316284
endloop
endfacet
facet normal 0 0 -1
outer loop
vertex 23.75006103515625 -51.76249694824219 0
vertex -21.24993896484375 -48.61249923706055 0
vertex -16.69993782043457 -48.61249923706055 0
endloop
endfacet
facet normal 0 0 -1
outer loop
vertex 23.90031623840332 -41.397499084472656 0
vertex 21.30006217956543 -48.61249923706055 0
vertex 23.90031623840332 -40.127498626708984 0
endloop
endfacet
facet normal 0 0 -1
outer loop
vertex 23.90031623840332 -40.127498626708984 0
vertex 21.30006217956543 -48.61249923706055 0
vertex 23.90031623840332 -38.85749816894531 0
endloop
endfacet
facet normal 0 0 -1
outer loop
vertex 23.75006103515625 -51.76249694824219 0
vertex -21.24993896484375 -49.3125 0
vertex -21.24993896484375 -48.61249923706055 0
endloop
endfacet
facet normal 0 0 1
outer loop
vertex 24.006582260131836 -31.412267684936523 5
vertex -35.6999397277832 -34.51249694824219 5
vertex -30.799938201904297 -34.51249694824219 5
endloop
endfacet
facet normal 0 0 1
outer loop
vertex -16.69993782043457 -34.51249694824219 5
vertex -11.799938201904297 -48.61249923706055 5
vertex -11.799938201904297 -34.51249694824219 5
endloop
endfacet
facet normal 0 0 -1
outer loop
vertex -7.249938488006592 -49.3125 0
vertex -11.799938201904297 -48.61249923706055 0
vertex -7.249938488006592 -48.61249923706055 0
endloop
endfacet
facet normal 0 0 1
outer loop
vertex -16.69993782043457 -34.51249694824219 5
vertex -16.69993782043457 -48.61249923706055 5
vertex -11.799938201904297 -48.61249923706055 5
endloop
endfacet
facet normal 1 0 0
outer loop
vertex -11.799938201904297 -48.61249923706055 5
vertex -11.799938201904297 -34.51249694824219 0
vertex -11.799938201904297 -34.51249694824219 5
endloop
endfacet
facet normal 0 0 -1
outer loop
vertex 23.75006103515625 -51.76249694824219 0
vertex -26.24993896484375 -49.3125 0
vertex -21.24993896484375 -49.3125 0
endloop
endfacet
facet normal -1 0 0
outer loop
vertex -16.69993782043457 -34.51249694824219 5
vertex -16.69993782043457 -48.61249923706055 0
vertex -16.69993782043457 -48.61249923706055 5
endloop
endfacet
facet normal 0 0 -1
outer loop
vertex -16.69993782043457 -48.61249923706055 0
vertex -11.799938201904297 -48.61249923706055 0
vertex -7.249938488006592 -49.3125 0
endloop
endfacet
facet normal 0 0 1
outer loop
vertex 21.30006217956543 -48.61249923706055 5
vertex -52.5064582824707 -51.712730407714844 5
vertex 23.75006103515625 -51.76249694824219 5
endloop
endfacet
facet normal 0 1 0
outer loop
vertex -2.249938488006592 -48.61249923706055 3.549999952316284
vertex -7.249938488006592 -48.61249923706055 3.549999952316284
vertex 2.3000614643096924 -48.61249923706055 5
endloop
endfacet
facet normal 0 0 -1
outer loop
vertex 23.75006103515625 -51.76249694824219 0
vertex -40.24993896484375 -49.3125 0
vertex -26.24993896484375 -49.3125 0
endloop
endfacet
facet normal 0 1 0
outer loop
vertex -7.249938488006592 -48.61249923706055 3.549999952316284
vertex -11.799938201904297 -48.61249923706055 5
vertex 2.3000614643096924 -48.61249923706055 5
endloop
endfacet
facet normal 0 0 1
outer loop
vertex 7.200061321258545 -48.61249923706055 5
vertex -52.5064582824707 -51.712730407714844 5
vertex 21.30006217956543 -48.61249923706055 5
endloop
endfacet
facet normal 0 -1 0
outer loop
vertex -21.24993896484375 -34.51249694824219 0
vertex -16.69993782043457 -34.51249694824219 0
vertex -21.24993896484375 -34.51249694824219 3.549999952316284
endloop
endfacet
facet normal 0 0 -1
outer loop
vertex 23.90031623840332 -38.85749816894531 0
vertex 21.30006217956543 -48.61249923706055 0
vertex 23.90031623840332 -37.58749771118164 0
endloop
endfacet
facet normal 0 0 -1
outer loop
vertex 23.90031623840332 -37.58749771118164 0
vertex 21.30006217956543 -48.61249923706055 0
vertex 23.90031623840332 -36.31749725341797 0
endloop
endfacet
facet normal 0 -1 0
outer loop
vertex -26.24993896484375 -34.51249694824219 3.549999952316284
vertex -30.799938201904297 -34.51249694824219 0
vertex -26.24993896484375 -34.51249694824219 0
endloop
endfacet
facet normal 0 0 1
outer loop
vertex 2.3000614643096924 -48.61249923706055 5
vertex -52.5064582824707 -51.712730407714844 5
vertex 7.200061321258545 -48.61249923706055 5
endloop
endfacet
facet normal 0 -1 0
outer loop
vertex -30.799938201904297 -34.51249694824219 0
vertex -26.24993896484375 -34.51249694824219 3.549999952316284
vertex -30.799938201904297 -34.51249694824219 5
endloop
endfacet
facet normal 0 0 1
outer loop
vertex -52.51911544799805 -31.416322708129883 5
vertex -35.6999397277832 -34.51249694824219 5
vertex 24.006582260131836 -31.412267684936523 5
endloop
endfacet
facet normal 0 -1 0
outer loop
vertex -21.24993896484375 -34.51249694824219 3.549999952316284
vertex -16.69993782043457 -34.51249694824219 5
vertex -30.799938201904297 -34.51249694824219 5
endloop
endfacet
facet normal 0 -1 0
outer loop
vertex -40.24993896484375 -34.51249694824219 3.549999952316284
vertex -35.6999397277832 -34.51249694824219 0
vertex -35.6999397277832 -34.51249694824219 5
endloop
endfacet
facet normal 0 -1 0
outer loop
vertex -30.799938201904297 -34.51249694824219 5
vertex -26.24993896484375 -34.51249694824219 3.549999952316284
vertex -21.24993896484375 -34.51249694824219 3.549999952316284
endloop
endfacet
facet normal 0 0 -1
outer loop
vertex 23.90031623840332 -36.31749725341797 0
vertex 21.30006217956543 -48.61249923706055 0
vertex 23.900060653686523 -35.04750061035156 0
endloop
endfacet
facet normal 1 0 0
outer loop
vertex -30.799938201904297 -48.61249923706055 5
vertex -30.799938201904297 -48.61249923706055 0
vertex -30.799938201904297 -34.51249694824219 0
endloop
endfacet
facet normal 0 0 -1
outer loop
vertex 21.30006217956543 -48.61249923706055 0
vertex 21.30006217956543 -34.51249694824219 0
vertex 24.031864166259766 -34.09569549560547 0
endloop
endfacet
facet normal 0 0 1
outer loop
vertex -35.6999397277832 -34.51249694824219 5
vertex -30.799938201904297 -48.61249923706055 5
vertex -30.799938201904297 -34.51249694824219 5
endloop
endfacet
facet normal -1 0 0
outer loop
vertex -35.6999397277832 -34.51249694824219 0
vertex -35.6999397277832 -48.61249923706055 0
vertex -35.6999397277832 -34.51249694824219 5
endloop
endfacet
facet normal 0 0 1
outer loop
vertex -35.6999397277832 -34.51249694824219 5
vertex -35.6999397277832 -48.61249923706055 5
vertex -30.799938201904297 -48.61249923706055 5
endloop
endfacet
facet normal 1 0 0
outer loop
vertex -30.799938201904297 -48.61249923706055 5
vertex -30.799938201904297 -34.51249694824219 0
vertex -30.799938201904297 -34.51249694824219 5
endloop
endfacet
facet normal 0 0 -1
outer loop
vertex -7.249938488006592 -33.8125 0
vertex -52.51911544799805 -31.416322708129883 0
vertex -2.249938488006592 -33.8125 0
endloop
endfacet
facet normal -1 0 0
outer loop
vertex -35.6999397277832 -34.51249694824219 5
vertex -35.6999397277832 -48.61249923706055 0
vertex -35.6999397277832 -48.61249923706055 5
endloop
endfacet
facet normal 0 0 -1
outer loop
vertex -21.24993896484375 -33.8125 0
vertex -16.69993782043457 -34.51249694824219 0
vertex -21.24993896484375 -34.51249694824219 0
endloop
endfacet
facet normal 0 0 1
outer loop
vertex -11.799938201904297 -48.61249923706055 5
vertex -52.5064582824707 -51.712730407714844 5
vertex 2.3000614643096924 -48.61249923706055 5
endloop
endfacet
facet normal 0 1 0
outer loop
vertex -16.69993782043457 -48.61249923706055 5
vertex -21.24993896484375 -48.61249923706055 3.549999952316284
vertex -26.24993896484375 -48.61249923706055 3.549999952316284
endloop
endfacet
facet normal 0 0 -1
outer loop
vertex -7.249938488006592 -34.51249694824219 0
vertex -52.51911544799805 -31.416322708129883 0
vertex -7.249938488006592 -33.8125 0
endloop
endfacet
facet normal 0 1 0
outer loop
vertex -26.24993896484375 -48.61249923706055 3.549999952316284
vertex -30.799938201904297 -48.61249923706055 5
vertex -16.69993782043457 -48.61249923706055 5
endloop
endfacet
facet normal 0 0 1
outer loop
vertex -16.69993782043457 -48.61249923706055 5
vertex -52.5064582824707 -51.712730407714844 5
vertex -11.799938201904297 -48.61249923706055 5
endloop
endfacet
facet normal 0 0 -1
outer loop
vertex -21.24993896484375 -33.8125 0
vertex -52.51911544799805 -31.416322708129883 0
vertex -7.249938488006592 -34.51249694824219 0
endloop
endfacet
facet normal 0 0 -1
outer loop
vertex 23.900060653686523 -35.04750061035156 0
vertex 21.30006217956543 -48.61249923706055 0
vertex 24.031864166259766 -34.09569549560547 0
endloop
endfacet
facet normal 0 0 -1
outer loop
vertex 23.9345703125 -43.765289306640625 0
vertex 23.9345703125 -42.83970642089844 0
vertex 24.03211784362793 -43.619300842285156 0
endloop
endfacet
facet normal 0 0 -1
outer loop
vertex -30.799938201904297 -34.51249694824219 0
vertex -26.24993896484375 -33.8125 0
vertex -26.24993896484375 -34.51249694824219 0
endloop
endfacet
facet normal 0 0 1
outer loop
vertex -30.799938201904297 -48.61249923706055 5
vertex -52.5064582824707 -51.712730407714844 5
vertex -16.69993782043457 -48.61249923706055 5
endloop
endfacet
facet normal 0 0 -1
outer loop
vertex -26.24993896484375 -33.8125 0
vertex -52.51911544799805 -31.416322708129883 0
vertex -21.24993896484375 -33.8125 0
endloop
endfacet
facet normal 0 0 -1
outer loop
vertex 24.03211784362793 -43.619300842285156 0
vertex 24.03211784362793 -42.985694885253906 0
vertex 24.17810821533203 -43.521751403808594 0
endloop
endfacet
facet normal 0 0 -1
outer loop
vertex -30.799938201904297 -34.51249694824219 0
vertex -52.51911544799805 -31.416322708129883 0
vertex -26.24993896484375 -33.8125 0
endloop
endfacet
facet normal 0 0 -1
outer loop
vertex -30.799938201904297 -48.61249923706055 0
vertex -35.6999397277832 -34.51249694824219 0
vertex -30.799938201904297 -34.51249694824219 0
endloop
endfacet
facet normal 0 0 -1
outer loop
vertex -30.799938201904297 -48.61249923706055 0
vertex -35.6999397277832 -48.61249923706055 0
vertex -35.6999397277832 -34.51249694824219 0
endloop
endfacet
facet normal 0 1 0
outer loop
vertex -21.24993896484375 -48.61249923706055 0
vertex -21.24993896484375 -48.61249923706055 3.549999952316284
vertex -16.69993782043457 -48.61249923706055 0
endloop
endfacet
facet normal 0 1 0
outer loop
vertex -26.24993896484375 -48.61249923706055 0
vertex -30.799938201904297 -48.61249923706055 0
vertex -26.24993896484375 -48.61249923706055 3.549999952316284
endloop
endfacet
facet normal 0 0 -1
outer loop
vertex 24.21670150756836 -43.514076232910156 0
vertex 24.17810821533203 -43.521751403808594 0
vertex 24.17810821533203 -43.08324432373047 0
endloop
endfacet
facet normal 0 0 -1
outer loop
vertex 24.03211784362793 -42.985694885253906 0
vertex 24.03211784362793 -43.619300842285156 0
vertex 23.9345703125 -42.83970642089844 0
endloop
endfacet
facet normal 0 1 0
outer loop
vertex -30.799938201904297 -48.61249923706055 0
vertex -30.799938201904297 -48.61249923706055 5
vertex -26.24993896484375 -48.61249923706055 3.549999952316284
endloop
endfacet
facet normal 0 0 -1
outer loop
vertex 24.17810821533203 -43.08324432373047 0
vertex 24.17810821533203 -43.521751403808594 0
vertex 24.03211784362793 -42.985694885253906 0
endloop
endfacet
facet normal 0 0 -1
outer loop
vertex 24.225290298461914 -43.092628479003906 0
vertex 24.21670150756836 -43.514076232910156 0
vertex 24.17810821533203 -43.08324432373047 0
endloop
endfacet
facet normal 0 1 0
outer loop
vertex -40.24993896484375 -48.61249923706055 3.549999952316284
vertex -35.6999397277832 -48.61249923706055 5
vertex -35.6999397277832 -48.61249923706055 0
endloop
endfacet
facet normal 0 0 -1
outer loop
vertex 23.9345703125 -42.49529266357422 0
vertex 23.9345703125 -41.569705963134766 0
vertex 24.03211784362793 -42.349300384521484 0
endloop
endfacet
facet normal 0 0 -1
outer loop
vertex 24.03211784362793 -42.349300384521484 0
vertex 24.03211784362793 -41.7156982421875 0
vertex 24.17810821533203 -42.25175476074219 0
endloop
endfacet
facet normal 0 0 -1
outer loop
vertex 23.75006103515625 -51.76249694824219 0
vertex -45.24993896484375 -49.3125 0
vertex -40.24993896484375 -49.3125 0
endloop
endfacet
facet normal 0 0 -1
outer loop
vertex 24.242687225341797 -42.23890686035156 0
vertex 24.17810821533203 -42.25175476074219 0
vertex 24.17810821533203 -41.8132438659668 0
endloop
endfacet
facet normal 0 0 -1
outer loop
vertex 24.25106430053711 -41.827754974365234 0
vertex 24.242687225341797 -42.23890686035156 0
vertex 24.17810821533203 -41.8132438659668 0
endloop
endfacet
facet normal 0 0 -1
outer loop
vertex -52.5064582824707 -51.712730407714844 0
vertex -45.24993896484375 -49.3125 0
vertex 23.75006103515625 -51.76249694824219 0
endloop
endfacet
facet normal 0 0 -1
outer loop
vertex 24.03211784362793 -41.7156982421875 0
vertex 24.03211784362793 -42.349300384521484 0
vertex 23.9345703125 -41.569705963134766 0
endloop
endfacet
facet normal 0 0 -1
outer loop
vertex 24.17810821533203 -41.8132438659668 0
vertex 24.17810821533203 -42.25175476074219 0
vertex 24.03211784362793 -41.7156982421875 0
endloop
endfacet
facet normal 0 0 -1
outer loop
vertex -26.24993896484375 -49.3125 0
vertex -30.799938201904297 -48.61249923706055 0
vertex -26.24993896484375 -48.61249923706055 0
endloop
endfacet
facet normal 0 0 -1
outer loop
vertex 23.9345703125 -41.22529220581055 0
vertex 23.9345703125 -40.299705505371094 0
vertex 24.03211784362793 -41.07929992675781 0
endloop
endfacet
facet normal 0 0 -1
outer loop
vertex 23.90031623840332 -41.397499084472656 0
vertex 23.90031623840332 -40.127498626708984 0
vertex 23.9345703125 -41.22529220581055 0
endloop
endfacet
facet normal 0 0 -1
outer loop
vertex -26.24993896484375 -49.3125 0
vertex -35.6999397277832 -48.61249923706055 0
vertex -30.799938201904297 -48.61249923706055 0
endloop
endfacet
facet normal 0 0 -1
outer loop
vertex 24.03211784362793 -41.07929992675781 0
vertex 24.03211784362793 -40.44569778442383 0
vertex 24.17810821533203 -40.981754302978516 0
endloop
endfacet
facet normal 0 0 -1
outer loop
vertex 24.03211784362793 -40.44569778442383 0
vertex 24.03211784362793 -41.07929992675781 0
vertex 23.9345703125 -40.299705505371094 0
endloop
endfacet
facet normal 0 0 -1
outer loop
vertex -40.24993896484375 -49.3125 0
vertex -35.6999397277832 -48.61249923706055 0
vertex -26.24993896484375 -49.3125 0
endloop
endfacet
facet normal 0 0 -1
outer loop
vertex 24.03211784362793 -40.44569778442383 0
vertex 24.17810821533203 -40.543243408203125 0
vertex 24.17810821533203 -40.981754302978516 0
endloop
endfacet
facet normal 0 0 -1
outer loop
vertex 24.2686710357666 -40.96373748779297 0
vertex 24.17810821533203 -40.981754302978516 0
vertex 24.17810821533203 -40.543243408203125 0
endloop
endfacet
facet normal 0 0 1
outer loop
vertex 24.381441116333008 -31.76254653930664 5
vertex 21.30006217956543 -34.51249694824219 5
vertex 24.450061798095703 -32.0625 5
endloop
endfacet
facet normal 0 0 -1
outer loop
vertex 24.276840209960938 -40.56288528442383 0
vertex 24.2686710357666 -40.96373748779297 0
vertex 24.17810821533203 -40.543243408203125 0
endloop
endfacet
facet normal 0 0 1
outer loop
vertex 24.006582260131836 -31.412267684936523 5
vertex 21.30006217956543 -34.51249694824219 5
vertex 24.381441116333008 -31.76254653930664 5
endloop
endfacet
facet normal 0 0 1
outer loop
vertex 21.30006217956543 -34.51249694824219 5
vertex 24.400291442871094 -51.31901931762695 5
vertex 24.450061798095703 -32.0625 5
endloop
endfacet
facet normal -1 0 0
outer loop
vertex 21.30006217956543 -34.51249694824219 5
vertex 21.30006217956543 -48.61249923706055 0
vertex 21.30006217956543 -48.61249923706055 5
endloop
endfacet
facet normal 0 0 1
outer loop
vertex 24.400291442871094 -51.31901931762695 5
vertex 21.30006217956543 -34.51249694824219 5
vertex 21.30006217956543 -48.61249923706055 5
endloop
endfacet
facet normal 0 0 1
outer loop
vertex 21.30006217956543 -48.61249923706055 5
vertex 24.050012588500977 -51.693878173828125 5
vertex 24.400291442871094 -51.31901931762695 5
endloop
endfacet
facet normal 0 0 1
outer loop
vertex 21.30006217956543 -48.61249923706055 5
vertex 23.75006103515625 -51.76249694824219 5
vertex 24.050012588500977 -51.693878173828125 5
endloop
endfacet
facet normal 0 0 1
outer loop
vertex 24.006582260131836 -31.412267684936523 5
vertex 7.200061321258545 -34.51249694824219 5
vertex 21.30006217956543 -34.51249694824219 5
endloop
endfacet
facet normal 0 -1 0
outer loop
vertex 16.75006103515625 -34.51249694824219 3.549999952316284
vertex 21.30006217956543 -34.51249694824219 5
vertex 7.200061321258545 -34.51249694824219 5
endloop
endfacet
facet normal 0 0 1
outer loop
vertex 24.006582260131836 -31.412267684936523 5
vertex 2.3000614643096924 -34.51249694824219 5
vertex 7.200061321258545 -34.51249694824219 5
endloop
endfacet
facet normal 0 -1 0
outer loop
vertex 7.200061321258545 -34.51249694824219 5
vertex 11.750061988830566 -34.51249694824219 3.549999952316284
vertex 16.75006103515625 -34.51249694824219 3.549999952316284
endloop
endfacet
facet normal 0 0 1
outer loop
vertex 24.006582260131836 -31.412267684936523 5
vertex -11.799938201904297 -34.51249694824219 5
vertex 2.3000614643096924 -34.51249694824219 5
endloop
endfacet
facet normal 0 0 1
outer loop
vertex 2.3000614643096924 -34.51249694824219 5
vertex 7.200061321258545 -48.61249923706055 5
vertex 7.200061321258545 -34.51249694824219 5
endloop
endfacet
facet normal 0 0 1
outer loop
vertex 2.3000614643096924 -34.51249694824219 5
vertex 2.3000614643096924 -48.61249923706055 5
vertex 7.200061321258545 -48.61249923706055 5
endloop
endfacet
facet normal 1 0 0
outer loop
vertex 7.200061321258545 -48.61249923706055 5
vertex 7.200061321258545 -34.51249694824219 0
vertex 7.200061321258545 -34.51249694824219 5
endloop
endfacet
facet normal -1 0 0
outer loop
vertex 2.3000614643096924 -34.51249694824219 5
vertex 2.3000614643096924 -48.61249923706055 0
vertex 2.3000614643096924 -48.61249923706055 5
endloop
endfacet
facet normal 0 -1 0
outer loop
vertex -40.24993896484375 -34.51249694824219 0
vertex -35.6999397277832 -34.51249694824219 0
vertex -40.24993896484375 -34.51249694824219 3.549999952316284
endloop
endfacet
facet normal 0 1 0
outer loop
vertex 21.30006217956543 -48.61249923706055 5
vertex 16.75006103515625 -48.61249923706055 3.549999952316284
vertex 11.750061988830566 -48.61249923706055 3.549999952316284
endloop
endfacet
facet normal 0 1 0
outer loop
vertex 11.750061988830566 -48.61249923706055 3.549999952316284
vertex 7.200061321258545 -48.61249923706055 5
vertex 21.30006217956543 -48.61249923706055 5
endloop
endfacet
facet normal 0 -1 0
outer loop
vertex -49.7999382019043 -34.51249694824219 0
vertex -45.24993896484375 -34.51249694824219 3.549999952316284
vertex -49.7999382019043 -34.51249694824219 5
endloop
endfacet
facet normal 0 -1 0
outer loop
vertex -49.7999382019043 -34.51249694824219 0
vertex -45.24993896484375 -34.51249694824219 0
vertex -45.24993896484375 -34.51249694824219 3.549999952316284
endloop
endfacet
facet normal 1 0 0
outer loop
vertex -49.7999382019043 -48.61249923706055 5
vertex -49.7999382019043 -48.61249923706055 0
vertex -49.7999382019043 -34.51249694824219 0
endloop
endfacet
facet normal 0 0 -1
outer loop
vertex -40.24993896484375 -34.51249694824219 0
vertex -40.24993896484375 -33.8125 0
vertex -35.6999397277832 -34.51249694824219 0
endloop
endfacet
facet normal 0 0 -1
outer loop
vertex -35.6999397277832 -34.51249694824219 0
vertex -52.51911544799805 -31.416322708129883 0
vertex -30.799938201904297 -34.51249694824219 0
endloop
endfacet
facet normal 0 0 -1
outer loop
vertex -45.24993896484375 -33.8125 0
vertex -52.51911544799805 -31.416322708129883 0
vertex -40.24993896484375 -33.8125 0
endloop
endfacet
facet normal 0 0 -1
outer loop
vertex -52.51911544799805 -31.416322708129883 0
vertex -35.6999397277832 -34.51249694824219 0
vertex -40.24993896484375 -33.8125 0
endloop
endfacet
facet normal 0 0 -1
outer loop
vertex -49.7999382019043 -34.51249694824219 0
vertex -45.24993896484375 -33.8125 0
vertex -45.24993896484375 -34.51249694824219 0
endloop
endfacet
facet normal 0 0 -1
outer loop
vertex -49.7999382019043 -34.51249694824219 0
vertex -52.51911544799805 -31.416322708129883 0
vertex -45.24993896484375 -33.8125 0
endloop
endfacet
facet normal 0 0 -1
outer loop
vertex -49.7999382019043 -48.61249923706055 0
vertex -52.51911544799805 -31.416322708129883 0
vertex -49.7999382019043 -34.51249694824219 0
endloop
endfacet
facet normal 0 0 -1
outer loop
vertex -49.7999382019043 -48.61249923706055 0
vertex -52.5064582824707 -51.712730407714844 0
vertex -52.51911544799805 -31.416322708129883 0
endloop
endfacet
facet normal 0 1 0
outer loop
vertex -35.6999397277832 -48.61249923706055 0
vertex -40.24993896484375 -48.61249923706055 0
vertex -40.24993896484375 -48.61249923706055 3.549999952316284
endloop
endfacet
facet normal 0 1 0
outer loop
vertex -45.24993896484375 -48.61249923706055 3.549999952316284
vertex -49.7999382019043 -48.61249923706055 0
vertex -49.7999382019043 -48.61249923706055 5
endloop
endfacet
facet normal 0 0 -1
outer loop
vertex 4.6750617027282715 34.51250076293945 0
vertex 0.12506155669689178 33.8125 0
vertex 0.12506155669689178 34.51250076293945 0
endloop
endfacet
facet normal 0 0 -1
outer loop
vertex 11.950061798095703 10.61250114440918 0
vertex 16.50006103515625 14.812500953674316 0
vertex 21.50006103515625 14.812500953674316 0
endloop
endfacet
facet normal 0 0 -1
outer loop
vertex -30.799938201904297 48.61250305175781 0
vertex -66.49993896484375 51.76250076293945 0
vertex -26.24993896484375 48.61250305175781 0
endloop
endfacet
facet normal 0 0 -1
outer loop
vertex -42.8249397277832 48.61250305175781 0
vertex -47.37493896484375 49.3125 0
vertex -30.799938201904297 48.61250305175781 0
endloop
endfacet
facet normal 0 0 -1
outer loop
vertex -26.24993896484375 48.61250305175781 0
vertex -66.49993896484375 51.76250076293945 0
vertex -26.24993896484375 49.3125 0
endloop
endfacet
facet normal 0 0 -1
outer loop
vertex -26.24993896484375 49.3125 0
vertex -66.49993896484375 51.76250076293945 0
vertex -21.24993896484375 49.3125 0
endloop
endfacet
facet normal 0 0 -1
outer loop
vertex 49.9500617980957 29.61250114440918 0
vertex 49.9500617980957 34.51250076293945 0
vertex 54.50006103515625 33.8125 0
endloop
endfacet
facet normal 0 0 -1
outer loop
vertex 49.9500617980957 29.61250114440918 0
vertex 54.50006103515625 30.312501907348633 0
vertex 54.50006103515625 29.61250114440918 0
endloop
endfacet
facet normal 0 -1 0
outer loop
vertex -56.9249382019043 48.61250305175781 0
vertex -52.37493896484375 48.61250305175781 0
vertex -52.37493896484375 48.61250305175781 3.549999952316284
endloop
endfacet
facet normal 0 0 -1
outer loop
vertex 66.50006103515625 -25.63749885559082 0
vertex 21.50006103515625 -22.487499237060547 0
vertex 26.05006217956543 -22.487499237060547 0
endloop
endfacet
facet normal 0 0 -1
outer loop
vertex 66.50006103515625 -25.63749885559082 0
vertex 26.05006217956543 -22.487499237060547 0
vertex 35.50006103515625 -23.187498092651367 0
endloop
endfacet
facet normal 0 0 -1
outer loop
vertex 40.50006103515625 -23.187498092651367 0
vertex 40.50006103515625 -22.487499237060547 0
vertex 45.0500602722168 -22.487499237060547 0
endloop
endfacet
facet normal 0 -1 0
outer loop
vertex -56.9249382019043 48.61250305175781 0
vertex -52.37493896484375 48.61250305175781 3.549999952316284
vertex -56.9249382019043 48.61250305175781 5
endloop
endfacet
facet normal 0 0 -1
outer loop
vertex 66.50006103515625 -25.63749885559082 0
vertex 35.50006103515625 -23.187498092651367 0
vertex 40.50006103515625 -23.187498092651367 0
endloop
endfacet
facet normal 0 0 -1
outer loop
vertex 66.50006103515625 -25.63749885559082 0
vertex 40.50006103515625 -23.187498092651367 0
vertex 45.0500602722168 -22.487499237060547 0
endloop
endfacet
facet normal 0 0 -1
outer loop
vertex 49.9500617980957 -22.487499237060547 0
vertex 54.50006103515625 -22.487499237060547 0
vertex 54.50006103515625 -23.187498092651367 0
endloop
endfacet
facet normal 0 -1 0
outer loop
vertex -47.37493896484375 48.61250305175781 3.549999952316284
vertex -47.37493896484375 48.61250305175781 0
vertex -42.8249397277832 48.61250305175781 0
endloop
endfacet
facet normal 0 -1 0
outer loop
vertex -47.37493896484375 48.61250305175781 3.549999952316284
vertex -42.8249397277832 48.61250305175781 0
vertex -42.8249397277832 48.61250305175781 5
endloop
endfacet
facet normal 0 0 -1
outer loop
vertex -26.049938201904297 -3.4874987602233887 0
vertex -30.94993782043457 -3.4874987602233887 0
vertex -30.94993782043457 10.61250114440918 0
endloop
endfacet
facet normal 0 0 -1
outer loop
vertex -35.49993896484375 10.61250114440918 0
vertex -35.49993896484375 11.312500953674316 0
vertex -30.94993782043457 10.61250114440918 0
endloop
endfacet
facet normal 0 0 -1
outer loop
vertex -40.49993896484375 11.312500953674316 0
vertex -30.94993782043457 15.51250171661377 0
vertex -35.49993896484375 11.312500953674316 0
endloop
endfacet
facet normal 0 0 -1
outer loop
vertex -30.94993782043457 15.51250171661377 0
vertex -45.0499382019043 10.61250114440918 0
vertex -35.49993896484375 14.812500953674316 0
endloop
endfacet
facet normal 0 0 -1
outer loop
vertex -30.94993782043457 10.61250114440918 0
vertex -35.49993896484375 11.312500953674316 0
vertex -30.94993782043457 15.51250171661377 0
endloop
endfacet
facet normal 0 0 -1
outer loop
vertex -30.94993782043457 10.61250114440918 0
vertex -30.94993782043457 15.51250171661377 0
vertex -26.049938201904297 15.51250171661377 0
endloop
endfacet
facet normal 0 0 -1
outer loop
vertex -26.049938201904297 -3.4874987602233887 0
vertex -30.94993782043457 10.61250114440918 0
vertex -26.049938201904297 10.61250114440918 0
endloop
endfacet
facet normal 0 0 -1
outer loop
vertex -26.049938201904297 10.61250114440918 0
vertex -30.94993782043457 10.61250114440918 0
vertex -26.049938201904297 15.51250171661377 0
endloop
endfacet
facet normal 0 0 -1
outer loop
vertex -26.049938201904297 10.61250114440918 0
vertex -26.049938201904297 15.51250171661377 0
vertex -21.49993896484375 14.812500953674316 0
endloop
endfacet
facet normal 0 0 -1
outer loop
vertex -26.049938201904297 10.61250114440918 0
vertex -21.49993896484375 11.312500953674316 0
vertex -21.49993896484375 10.61250114440918 0
endloop
endfacet
facet normal 0 0 -1
outer loop
vertex -26.049938201904297 10.61250114440918 0
vertex -21.49993896484375 14.812500953674316 0
vertex -16.49993896484375 14.812500953674316 0
endloop
endfacet
facet normal 0 0 -1
outer loop
vertex -21.49993896484375 11.312500953674316 0
vertex -26.049938201904297 10.61250114440918 0
vertex -11.949938774108887 15.51250171661377 0
endloop
endfacet
facet normal -1 0 0
outer loop
vertex -30.94993782043457 10.61250114440918 0
vertex -30.94993782043457 -3.4874987602233887 0
vertex -30.94993782043457 10.61250114440918 5
endloop
endfacet
facet normal 0 0 -1
outer loop
vertex 66.50006103515625 -25.63749885559082 0
vertex 45.0500602722168 -22.487499237060547 0
vertex 49.9500617980957 -22.487499237060547 0
endloop
endfacet
facet normal 0 -1 0
outer loop
vertex -35.49993896484375 10.61250114440918 0
vertex -30.94993782043457 10.61250114440918 0
vertex -35.49993896484375 10.61250114440918 3.549999952316284
endloop
endfacet
facet normal 0 0 -1
outer loop
vertex 49.9500617980957 -22.487499237060547 0
vertex 45.0500602722168 -22.487499237060547 0
vertex 45.0500602722168 -8.38749885559082 0
endloop
endfacet
facet normal 0 1 0
outer loop
vertex 45.0500602722168 -22.487499237060547 0
vertex 40.50006103515625 -22.487499237060547 0
vertex 40.50006103515625 -22.487499237060547 3.549999952316284
endloop
endfacet
facet normal 0 -1 0
outer loop
vertex -35.49993896484375 10.61250114440918 3.549999952316284
vertex -30.94993782043457 10.61250114440918 0
vertex -30.94993782043457 10.61250114440918 5
endloop
endfacet
facet normal 1 0 0
outer loop
vertex -26.049938201904297 -3.4874987602233887 5
vertex -26.049938201904297 -3.4874987602233887 0
vertex -26.049938201904297 10.61250114440918 0
endloop
endfacet
facet normal 0 -1 0
outer loop
vertex -26.049938201904297 10.61250114440918 0
vertex -21.49993896484375 10.61250114440918 0
vertex -21.49993896484375 10.61250114440918 3.549999952316284
endloop
endfacet
facet normal 0 1 0
outer loop
vertex 40.50006103515625 -22.487499237060547 3.549999952316284
vertex 45.0500602722168 -22.487499237060547 5
vertex 45.0500602722168 -22.487499237060547 0
endloop
endfacet
facet normal 0 -1 0
outer loop
vertex -26.049938201904297 10.61250114440918 0
vertex -21.49993896484375 10.61250114440918 3.549999952316284
vertex -26.049938201904297 10.61250114440918 5
endloop
endfacet
facet normal 0 1 0
outer loop
vertex 54.50006103515625 -22.487499237060547 0
vertex 49.9500617980957 -22.487499237060547 0
vertex 54.50006103515625 -22.487499237060547 3.549999952316284
endloop
endfacet
facet normal 0 1 0
outer loop
vertex 54.50006103515625 -22.487499237060547 3.549999952316284
vertex 49.9500617980957 -22.487499237060547 0
vertex 49.9500617980957 -22.487499237060547 5
endloop
endfacet
facet normal 0 0 -1
outer loop
vertex -30.94993782043457 15.51250171661377 0
vertex -35.49993896484375 14.812500953674316 0
vertex -35.49993896484375 15.51250171661377 0
endloop
endfacet
facet normal 0 0 -1
outer loop
vertex -26.049938201904297 15.51250171661377 0
vertex -30.94993782043457 15.51250171661377 0
vertex -30.94993782043457 29.61250114440918 0
endloop
endfacet
facet normal 0 0 -1
outer loop
vertex -21.49993896484375 14.812500953674316 0
vertex -26.049938201904297 15.51250171661377 0
vertex -21.49993896484375 15.51250171661377 0
endloop
endfacet
facet normal 0 0 -1
outer loop
vertex -26.049938201904297 15.51250171661377 0
vertex -30.94993782043457 29.61250114440918 0
vertex -26.049938201904297 29.61250114440918 0
endloop
endfacet
facet normal 1 0 0
outer loop
vertex 49.9500617980957 -22.487499237060547 5
vertex 49.9500617980957 -22.487499237060547 0
vertex 49.9500617980957 -8.38749885559082 0
endloop
endfacet
facet normal 0 1 0
outer loop
vertex -30.94993782043457 15.51250171661377 0
vertex -35.49993896484375 15.51250171661377 0
vertex -35.49993896484375 15.51250171661377 3.549999952316284
endloop
endfacet
facet normal 0 0 -1
outer loop
vertex 40.50006103515625 -8.38749885559082 0
vertex 40.50006103515625 -7.687498569488525 0
vertex 45.0500602722168 -8.38749885559082 0
endloop
endfacet
facet normal 0 0 -1
outer loop
vertex 45.0500602722168 -3.4874987602233887 0
vertex 30.950061798095703 -8.38749885559082 0
vertex 40.50006103515625 -4.187498569488525 0
endloop
endfacet
facet normal 0 1 0
outer loop
vertex -35.49993896484375 15.51250171661377 3.549999952316284
vertex -30.94993782043457 15.51250171661377 5
vertex -30.94993782043457 15.51250171661377 0
endloop
endfacet
facet normal -1 0 0
outer loop
vertex -30.94993782043457 29.61250114440918 0
vertex -30.94993782043457 15.51250171661377 0
vertex -30.94993782043457 29.61250114440918 5
endloop
endfacet
facet normal 1 0 0
outer loop
vertex -26.049938201904297 15.51250171661377 0
vertex -26.049938201904297 29.61250114440918 0
vertex -26.049938201904297 15.51250171661377 5
endloop
endfacet
facet normal 0 1 0
outer loop
vertex -21.49993896484375 15.51250171661377 0
vertex -26.049938201904297 15.51250171661377 0
vertex -21.49993896484375 15.51250171661377 3.549999952316284
endloop
endfacet
facet normal 0 0 -1
outer loop
vertex 35.50006103515625 -7.687498569488525 0
vertex 45.0500602722168 -3.4874987602233887 0
vertex 40.50006103515625 -7.687498569488525 0
endloop
endfacet
facet normal 0 0 -1
outer loop
vertex 45.0500602722168 -8.38749885559082 0
vertex 40.50006103515625 -7.687498569488525 0
vertex 45.0500602722168 -3.4874987602233887 0
endloop
endfacet
facet normal 0 1 0
outer loop
vertex -21.49993896484375 15.51250171661377 3.549999952316284
vertex -26.049938201904297 15.51250171661377 0
vertex -26.049938201904297 15.51250171661377 5
endloop
endfacet
facet normal 0 0 -1
outer loop
vertex 45.0500602722168 -3.4874987602233887 0
vertex 40.50006103515625 -4.187498569488525 0
vertex 40.50006103515625 -3.4874987602233887 0
endloop
endfacet
facet normal 0 0 -1
outer loop
vertex -7.049938678741455 -3.4874987602233887 0
vertex -11.949938774108887 -3.4874987602233887 0
vertex -11.949938774108887 10.61250114440918 0
endloop
endfacet
facet normal 0 0 -1
outer loop
vertex -16.49993896484375 10.61250114440918 0
vertex -16.49993896484375 11.312500953674316 0
vertex -11.949938774108887 10.61250114440918 0
endloop
endfacet
facet normal 0 0 -1
outer loop
vertex -21.49993896484375 11.312500953674316 0
vertex -11.949938774108887 15.51250171661377 0
vertex -16.49993896484375 11.312500953674316 0
endloop
endfacet
facet normal 0 0 -1
outer loop
vertex -11.949938774108887 15.51250171661377 0
vertex -26.049938201904297 10.61250114440918 0
vertex -16.49993896484375 14.812500953674316 0
endloop
endfacet
facet normal 0 0 -1
outer loop
vertex -11.949938774108887 10.61250114440918 0
vertex -16.49993896484375 11.312500953674316 0
vertex -11.949938774108887 15.51250171661377 0
endloop
endfacet
facet normal 0 0 -1
outer loop
vertex -11.949938774108887 10.61250114440918 0
vertex -11.949938774108887 15.51250171661377 0
vertex -7.049938678741455 15.51250171661377 0
endloop
endfacet
facet normal 0 0 -1
outer loop
vertex -7.049938678741455 -3.4874987602233887 0
vertex -11.949938774108887 10.61250114440918 0
vertex -7.049938678741455 10.61250114440918 0
endloop
endfacet
facet normal 0 0 -1
outer loop
vertex -7.049938678741455 10.61250114440918 0
vertex -11.949938774108887 10.61250114440918 0
vertex -7.049938678741455 15.51250171661377 0
endloop
endfacet
facet normal 0 0 -1
outer loop
vertex -7.049938678741455 10.61250114440918 0
vertex -7.049938678741455 15.51250171661377 0
vertex -2.499938488006592 14.812500953674316 0
endloop
endfacet
facet normal 0 0 -1
outer loop
vertex -7.049938678741455 10.61250114440918 0
vertex -2.499938488006592 11.312500953674316 0
vertex -2.499938488006592 10.61250114440918 0
endloop
endfacet
facet normal 0 0 -1
outer loop
vertex -7.049938678741455 10.61250114440918 0
vertex -2.499938488006592 14.812500953674316 0
vertex 2.500061511993408 14.812500953674316 0
endloop
endfacet
facet normal 0 0 -1
outer loop
vertex -2.499938488006592 11.312500953674316 0
vertex -7.049938678741455 10.61250114440918 0
vertex 7.0500617027282715 15.51250171661377 0
endloop
endfacet
facet normal -1 0 0
outer loop
vertex -11.949938774108887 10.61250114440918 0
vertex -11.949938774108887 -3.4874987602233887 0
vertex -11.949938774108887 10.61250114440918 5
endloop
endfacet
facet normal 0 0 -1
outer loop
vertex 49.9500617980957 -8.38749885559082 0
vertex 49.9500617980957 -22.487499237060547 0
vertex 45.0500602722168 -8.38749885559082 0
endloop
endfacet
facet normal 0 -1 0
outer loop
vertex -16.49993896484375 10.61250114440918 0
vertex -11.949938774108887 10.61250114440918 0
vertex -16.49993896484375 10.61250114440918 3.549999952316284
endloop
endfacet
facet normal 0 0 -1
outer loop
vertex 49.9500617980957 -8.38749885559082 0
vertex 54.50006103515625 -7.687498569488525 0
vertex 54.50006103515625 -8.38749885559082 0
endloop
endfacet
facet normal 0 0 -1
outer loop
vertex 49.9500617980957 -8.38749885559082 0
vertex 45.0500602722168 -8.38749885559082 0
vertex 49.9500617980957 -3.4874987602233887 0
endloop
endfacet
facet normal 0 -1 0
outer loop
vertex -16.49993896484375 10.61250114440918 3.549999952316284
vertex -11.949938774108887 10.61250114440918 0
vertex -11.949938774108887 10.61250114440918 5
endloop
endfacet
facet normal 1 0 0
outer loop
vertex -7.049938678741455 -3.4874987602233887 5
vertex -7.049938678741455 -3.4874987602233887 0
vertex -7.049938678741455 10.61250114440918 0
endloop
endfacet
facet normal 0 -1 0
outer loop
vertex -7.049938678741455 10.61250114440918 0
vertex -2.499938488006592 10.61250114440918 0
vertex -2.499938488006592 10.61250114440918 3.549999952316284
endloop
endfacet
facet normal 0 0 -1
outer loop
vertex 49.9500617980957 -3.4874987602233887 0
vertex 45.0500602722168 -8.38749885559082 0
vertex 45.0500602722168 -3.4874987602233887 0
endloop
endfacet
facet normal 0 -1 0
outer loop
vertex -7.049938678741455 10.61250114440918 0
vertex -2.499938488006592 10.61250114440918 3.549999952316284
vertex -7.049938678741455 10.61250114440918 5
endloop
endfacet
facet normal 0 0 -1
outer loop
vertex 49.9500617980957 -8.38749885559082 0
vertex 49.9500617980957 -3.4874987602233887 0
vertex 54.50006103515625 -4.187498569488525 0
endloop
endfacet
facet normal 0 0 -1
outer loop
vertex 54.50006103515625 -4.187498569488525 0
vertex 49.9500617980957 -3.4874987602233887 0
vertex 54.50006103515625 -3.4874987602233887 0
endloop
endfacet
facet normal 0 0 -1
outer loop
vertex -11.949938774108887 15.51250171661377 0
vertex -16.49993896484375 14.812500953674316 0
vertex -16.49993896484375 15.51250171661377 0
endloop
endfacet
facet normal 0 0 -1
outer loop
vertex -7.049938678741455 15.51250171661377 0
vertex -11.949938774108887 15.51250171661377 0
vertex -11.949938774108887 29.61250114440918 0
endloop
endfacet
facet normal 0 0 -1
outer loop
vertex -2.499938488006592 14.812500953674316 0
vertex -7.049938678741455 15.51250171661377 0
vertex -2.499938488006592 15.51250171661377 0
endloop
endfacet
facet normal 0 0 -1
outer loop
vertex -7.049938678741455 15.51250171661377 0
vertex -11.949938774108887 29.61250114440918 0
vertex -7.049938678741455 29.61250114440918 0
endloop
endfacet
facet normal 0 0 -1
outer loop
vertex 49.9500617980957 -8.38749885559082 0
vertex 54.50006103515625 -4.187498569488525 0
vertex 59.50006103515625 -4.187498569488525 0
endloop
endfacet
facet normal 0 1 0
outer loop
vertex -11.949938774108887 15.51250171661377 0
vertex -16.49993896484375 15.51250171661377 0
vertex -16.49993896484375 15.51250171661377 3.549999952316284
endloop
endfacet
facet normal -1 0 0
outer loop
vertex 45.0500602722168 -8.38749885559082 0
vertex 45.0500602722168 -22.487499237060547 0
vertex 45.0500602722168 -8.38749885559082 5
endloop
endfacet
facet normal 0 -1 0
outer loop
vertex 40.50006103515625 -8.38749885559082 0
vertex 45.0500602722168 -8.38749885559082 0
vertex 40.50006103515625 -8.38749885559082 3.549999952316284
endloop
endfacet
facet normal 0 1 0
outer loop
vertex -16.49993896484375 15.51250171661377 3.549999952316284
vertex -11.949938774108887 15.51250171661377 5
vertex -11.949938774108887 15.51250171661377 0
endloop
endfacet
facet normal -1 0 0
outer loop
vertex -11.949938774108887 29.61250114440918 0
vertex -11.949938774108887 15.51250171661377 0
vertex -11.949938774108887 29.61250114440918 5
endloop
endfacet
facet normal 1 0 0
outer loop
vertex -7.049938678741455 15.51250171661377 0
vertex -7.049938678741455 29.61250114440918 0
vertex -7.049938678741455 15.51250171661377 5
endloop
endfacet
facet normal 0 1 0
outer loop
vertex -2.499938488006592 15.51250171661377 0
vertex -7.049938678741455 15.51250171661377 0
vertex -2.499938488006592 15.51250171661377 3.549999952316284
endloop
endfacet
facet normal 0 -1 0
outer loop
vertex 40.50006103515625 -8.38749885559082 3.549999952316284
vertex 45.0500602722168 -8.38749885559082 0
vertex 45.0500602722168 -8.38749885559082 5
endloop
endfacet
facet normal 0 1 0
outer loop
vertex 45.0500602722168 -3.4874987602233887 0
vertex 40.50006103515625 -3.4874987602233887 0
vertex 40.50006103515625 -3.4874987602233887 3.549999952316284
endloop
endfacet
facet normal 0 1 0
outer loop
vertex -2.499938488006592 15.51250171661377 3.549999952316284
vertex -7.049938678741455 15.51250171661377 0
vertex -7.049938678741455 15.51250171661377 5
endloop
endfacet
facet normal 0 1 0
outer loop
vertex 40.50006103515625 -3.4874987602233887 3.549999952316284
vertex 45.0500602722168 -3.4874987602233887 5
vertex 45.0500602722168 -3.4874987602233887 0
endloop
endfacet
facet normal 0 -1 0
outer loop
vertex 49.9500617980957 -8.38749885559082 0
vertex 54.50006103515625 -8.38749885559082 0
vertex 54.50006103515625 -8.38749885559082 3.549999952316284
endloop
endfacet
facet normal 0 0 -1
outer loop
vertex 49.9500617980957 34.51250076293945 0
vertex 45.0500602722168 29.61250114440918 0
vertex 45.0500602722168 34.51250076293945 0
endloop
endfacet
facet normal 0 -1 0
outer loop
vertex 49.9500617980957 -8.38749885559082 0
vertex 54.50006103515625 -8.38749885559082 3.549999952316284
vertex 49.9500617980957 -8.38749885559082 5
endloop
endfacet
facet normal 0 0 -1
outer loop
vertex -35.49993896484375 30.312501907348633 0
vertex -42.8249397277832 34.51250076293945 0
vertex -30.94993782043457 29.61250114440918 0
endloop
endfacet
facet normal 0 0 -1
outer loop
vertex -35.49993896484375 29.61250114440918 0
vertex -35.49993896484375 30.312501907348633 0
vertex -30.94993782043457 29.61250114440918 0
endloop
endfacet
facet normal 0 0 -1
outer loop
vertex -30.94993782043457 29.61250114440918 0
vertex -42.8249397277832 34.51250076293945 0
vertex -30.799938201904297 34.51250076293945 0
endloop
endfacet
facet normal 0 0 -1
outer loop
vertex -26.049938201904297 29.61250114440918 0
vertex -30.94993782043457 29.61250114440918 0
vertex -30.799938201904297 34.51250076293945 0
endloop
endfacet
facet normal 0 0 -1
outer loop
vertex -30.799938201904297 34.51250076293945 0
vertex -42.8249397277832 48.61250305175781 0
vertex -30.799938201904297 48.61250305175781 0
endloop
endfacet
facet normal 0 0 -1
outer loop
vertex -26.049938201904297 29.61250114440918 0
vertex -30.799938201904297 34.51250076293945 0
vertex -26.24993896484375 33.8125 0
endloop
endfacet
facet normal 0 0 -1
outer loop
vertex -26.24993896484375 33.8125 0
vertex -21.24993896484375 33.8125 0
vertex -26.049938201904297 29.61250114440918 0
endloop
endfacet
facet normal 0 0 -1
outer loop
vertex -26.24993896484375 33.8125 0
vertex -30.799938201904297 34.51250076293945 0
vertex -26.24993896484375 34.51250076293945 0
endloop
endfacet
facet normal 0 0 -1
outer loop
vertex -26.049938201904297 29.61250114440918 0
vertex -21.49993896484375 30.312501907348633 0
vertex -21.49993896484375 29.61250114440918 0
endloop
endfacet
facet normal 0 0 -1
outer loop
vertex -21.49993896484375 30.312501907348633 0
vertex -26.049938201904297 29.61250114440918 0
vertex -16.69993782043457 34.51250076293945 0
endloop
endfacet
facet normal 0 0 -1
outer loop
vertex -16.69993782043457 34.51250076293945 0
vertex -26.049938201904297 29.61250114440918 0
vertex -21.24993896484375 33.8125 0
endloop
endfacet
facet normal 0 0 -1
outer loop
vertex -16.69993782043457 34.51250076293945 0
vertex -21.24993896484375 33.8125 0
vertex -21.24993896484375 34.51250076293945 0
endloop
endfacet
facet normal 0 1 0
outer loop
vertex 54.50006103515625 -3.4874987602233887 0
vertex 49.9500617980957 -3.4874987602233887 0
vertex 54.50006103515625 -3.4874987602233887 3.549999952316284
endloop
endfacet
facet normal 0 1 0
outer loop
vertex 54.50006103515625 -3.4874987602233887 3.549999952316284
vertex 49.9500617980957 -3.4874987602233887 0
vertex 49.9500617980957 -3.4874987602233887 5
endloop
endfacet
facet normal 0 -1 0
outer loop
vertex -35.49993896484375 29.61250114440918 0
vertex -30.94993782043457 29.61250114440918 0
vertex -35.49993896484375 29.61250114440918 3.549999952316284
endloop
endfacet
facet normal 0 0 -1
outer loop
vertex 66.50006103515625 -25.63749885559082 0
vertex 49.9500617980957 -22.487499237060547 0
vertex 54.50006103515625 -23.187498092651367 0
endloop
endfacet
facet normal 0 -1 0
outer loop
vertex -35.49993896484375 29.61250114440918 3.549999952316284
vertex -30.94993782043457 29.61250114440918 0
vertex -30.94993782043457 29.61250114440918 5
endloop
endfacet
facet normal 0 1 0
outer loop
vertex -30.799938201904297 34.51250076293945 0
vertex -30.799938201904297 34.51250076293945 5
vertex -26.24993896484375 34.51250076293945 3.549999952316284
endloop
endfacet
facet normal 1 0 0
outer loop
vertex -30.799938201904297 34.51250076293945 5
vertex -30.799938201904297 34.51250076293945 0
vertex -30.799938201904297 48.61250305175781 0
endloop
endfacet
facet normal 0 1 0
outer loop
vertex -26.24993896484375 34.51250076293945 0
vertex -30.799938201904297 34.51250076293945 0
vertex -26.24993896484375 34.51250076293945 3.549999952316284
endloop
endfacet
facet normal 0 0 -1
outer loop
vertex 66.50006103515625 -25.63749885559082 0
vertex 54.50006103515625 -23.187498092651367 0
vertex 59.50006103515625 -23.187498092651367 0
endloop
endfacet
facet normal 0 0 -1
outer loop
vertex 59.50006103515625 -23.187498092651367 0
vertex 59.50006103515625 -22.487499237060547 0
vertex 64.05006408691406 -22.487499237060547 0
endloop
endfacet
facet normal 0 -1 0
outer loop
vertex -26.049938201904297 29.61250114440918 0
vertex -21.49993896484375 29.61250114440918 0
vertex -21.49993896484375 29.61250114440918 3.549999952316284
endloop
endfacet
facet normal 0 0 -1
outer loop
vertex 66.50006103515625 -25.63749885559082 0
vertex 59.50006103515625 -23.187498092651367 0
vertex 64.05006408691406 -22.487499237060547 0
endloop
endfacet
facet normal 0 0 -1
outer loop
vertex 66.50006103515625 -25.63749885559082 0
vertex 64.05006408691406 -22.487499237060547 0
vertex 66.80001068115234 -25.568878173828125 0
endloop
endfacet
facet normal 0 1 0
outer loop
vertex -16.69993782043457 34.51250076293945 0
vertex -21.24993896484375 34.51250076293945 0
vertex -21.24993896484375 34.51250076293945 3.549999952316284
endloop
endfacet
facet normal 0 -1 0
outer loop
vertex -26.049938201904297 29.61250114440918 0
vertex -21.49993896484375 29.61250114440918 3.549999952316284
vertex -26.049938201904297 29.61250114440918 5
endloop
endfacet
facet normal 0 0 -1
outer loop
vertex 67.1502914428711 -25.194019317626953 0
vertex 66.80001068115234 -25.568878173828125 0
vertex 64.05006408691406 -22.487499237060547 0
endloop
endfacet
facet normal 0 1 0
outer loop
vertex 64.05006408691406 -22.487499237060547 0
vertex 59.50006103515625 -22.487499237060547 0
vertex 59.50006103515625 -22.487499237060547 3.549999952316284
endloop
endfacet
facet normal 0 1 0
outer loop
vertex 59.50006103515625 -22.487499237060547 3.549999952316284
vertex 64.05006408691406 -22.487499237060547 5
vertex 64.05006408691406 -22.487499237060547 0
endloop
endfacet
facet normal 0 0 -1
outer loop
vertex 59.50006103515625 -8.38749885559082 0
vertex 59.50006103515625 -7.687498569488525 0
vertex 64.05006408691406 -8.38749885559082 0
endloop
endfacet
facet normal 0 0 -1
outer loop
vertex 54.50006103515625 -7.687498569488525 0
vertex 49.9500617980957 -8.38749885559082 0
vertex 64.05006408691406 -3.4874987602233887 0
endloop
endfacet
facet normal 0 0 -1
outer loop
vertex -21.24993896484375 49.3125 0
vertex -66.49993896484375 51.76250076293945 0
vertex -4.874938488006592 48.61250305175781 0
endloop
endfacet
facet normal 0 0 -1
outer loop
vertex -4.874938488006592 48.61250305175781 0
vertex -66.49993896484375 51.76250076293945 0
vertex -4.874938488006592 49.3125 0
endloop
endfacet
facet normal 0 0 -1
outer loop
vertex -4.874938488006592 49.3125 0
vertex -66.49993896484375 51.76250076293945 0
vertex 0.12506155669689178 49.3125 0
endloop
endfacet
facet normal 0 0 -1
outer loop
vertex -21.24993896484375 48.61250305175781 0
vertex -21.24993896484375 49.3125 0
vertex -16.69993782043457 48.61250305175781 0
endloop
endfacet
facet normal 0 0 -1
outer loop
vertex 64.05006408691406 -3.4874987602233887 0
vertex 49.9500617980957 -8.38749885559082 0
vertex 59.50006103515625 -4.187498569488525 0
endloop
endfacet
facet normal 0 -1 0
outer loop
vertex -30.799938201904297 48.61250305175781 0
vertex -26.24993896484375 48.61250305175781 3.549999952316284
vertex -30.799938201904297 48.61250305175781 5
endloop
endfacet
facet normal 0 -1 0
outer loop
vertex -26.24993896484375 48.61250305175781 3.549999952316284
vertex -30.799938201904297 48.61250305175781 0
vertex -26.24993896484375 48.61250305175781 0
endloop
endfacet
facet normal 0 0 -1
outer loop
vertex 54.50006103515625 -7.687498569488525 0
vertex 64.05006408691406 -3.4874987602233887 0
vertex 59.50006103515625 -7.687498569488525 0
endloop
endfacet
facet normal 0 0 -1
outer loop
vertex 64.05006408691406 -8.38749885559082 0
vertex 59.50006103515625 -7.687498569488525 0
vertex 64.05006408691406 -3.4874987602233887 0
endloop
endfacet
facet normal 0 0 -1
outer loop
vertex 64.05006408691406 -3.4874987602233887 0
vertex 59.50006103515625 -4.187498569488525 0
vertex 59.50006103515625 -3.4874987602233887 0
endloop
endfacet
facet normal 0 -1 0
outer loop
vertex -21.24993896484375 48.61250305175781 0
vertex -16.69993782043457 48.61250305175781 0
vertex -21.24993896484375 48.61250305175781 3.549999952316284
endloop
endfacet
facet normal -1 0 0
outer loop
vertex 64.05006408691406 -22.487499237060547 0
vertex 64.05006408691406 -8.38749885559082 5
vertex 64.05006408691406 -8.38749885559082 0
endloop
endfacet
facet normal 0 -1 0
outer loop
vertex 59.50006103515625 -8.38749885559082 0
vertex 64.05006408691406 -8.38749885559082 0
vertex 59.50006103515625 -8.38749885559082 3.549999952316284
endloop
endfacet
facet normal 0 -1 0
outer loop
vertex 59.50006103515625 -8.38749885559082 3.549999952316284
vertex 64.05006408691406 -8.38749885559082 0
vertex 64.05006408691406 -8.38749885559082 5
endloop
endfacet
facet normal 0 0 -1
outer loop
vertex -21.49993896484375 30.312501907348633 0
vertex -16.69993782043457 34.51250076293945 0
vertex -16.49993896484375 30.312501907348633 0
endloop
endfacet
facet normal 0 0 -1
outer loop
vertex -16.49993896484375 29.61250114440918 0
vertex -16.49993896484375 30.312501907348633 0
vertex -11.949938774108887 29.61250114440918 0
endloop
endfacet
facet normal 0 0 -1
outer loop
vertex -11.949938774108887 29.61250114440918 0
vertex -16.49993896484375 30.312501907348633 0
vertex -16.69993782043457 34.51250076293945 0
endloop
endfacet
facet normal 0 0 -1
outer loop
vertex -11.949938774108887 29.61250114440918 0
vertex -16.69993782043457 34.51250076293945 0
vertex -9.424938201904297 34.51250076293945 0
endloop
endfacet
facet normal 0 0 -1
outer loop
vertex -7.049938678741455 29.61250114440918 0
vertex -11.949938774108887 29.61250114440918 0
vertex -9.424938201904297 34.51250076293945 0
endloop
endfacet
facet normal 0 0 -1
outer loop
vertex -9.424938201904297 34.51250076293945 0
vertex -16.69993782043457 34.51250076293945 0
vertex -16.69993782043457 48.61250305175781 0
endloop
endfacet
facet normal 0 0 -1
outer loop
vertex -9.424938201904297 34.51250076293945 0
vertex -16.69993782043457 48.61250305175781 0
vertex -9.424938201904297 48.61250305175781 0
endloop
endfacet
facet normal 0 0 -1
outer loop
vertex -7.049938678741455 29.61250114440918 0
vertex -9.424938201904297 34.51250076293945 0
vertex -4.874938488006592 33.8125 0
endloop
endfacet
facet normal 0 0 -1
outer loop
vertex -4.874938488006592 33.8125 0
vertex -9.424938201904297 34.51250076293945 0
vertex -4.874938488006592 34.51250076293945 0
endloop
endfacet
facet normal 0 0 -1
outer loop
vertex -7.049938678741455 29.61250114440918 0
vertex -2.499938488006592 30.312501907348633 0
vertex -2.499938488006592 29.61250114440918 0
endloop
endfacet
facet normal 0 0 -1
outer loop
vertex -7.049938678741455 29.61250114440918 0
vertex -4.874938488006592 33.8125 0
vertex 0.12506155669689178 33.8125 0
endloop
endfacet
facet normal 0 0 -1
outer loop
vertex -2.499938488006592 30.312501907348633 0
vertex -7.049938678741455 29.61250114440918 0
vertex 4.6750617027282715 34.51250076293945 0
endloop
endfacet
facet normal 0 0 -1
outer loop
vertex 4.6750617027282715 34.51250076293945 0
vertex -7.049938678741455 29.61250114440918 0
vertex 0.12506155669689178 33.8125 0
endloop
endfacet
facet normal 0 1 0
outer loop
vertex 64.05006408691406 -3.4874987602233887 0
vertex 59.50006103515625 -3.4874987602233887 0
vertex 59.50006103515625 -3.4874987602233887 3.549999952316284
endloop
endfacet
facet normal 0 1 0
outer loop
vertex 59.50006103515625 -3.4874987602233887 3.549999952316284
vertex 64.05006408691406 -3.4874987602233887 5
vertex 64.05006408691406 -3.4874987602233887 0
endloop
endfacet
facet normal 0 -1 0
outer loop
vertex -16.49993896484375 29.61250114440918 0
vertex -11.949938774108887 29.61250114440918 0
vertex -16.49993896484375 29.61250114440918 3.549999952316284
endloop
endfacet
facet normal 0 0 -1
outer loop
vertex -47.7564582824707 -25.58772850036621 0
vertex -48.1999397277832 -24.937498092651367 0
vertex -45.0499382019043 -3.4874987602233887 0
endloop
endfacet
facet normal 0 1 0
outer loop
vertex -21.24993896484375 34.51250076293945 3.549999952316284
vertex -16.69993782043457 34.51250076293945 5
vertex -16.69993782043457 34.51250076293945 0
endloop
endfacet
facet normal 0 -1 0
outer loop
vertex -16.49993896484375 29.61250114440918 3.549999952316284
vertex -11.949938774108887 29.61250114440918 0
vertex -11.949938774108887 29.61250114440918 5
endloop
endfacet
facet normal -1 0 0
outer loop
vertex -16.69993782043457 48.61250305175781 0
vertex -16.69993782043457 34.51250076293945 0
vertex -16.69993782043457 48.61250305175781 5
endloop
endfacet
facet normal 1 0 0
outer loop
vertex -9.424938201904297 34.51250076293945 0
vertex -9.424938201904297 48.61250305175781 0
vertex -9.424938201904297 34.51250076293945 5
endloop
endfacet
facet normal 0 1 0
outer loop
vertex -4.874938488006592 34.51250076293945 0
vertex -9.424938201904297 34.51250076293945 0
vertex -4.874938488006592 34.51250076293945 3.549999952316284
endloop
endfacet
facet normal 0 0 -1
outer loop
vertex -47.7564582824707 -25.58772850036621 0
vertex -45.0499382019043 -22.487499237060547 0
vertex -40.49993896484375 -23.187498092651367 0
endloop
endfacet
facet normal 0 -1 0
outer loop
vertex -7.049938678741455 29.61250114440918 0
vertex -2.499938488006592 29.61250114440918 0
vertex -2.499938488006592 29.61250114440918 3.549999952316284
endloop
endfacet
facet normal 0 0 -1
outer loop
vertex -40.49993896484375 -23.187498092651367 0
vertex -45.0499382019043 -22.487499237060547 0
vertex -40.49993896484375 -22.487499237060547 0
endloop
endfacet
facet normal 0 0 -1
outer loop
vertex -47.7564582824707 -25.58772850036621 0
vertex -40.49993896484375 -23.187498092651367 0
vertex -35.49993896484375 -23.187498092651367 0
endloop
endfacet
facet normal 0 -1 0
outer loop
vertex -7.049938678741455 29.61250114440918 0
vertex -2.499938488006592 29.61250114440918 3.549999952316284
vertex -7.049938678741455 29.61250114440918 5
endloop
endfacet
facet normal 0 1 0
outer loop
vertex -4.874938488006592 34.51250076293945 3.549999952316284
vertex -9.424938201904297 34.51250076293945 0
vertex -9.424938201904297 34.51250076293945 5
endloop
endfacet
facet normal 0 0 -1
outer loop
vertex -35.49993896484375 -23.187498092651367 0
vertex -30.94993782043457 -22.487499237060547 0
vertex -47.7564582824707 -25.58772850036621 0
endloop
endfacet
facet normal 0 0 -1
outer loop
vertex -45.0499382019043 -22.487499237060547 0
vertex -47.7564582824707 -25.58772850036621 0
vertex -45.0499382019043 -8.38749885559082 0
endloop
endfacet
facet normal 0 1 0
outer loop
vertex -40.49993896484375 -22.487499237060547 0
vertex -45.0499382019043 -22.487499237060547 0
vertex -40.49993896484375 -22.487499237060547 3.549999952316284
endloop
endfacet
facet normal 0 1 0
outer loop
vertex -40.49993896484375 -22.487499237060547 3.549999952316284
vertex -45.0499382019043 -22.487499237060547 0
vertex -45.0499382019043 -22.487499237060547 5
endloop
endfacet
facet normal 0 0 -1
outer loop
vertex 0.12506155669689178 49.3125 0
vertex -66.49993896484375 51.76250076293945 0
vertex 16.50006103515625 49.3125 0
endloop
endfacet
facet normal 0 0 -1
outer loop
vertex -16.69993782043457 48.61250305175781 0
vertex -21.24993896484375 49.3125 0
vertex -9.424938201904297 48.61250305175781 0
endloop
endfacet
facet normal 0 0 -1
outer loop
vertex -9.424938201904297 48.61250305175781 0
vertex -21.24993896484375 49.3125 0
vertex -4.874938488006592 48.61250305175781 0
endloop
endfacet
facet normal 0 0 -1
outer loop
vertex 16.50006103515625 49.3125 0
vertex -66.49993896484375 51.76250076293945 0
vertex 21.50006103515625 49.3125 0
endloop
endfacet
facet normal 1 0 0
outer loop
vertex -45.0499382019043 -22.487499237060547 5
vertex -45.0499382019043 -22.487499237060547 0
vertex -45.0499382019043 -8.38749885559082 0
endloop
endfacet
facet normal 0 0 -1
outer loop
vertex 21.50006103515625 49.3125 0
vertex -66.49993896484375 51.76250076293945 0
vertex 35.50006103515625 49.3125 0
endloop
endfacet
facet normal 0 0 -1
outer loop
vertex -45.0499382019043 -8.38749885559082 0
vertex -47.7564582824707 -25.58772850036621 0
vertex -45.0499382019043 -3.4874987602233887 0
endloop
endfacet
facet normal 0 0 -1
outer loop
vertex -45.0499382019043 -8.38749885559082 0
vertex -40.49993896484375 -7.687498569488525 0
vertex -40.49993896484375 -8.38749885559082 0
endloop
endfacet
facet normal 0 -1 0
outer loop
vertex -21.24993896484375 48.61250305175781 3.549999952316284
vertex -16.69993782043457 48.61250305175781 0
vertex -16.69993782043457 48.61250305175781 5
endloop
endfacet
facet normal 0 -1 0
outer loop
vertex -9.424938201904297 48.61250305175781 0
vertex -4.874938488006592 48.61250305175781 0
vertex -4.874938488006592 48.61250305175781 3.549999952316284
endloop
endfacet
facet normal 0 0 -1
outer loop
vertex -45.0499382019043 -3.4874987602233887 0
vertex -48.1999397277832 -24.937498092651367 0
vertex -45.0499382019043 10.61250114440918 0
endloop
endfacet
facet normal 0 0 -1
outer loop
vertex -45.0499382019043 -8.38749885559082 0
vertex -45.0499382019043 -3.4874987602233887 0
vertex -40.49993896484375 -4.187498569488525 0
endloop
endfacet
facet normal 0 -1 0
outer loop
vertex -9.424938201904297 48.61250305175781 0
vertex -4.874938488006592 48.61250305175781 3.549999952316284
vertex -9.424938201904297 48.61250305175781 5
endloop
endfacet
facet normal 0 0 -1
outer loop
vertex -40.49993896484375 -4.187498569488525 0
vertex -45.0499382019043 -3.4874987602233887 0
vertex -40.49993896484375 -3.4874987602233887 0
endloop
endfacet
facet normal 0 0 -1
outer loop
vertex -45.0499382019043 -8.38749885559082 0
vertex -40.49993896484375 -4.187498569488525 0
vertex -35.49993896484375 -4.187498569488525 0
endloop
endfacet
facet normal 0 0 -1
outer loop
vertex -47.37493896484375 49.3125 0
vertex -66.49993896484375 51.76250076293945 0
vertex -30.799938201904297 48.61250305175781 0
endloop
endfacet
facet normal 0 0 -1
outer loop
vertex -52.37493896484375 49.3125 0
vertex -66.49993896484375 51.76250076293945 0
vertex -47.37493896484375 49.3125 0
endloop
endfacet
facet normal 0 0 -1
outer loop
vertex -56.9249382019043 48.61250305175781 0
vertex -52.37493896484375 49.3125 0
vertex -52.37493896484375 48.61250305175781 0
endloop
endfacet
facet normal -1 0 0
outer loop
vertex -42.8249397277832 48.61250305175781 0
vertex -42.8249397277832 34.51250076293945 0
vertex -42.8249397277832 48.61250305175781 5
endloop
endfacet
facet normal 0 0 -1
outer loop
vertex -40.49993896484375 -7.687498569488525 0
vertex -45.0499382019043 -8.38749885559082 0
vertex -30.94993782043457 -3.4874987602233887 0
endloop
endfacet
facet normal 0 -1 0
outer loop
vertex -45.0499382019043 -8.38749885559082 0
vertex -40.49993896484375 -8.38749885559082 0
vertex -40.49993896484375 -8.38749885559082 3.549999952316284
endloop
endfacet
facet normal 0 1 0
outer loop
vertex -47.37493896484375 34.51250076293945 3.549999952316284
vertex -42.8249397277832 34.51250076293945 5
vertex -42.8249397277832 34.51250076293945 0
endloop
endfacet
facet normal 0 -1 0
outer loop
vertex -45.0499382019043 29.61250114440918 0
vertex -40.49993896484375 29.61250114440918 3.549999952316284
vertex -45.0499382019043 29.61250114440918 5
endloop
endfacet
facet normal 0 -1 0
outer loop
vertex -45.0499382019043 -8.38749885559082 0
vertex -40.49993896484375 -8.38749885559082 3.549999952316284
vertex -45.0499382019043 -8.38749885559082 5
endloop
endfacet
facet normal 0 1 0
outer loop
vertex -42.8249397277832 34.51250076293945 0
vertex -47.37493896484375 34.51250076293945 0
vertex -47.37493896484375 34.51250076293945 3.549999952316284
endloop
endfacet
facet normal 0 -1 0
outer loop
vertex -45.0499382019043 29.61250114440918 0
vertex -40.49993896484375 29.61250114440918 0
vertex -40.49993896484375 29.61250114440918 3.549999952316284
endloop
endfacet
facet normal 0 1 0
outer loop
vertex -40.49993896484375 -3.4874987602233887 0
vertex -45.0499382019043 -3.4874987602233887 0
vertex -40.49993896484375 -3.4874987602233887 3.549999952316284
endloop
endfacet
facet normal 0 1 0
outer loop
vertex -40.49993896484375 -3.4874987602233887 3.549999952316284
vertex -45.0499382019043 -3.4874987602233887 0
vertex -45.0499382019043 -3.4874987602233887 5
endloop
endfacet
facet normal 0 0 -1
outer loop
vertex -47.7564582824707 -25.58772850036621 0
vertex -30.94993782043457 -22.487499237060547 0
vertex -26.049938201904297 -22.487499237060547 0
endloop
endfacet
facet normal 0 1 0
outer loop
vertex -52.37493896484375 34.51250076293945 3.549999952316284
vertex -56.9249382019043 34.51250076293945 0
vertex -56.9249382019043 34.51250076293945 5
endloop
endfacet
facet normal 0 0 -1
outer loop
vertex -30.94993782043457 -22.487499237060547 0
vertex -35.49993896484375 -23.187498092651367 0
vertex -35.49993896484375 -22.487499237060547 0
endloop
endfacet
facet normal 0 0 -1
outer loop
vertex -47.7564582824707 -25.58772850036621 0
vertex -26.049938201904297 -22.487499237060547 0
vertex -21.49993896484375 -23.187498092651367 0
endloop
endfacet
facet normal 0 0 -1
outer loop
vertex -21.49993896484375 -23.187498092651367 0
vertex -16.49993896484375 -23.187498092651367 0
vertex -47.7564582824707 -25.58772850036621 0
endloop
endfacet
facet normal 0 1 0
outer loop
vertex -52.37493896484375 34.51250076293945 0
vertex -56.9249382019043 34.51250076293945 0
vertex -52.37493896484375 34.51250076293945 3.549999952316284
endloop
endfacet
facet normal 0 0 -1
outer loop
vertex -42.8249397277832 34.51250076293945 0
vertex -42.8249397277832 48.61250305175781 0
vertex -30.799938201904297 34.51250076293945 0
endloop
endfacet
facet normal 0 0 -1
outer loop
vertex -40.49993896484375 30.312501907348633 0
vertex -42.8249397277832 34.51250076293945 0
vertex -35.49993896484375 30.312501907348633 0
endloop
endfacet
facet normal 0 0 -1
outer loop
vertex -42.8249397277832 34.51250076293945 0
vertex -47.37493896484375 33.8125 0
vertex -47.37493896484375 34.51250076293945 0
endloop
endfacet
facet normal 0 0 -1
outer loop
vertex -40.49993896484375 30.312501907348633 0
vertex -45.0499382019043 29.61250114440918 0
vertex -42.8249397277832 34.51250076293945 0
endloop
endfacet
facet normal 0 0 -1
outer loop
vertex -45.0499382019043 29.61250114440918 0
vertex -40.49993896484375 30.312501907348633 0
vertex -40.49993896484375 29.61250114440918 0
endloop
endfacet
facet normal 0 0 -1
outer loop
vertex -45.0499382019043 29.61250114440918 0
vertex -48.1999397277832 30.36250114440918 0
vertex -42.8249397277832 34.51250076293945 0
endloop
endfacet
facet normal 0 0 -1
outer loop
vertex -42.8249397277832 34.51250076293945 0
vertex -49.1999397277832 31.36250114440918 0
vertex -47.37493896484375 33.8125 0
endloop
endfacet
facet normal 0 0 -1
outer loop
vertex -42.8249397277832 34.51250076293945 0
vertex -48.340538024902344 30.873804092407227 0
vertex -48.50686264038086 31.0833683013916 0
endloop
endfacet
facet normal 0 0 -1
outer loop
vertex -48.2357292175293 30.627643585205078 0
vertex -48.340538024902344 30.873804092407227 0
vertex -42.8249397277832 34.51250076293945 0
endloop
endfacet
facet normal 0 0 -1
outer loop
vertex -48.1999397277832 30.36250114440918 0
vertex -48.2357292175293 30.627643585205078 0
vertex -42.8249397277832 34.51250076293945 0
endloop
endfacet
facet normal 0 0 -1
outer loop
vertex -48.722801208496094 31.241329193115234 0
vertex -48.97289276123047 31.33638572692871 0
vertex -42.8249397277832 34.51250076293945 0
endloop
endfacet
facet normal 0 0 -1
outer loop
vertex -48.97289276123047 31.33638572692871 0
vertex -49.1999397277832 31.36250114440918 0
vertex -42.8249397277832 34.51250076293945 0
endloop
endfacet
facet normal 0 0 -1
outer loop
vertex -48.50686264038086 31.0833683013916 0
vertex -48.722801208496094 31.241329193115234 0
vertex -42.8249397277832 34.51250076293945 0
endloop
endfacet
facet normal 0 0 -1
outer loop
vertex -49.1999397277832 31.36250114440918 0
vertex -52.37493896484375 33.8125 0
vertex -47.37493896484375 33.8125 0
endloop
endfacet
facet normal 0 0 -1
outer loop
vertex -52.37493896484375 33.8125 0
vertex -56.9249382019043 34.51250076293945 0
vertex -52.37493896484375 34.51250076293945 0
endloop
endfacet
facet normal 0 0 -1
outer loop
vertex -49.1999397277832 31.36250114440918 0
vertex -56.9249382019043 34.51250076293945 0
vertex -52.37493896484375 33.8125 0
endloop
endfacet
facet normal 0 0 -1
outer loop
vertex -56.9249382019043 48.61250305175781 0
vertex -66.49993896484375 51.76250076293945 0
vertex -52.37493896484375 49.3125 0
endloop
endfacet
facet normal 0 0 1
outer loop
vertex -48.1999397277832 30.36250114440918 5
vertex -48.131317138671875 -25.237449645996094 5
vertex -45.0499382019043 -3.4874987602233887 5
endloop
endfacet
facet normal 1 0 0
outer loop
vertex -45.0499382019043 -3.4874987602233887 5
vertex -45.0499382019043 10.61250114440918 0
vertex -45.0499382019043 10.61250114440918 5
endloop
endfacet
facet normal 0 0 -1
outer loop
vertex -26.049938201904297 -22.487499237060547 0
vertex -30.94993782043457 -22.487499237060547 0
vertex -30.94993782043457 -8.38749885559082 0
endloop
endfacet
facet normal 0 0 1
outer loop
vertex -48.1999397277832 30.36250114440918 5
vertex -45.0499382019043 -3.4874987602233887 5
vertex -45.0499382019043 10.61250114440918 5
endloop
endfacet
facet normal 0 -1 0
outer loop
vertex -45.0499382019043 10.61250114440918 5
vertex -40.49993896484375 10.61250114440918 3.549999952316284
vertex -35.49993896484375 10.61250114440918 3.549999952316284
endloop
endfacet
facet normal 0 0 1
outer loop
vertex -45.0499382019043 10.61250114440918 5
vertex -30.94993782043457 15.51250171661377 5
vertex -45.0499382019043 15.51250171661377 5
endloop
endfacet
facet normal 0 1 0
outer loop
vertex 7.0500617027282715 -22.487499237060547 5
vertex 2.500061511993408 -22.487499237060547 3.549999952316284
vertex -2.499938488006592 -22.487499237060547 3.549999952316284
endloop
endfacet
facet normal 0 0 1
outer loop
vertex -48.1999397277832 30.36250114440918 5
vertex -45.0499382019043 10.61250114440918 5
vertex -45.0499382019043 15.51250171661377 5
endloop
endfacet
facet normal 0 1 0
outer loop
vertex -40.49993896484375 15.51250171661377 3.549999952316284
vertex -45.0499382019043 15.51250171661377 5
vertex -30.94993782043457 15.51250171661377 5
endloop
endfacet
facet normal 1 0 0
outer loop
vertex -45.0499382019043 15.51250171661377 5
vertex -45.0499382019043 29.61250114440918 0
vertex -45.0499382019043 29.61250114440918 5
endloop
endfacet
facet normal 0 0 1
outer loop
vertex -48.1999397277832 30.36250114440918 5
vertex -45.0499382019043 15.51250171661377 5
vertex -45.0499382019043 29.61250114440918 5
endloop
endfacet
facet normal 0 0 -1
outer loop
vertex 49.9500617980957 29.61250114440918 0
vertex 45.0500602722168 29.61250114440918 0
vertex 49.9500617980957 34.51250076293945 0
endloop
endfacet
facet normal 0 0 -1
outer loop
vertex 45.0500602722168 34.51250076293945 0
vertex 40.50006103515625 33.8125 0
vertex 40.50006103515625 34.51250076293945 0
endloop
endfacet
facet normal 0 0 -1
outer loop
vertex 45.0500602722168 29.61250114440918 0
vertex 40.50006103515625 30.312501907348633 0
vertex 45.0500602722168 34.51250076293945 0
endloop
endfacet
facet normal 0 0 -1
outer loop
vertex 40.50006103515625 29.61250114440918 0
vertex 40.50006103515625 30.312501907348633 0
vertex 45.0500602722168 29.61250114440918 0
endloop
endfacet
facet normal 0 0 -1
outer loop
vertex 35.50006103515625 30.312501907348633 0
vertex 45.0500602722168 34.51250076293945 0
vertex 40.50006103515625 30.312501907348633 0
endloop
endfacet
facet normal 0 0 -1
outer loop
vertex 45.0500602722168 34.51250076293945 0
vertex 30.950061798095703 29.61250114440918 0
vertex 40.50006103515625 33.8125 0
endloop
endfacet
facet normal 0 0 1
outer loop
vertex 26.05006217956543 -22.487499237060547 5
vertex -47.7564582824707 -25.58772850036621 5
vertex 30.950061798095703 -22.487499237060547 5
endloop
endfacet
facet normal -1 0 0
outer loop
vertex 7.0500617027282715 -8.38749885559082 5
vertex 7.0500617027282715 -22.487499237060547 0
vertex 7.0500617027282715 -22.487499237060547 5
endloop
endfacet
facet normal 0 0 1
outer loop
vertex 7.0500617027282715 -8.38749885559082 5
vertex 7.0500617027282715 -22.487499237060547 5
vertex 11.950061798095703 -22.487499237060547 5
endloop
endfacet
facet normal 0 0 1
outer loop
vertex 30.950061798095703 -22.487499237060547 5
vertex -47.7564582824707 -25.58772850036621 5
vertex 45.0500602722168 -22.487499237060547 5
endloop
endfacet
facet normal 0 0 1
outer loop
vertex 45.0500602722168 -22.487499237060547 5
vertex -47.7564582824707 -25.58772850036621 5
vertex 49.9500617980957 -22.487499237060547 5
endloop
endfacet
facet normal 0 1 0
outer loop
vertex 16.50006103515625 -22.487499237060547 3.549999952316284
vertex 11.950061798095703 -22.487499237060547 5
vertex 26.05006217956543 -22.487499237060547 5
endloop
endfacet
facet normal 0 -1 0
outer loop
vertex 2.500061511993408 -8.38749885559082 3.549999952316284
vertex 7.0500617027282715 -8.38749885559082 5
vertex -7.049938678741455 -8.38749885559082 5
endloop
endfacet
facet normal 0 0 1
outer loop
vertex 7.0500617027282715 -3.4874987602233887 5
vertex -7.049938678741455 -8.38749885559082 5
vertex 7.0500617027282715 -8.38749885559082 5
endloop
endfacet
facet normal 0 1 0
outer loop
vertex 7.0500617027282715 -3.4874987602233887 5
vertex 2.500061511993408 -3.4874987602233887 3.549999952316284
vertex -2.499938488006592 -3.4874987602233887 3.549999952316284
endloop
endfacet
facet normal 0 0 1
outer loop
vertex 7.0500617027282715 -3.4874987602233887 5
vertex 7.0500617027282715 -8.38749885559082 5
vertex 11.950061798095703 -3.4874987602233887 5
endloop
endfacet
facet normal 1 0 0
outer loop
vertex 11.950061798095703 -22.487499237060547 5
vertex 11.950061798095703 -8.38749885559082 0
vertex 11.950061798095703 -8.38749885559082 5
endloop
endfacet
facet normal 0 0 1
outer loop
vertex 7.0500617027282715 -8.38749885559082 5
vertex 11.950061798095703 -22.487499237060547 5
vertex 11.950061798095703 -8.38749885559082 5
endloop
endfacet
facet normal 0 -1 0
outer loop
vertex 11.950061798095703 -8.38749885559082 5
vertex 16.50006103515625 -8.38749885559082 3.549999952316284
vertex 21.50006103515625 -8.38749885559082 3.549999952316284
endloop
endfacet
facet normal 0 0 1
outer loop
vertex 11.950061798095703 -3.4874987602233887 5
vertex 7.0500617027282715 -8.38749885559082 5
vertex 11.950061798095703 -8.38749885559082 5
endloop
endfacet
facet normal 0 0 1
outer loop
vertex 11.950061798095703 -3.4874987602233887 5
vertex 11.950061798095703 -8.38749885559082 5
vertex 26.05006217956543 -3.4874987602233887 5
endloop
endfacet
facet normal 0 1 0
outer loop
vertex 16.50006103515625 -3.4874987602233887 3.549999952316284
vertex 11.950061798095703 -3.4874987602233887 5
vertex 26.05006217956543 -3.4874987602233887 5
endloop
endfacet
facet normal 0 1 0
outer loop
vertex 26.05006217956543 -22.487499237060547 5
vertex 21.50006103515625 -22.487499237060547 3.549999952316284
vertex 16.50006103515625 -22.487499237060547 3.549999952316284
endloop
endfacet
facet normal 0 0 1
outer loop
vertex 49.9500617980957 -22.487499237060547 5
vertex -47.7564582824707 -25.58772850036621 5
vertex 64.05006408691406 -22.487499237060547 5
endloop
endfacet
facet normal 0 0 1
outer loop
vertex 64.05006408691406 -22.487499237060547 5
vertex -47.7564582824707 -25.58772850036621 5
vertex 66.50006103515625 -25.63749885559082 5
endloop
endfacet
facet normal -1 0 0
outer loop
vertex 26.05006217956543 -8.38749885559082 5
vertex 26.05006217956543 -22.487499237060547 0
vertex 26.05006217956543 -22.487499237060547 5
endloop
endfacet
facet normal 0 0 1
outer loop
vertex 26.05006217956543 -8.38749885559082 5
vertex 26.05006217956543 -22.487499237060547 5
vertex 30.950061798095703 -22.487499237060547 5
endloop
endfacet
facet normal 0 0 -1
outer loop
vertex -16.49993896484375 -23.187498092651367 0
vertex -2.499938488006592 -23.187498092651367 0
vertex -47.7564582824707 -25.58772850036621 0
endloop
endfacet
facet normal 0 1 0
outer loop
vertex 35.50006103515625 -22.487499237060547 3.549999952316284
vertex 30.950061798095703 -22.487499237060547 5
vertex 45.0500602722168 -22.487499237060547 5
endloop
endfacet
facet normal 0 0 -1
outer loop
vertex -21.49993896484375 -23.187498092651367 0
vertex -26.049938201904297 -22.487499237060547 0
vertex -21.49993896484375 -22.487499237060547 0
endloop
endfacet
facet normal 0 -1 0
outer loop
vertex 21.50006103515625 -8.38749885559082 3.549999952316284
vertex 26.05006217956543 -8.38749885559082 5
vertex 11.950061798095703 -8.38749885559082 5
endloop
endfacet
facet normal 1 0 0
outer loop
vertex -56.9249382019043 34.51250076293945 0
vertex -56.9249382019043 48.61250305175781 0
vertex -56.9249382019043 34.51250076293945 5
endloop
endfacet
facet normal 0 0 -1
outer loop
vertex -56.9249382019043 34.51250076293945 0
vertex -67.19993591308594 32.0625 0
vertex -56.9249382019043 48.61250305175781 0
endloop
endfacet
facet normal 0 0 -1
outer loop
vertex -67.19993591308594 32.0625 0
vertex -66.49993896484375 51.76250076293945 0
vertex -56.9249382019043 48.61250305175781 0
endloop
endfacet
facet normal 0 0 -1
outer loop
vertex -49.1999397277832 31.36250114440918 0
vertex -67.19993591308594 32.0625 0
vertex -56.9249382019043 34.51250076293945 0
endloop
endfacet
facet normal 0 0 1
outer loop
vertex 26.05006217956543 -3.4874987602233887 5
vertex 11.950061798095703 -8.38749885559082 5
vertex 26.05006217956543 -8.38749885559082 5
endloop
endfacet
facet normal 0 1 0
outer loop
vertex 26.05006217956543 -3.4874987602233887 5
vertex 21.50006103515625 -3.4874987602233887 3.549999952316284
vertex 16.50006103515625 -3.4874987602233887 3.549999952316284
endloop
endfacet
facet normal 0 0 1
outer loop
vertex 26.05006217956543 -3.4874987602233887 5
vertex 26.05006217956543 -8.38749885559082 5
vertex 30.950061798095703 -3.4874987602233887 5
endloop
endfacet
facet normal 1 0 0
outer loop
vertex 30.950061798095703 -22.487499237060547 5
vertex 30.950061798095703 -8.38749885559082 0
vertex 30.950061798095703 -8.38749885559082 5
endloop
endfacet
facet normal 0 0 1
outer loop
vertex 26.05006217956543 -8.38749885559082 5
vertex 30.950061798095703 -22.487499237060547 5
vertex 30.950061798095703 -8.38749885559082 5
endloop
endfacet
facet normal 0 -1 0
outer loop
vertex 30.950061798095703 -8.38749885559082 5
vertex 35.50006103515625 -8.38749885559082 3.549999952316284
vertex 40.50006103515625 -8.38749885559082 3.549999952316284
endloop
endfacet
facet normal 0 1 0
outer loop
vertex -30.94993782043457 -22.487499237060547 0
vertex -35.49993896484375 -22.487499237060547 0
vertex -35.49993896484375 -22.487499237060547 3.549999952316284
endloop
endfacet
facet normal 0 1 0
outer loop
vertex -35.49993896484375 -22.487499237060547 3.549999952316284
vertex -30.94993782043457 -22.487499237060547 5
vertex -30.94993782043457 -22.487499237060547 0
endloop
endfacet
facet normal 0 1 0
outer loop
vertex -21.49993896484375 -22.487499237060547 0
vertex -26.049938201904297 -22.487499237060547 0
vertex -21.49993896484375 -22.487499237060547 3.549999952316284
endloop
endfacet
facet normal 0 0 1
outer loop
vertex 30.950061798095703 -3.4874987602233887 5
vertex 26.05006217956543 -8.38749885559082 5
vertex 30.950061798095703 -8.38749885559082 5
endloop
endfacet
facet normal 0 0 -1
outer loop
vertex 49.9500617980957 29.61250114440918 0
vertex 54.50006103515625 33.8125 0
vertex 59.50006103515625 33.8125 0
endloop
endfacet
facet normal 0 1 0
outer loop
vertex -21.49993896484375 -22.487499237060547 3.549999952316284
vertex -26.049938201904297 -22.487499237060547 0
vertex -26.049938201904297 -22.487499237060547 5
endloop
endfacet
facet normal 0 0 -1
outer loop
vertex 54.50006103515625 33.8125 0
vertex 49.9500617980957 34.51250076293945 0
vertex 54.50006103515625 34.51250076293945 0
endloop
endfacet
facet normal 0 0 -1
outer loop
vertex 49.9500617980957 34.51250076293945 0
vertex 45.0500602722168 34.51250076293945 0
vertex 45.0500602722168 48.61250305175781 0
endloop
endfacet
facet normal 0 0 1
outer loop
vertex 30.950061798095703 -3.4874987602233887 5
vertex 30.950061798095703 -8.38749885559082 5
vertex 45.0500602722168 -3.4874987602233887 5
endloop
endfacet
facet normal -1 0 0
outer loop
vertex 64.05006408691406 15.51250171661377 0
vertex 64.05006408691406 29.61250114440918 5
vertex 64.05006408691406 29.61250114440918 0
endloop
endfacet
facet normal 0 1 0
outer loop
vertex 59.50006103515625 15.51250171661377 3.549999952316284
vertex 64.05006408691406 15.51250171661377 5
vertex 64.05006408691406 15.51250171661377 0
endloop
endfacet
facet normal 0 1 0
outer loop
vertex 35.50006103515625 -3.4874987602233887 3.549999952316284
vertex 30.950061798095703 -3.4874987602233887 5
vertex 45.0500602722168 -3.4874987602233887 5
endloop
endfacet
facet normal 1 0 0
outer loop
vertex -26.049938201904297 -22.487499237060547 5
vertex -26.049938201904297 -22.487499237060547 0
vertex -26.049938201904297 -8.38749885559082 0
endloop
endfacet
facet normal 0 1 0
outer loop
vertex 64.05006408691406 15.51250171661377 0
vertex 59.50006103515625 15.51250171661377 0
vertex 59.50006103515625 15.51250171661377 3.549999952316284
endloop
endfacet
facet normal 0 0 -1
outer loop
vertex -35.49993896484375 -8.38749885559082 0
vertex -35.49993896484375 -7.687498569488525 0
vertex -30.94993782043457 -8.38749885559082 0
endloop
endfacet
facet normal 0 0 -1
outer loop
vertex -40.49993896484375 -7.687498569488525 0
vertex -30.94993782043457 -3.4874987602233887 0
vertex -35.49993896484375 -7.687498569488525 0
endloop
endfacet
facet normal 0 0 -1
outer loop
vertex -30.94993782043457 -3.4874987602233887 0
vertex -45.0499382019043 -8.38749885559082 0
vertex -35.49993896484375 -4.187498569488525 0
endloop
endfacet
facet normal 0 0 -1
outer loop
vertex 67.20005798339844 51.0625 0
vertex 64.05006408691406 10.61250114440918 0
vertex 64.05006408691406 15.51250171661377 0
endloop
endfacet
facet normal 0 0 -1
outer loop
vertex 67.20005798339844 51.0625 0
vertex 64.05006408691406 -3.4874987602233887 0
vertex 64.05006408691406 10.61250114440918 0
endloop
endfacet
facet normal 0 0 -1
outer loop
vertex 64.05006408691406 15.51250171661377 0
vertex 59.50006103515625 14.812500953674316 0
vertex 59.50006103515625 15.51250171661377 0
endloop
endfacet
facet normal 0 -1 0
outer loop
vertex 59.50006103515625 10.61250114440918 3.549999952316284
vertex 64.05006408691406 10.61250114440918 0
vertex 64.05006408691406 10.61250114440918 5
endloop
endfacet
facet normal 0 0 -1
outer loop
vertex -30.94993782043457 -3.4874987602233887 0
vertex -35.49993896484375 -4.187498569488525 0
vertex -35.49993896484375 -3.4874987602233887 0
endloop
endfacet
facet normal 0 0 -1
outer loop
vertex -30.94993782043457 -8.38749885559082 0
vertex -35.49993896484375 -7.687498569488525 0
vertex -30.94993782043457 -3.4874987602233887 0
endloop
endfacet
facet normal 0 -1 0
outer loop
vertex 59.50006103515625 10.61250114440918 0
vertex 64.05006408691406 10.61250114440918 0
vertex 59.50006103515625 10.61250114440918 3.549999952316284
endloop
endfacet
facet normal 0 0 -1
outer loop
vertex -30.94993782043457 -8.38749885559082 0
vertex -30.94993782043457 -3.4874987602233887 0
vertex -26.049938201904297 -3.4874987602233887 0
endloop
endfacet
facet normal 0 0 -1
outer loop
vertex -26.049938201904297 -8.38749885559082 0
vertex -26.049938201904297 -22.487499237060547 0
vertex -30.94993782043457 -8.38749885559082 0
endloop
endfacet
facet normal -1 0 0
outer loop
vertex 64.05006408691406 -3.4874987602233887 0
vertex 64.05006408691406 10.61250114440918 5
vertex 64.05006408691406 10.61250114440918 0
endloop
endfacet
facet normal 0 0 -1
outer loop
vertex 67.1502914428711 -25.194019317626953 0
vertex 64.05006408691406 -22.487499237060547 0
vertex 67.20005798339844 51.0625 0
endloop
endfacet
facet normal 0 0 -1
outer loop
vertex 67.20005798339844 51.0625 0
vertex 64.05006408691406 -8.38749885559082 0
vertex 64.05006408691406 -3.4874987602233887 0
endloop
endfacet
facet normal 0 0 -1
outer loop
vertex 64.05006408691406 10.61250114440918 0
vertex 59.50006103515625 11.312500953674316 0
vertex 64.05006408691406 15.51250171661377 0
endloop
endfacet
facet normal 0 0 -1
outer loop
vertex 59.50006103515625 10.61250114440918 0
vertex 59.50006103515625 11.312500953674316 0
vertex 64.05006408691406 10.61250114440918 0
endloop
endfacet
facet normal 0 0 -1
outer loop
vertex 54.50006103515625 11.312500953674316 0
vertex 64.05006408691406 15.51250171661377 0
vertex 59.50006103515625 11.312500953674316 0
endloop
endfacet
facet normal 0 0 -1
outer loop
vertex 64.05006408691406 15.51250171661377 0
vertex 49.9500617980957 10.61250114440918 0
vertex 59.50006103515625 14.812500953674316 0
endloop
endfacet
facet normal 0 0 -1
outer loop
vertex 54.50006103515625 11.312500953674316 0
vertex 49.9500617980957 10.61250114440918 0
vertex 64.05006408691406 15.51250171661377 0
endloop
endfacet
facet normal 0 0 -1
outer loop
vertex 64.05006408691406 -8.38749885559082 0
vertex 67.20005798339844 51.0625 0
vertex 64.05006408691406 -22.487499237060547 0
endloop
endfacet
facet normal 0 0 -1
outer loop
vertex -26.049938201904297 -8.38749885559082 0
vertex -21.49993896484375 -7.687498569488525 0
vertex -21.49993896484375 -8.38749885559082 0
endloop
endfacet
facet normal 0 1 0
outer loop
vertex 54.50006103515625 15.51250171661377 3.549999952316284
vertex 49.9500617980957 15.51250171661377 0
vertex 49.9500617980957 15.51250171661377 5
endloop
endfacet
facet normal 0 0 -1
outer loop
vertex -26.049938201904297 -8.38749885559082 0
vertex -30.94993782043457 -8.38749885559082 0
vertex -26.049938201904297 -3.4874987602233887 0
endloop
endfacet
facet normal 0 1 0
outer loop
vertex 54.50006103515625 15.51250171661377 0
vertex 49.9500617980957 15.51250171661377 0
vertex 54.50006103515625 15.51250171661377 3.549999952316284
endloop
endfacet
facet normal 1 0 0
outer loop
vertex 49.9500617980957 15.51250171661377 0
vertex 49.9500617980957 29.61250114440918 0
vertex 49.9500617980957 15.51250171661377 5
endloop
endfacet
facet normal -1 0 0
outer loop
vertex 45.0500602722168 29.61250114440918 0
vertex 45.0500602722168 15.51250171661377 0
vertex 45.0500602722168 29.61250114440918 5
endloop
endfacet
facet normal 0 1 0
outer loop
vertex 40.50006103515625 15.51250171661377 3.549999952316284
vertex 45.0500602722168 15.51250171661377 5
vertex 45.0500602722168 15.51250171661377 0
endloop
endfacet
facet normal 0 0 -1
outer loop
vertex -26.049938201904297 -8.38749885559082 0
vertex -26.049938201904297 -3.4874987602233887 0
vertex -21.49993896484375 -4.187498569488525 0
endloop
endfacet
facet normal 0 0 -1
outer loop
vertex -26.049938201904297 -8.38749885559082 0
vertex -21.49993896484375 -4.187498569488525 0
vertex -16.49993896484375 -4.187498569488525 0
endloop
endfacet
facet normal 0 1 0
outer loop
vertex 45.0500602722168 15.51250171661377 0
vertex 40.50006103515625 15.51250171661377 0
vertex 40.50006103515625 15.51250171661377 3.549999952316284
endloop
endfacet
facet normal 0 0 -1
outer loop
vertex -21.49993896484375 -4.187498569488525 0
vertex -26.049938201904297 -3.4874987602233887 0
vertex -21.49993896484375 -3.4874987602233887 0
endloop
endfacet
facet normal 0 0 -1
outer loop
vertex 49.9500617980957 15.51250171661377 0
vertex 45.0500602722168 29.61250114440918 0
vertex 49.9500617980957 29.61250114440918 0
endloop
endfacet
facet normal 0 0 -1
outer loop
vertex 49.9500617980957 34.51250076293945 0
vertex 45.0500602722168 48.61250305175781 0
vertex 49.9500617980957 48.61250305175781 0
endloop
endfacet
facet normal 0 0 -1
outer loop
vertex -21.49993896484375 -7.687498569488525 0
vertex -26.049938201904297 -8.38749885559082 0
vertex -11.949938774108887 -3.4874987602233887 0
endloop
endfacet
facet normal 0 -1 0
outer loop
vertex -35.49993896484375 -8.38749885559082 0
vertex -30.94993782043457 -8.38749885559082 0
vertex -35.49993896484375 -8.38749885559082 3.549999952316284
endloop
endfacet
facet normal -1 0 0
outer loop
vertex -30.94993782043457 -8.38749885559082 0
vertex -30.94993782043457 -22.487499237060547 0
vertex -30.94993782043457 -8.38749885559082 5
endloop
endfacet
facet normal 0 0 -1
outer loop
vertex 54.50006103515625 14.812500953674316 0
vertex 49.9500617980957 15.51250171661377 0
vertex 54.50006103515625 15.51250171661377 0
endloop
endfacet
facet normal 0 0 -1
outer loop
vertex 49.9500617980957 15.51250171661377 0
vertex 45.0500602722168 15.51250171661377 0
vertex 45.0500602722168 29.61250114440918 0
endloop
endfacet
facet normal 0 0 -1
outer loop
vertex 45.0500602722168 15.51250171661377 0
vertex 40.50006103515625 14.812500953674316 0
vertex 40.50006103515625 15.51250171661377 0
endloop
endfacet
facet normal 0 -1 0
outer loop
vertex -35.49993896484375 -8.38749885559082 3.549999952316284
vertex -30.94993782043457 -8.38749885559082 0
vertex -30.94993782043457 -8.38749885559082 5
endloop
endfacet
facet normal 0 -1 0
outer loop
vertex 49.9500617980957 10.61250114440918 0
vertex 54.50006103515625 10.61250114440918 3.549999952316284
vertex 49.9500617980957 10.61250114440918 5
endloop
endfacet
facet normal 0 1 0
outer loop
vertex 35.50006103515625 -3.4874987602233887 3.549999952316284
vertex 30.950061798095703 -3.4874987602233887 0
vertex 30.950061798095703 -3.4874987602233887 5
endloop
endfacet
facet normal 0 -1 0
outer loop
vertex 49.9500617980957 10.61250114440918 0
vertex 54.50006103515625 10.61250114440918 0
vertex 54.50006103515625 10.61250114440918 3.549999952316284
endloop
endfacet
facet normal 1 0 0
outer loop
vertex 49.9500617980957 -3.4874987602233887 5
vertex 49.9500617980957 -3.4874987602233887 0
vertex 49.9500617980957 10.61250114440918 0
endloop
endfacet
facet normal 0 -1 0
outer loop
vertex 40.50006103515625 10.61250114440918 3.549999952316284
vertex 45.0500602722168 10.61250114440918 0
vertex 45.0500602722168 10.61250114440918 5
endloop
endfacet
facet normal 0 1 0
outer loop
vertex 35.50006103515625 -3.4874987602233887 0
vertex 30.950061798095703 -3.4874987602233887 0
vertex 35.50006103515625 -3.4874987602233887 3.549999952316284
endloop
endfacet
facet normal 0 -1 0
outer loop
vertex 40.50006103515625 10.61250114440918 0
vertex 45.0500602722168 10.61250114440918 0
vertex 40.50006103515625 10.61250114440918 3.549999952316284
endloop
endfacet
facet normal 0 -1 0
outer loop
vertex 30.950061798095703 -8.38749885559082 0
vertex 35.50006103515625 -8.38749885559082 3.549999952316284
vertex 30.950061798095703 -8.38749885559082 5
endloop
endfacet
facet normal 0 -1 0
outer loop
vertex 30.950061798095703 -8.38749885559082 0
vertex 35.50006103515625 -8.38749885559082 0
vertex 35.50006103515625 -8.38749885559082 3.549999952316284
endloop
endfacet
facet normal 0 -1 0
outer loop
vertex 40.50006103515625 29.61250114440918 0
vertex 45.0500602722168 29.61250114440918 0
vertex 40.50006103515625 29.61250114440918 3.549999952316284
endloop
endfacet
facet normal 0 1 0
outer loop
vertex 21.50006103515625 -3.4874987602233887 3.549999952316284
vertex 26.05006217956543 -3.4874987602233887 5
vertex 26.05006217956543 -3.4874987602233887 0
endloop
endfacet
facet normal 0 1 0
outer loop
vertex 26.05006217956543 -3.4874987602233887 0
vertex 21.50006103515625 -3.4874987602233887 0
vertex 21.50006103515625 -3.4874987602233887 3.549999952316284
endloop
endfacet
facet normal 0 -1 0
outer loop
vertex 21.50006103515625 -8.38749885559082 3.549999952316284
vertex 26.05006217956543 -8.38749885559082 0
vertex 26.05006217956543 -8.38749885559082 5
endloop
endfacet
facet normal -1 0 0
outer loop
vertex 26.05006217956543 -8.38749885559082 0
vertex 26.05006217956543 -22.487499237060547 0
vertex 26.05006217956543 -8.38749885559082 5
endloop
endfacet
facet normal 0 -1 0
outer loop
vertex 21.50006103515625 -8.38749885559082 0
vertex 26.05006217956543 -8.38749885559082 0
vertex 21.50006103515625 -8.38749885559082 3.549999952316284
endloop
endfacet
facet normal 0 0 -1
outer loop
vertex 35.50006103515625 -7.687498569488525 0
vertex 30.950061798095703 -8.38749885559082 0
vertex 45.0500602722168 -3.4874987602233887 0
endloop
endfacet
facet normal 0 0 -1
outer loop
vertex 30.950061798095703 -8.38749885559082 0
vertex 35.50006103515625 -4.187498569488525 0
vertex 40.50006103515625 -4.187498569488525 0
endloop
endfacet
facet normal 0 0 -1
outer loop
vertex 35.50006103515625 -4.187498569488525 0
vertex 30.950061798095703 -3.4874987602233887 0
vertex 35.50006103515625 -3.4874987602233887 0
endloop
endfacet
facet normal 0 0 -1
outer loop
vertex 30.950061798095703 -8.38749885559082 0
vertex 30.950061798095703 -3.4874987602233887 0
vertex 35.50006103515625 -4.187498569488525 0
endloop
endfacet
facet normal 0 0 -1
outer loop
vertex 30.950061798095703 -8.38749885559082 0
vertex 26.05006217956543 -8.38749885559082 0
vertex 30.950061798095703 -3.4874987602233887 0
endloop
endfacet
facet normal 0 0 -1
outer loop
vertex 30.950061798095703 -8.38749885559082 0
vertex 35.50006103515625 -7.687498569488525 0
vertex 35.50006103515625 -8.38749885559082 0
endloop
endfacet
facet normal 0 0 -1
outer loop
vertex 30.950061798095703 -8.38749885559082 0
vertex 30.950061798095703 -22.487499237060547 0
vertex 26.05006217956543 -8.38749885559082 0
endloop
endfacet
facet normal 0 0 -1
outer loop
vertex 26.05006217956543 -8.38749885559082 0
vertex 26.05006217956543 -3.4874987602233887 0
vertex 30.950061798095703 -3.4874987602233887 0
endloop
endfacet
facet normal 0 0 -1
outer loop
vertex 26.05006217956543 -8.38749885559082 0
vertex 21.50006103515625 -7.687498569488525 0
vertex 26.05006217956543 -3.4874987602233887 0
endloop
endfacet
facet normal 0 1 0
outer loop
vertex 45.0500602722168 34.51250076293945 0
vertex 40.50006103515625 34.51250076293945 0
vertex 40.50006103515625 34.51250076293945 3.549999952316284
endloop
endfacet
facet normal 0 0 -1
outer loop
vertex 26.05006217956543 -3.4874987602233887 0
vertex 21.50006103515625 -4.187498569488525 0
vertex 21.50006103515625 -3.4874987602233887 0
endloop
endfacet
facet normal 0 0 -1
outer loop
vertex 16.50006103515625 -7.687498569488525 0
vertex 26.05006217956543 -3.4874987602233887 0
vertex 21.50006103515625 -7.687498569488525 0
endloop
endfacet
facet normal 0 0 -1
outer loop
vertex 26.05006217956543 -3.4874987602233887 0
vertex 11.950061798095703 -8.38749885559082 0
vertex 21.50006103515625 -4.187498569488525 0
endloop
endfacet
facet normal 0 -1 0
outer loop
vertex 40.50006103515625 29.61250114440918 3.549999952316284
vertex 45.0500602722168 29.61250114440918 0
vertex 45.0500602722168 29.61250114440918 5
endloop
endfacet
facet normal 0 1 0
outer loop
vertex 40.50006103515625 34.51250076293945 3.549999952316284
vertex 45.0500602722168 34.51250076293945 5
vertex 45.0500602722168 34.51250076293945 0
endloop
endfacet
facet normal -1 0 0
outer loop
vertex 45.0500602722168 48.61250305175781 0
vertex 45.0500602722168 34.51250076293945 0
vertex 45.0500602722168 48.61250305175781 5
endloop
endfacet
facet normal 0 -1 0
outer loop
vertex 49.9500617980957 29.61250114440918 0
vertex 54.50006103515625 29.61250114440918 0
vertex 54.50006103515625 29.61250114440918 3.549999952316284
endloop
endfacet
facet normal 0 0 -1
outer loop
vertex 21.50006103515625 -8.38749885559082 0
vertex 21.50006103515625 -7.687498569488525 0
vertex 26.05006217956543 -8.38749885559082 0
endloop
endfacet
facet normal 0 1 0
outer loop
vertex 54.50006103515625 34.51250076293945 0
vertex 49.9500617980957 34.51250076293945 0
vertex 54.50006103515625 34.51250076293945 3.549999952316284
endloop
endfacet
facet normal 1 0 0
outer loop
vertex 30.950061798095703 -22.487499237060547 5
vertex 30.950061798095703 -22.487499237060547 0
vertex 30.950061798095703 -8.38749885559082 0
endloop
endfacet
facet normal 0 -1 0
outer loop
vertex 49.9500617980957 29.61250114440918 0
vertex 54.50006103515625 29.61250114440918 3.549999952316284
vertex 49.9500617980957 29.61250114440918 5
endloop
endfacet
facet normal 0 1 0
outer loop
vertex 35.50006103515625 -22.487499237060547 3.549999952316284
vertex 30.950061798095703 -22.487499237060547 0
vertex 30.950061798095703 -22.487499237060547 5
endloop
endfacet
facet normal -1 0 0
outer loop
vertex 45.0500602722168 10.61250114440918 0
vertex 45.0500602722168 -3.4874987602233887 0
vertex 45.0500602722168 10.61250114440918 5
endloop
endfacet
facet normal 0 1 0
outer loop
vertex 54.50006103515625 34.51250076293945 3.549999952316284
vertex 49.9500617980957 34.51250076293945 0
vertex 49.9500617980957 34.51250076293945 5
endloop
endfacet
facet normal 0 1 0
outer loop
vertex 35.50006103515625 -22.487499237060547 0
vertex 30.950061798095703 -22.487499237060547 0
vertex 35.50006103515625 -22.487499237060547 3.549999952316284
endloop
endfacet
facet normal 1 0 0
outer loop
vertex 49.9500617980957 34.51250076293945 5
vertex 49.9500617980957 34.51250076293945 0
vertex 49.9500617980957 48.61250305175781 0
endloop
endfacet
facet normal 0 0 -1
outer loop
vertex 40.50006103515625 49.3125 0
vertex 45.0500602722168 48.61250305175781 0
vertex 40.50006103515625 48.61250305175781 0
endloop
endfacet
facet normal 0 0 -1
outer loop
vertex 49.9500617980957 48.61250305175781 0
vertex 45.0500602722168 48.61250305175781 0
vertex 40.50006103515625 49.3125 0
endloop
endfacet
facet normal 0 0 -1
outer loop
vertex 49.9500617980957 48.61250305175781 0
vertex 40.50006103515625 49.3125 0
vertex 54.50006103515625 48.61250305175781 0
endloop
endfacet
facet normal 0 1 0
outer loop
vertex 21.50006103515625 -22.487499237060547 3.549999952316284
vertex 26.05006217956543 -22.487499237060547 5
vertex 26.05006217956543 -22.487499237060547 0
endloop
endfacet
facet normal 0 1 0
outer loop
vertex 21.50006103515625 -22.487499237060547 0
vertex 21.50006103515625 -22.487499237060547 3.549999952316284
vertex 26.05006217956543 -22.487499237060547 0
endloop
endfacet
facet normal 0 0 1
outer loop
vertex -67.13131713867188 31.762550354003906 5
vertex -66.75646209716797 31.41227149963379 5
vertex -67.19993591308594 32.0625 5
endloop
endfacet
facet normal 0 0 1
outer loop
vertex -67.19993591308594 32.0625 5
vertex -66.75646209716797 31.41227149963379 5
vertex -56.9249382019043 34.51250076293945 5
endloop
endfacet
facet normal 1 0 0
outer loop
vertex -56.9249382019043 34.51250076293945 5
vertex -56.9249382019043 48.61250305175781 0
vertex -56.9249382019043 48.61250305175781 5
endloop
endfacet
facet normal 0 0 1
outer loop
vertex -67.19993591308594 32.0625 5
vertex -56.9249382019043 48.61250305175781 5
vertex -66.49993896484375 51.76250076293945 5
endloop
endfacet
facet normal 0 0 1
outer loop
vertex -56.9249382019043 48.61250305175781 5
vertex -67.19993591308594 32.0625 5
vertex -56.9249382019043 34.51250076293945 5
endloop
endfacet
facet normal 0 0 -1
outer loop
vertex 66.50006103515625 -25.63749885559082 0
vertex 21.50006103515625 -23.187498092651367 0
vertex 21.50006103515625 -22.487499237060547 0
endloop
endfacet
facet normal 0 0 -1
outer loop
vertex 35.50006103515625 -23.187498092651367 0
vertex 30.950061798095703 -22.487499237060547 0
vertex 35.50006103515625 -22.487499237060547 0
endloop
endfacet
facet normal 0 0 -1
outer loop
vertex 54.50006103515625 48.61250305175781 0
vertex 40.50006103515625 49.3125 0
vertex 54.50006103515625 49.3125 0
endloop
endfacet
facet normal 0 0 -1
outer loop
vertex 66.50006103515625 -25.63749885559082 0
vertex 16.50006103515625 -23.187498092651367 0
vertex 21.50006103515625 -23.187498092651367 0
endloop
endfacet
facet normal 0 0 -1
outer loop
vertex 26.05006217956543 -22.487499237060547 0
vertex 30.950061798095703 -22.487499237060547 0
vertex 35.50006103515625 -23.187498092651367 0
endloop
endfacet
facet normal 0 -1 0
outer loop
vertex 40.50006103515625 48.61250305175781 0
vertex 45.0500602722168 48.61250305175781 0
vertex 40.50006103515625 48.61250305175781 3.549999952316284
endloop
endfacet
facet normal 0 0 -1
outer loop
vertex 19.398704528808594 -25.616981506347656 0
vertex 2.500061511993408 -23.187498092651367 0
vertex 66.50006103515625 -25.63749885559082 0
endloop
endfacet
facet normal 0 -1 0
outer loop
vertex 40.50006103515625 48.61250305175781 3.549999952316284
vertex 45.0500602722168 48.61250305175781 0
vertex 45.0500602722168 48.61250305175781 5
endloop
endfacet
facet normal 0 -1 0
outer loop
vertex 49.9500617980957 48.61250305175781 0
vertex 54.50006103515625 48.61250305175781 0
vertex 54.50006103515625 48.61250305175781 3.549999952316284
endloop
endfacet
facet normal 0 0 1
outer loop
vertex -67.1501693725586 51.31902313232422 5
vertex -67.19993591308594 32.0625 5
vertex -66.49993896484375 51.76250076293945 5
endloop
endfacet
facet normal 0 0 1
outer loop
vertex -67.1501693725586 51.31902313232422 5
vertex -66.49993896484375 51.76250076293945 5
vertex -66.79988861083984 51.69388198852539 5
endloop
endfacet
facet normal 0 0 -1
outer loop
vertex 2.500061511993408 -23.187498092651367 0
vertex 16.50006103515625 -23.187498092651367 0
vertex 66.50006103515625 -25.63749885559082 0
endloop
endfacet
facet normal 0 -1 0
outer loop
vertex 49.9500617980957 48.61250305175781 0
vertex 54.50006103515625 48.61250305175781 3.549999952316284
vertex 49.9500617980957 48.61250305175781 5
endloop
endfacet
facet normal 0 0 -1
outer loop
vertex 26.05006217956543 -22.487499237060547 0
vertex 26.05006217956543 -8.38749885559082 0
vertex 30.950061798095703 -22.487499237060547 0
endloop
endfacet
facet normal 0 0 -1
outer loop
vertex 54.50006103515625 30.312501907348633 0
vertex 49.9500617980957 29.61250114440918 0
vertex 64.05006408691406 34.51250076293945 0
endloop
endfacet
facet normal 0 0 -1
outer loop
vertex 64.05006408691406 34.51250076293945 0
vertex 49.9500617980957 29.61250114440918 0
vertex 59.50006103515625 33.8125 0
endloop
endfacet
facet normal 0 0 -1
outer loop
vertex 54.50006103515625 30.312501907348633 0
vertex 64.05006408691406 34.51250076293945 0
vertex 59.50006103515625 30.312501907348633 0
endloop
endfacet
facet normal 0 0 -1
outer loop
vertex 59.50006103515625 29.61250114440918 0
vertex 59.50006103515625 30.312501907348633 0
vertex 64.05006408691406 29.61250114440918 0
endloop
endfacet
facet normal 0 1 0
outer loop
vertex 16.50006103515625 -3.4874987602233887 3.549999952316284
vertex 11.950061798095703 -3.4874987602233887 0
vertex 11.950061798095703 -3.4874987602233887 5
endloop
endfacet
facet normal 0 0 -1
outer loop
vertex 64.05006408691406 29.61250114440918 0
vertex 59.50006103515625 30.312501907348633 0
vertex 64.05006408691406 34.51250076293945 0
endloop
endfacet
facet normal 0 1 0
outer loop
vertex 16.50006103515625 -3.4874987602233887 0
vertex 11.950061798095703 -3.4874987602233887 0
vertex 16.50006103515625 -3.4874987602233887 3.549999952316284
endloop
endfacet
facet normal 0 -1 0
outer loop
vertex 11.950061798095703 -8.38749885559082 0
vertex 16.50006103515625 -8.38749885559082 3.549999952316284
vertex 11.950061798095703 -8.38749885559082 5
endloop
endfacet
facet normal 0 -1 0
outer loop
vertex 11.950061798095703 -8.38749885559082 0
vertex 16.50006103515625 -8.38749885559082 0
vertex 16.50006103515625 -8.38749885559082 3.549999952316284
endloop
endfacet
facet normal 0 1 0
outer loop
vertex 2.500061511993408 -3.4874987602233887 3.549999952316284
vertex 7.0500617027282715 -3.4874987602233887 5
vertex 7.0500617027282715 -3.4874987602233887 0
endloop
endfacet
facet normal 0 0 -1
outer loop
vertex 67.20005798339844 51.0625 0
vertex 64.05006408691406 15.51250171661377 0
vertex 64.05006408691406 29.61250114440918 0
endloop
endfacet
facet normal 0 0 -1
outer loop
vertex 64.05006408691406 34.51250076293945 0
vertex 59.50006103515625 33.8125 0
vertex 59.50006103515625 34.51250076293945 0
endloop
endfacet
facet normal 0 1 0
outer loop
vertex 7.0500617027282715 -3.4874987602233887 0
vertex 2.500061511993408 -3.4874987602233887 0
vertex 2.500061511993408 -3.4874987602233887 3.549999952316284
endloop
endfacet
facet normal 0 -1 0
outer loop
vertex 2.500061511993408 -8.38749885559082 3.549999952316284
vertex 7.0500617027282715 -8.38749885559082 0
vertex 7.0500617027282715 -8.38749885559082 5
endloop
endfacet
facet normal -1 0 0
outer loop
vertex 7.0500617027282715 -8.38749885559082 0
vertex 7.0500617027282715 -22.487499237060547 0
vertex 7.0500617027282715 -8.38749885559082 5
endloop
endfacet
facet normal 0 0 -1
outer loop
vertex 67.20005798339844 51.0625 0
vertex 64.05006408691406 29.61250114440918 0
vertex 64.05006408691406 34.51250076293945 0
endloop
endfacet
facet normal 0 -1 0
outer loop
vertex 2.500061511993408 -8.38749885559082 0
vertex 7.0500617027282715 -8.38749885559082 0
vertex 2.500061511993408 -8.38749885559082 3.549999952316284
endloop
endfacet
facet normal 0 0 -1
outer loop
vertex 16.50006103515625 -7.687498569488525 0
vertex 11.950061798095703 -8.38749885559082 0
vertex 26.05006217956543 -3.4874987602233887 0
endloop
endfacet
facet normal 0 0 -1
outer loop
vertex 11.950061798095703 -8.38749885559082 0
vertex 16.50006103515625 -4.187498569488525 0
vertex 21.50006103515625 -4.187498569488525 0
endloop
endfacet
facet normal 0 0 -1
outer loop
vertex 16.50006103515625 -4.187498569488525 0
vertex 11.950061798095703 -3.4874987602233887 0
vertex 16.50006103515625 -3.4874987602233887 0
endloop
endfacet
facet normal 0 -1 0
outer loop
vertex 59.50006103515625 29.61250114440918 0
vertex 64.05006408691406 29.61250114440918 0
vertex 59.50006103515625 29.61250114440918 3.549999952316284
endloop
endfacet
facet normal 0 0 -1
outer loop
vertex 11.950061798095703 -8.38749885559082 0
vertex 11.950061798095703 -3.4874987602233887 0
vertex 16.50006103515625 -4.187498569488525 0
endloop
endfacet
facet normal 0 0 -1
outer loop
vertex 11.950061798095703 -8.38749885559082 0
vertex 7.0500617027282715 -8.38749885559082 0
vertex 11.950061798095703 -3.4874987602233887 0
endloop
endfacet
facet normal 0 0 1
outer loop
vertex -66.75646209716797 31.41227149963379 5
vertex -49.1999397277832 31.36250114440918 5
vertex -42.8249397277832 34.51250076293945 5
endloop
endfacet
facet normal 0 0 1
outer loop
vertex -56.9249382019043 34.51250076293945 5
vertex -66.75646209716797 31.41227149963379 5
vertex -42.8249397277832 34.51250076293945 5
endloop
endfacet
facet normal 0 0 1
outer loop
vertex -48.1999397277832 30.36250114440918 5
vertex -45.0499382019043 29.61250114440918 5
vertex -48.2357292175293 30.627643585205078 5
endloop
endfacet
facet normal 0 0 1
outer loop
vertex -48.722801208496094 31.241329193115234 5
vertex -48.50686264038086 31.0833683013916 5
vertex -42.8249397277832 34.51250076293945 5
endloop
endfacet
facet normal 0 0 1
outer loop
vertex -42.8249397277832 34.51250076293945 5
vertex -49.1999397277832 31.36250114440918 5
vertex -48.97289276123047 31.33638572692871 5
endloop
endfacet
facet normal 0 0 1
outer loop
vertex -42.8249397277832 34.51250076293945 5
vertex -48.97289276123047 31.33638572692871 5
vertex -48.722801208496094 31.241329193115234 5
endloop
endfacet
facet normal 0 1 0
outer loop
vertex -42.8249397277832 34.51250076293945 5
vertex -47.37493896484375 34.51250076293945 3.549999952316284
vertex -52.37493896484375 34.51250076293945 3.549999952316284
endloop
endfacet
facet normal 0 1 0
outer loop
vertex -52.37493896484375 34.51250076293945 3.549999952316284
vertex -56.9249382019043 34.51250076293945 5
vertex -42.8249397277832 34.51250076293945 5
endloop
endfacet
facet normal 0 0 -1
outer loop
vertex 11.950061798095703 -8.38749885559082 0
vertex 16.50006103515625 -7.687498569488525 0
vertex 16.50006103515625 -8.38749885559082 0
endloop
endfacet
facet normal 0 0 1
outer loop
vertex -48.2357292175293 30.627643585205078 5
vertex -42.8249397277832 34.51250076293945 5
vertex -48.340538024902344 30.873804092407227 5
endloop
endfacet
facet normal 0 0 1
outer loop
vertex -42.8249397277832 34.51250076293945 5
vertex -48.50686264038086 31.0833683013916 5
vertex -48.340538024902344 30.873804092407227 5
endloop
endfacet
facet normal 0 0 1
outer loop
vertex -42.8249397277832 34.51250076293945 5
vertex -48.2357292175293 30.627643585205078 5
vertex -45.0499382019043 29.61250114440918 5
endloop
endfacet
facet normal 0 -1 0
outer loop
vertex -45.0499382019043 29.61250114440918 5
vertex -40.49993896484375 29.61250114440918 3.549999952316284
vertex -35.49993896484375 29.61250114440918 3.549999952316284
endloop
endfacet
facet normal 0 0 1
outer loop
vertex -42.8249397277832 34.51250076293945 5
vertex -45.0499382019043 29.61250114440918 5
vertex -30.94993782043457 29.61250114440918 5
endloop
endfacet
facet normal -1 0 0
outer loop
vertex -42.8249397277832 48.61250305175781 5
vertex -42.8249397277832 34.51250076293945 0
vertex -42.8249397277832 34.51250076293945 5
endloop
endfacet
facet normal 0 0 1
outer loop
vertex -42.8249397277832 48.61250305175781 5
vertex -42.8249397277832 34.51250076293945 5
vertex -30.799938201904297 34.51250076293945 5
endloop
endfacet
facet normal 0 0 -1
outer loop
vertex 11.950061798095703 -8.38749885559082 0
vertex 11.950061798095703 -22.487499237060547 0
vertex 7.0500617027282715 -8.38749885559082 0
endloop
endfacet
facet normal 0 1 0
outer loop
vertex -40.49993896484375 15.51250171661377 3.549999952316284
vertex -45.0499382019043 15.51250171661377 0
vertex -45.0499382019043 15.51250171661377 5
endloop
endfacet
facet normal 0 0 -1
outer loop
vertex 7.0500617027282715 -8.38749885559082 0
vertex 7.0500617027282715 -3.4874987602233887 0
vertex 11.950061798095703 -3.4874987602233887 0
endloop
endfacet
facet normal 0 0 -1
outer loop
vertex 7.0500617027282715 -8.38749885559082 0
vertex 2.500061511993408 -7.687498569488525 0
vertex 7.0500617027282715 -3.4874987602233887 0
endloop
endfacet
facet normal 1 0 0
outer loop
vertex -45.0499382019043 15.51250171661377 0
vertex -45.0499382019043 29.61250114440918 0
vertex -45.0499382019043 15.51250171661377 5
endloop
endfacet
facet normal 0 1 0
outer loop
vertex -40.49993896484375 15.51250171661377 0
vertex -45.0499382019043 15.51250171661377 0
vertex -40.49993896484375 15.51250171661377 3.549999952316284
endloop
endfacet
facet normal 0 0 -1
outer loop
vertex 7.0500617027282715 -3.4874987602233887 0
vertex 2.500061511993408 -4.187498569488525 0
vertex 2.500061511993408 -3.4874987602233887 0
endloop
endfacet
facet normal 0 0 -1
outer loop
vertex -2.499938488006592 -7.687498569488525 0
vertex 7.0500617027282715 -3.4874987602233887 0
vertex 2.500061511993408 -7.687498569488525 0
endloop
endfacet
facet normal 0 -1 0
outer loop
vertex -56.9249382019043 48.61250305175781 5
vertex -52.37493896484375 48.61250305175781 3.549999952316284
vertex -47.37493896484375 48.61250305175781 3.549999952316284
endloop
endfacet
facet normal -1 0 0
outer loop
vertex 7.0500617027282715 10.61250114440918 0
vertex 7.0500617027282715 -3.4874987602233887 0
vertex 7.0500617027282715 10.61250114440918 5
endloop
endfacet
facet normal 0 -1 0
outer loop
vertex -42.8249397277832 48.61250305175781 5
vertex -56.9249382019043 48.61250305175781 5
vertex -47.37493896484375 48.61250305175781 3.549999952316284
endloop
endfacet
facet normal 0 0 1
outer loop
vertex -66.49993896484375 51.76250076293945 5
vertex -42.8249397277832 48.61250305175781 5
vertex -30.799938201904297 48.61250305175781 5
endloop
endfacet
facet normal 0 0 -1
outer loop
vertex -40.49993896484375 14.812500953674316 0
vertex -45.0499382019043 15.51250171661377 0
vertex -40.49993896484375 15.51250171661377 0
endloop
endfacet
facet normal 0 0 -1
outer loop
vertex 7.0500617027282715 -3.4874987602233887 0
vertex -7.049938678741455 -8.38749885559082 0
vertex 2.500061511993408 -4.187498569488525 0
endloop
endfacet
facet normal 0 0 -1
outer loop
vertex 2.500061511993408 -8.38749885559082 0
vertex 2.500061511993408 -7.687498569488525 0
vertex 7.0500617027282715 -8.38749885559082 0
endloop
endfacet
facet normal 1 0 0
outer loop
vertex 11.950061798095703 -22.487499237060547 5
vertex 11.950061798095703 -22.487499237060547 0
vertex 11.950061798095703 -8.38749885559082 0
endloop
endfacet
facet normal 0 1 0
outer loop
vertex 16.50006103515625 -22.487499237060547 3.549999952316284
vertex 11.950061798095703 -22.487499237060547 0
vertex 11.950061798095703 -22.487499237060547 5
endloop
endfacet
facet normal 0 1 0
outer loop
vertex 16.50006103515625 -22.487499237060547 0
vertex 11.950061798095703 -22.487499237060547 0
vertex 16.50006103515625 -22.487499237060547 3.549999952316284
endloop
endfacet
facet normal 0 1 0
outer loop
vertex 2.500061511993408 -22.487499237060547 3.549999952316284
vertex 7.0500617027282715 -22.487499237060547 5
vertex 7.0500617027282715 -22.487499237060547 0
endloop
endfacet
facet normal 0 1 0
outer loop
vertex 7.0500617027282715 -22.487499237060547 0
vertex 2.500061511993408 -22.487499237060547 0
vertex 2.500061511993408 -22.487499237060547 3.549999952316284
endloop
endfacet
facet normal 0 0 -1
outer loop
vertex 16.50006103515625 -23.187498092651367 0
vertex 11.950061798095703 -22.487499237060547 0
vertex 16.50006103515625 -22.487499237060547 0
endloop
endfacet
facet normal 0 0 -1
outer loop
vertex 16.50006103515625 -23.187498092651367 0
vertex 7.0500617027282715 -22.487499237060547 0
vertex 11.950061798095703 -22.487499237060547 0
endloop
endfacet
facet normal 0 0 -1
outer loop
vertex 49.9500617980957 10.61250114440918 0
vertex 54.50006103515625 14.812500953674316 0
vertex 59.50006103515625 14.812500953674316 0
endloop
endfacet
facet normal 0 0 -1
outer loop
vertex 49.9500617980957 10.61250114440918 0
vertex 49.9500617980957 15.51250171661377 0
vertex 54.50006103515625 14.812500953674316 0
endloop
endfacet
facet normal 0 0 -1
outer loop
vertex 49.9500617980957 10.61250114440918 0
vertex 54.50006103515625 11.312500953674316 0
vertex 54.50006103515625 10.61250114440918 0
endloop
endfacet
facet normal 0 0 -1
outer loop
vertex 49.9500617980957 15.51250171661377 0
vertex 45.0500602722168 10.61250114440918 0
vertex 45.0500602722168 15.51250171661377 0
endloop
endfacet
facet normal 0 0 -1
outer loop
vertex 49.9500617980957 10.61250114440918 0
vertex 45.0500602722168 10.61250114440918 0
vertex 49.9500617980957 15.51250171661377 0
endloop
endfacet
facet normal 0 0 -1
outer loop
vertex 49.9500617980957 -3.4874987602233887 0
vertex 45.0500602722168 10.61250114440918 0
vertex 49.9500617980957 10.61250114440918 0
endloop
endfacet
facet normal 0 0 -1
outer loop
vertex 49.9500617980957 -3.4874987602233887 0
vertex 45.0500602722168 -3.4874987602233887 0
vertex 45.0500602722168 10.61250114440918 0
endloop
endfacet
facet normal 0 0 -1
outer loop
vertex 7.0500617027282715 -22.487499237060547 0
vertex 7.0500617027282715 -8.38749885559082 0
vertex 11.950061798095703 -22.487499237060547 0
endloop
endfacet
facet normal 0 0 -1
outer loop
vertex 2.500061511993408 -23.187498092651367 0
vertex 7.0500617027282715 -22.487499237060547 0
vertex 16.50006103515625 -23.187498092651367 0
endloop
endfacet
facet normal 0 0 -1
outer loop
vertex 45.0500602722168 10.61250114440918 0
vertex 40.50006103515625 11.312500953674316 0
vertex 45.0500602722168 15.51250171661377 0
endloop
endfacet
facet normal 0 0 -1
outer loop
vertex 40.50006103515625 10.61250114440918 0
vertex 40.50006103515625 11.312500953674316 0
vertex 45.0500602722168 10.61250114440918 0
endloop
endfacet
facet normal 0 0 -1
outer loop
vertex 35.50006103515625 11.312500953674316 0
vertex 45.0500602722168 15.51250171661377 0
vertex 40.50006103515625 11.312500953674316 0
endloop
endfacet
facet normal 0 0 -1
outer loop
vertex 45.0500602722168 15.51250171661377 0
vertex 30.950061798095703 10.61250114440918 0
vertex 40.50006103515625 14.812500953674316 0
endloop
endfacet
facet normal 0 0 -1
outer loop
vertex 2.500061511993408 -23.187498092651367 0
vertex 2.500061511993408 -22.487499237060547 0
vertex 7.0500617027282715 -22.487499237060547 0
endloop
endfacet
facet normal 0 1 0
outer loop
vertex -30.94993782043457 -3.4874987602233887 0
vertex -35.49993896484375 -3.4874987602233887 0
vertex -35.49993896484375 -3.4874987602233887 3.549999952316284
endloop
endfacet
facet normal 0 1 0
outer loop
vertex -35.49993896484375 -3.4874987602233887 3.549999952316284
vertex -30.94993782043457 -3.4874987602233887 5
vertex -30.94993782043457 -3.4874987602233887 0
endloop
endfacet
facet normal 0 -1 0
outer loop
vertex -26.049938201904297 -8.38749885559082 0
vertex -21.49993896484375 -8.38749885559082 0
vertex -21.49993896484375 -8.38749885559082 3.549999952316284
endloop
endfacet
facet normal 0 -1 0
outer loop
vertex 30.950061798095703 48.61250305175781 0
vertex 35.50006103515625 48.61250305175781 3.549999952316284
vertex 30.950061798095703 48.61250305175781 5
endloop
endfacet
facet normal 0 -1 0
outer loop
vertex -26.049938201904297 -8.38749885559082 0
vertex -21.49993896484375 -8.38749885559082 3.549999952316284
vertex -26.049938201904297 -8.38749885559082 5
endloop
endfacet
facet normal 0 -1 0
outer loop
vertex 30.950061798095703 48.61250305175781 0
vertex 35.50006103515625 48.61250305175781 0
vertex 35.50006103515625 48.61250305175781 3.549999952316284
endloop
endfacet
facet normal 0 -1 0
outer loop
vertex 21.50006103515625 48.61250305175781 3.549999952316284
vertex 26.05006217956543 48.61250305175781 0
vertex 26.05006217956543 48.61250305175781 5
endloop
endfacet
facet normal 0 1 0
outer loop
vertex -21.49993896484375 -3.4874987602233887 0
vertex -26.049938201904297 -3.4874987602233887 0
vertex -21.49993896484375 -3.4874987602233887 3.549999952316284
endloop
endfacet
facet normal 0 1 0
outer loop
vertex -21.49993896484375 -3.4874987602233887 3.549999952316284
vertex -26.049938201904297 -3.4874987602233887 0
vertex -26.049938201904297 -3.4874987602233887 5
endloop
endfacet
facet normal 0 0 -1
outer loop
vertex -2.499938488006592 -23.187498092651367 0
vertex 2.500061511993408 -23.187498092651367 0
vertex -47.7564582824707 -25.58772850036621 0
endloop
endfacet
facet normal 0 -1 0
outer loop
vertex -45.0499382019043 10.61250114440918 0
vertex -40.49993896484375 10.61250114440918 3.549999952316284
vertex -45.0499382019043 10.61250114440918 5
endloop
endfacet
facet normal 0 0 -1
outer loop
vertex -16.49993896484375 -23.187498092651367 0
vertex -16.49993896484375 -22.487499237060547 0
vertex -11.949938774108887 -22.487499237060547 0
endloop
endfacet
facet normal 0 -1 0
outer loop
vertex -45.0499382019043 10.61250114440918 0
vertex -40.49993896484375 10.61250114440918 0
vertex -40.49993896484375 10.61250114440918 3.549999952316284
endloop
endfacet
facet normal 0 0 -1
outer loop
vertex -7.049938678741455 -22.487499237060547 0
vertex -16.49993896484375 -23.187498092651367 0
vertex -11.949938774108887 -22.487499237060547 0
endloop
endfacet
facet normal 0 -1 0
outer loop
vertex 21.50006103515625 48.61250305175781 0
vertex 26.05006217956543 48.61250305175781 0
vertex 21.50006103515625 48.61250305175781 3.549999952316284
endloop
endfacet
facet normal 0 0 -1
outer loop
vertex -7.049938678741455 -22.487499237060547 0
vertex -11.949938774108887 -22.487499237060547 0
vertex -11.949938774108887 -8.38749885559082 0
endloop
endfacet
facet normal 1 0 0
outer loop
vertex -45.0499382019043 -3.4874987602233887 5
vertex -45.0499382019043 -3.4874987602233887 0
vertex -45.0499382019043 10.61250114440918 0
endloop
endfacet
facet normal 0 0 -1
outer loop
vertex -40.49993896484375 11.312500953674316 0
vertex -45.0499382019043 10.61250114440918 0
vertex -30.94993782043457 15.51250171661377 0
endloop
endfacet
facet normal 0 0 -1
outer loop
vertex -45.0499382019043 10.61250114440918 0
vertex -40.49993896484375 14.812500953674316 0
vertex -35.49993896484375 14.812500953674316 0
endloop
endfacet
facet normal 0 0 -1
outer loop
vertex -47.7564582824707 -25.58772850036621 0
vertex 2.500061511993408 -23.187498092651367 0
vertex 19.398704528808594 -25.616981506347656 0
endloop
endfacet
facet normal 0 0 -1
outer loop
vertex 35.50006103515625 48.61250305175781 0
vertex 21.50006103515625 49.3125 0
vertex 35.50006103515625 49.3125 0
endloop
endfacet
facet normal 0 0 -1
outer loop
vertex 30.950061798095703 48.61250305175781 0
vertex 21.50006103515625 49.3125 0
vertex 35.50006103515625 48.61250305175781 0
endloop
endfacet
facet normal 0 0 -1
outer loop
vertex -16.49993896484375 -23.187498092651367 0
vertex -7.049938678741455 -22.487499237060547 0
vertex -2.499938488006592 -23.187498092651367 0
endloop
endfacet
facet normal 0 0 -1
outer loop
vertex -2.499938488006592 -23.187498092651367 0
vertex -7.049938678741455 -22.487499237060547 0
vertex -2.499938488006592 -22.487499237060547 0
endloop
endfacet
facet normal 0 1 0
outer loop
vertex -11.949938774108887 -22.487499237060547 0
vertex -16.49993896484375 -22.487499237060547 0
vertex -16.49993896484375 -22.487499237060547 3.549999952316284
endloop
endfacet
facet normal 0 1 0
outer loop
vertex -16.49993896484375 -22.487499237060547 3.549999952316284
vertex -11.949938774108887 -22.487499237060547 5
vertex -11.949938774108887 -22.487499237060547 0
endloop
endfacet
facet normal 0 1 0
outer loop
vertex -2.499938488006592 -22.487499237060547 0
vertex -7.049938678741455 -22.487499237060547 0
vertex -2.499938488006592 -22.487499237060547 3.549999952316284
endloop
endfacet
facet normal 0 0 -1
outer loop
vertex -45.0499382019043 10.61250114440918 0
vertex -45.0499382019043 15.51250171661377 0
vertex -40.49993896484375 14.812500953674316 0
endloop
endfacet
facet normal 0 1 0
outer loop
vertex -2.499938488006592 -22.487499237060547 3.549999952316284
vertex -7.049938678741455 -22.487499237060547 0
vertex -7.049938678741455 -22.487499237060547 5
endloop
endfacet
facet normal 0 0 -1
outer loop
vertex -45.0499382019043 10.61250114440918 0
vertex -40.49993896484375 11.312500953674316 0
vertex -40.49993896484375 10.61250114440918 0
endloop
endfacet
facet normal 0 0 -1
outer loop
vertex -45.0499382019043 15.51250171661377 0
vertex -48.1999397277832 -24.937498092651367 0
vertex -45.0499382019043 29.61250114440918 0
endloop
endfacet
facet normal 0 0 -1
outer loop
vertex -45.0499382019043 10.61250114440918 0
vertex -48.1999397277832 -24.937498092651367 0
vertex -45.0499382019043 15.51250171661377 0
endloop
endfacet
facet normal 0 0 -1
outer loop
vertex -48.1999397277832 -24.937498092651367 0
vertex -48.1999397277832 30.36250114440918 0
vertex -45.0499382019043 29.61250114440918 0
endloop
endfacet
facet normal 1 0 0
outer loop
vertex -7.049938678741455 -22.487499237060547 5
vertex -7.049938678741455 -22.487499237060547 0
vertex -7.049938678741455 -8.38749885559082 0
endloop
endfacet
facet normal 0 0 -1
outer loop
vertex -16.49993896484375 -8.38749885559082 0
vertex -16.49993896484375 -7.687498569488525 0
vertex -11.949938774108887 -8.38749885559082 0
endloop
endfacet
facet normal 0 0 -1
outer loop
vertex -21.49993896484375 -7.687498569488525 0
vertex -11.949938774108887 -3.4874987602233887 0
vertex -16.49993896484375 -7.687498569488525 0
endloop
endfacet
facet normal 0 0 -1
outer loop
vertex -11.949938774108887 -3.4874987602233887 0
vertex -26.049938201904297 -8.38749885559082 0
vertex -16.49993896484375 -4.187498569488525 0
endloop
endfacet
facet normal 0 0 -1
outer loop
vertex -11.949938774108887 -3.4874987602233887 0
vertex -16.49993896484375 -4.187498569488525 0
vertex -16.49993896484375 -3.4874987602233887 0
endloop
endfacet
facet normal 0 0 -1
outer loop
vertex -11.949938774108887 -8.38749885559082 0
vertex -16.49993896484375 -7.687498569488525 0
vertex -11.949938774108887 -3.4874987602233887 0
endloop
endfacet
facet normal 0 0 -1
outer loop
vertex -11.949938774108887 -8.38749885559082 0
vertex -11.949938774108887 -3.4874987602233887 0
vertex -7.049938678741455 -3.4874987602233887 0
endloop
endfacet
facet normal 0 0 -1
outer loop
vertex -7.049938678741455 -8.38749885559082 0
vertex -7.049938678741455 -22.487499237060547 0
vertex -11.949938774108887 -8.38749885559082 0
endloop
endfacet
facet normal 0 0 -1
outer loop
vertex -7.049938678741455 -8.38749885559082 0
vertex -2.499938488006592 -7.687498569488525 0
vertex -2.499938488006592 -8.38749885559082 0
endloop
endfacet
facet normal 0 0 -1
outer loop
vertex -7.049938678741455 -8.38749885559082 0
vertex -11.949938774108887 -8.38749885559082 0
vertex -7.049938678741455 -3.4874987602233887 0
endloop
endfacet
facet normal 0 0 -1
outer loop
vertex -7.049938678741455 -8.38749885559082 0
vertex -7.049938678741455 -3.4874987602233887 0
vertex -2.499938488006592 -4.187498569488525 0
endloop
endfacet
facet normal 0 0 -1
outer loop
vertex 30.950061798095703 48.61250305175781 0
vertex 26.05006217956543 48.61250305175781 0
vertex 21.50006103515625 49.3125 0
endloop
endfacet
facet normal 0 0 -1
outer loop
vertex 21.50006103515625 49.3125 0
vertex 26.05006217956543 48.61250305175781 0
vertex 21.50006103515625 48.61250305175781 0
endloop
endfacet
facet normal 0 0 -1
outer loop
vertex 59.50006103515625 49.3125 0
vertex -66.49993896484375 51.76250076293945 0
vertex 67.13143920898438 51.36245346069336 0
endloop
endfacet
facet normal 1 0 0
outer loop
vertex 30.950061798095703 34.51250076293945 5
vertex 30.950061798095703 34.51250076293945 0
vertex 30.950061798095703 48.61250305175781 0
endloop
endfacet
facet normal 0 0 -1
outer loop
vertex -7.049938678741455 -8.38749885559082 0
vertex -2.499938488006592 -4.187498569488525 0
vertex 2.500061511993408 -4.187498569488525 0
endloop
endfacet
facet normal 0 0 -1
outer loop
vertex -2.499938488006592 -4.187498569488525 0
vertex -7.049938678741455 -3.4874987602233887 0
vertex -2.499938488006592 -3.4874987602233887 0
endloop
endfacet
facet normal 0 0 -1
outer loop
vertex -2.499938488006592 -7.687498569488525 0
vertex -7.049938678741455 -8.38749885559082 0
vertex 7.0500617027282715 -3.4874987602233887 0
endloop
endfacet
facet normal 0 -1 0
outer loop
vertex -16.49993896484375 -8.38749885559082 0
vertex -11.949938774108887 -8.38749885559082 0
vertex -16.49993896484375 -8.38749885559082 3.549999952316284
endloop
endfacet
facet normal 0 1 0
outer loop
vertex 35.50006103515625 34.51250076293945 3.549999952316284
vertex 30.950061798095703 34.51250076293945 0
vertex 30.950061798095703 34.51250076293945 5
endloop
endfacet
facet normal 0 -1 0
outer loop
vertex 30.950061798095703 29.61250114440918 0
vertex 35.50006103515625 29.61250114440918 3.549999952316284
vertex 30.950061798095703 29.61250114440918 5
endloop
endfacet
facet normal -1 0 0
outer loop
vertex -11.949938774108887 -8.38749885559082 0
vertex -11.949938774108887 -22.487499237060547 0
vertex -11.949938774108887 -8.38749885559082 5
endloop
endfacet
facet normal 0 -1 0
outer loop
vertex -16.49993896484375 -8.38749885559082 3.549999952316284
vertex -11.949938774108887 -8.38749885559082 0
vertex -11.949938774108887 -8.38749885559082 5
endloop
endfacet
facet normal 0 1 0
outer loop
vertex -11.949938774108887 -3.4874987602233887 0
vertex -16.49993896484375 -3.4874987602233887 0
vertex -16.49993896484375 -3.4874987602233887 3.549999952316284
endloop
endfacet
facet normal 0 1 0
outer loop
vertex 35.50006103515625 34.51250076293945 0
vertex 30.950061798095703 34.51250076293945 0
vertex 35.50006103515625 34.51250076293945 3.549999952316284
endloop
endfacet
facet normal 0 1 0
outer loop
vertex -16.49993896484375 -3.4874987602233887 3.549999952316284
vertex -11.949938774108887 -3.4874987602233887 5
vertex -11.949938774108887 -3.4874987602233887 0
endloop
endfacet
facet normal 0 -1 0
outer loop
vertex 30.950061798095703 29.61250114440918 0
vertex 35.50006103515625 29.61250114440918 0
vertex 35.50006103515625 29.61250114440918 3.549999952316284
endloop
endfacet
facet normal -1 0 0
outer loop
vertex 26.05006217956543 48.61250305175781 0
vertex 26.05006217956543 34.51250076293945 0
vertex 26.05006217956543 48.61250305175781 5
endloop
endfacet
facet normal 0 1 0
outer loop
vertex 21.50006103515625 34.51250076293945 3.549999952316284
vertex 26.05006217956543 34.51250076293945 5
vertex 26.05006217956543 34.51250076293945 0
endloop
endfacet
facet normal 0 -1 0
outer loop
vertex 21.50006103515625 29.61250114440918 3.549999952316284
vertex 26.05006217956543 29.61250114440918 0
vertex 26.05006217956543 29.61250114440918 5
endloop
endfacet
facet normal 0 -1 0
outer loop
vertex -7.049938678741455 -8.38749885559082 0
vertex -2.499938488006592 -8.38749885559082 0
vertex -2.499938488006592 -8.38749885559082 3.549999952316284
endloop
endfacet
facet normal 0 -1 0
outer loop
vertex -7.049938678741455 -8.38749885559082 0
vertex -2.499938488006592 -8.38749885559082 3.549999952316284
vertex -7.049938678741455 -8.38749885559082 5
endloop
endfacet
facet normal 0 1 0
outer loop
vertex -2.499938488006592 -3.4874987602233887 0
vertex -7.049938678741455 -3.4874987602233887 0
vertex -2.499938488006592 -3.4874987602233887 3.549999952316284
endloop
endfacet
facet normal 0 1 0
outer loop
vertex 26.05006217956543 34.51250076293945 0
vertex 21.50006103515625 34.51250076293945 0
vertex 21.50006103515625 34.51250076293945 3.549999952316284
endloop
endfacet
facet normal 0 1 0
outer loop
vertex -2.499938488006592 -3.4874987602233887 3.549999952316284
vertex -7.049938678741455 -3.4874987602233887 0
vertex -7.049938678741455 -3.4874987602233887 5
endloop
endfacet
facet normal 0 -1 0
outer loop
vertex 21.50006103515625 29.61250114440918 0
vertex 26.05006217956543 29.61250114440918 0
vertex 21.50006103515625 29.61250114440918 3.549999952316284
endloop
endfacet
facet normal 0 0 -1
outer loop
vertex -47.37493896484375 49.3125 0
vertex -42.8249397277832 48.61250305175781 0
vertex -47.37493896484375 48.61250305175781 0
endloop
endfacet
facet normal 0 0 1
outer loop
vertex 66.75658416748047 51.712730407714844 5
vertex 67.20005798339844 51.0625 5
vertex 67.13143920898438 51.36245346069336 5
endloop
endfacet
facet normal 0 0 -1
outer loop
vertex 30.950061798095703 34.51250076293945 0
vertex 26.05006217956543 48.61250305175781 0
vertex 30.950061798095703 48.61250305175781 0
endloop
endfacet
facet normal 0 0 -1
outer loop
vertex 35.50006103515625 33.8125 0
vertex 30.950061798095703 34.51250076293945 0
vertex 35.50006103515625 34.51250076293945 0
endloop
endfacet
facet normal 0 0 -1
outer loop
vertex 35.50006103515625 30.312501907348633 0
vertex 30.950061798095703 29.61250114440918 0
vertex 45.0500602722168 34.51250076293945 0
endloop
endfacet
facet normal 0 0 -1
outer loop
vertex 30.950061798095703 29.61250114440918 0
vertex 35.50006103515625 33.8125 0
vertex 40.50006103515625 33.8125 0
endloop
endfacet
facet normal 0 0 -1
outer loop
vertex 30.950061798095703 29.61250114440918 0
vertex 35.50006103515625 30.312501907348633 0
vertex 35.50006103515625 29.61250114440918 0
endloop
endfacet
facet normal 0 0 -1
outer loop
vertex 30.950061798095703 29.61250114440918 0
vertex 30.950061798095703 34.51250076293945 0
vertex 35.50006103515625 33.8125 0
endloop
endfacet
facet normal 0 0 -1
outer loop
vertex 30.950061798095703 29.61250114440918 0
vertex 26.05006217956543 29.61250114440918 0
vertex 30.950061798095703 34.51250076293945 0
endloop
endfacet
facet normal 0 0 -1
outer loop
vertex 30.950061798095703 34.51250076293945 0
vertex 26.05006217956543 34.51250076293945 0
vertex 26.05006217956543 48.61250305175781 0
endloop
endfacet
facet normal 0 0 -1
outer loop
vertex 26.05006217956543 29.61250114440918 0
vertex 26.05006217956543 34.51250076293945 0
vertex 30.950061798095703 34.51250076293945 0
endloop
endfacet
facet normal 0 0 -1
outer loop
vertex 26.05006217956543 29.61250114440918 0
vertex 21.50006103515625 30.312501907348633 0
vertex 26.05006217956543 34.51250076293945 0
endloop
endfacet
facet normal 0 0 -1
outer loop
vertex 26.05006217956543 34.51250076293945 0
vertex 21.50006103515625 33.8125 0
vertex 21.50006103515625 34.51250076293945 0
endloop
endfacet
facet normal 0 0 -1
outer loop
vertex 16.50006103515625 30.312501907348633 0
vertex 26.05006217956543 34.51250076293945 0
vertex 21.50006103515625 30.312501907348633 0
endloop
endfacet
facet normal 0 0 -1
outer loop
vertex 21.50006103515625 29.61250114440918 0
vertex 21.50006103515625 30.312501907348633 0
vertex 26.05006217956543 29.61250114440918 0
endloop
endfacet
facet normal 0 0 -1
outer loop
vertex 26.05006217956543 34.51250076293945 0
vertex 11.950061798095703 29.61250114440918 0
vertex 21.50006103515625 33.8125 0
endloop
endfacet
facet normal 0 0 1
outer loop
vertex 66.75658416748047 51.712730407714844 5
vertex 64.05006408691406 48.61250305175781 5
vertex 67.20005798339844 51.0625 5
endloop
endfacet
facet normal 0 0 1
outer loop
vertex 66.75658416748047 51.712730407714844 5
vertex 49.9500617980957 48.61250305175781 5
vertex 64.05006408691406 48.61250305175781 5
endloop
endfacet
facet normal 0 -1 0
outer loop
vertex 59.50006103515625 48.61250305175781 3.549999952316284
vertex 64.05006408691406 48.61250305175781 5
vertex 49.9500617980957 48.61250305175781 5
endloop
endfacet
facet normal -1 0 0
outer loop
vertex 64.05006408691406 48.61250305175781 5
vertex 64.05006408691406 34.51250076293945 0
vertex 64.05006408691406 34.51250076293945 5
endloop
endfacet
facet normal 0 1 0
outer loop
vertex 64.05006408691406 34.51250076293945 5
vertex 54.50006103515625 34.51250076293945 3.549999952316284
vertex 49.9500617980957 34.51250076293945 5
endloop
endfacet
facet normal 0 1 0
outer loop
vertex 64.05006408691406 34.51250076293945 5
vertex 59.50006103515625 34.51250076293945 3.549999952316284
vertex 54.50006103515625 34.51250076293945 3.549999952316284
endloop
endfacet
facet normal 0 -1 0
outer loop
vertex 11.950061798095703 48.61250305175781 0
vertex 16.50006103515625 48.61250305175781 3.549999952316284
vertex 11.950061798095703 48.61250305175781 5
endloop
endfacet
facet normal 0 0 1
outer loop
vertex 64.05006408691406 34.51250076293945 5
vertex 49.9500617980957 29.61250114440918 5
vertex 64.05006408691406 29.61250114440918 5
endloop
endfacet
facet normal 0 -1 0
outer loop
vertex 11.950061798095703 48.61250305175781 0
vertex 16.50006103515625 48.61250305175781 0
vertex 16.50006103515625 48.61250305175781 3.549999952316284
endloop
endfacet
facet normal 0 -1 0
outer loop
vertex 4.6750617027282715 48.61250305175781 5
vertex 0.12506155669689178 48.61250305175781 3.549999952316284
vertex 4.6750617027282715 48.61250305175781 0
endloop
endfacet
facet normal 0 -1 0
outer loop
vertex 59.50006103515625 29.61250114440918 3.549999952316284
vertex 64.05006408691406 29.61250114440918 5
vertex 49.9500617980957 29.61250114440918 5
endloop
endfacet
facet normal 0 -1 0
outer loop
vertex 0.12506155669689178 48.61250305175781 0
vertex 4.6750617027282715 48.61250305175781 0
vertex 0.12506155669689178 48.61250305175781 3.549999952316284
endloop
endfacet
facet normal 0 0 1
outer loop
vertex 66.75658416748047 51.712730407714844 5
vertex 45.0500602722168 48.61250305175781 5
vertex 49.9500617980957 48.61250305175781 5
endloop
endfacet
facet normal 0 0 -1
outer loop
vertex 54.50006103515625 49.3125 0
vertex -66.49993896484375 51.76250076293945 0
vertex 59.50006103515625 49.3125 0
endloop
endfacet
facet normal 0 -1 0
outer loop
vertex 49.9500617980957 48.61250305175781 5
vertex 54.50006103515625 48.61250305175781 3.549999952316284
vertex 59.50006103515625 48.61250305175781 3.549999952316284
endloop
endfacet
facet normal 0 0 1
outer loop
vertex 66.75658416748047 51.712730407714844 5
vertex 30.950061798095703 48.61250305175781 5
vertex 45.0500602722168 48.61250305175781 5
endloop
endfacet
facet normal 0 0 1
outer loop
vertex 66.75658416748047 51.712730407714844 5
vertex 26.05006217956543 48.61250305175781 5
vertex 30.950061798095703 48.61250305175781 5
endloop
endfacet
facet normal 0 -1 0
outer loop
vertex 40.50006103515625 48.61250305175781 3.549999952316284
vertex 45.0500602722168 48.61250305175781 5
vertex 30.950061798095703 48.61250305175781 5
endloop
endfacet
facet normal 0 0 1
outer loop
vertex 45.0500602722168 48.61250305175781 5
vertex 49.9500617980957 34.51250076293945 5
vertex 49.9500617980957 48.61250305175781 5
endloop
endfacet
facet normal 0 0 1
outer loop
vertex 45.0500602722168 48.61250305175781 5
vertex 45.0500602722168 34.51250076293945 5
vertex 49.9500617980957 34.51250076293945 5
endloop
endfacet
facet normal 1 0 0
outer loop
vertex 49.9500617980957 34.51250076293945 5
vertex 49.9500617980957 48.61250305175781 0
vertex 49.9500617980957 48.61250305175781 5
endloop
endfacet
facet normal 0 0 1
outer loop
vertex 49.9500617980957 34.51250076293945 5
vertex 49.9500617980957 29.61250114440918 5
vertex 64.05006408691406 34.51250076293945 5
endloop
endfacet
facet normal 0 0 -1
outer loop
vertex 11.950061798095703 48.61250305175781 0
vertex 16.50006103515625 49.3125 0
vertex 16.50006103515625 48.61250305175781 0
endloop
endfacet
facet normal 0 0 -1
outer loop
vertex 40.50006103515625 49.3125 0
vertex -66.49993896484375 51.76250076293945 0
vertex 54.50006103515625 49.3125 0
endloop
endfacet
facet normal 0 0 -1
outer loop
vertex 11.950061798095703 48.61250305175781 0
vertex 0.12506155669689178 49.3125 0
vertex 16.50006103515625 49.3125 0
endloop
endfacet
facet normal 0 0 -1
outer loop
vertex 11.950061798095703 48.61250305175781 0
vertex 4.6750617027282715 48.61250305175781 0
vertex 0.12506155669689178 49.3125 0
endloop
endfacet
facet normal 0 0 -1
outer loop
vertex 35.50006103515625 49.3125 0
vertex -66.49993896484375 51.76250076293945 0
vertex 40.50006103515625 49.3125 0
endloop
endfacet
facet normal 0 0 -1
outer loop
vertex 0.12506155669689178 49.3125 0
vertex 4.6750617027282715 48.61250305175781 0
vertex 0.12506155669689178 48.61250305175781 0
endloop
endfacet
facet normal 1 0 0
outer loop
vertex 11.950061798095703 34.51250076293945 5
vertex 11.950061798095703 34.51250076293945 0
vertex 11.950061798095703 48.61250305175781 0
endloop
endfacet
facet normal 0 -1 0
outer loop
vertex 49.9500617980957 29.61250114440918 5
vertex 54.50006103515625 29.61250114440918 3.549999952316284
vertex 59.50006103515625 29.61250114440918 3.549999952316284
endloop
endfacet
facet normal 0 0 1
outer loop
vertex 45.0500602722168 34.51250076293945 5
vertex 45.0500602722168 29.61250114440918 5
vertex 49.9500617980957 34.51250076293945 5
endloop
endfacet
facet normal 0 0 1
outer loop
vertex 45.0500602722168 29.61250114440918 5
vertex 49.9500617980957 29.61250114440918 5
vertex 49.9500617980957 34.51250076293945 5
endloop
endfacet
facet normal -1 0 0
outer loop
vertex 45.0500602722168 48.61250305175781 5
vertex 45.0500602722168 34.51250076293945 0
vertex 45.0500602722168 34.51250076293945 5
endloop
endfacet
facet normal 0 1 0
outer loop
vertex 45.0500602722168 34.51250076293945 5
vertex 40.50006103515625 34.51250076293945 3.549999952316284
vertex 35.50006103515625 34.51250076293945 3.549999952316284
endloop
endfacet
facet normal 0 0 1
outer loop
vertex 45.0500602722168 34.51250076293945 5
vertex 30.950061798095703 29.61250114440918 5
vertex 45.0500602722168 29.61250114440918 5
endloop
endfacet
facet normal 0 -1 0
outer loop
vertex 40.50006103515625 29.61250114440918 3.549999952316284
vertex 45.0500602722168 29.61250114440918 5
vertex 30.950061798095703 29.61250114440918 5
endloop
endfacet
facet normal 0 1 0
outer loop
vertex 64.05006408691406 34.51250076293945 0
vertex 59.50006103515625 34.51250076293945 0
vertex 59.50006103515625 34.51250076293945 3.549999952316284
endloop
endfacet
facet normal 0 0 1
outer loop
vertex 64.05006408691406 48.61250305175781 5
vertex 67.1502914428711 -25.194019317626953 5
vertex 67.20005798339844 51.0625 5
endloop
endfacet
facet normal 0 0 1
outer loop
vertex 64.05006408691406 34.51250076293945 5
vertex 67.1502914428711 -25.194019317626953 5
vertex 64.05006408691406 48.61250305175781 5
endloop
endfacet
facet normal 0 1 0
outer loop
vertex 64.05006408691406 15.51250171661377 5
vertex 54.50006103515625 15.51250171661377 3.549999952316284
vertex 49.9500617980957 15.51250171661377 5
endloop
endfacet
facet normal 0 1 0
outer loop
vertex 64.05006408691406 15.51250171661377 5
vertex 59.50006103515625 15.51250171661377 3.549999952316284
vertex 54.50006103515625 15.51250171661377 3.549999952316284
endloop
endfacet
facet normal -1 0 0
outer loop
vertex 64.05006408691406 29.61250114440918 5
vertex 64.05006408691406 15.51250171661377 0
vertex 64.05006408691406 15.51250171661377 5
endloop
endfacet
facet normal 0 -1 0
outer loop
vertex 59.50006103515625 29.61250114440918 3.549999952316284
vertex 64.05006408691406 29.61250114440918 0
vertex 64.05006408691406 29.61250114440918 5
endloop
endfacet
facet normal 0 1 0
outer loop
vertex 59.50006103515625 34.51250076293945 3.549999952316284
vertex 64.05006408691406 34.51250076293945 5
vertex 64.05006408691406 34.51250076293945 0
endloop
endfacet
facet normal -1 0 0
outer loop
vertex 64.05006408691406 34.51250076293945 0
vertex 64.05006408691406 48.61250305175781 5
vertex 64.05006408691406 48.61250305175781 0
endloop
endfacet
facet normal 0 0 -1
outer loop
vertex 67.20005798339844 51.0625 0
vertex 64.05006408691406 34.51250076293945 0
vertex 64.05006408691406 48.61250305175781 0
endloop
endfacet
facet normal 0 0 -1
outer loop
vertex 59.50006103515625 48.61250305175781 0
vertex 59.50006103515625 49.3125 0
vertex 64.05006408691406 48.61250305175781 0
endloop
endfacet
facet normal 0 0 -1
outer loop
vertex 64.05006408691406 48.61250305175781 0
vertex 59.50006103515625 49.3125 0
vertex 67.13143920898438 51.36245346069336 0
endloop
endfacet
facet normal 0 0 1
outer loop
vertex 64.05006408691406 29.61250114440918 5
vertex 67.1502914428711 -25.194019317626953 5
vertex 64.05006408691406 34.51250076293945 5
endloop
endfacet
facet normal 0 0 1
outer loop
vertex 64.05006408691406 15.51250171661377 5
vertex 49.9500617980957 10.61250114440918 5
vertex 64.05006408691406 10.61250114440918 5
endloop
endfacet
facet normal 0 0 -1
outer loop
vertex 67.20005798339844 51.0625 0
vertex 64.05006408691406 48.61250305175781 0
vertex 67.13143920898438 51.36245346069336 0
endloop
endfacet
facet normal 0 -1 0
outer loop
vertex 59.50006103515625 10.61250114440918 3.549999952316284
vertex 64.05006408691406 10.61250114440918 5
vertex 49.9500617980957 10.61250114440918 5
endloop
endfacet
facet normal 0 0 1
outer loop
vertex 64.05006408691406 15.51250171661377 5
vertex 67.1502914428711 -25.194019317626953 5
vertex 64.05006408691406 29.61250114440918 5
endloop
endfacet
facet normal 0 1 0
outer loop
vertex 16.50006103515625 34.51250076293945 3.549999952316284
vertex 11.950061798095703 34.51250076293945 0
vertex 11.950061798095703 34.51250076293945 5
endloop
endfacet
facet normal 0 0 1
outer loop
vertex 64.05006408691406 10.61250114440918 5
vertex 67.1502914428711 -25.194019317626953 5
vertex 64.05006408691406 15.51250171661377 5
endloop
endfacet
facet normal 0 -1 0
outer loop
vertex 11.950061798095703 29.61250114440918 0
vertex 16.50006103515625 29.61250114440918 3.549999952316284
vertex 11.950061798095703 29.61250114440918 5
endloop
endfacet
facet normal -1 0 0
outer loop
vertex 64.05006408691406 10.61250114440918 5
vertex 64.05006408691406 -3.4874987602233887 0
vertex 64.05006408691406 -3.4874987602233887 5
endloop
endfacet
facet normal 0 0 1
outer loop
vertex 45.0500602722168 29.61250114440918 5
vertex 49.9500617980957 15.51250171661377 5
vertex 49.9500617980957 29.61250114440918 5
endloop
endfacet
facet normal 0 1 0
outer loop
vertex 16.50006103515625 34.51250076293945 0
vertex 11.950061798095703 34.51250076293945 0
vertex 16.50006103515625 34.51250076293945 3.549999952316284
endloop
endfacet
facet normal 1 0 0
outer loop
vertex 49.9500617980957 15.51250171661377 5
vertex 49.9500617980957 29.61250114440918 0
vertex 49.9500617980957 29.61250114440918 5
endloop
endfacet
facet normal 0 -1 0
outer loop
vertex 11.950061798095703 29.61250114440918 0
vertex 16.50006103515625 29.61250114440918 0
vertex 16.50006103515625 29.61250114440918 3.549999952316284
endloop
endfacet
facet normal -1 0 0
outer loop
vertex 4.6750617027282715 48.61250305175781 0
vertex 4.6750617027282715 34.51250076293945 0
vertex 4.6750617027282715 48.61250305175781 5
endloop
endfacet
facet normal 0 -1 0
outer loop
vertex 2.500061511993408 29.61250114440918 3.549999952316284
vertex 7.0500617027282715 29.61250114440918 0
vertex 7.0500617027282715 29.61250114440918 5
endloop
endfacet
facet normal 0 1 0
outer loop
vertex 0.12506155669689178 34.51250076293945 3.549999952316284
vertex 4.6750617027282715 34.51250076293945 5
vertex 4.6750617027282715 34.51250076293945 0
endloop
endfacet
facet normal 0 0 1
outer loop
vertex 45.0500602722168 29.61250114440918 5
vertex 45.0500602722168 15.51250171661377 5
vertex 49.9500617980957 15.51250171661377 5
endloop
endfacet
facet normal 0 1 0
outer loop
vertex 45.0500602722168 15.51250171661377 5
vertex 40.50006103515625 15.51250171661377 3.549999952316284
vertex 35.50006103515625 15.51250171661377 3.549999952316284
endloop
endfacet
facet normal 0 1 0
outer loop
vertex 4.6750617027282715 34.51250076293945 0
vertex 0.12506155669689178 34.51250076293945 0
vertex 0.12506155669689178 34.51250076293945 3.549999952316284
endloop
endfacet
facet normal -1 0 0
outer loop
vertex 45.0500602722168 29.61250114440918 5
vertex 45.0500602722168 15.51250171661377 0
vertex 45.0500602722168 15.51250171661377 5
endloop
endfacet
facet normal 0 -1 0
outer loop
vertex 2.500061511993408 29.61250114440918 0
vertex 7.0500617027282715 29.61250114440918 0
vertex 2.500061511993408 29.61250114440918 3.549999952316284
endloop
endfacet
facet normal 0 0 1
outer loop
vertex 49.9500617980957 15.51250171661377 5
vertex 49.9500617980957 10.61250114440918 5
vertex 64.05006408691406 15.51250171661377 5
endloop
endfacet
facet normal 0 -1 0
outer loop
vertex 49.9500617980957 10.61250114440918 5
vertex 54.50006103515625 10.61250114440918 3.549999952316284
vertex 59.50006103515625 10.61250114440918 3.549999952316284
endloop
endfacet
facet normal 0 0 -1
outer loop
vertex 11.950061798095703 34.51250076293945 0
vertex 4.6750617027282715 48.61250305175781 0
vertex 11.950061798095703 48.61250305175781 0
endloop
endfacet
facet normal 0 0 -1
outer loop
vertex 16.50006103515625 33.8125 0
vertex 11.950061798095703 34.51250076293945 0
vertex 16.50006103515625 34.51250076293945 0
endloop
endfacet
facet normal 0 0 -1
outer loop
vertex 16.50006103515625 30.312501907348633 0
vertex 11.950061798095703 29.61250114440918 0
vertex 26.05006217956543 34.51250076293945 0
endloop
endfacet
facet normal 0 0 -1
outer loop
vertex 11.950061798095703 29.61250114440918 0
vertex 16.50006103515625 33.8125 0
vertex 21.50006103515625 33.8125 0
endloop
endfacet
facet normal 0 0 -1
outer loop
vertex 11.950061798095703 29.61250114440918 0
vertex 16.50006103515625 30.312501907348633 0
vertex 16.50006103515625 29.61250114440918 0
endloop
endfacet
facet normal 0 0 -1
outer loop
vertex 11.950061798095703 29.61250114440918 0
vertex 11.950061798095703 34.51250076293945 0
vertex 16.50006103515625 33.8125 0
endloop
endfacet
facet normal 0 0 -1
outer loop
vertex 11.950061798095703 29.61250114440918 0
vertex 7.0500617027282715 29.61250114440918 0
vertex 11.950061798095703 34.51250076293945 0
endloop
endfacet
facet normal -1 0 0
outer loop
vertex -30.94993782043457 10.61250114440918 5
vertex -30.94993782043457 -3.4874987602233887 0
vertex -30.94993782043457 -3.4874987602233887 5
endloop
endfacet
facet normal 0 0 1
outer loop
vertex -30.94993782043457 10.61250114440918 5
vertex -30.94993782043457 -3.4874987602233887 5
vertex -26.049938201904297 -3.4874987602233887 5
endloop
endfacet
facet normal 0 0 1
outer loop
vertex 45.0500602722168 15.51250171661377 5
vertex 45.0500602722168 10.61250114440918 5
vertex 49.9500617980957 15.51250171661377 5
endloop
endfacet
facet normal 0 -1 0
outer loop
vertex -35.49993896484375 10.61250114440918 3.549999952316284
vertex -30.94993782043457 10.61250114440918 5
vertex -45.0499382019043 10.61250114440918 5
endloop
endfacet
facet normal 0 0 1
outer loop
vertex -30.94993782043457 15.51250171661377 5
vertex -45.0499382019043 10.61250114440918 5
vertex -30.94993782043457 10.61250114440918 5
endloop
endfacet
facet normal 0 0 1
outer loop
vertex -30.94993782043457 15.51250171661377 5
vertex -30.94993782043457 10.61250114440918 5
vertex -26.049938201904297 15.51250171661377 5
endloop
endfacet
facet normal 1 0 0
outer loop
vertex -26.049938201904297 -3.4874987602233887 5
vertex -26.049938201904297 10.61250114440918 0
vertex -26.049938201904297 10.61250114440918 5
endloop
endfacet
facet normal 0 0 1
outer loop
vertex -30.94993782043457 10.61250114440918 5
vertex -26.049938201904297 -3.4874987602233887 5
vertex -26.049938201904297 10.61250114440918 5
endloop
endfacet
facet normal 0 0 1
outer loop
vertex 45.0500602722168 10.61250114440918 5
vertex 49.9500617980957 10.61250114440918 5
vertex 49.9500617980957 15.51250171661377 5
endloop
endfacet
facet normal 0 0 1
outer loop
vertex -26.049938201904297 15.51250171661377 5
vertex -30.94993782043457 10.61250114440918 5
vertex -26.049938201904297 10.61250114440918 5
endloop
endfacet
facet normal 0 -1 0
outer loop
vertex -26.049938201904297 10.61250114440918 5
vertex -21.49993896484375 10.61250114440918 3.549999952316284
vertex -16.49993896484375 10.61250114440918 3.549999952316284
endloop
endfacet
facet normal 0 0 1
outer loop
vertex -26.049938201904297 15.51250171661377 5
vertex -26.049938201904297 10.61250114440918 5
vertex -11.949938774108887 15.51250171661377 5
endloop
endfacet
facet normal 0 0 1
outer loop
vertex 45.0500602722168 10.61250114440918 5
vertex 49.9500617980957 -3.4874987602233887 5
vertex 49.9500617980957 10.61250114440918 5
endloop
endfacet
facet normal -1 0 0
outer loop
vertex -30.94993782043457 29.61250114440918 5
vertex -30.94993782043457 15.51250171661377 0
vertex -30.94993782043457 15.51250171661377 5
endloop
endfacet
facet normal 0 1 0
outer loop
vertex -30.94993782043457 15.51250171661377 5
vertex -35.49993896484375 15.51250171661377 3.549999952316284
vertex -40.49993896484375 15.51250171661377 3.549999952316284
endloop
endfacet
facet normal 0 0 1
outer loop
vertex -30.94993782043457 29.61250114440918 5
vertex -30.94993782043457 15.51250171661377 5
vertex -26.049938201904297 15.51250171661377 5
endloop
endfacet
facet normal 0 0 1
outer loop
vertex 45.0500602722168 10.61250114440918 5
vertex 45.0500602722168 -3.4874987602233887 5
vertex 49.9500617980957 -3.4874987602233887 5
endloop
endfacet
facet normal 0 1 0
outer loop
vertex -21.49993896484375 15.51250171661377 3.549999952316284
vertex -26.049938201904297 15.51250171661377 5
vertex -11.949938774108887 15.51250171661377 5
endloop
endfacet
facet normal 1 0 0
outer loop
vertex -26.049938201904297 15.51250171661377 5
vertex -26.049938201904297 29.61250114440918 0
vertex -26.049938201904297 29.61250114440918 5
endloop
endfacet
facet normal 0 0 1
outer loop
vertex -30.94993782043457 29.61250114440918 5
vertex -26.049938201904297 15.51250171661377 5
vertex -26.049938201904297 29.61250114440918 5
endloop
endfacet
facet normal -1 0 0
outer loop
vertex -11.949938774108887 10.61250114440918 5
vertex -11.949938774108887 -3.4874987602233887 0
vertex -11.949938774108887 -3.4874987602233887 5
endloop
endfacet
facet normal 0 0 1
outer loop
vertex -11.949938774108887 10.61250114440918 5
vertex -11.949938774108887 -3.4874987602233887 5
vertex -7.049938678741455 -3.4874987602233887 5
endloop
endfacet
facet normal 1 0 0
outer loop
vertex 49.9500617980957 -3.4874987602233887 5
vertex 49.9500617980957 10.61250114440918 0
vertex 49.9500617980957 10.61250114440918 5
endloop
endfacet
facet normal 0 -1 0
outer loop
vertex -16.49993896484375 10.61250114440918 3.549999952316284
vertex -11.949938774108887 10.61250114440918 5
vertex -26.049938201904297 10.61250114440918 5
endloop
endfacet
facet normal 0 0 1
outer loop
vertex -11.949938774108887 15.51250171661377 5
vertex -26.049938201904297 10.61250114440918 5
vertex -11.949938774108887 10.61250114440918 5
endloop
endfacet
facet normal 0 0 1
outer loop
vertex -11.949938774108887 15.51250171661377 5
vertex -11.949938774108887 10.61250114440918 5
vertex -7.049938678741455 15.51250171661377 5
endloop
endfacet
facet normal 1 0 0
outer loop
vertex -7.049938678741455 -3.4874987602233887 5
vertex -7.049938678741455 10.61250114440918 0
vertex -7.049938678741455 10.61250114440918 5
endloop
endfacet
facet normal 0 0 1
outer loop
vertex -11.949938774108887 10.61250114440918 5
vertex -7.049938678741455 -3.4874987602233887 5
vertex -7.049938678741455 10.61250114440918 5
endloop
endfacet
facet normal 0 0 1
outer loop
vertex 45.0500602722168 15.51250171661377 5
vertex 30.950061798095703 10.61250114440918 5
vertex 45.0500602722168 10.61250114440918 5
endloop
endfacet
facet normal 0 0 1
outer loop
vertex -7.049938678741455 15.51250171661377 5
vertex -11.949938774108887 10.61250114440918 5
vertex -7.049938678741455 10.61250114440918 5
endloop
endfacet
facet normal 0 -1 0
outer loop
vertex -7.049938678741455 10.61250114440918 5
vertex -2.499938488006592 10.61250114440918 3.549999952316284
vertex 2.500061511993408 10.61250114440918 3.549999952316284
endloop
endfacet
facet normal 0 0 1
outer loop
vertex -7.049938678741455 15.51250171661377 5
vertex -7.049938678741455 10.61250114440918 5
vertex 7.0500617027282715 15.51250171661377 5
endloop
endfacet
facet normal 0 -1 0
outer loop
vertex 40.50006103515625 10.61250114440918 3.549999952316284
vertex 45.0500602722168 10.61250114440918 5
vertex 30.950061798095703 10.61250114440918 5
endloop
endfacet
facet normal -1 0 0
outer loop
vertex -11.949938774108887 29.61250114440918 5
vertex -11.949938774108887 15.51250171661377 0
vertex -11.949938774108887 15.51250171661377 5
endloop
endfacet
facet normal 0 1 0
outer loop
vertex -11.949938774108887 15.51250171661377 5
vertex -16.49993896484375 15.51250171661377 3.549999952316284
vertex -21.49993896484375 15.51250171661377 3.549999952316284
endloop
endfacet
facet normal 0 0 1
outer loop
vertex -11.949938774108887 29.61250114440918 5
vertex -11.949938774108887 15.51250171661377 5
vertex -7.049938678741455 15.51250171661377 5
endloop
endfacet
facet normal -1 0 0
outer loop
vertex 45.0500602722168 10.61250114440918 5
vertex 45.0500602722168 -3.4874987602233887 0
vertex 45.0500602722168 -3.4874987602233887 5
endloop
endfacet
facet normal 0 1 0
outer loop
vertex -2.499938488006592 15.51250171661377 3.549999952316284
vertex -7.049938678741455 15.51250171661377 5
vertex 7.0500617027282715 15.51250171661377 5
endloop
endfacet
facet normal 1 0 0
outer loop
vertex -7.049938678741455 15.51250171661377 5
vertex -7.049938678741455 29.61250114440918 0
vertex -7.049938678741455 29.61250114440918 5
endloop
endfacet
facet normal 0 0 1
outer loop
vertex -11.949938774108887 29.61250114440918 5
vertex -7.049938678741455 15.51250171661377 5
vertex -7.049938678741455 29.61250114440918 5
endloop
endfacet
facet normal 0 0 1
outer loop
vertex 66.75658416748047 51.712730407714844 5
vertex 11.950061798095703 48.61250305175781 5
vertex 26.05006217956543 48.61250305175781 5
endloop
endfacet
facet normal 0 -1 0
outer loop
vertex -30.94993782043457 29.61250114440918 5
vertex -45.0499382019043 29.61250114440918 5
vertex -35.49993896484375 29.61250114440918 3.549999952316284
endloop
endfacet
facet normal 0 0 1
outer loop
vertex -30.799938201904297 34.51250076293945 5
vertex -42.8249397277832 34.51250076293945 5
vertex -30.94993782043457 29.61250114440918 5
endloop
endfacet
facet normal 0 0 1
outer loop
vertex -30.799938201904297 34.51250076293945 5
vertex -30.94993782043457 29.61250114440918 5
vertex -26.049938201904297 29.61250114440918 5
endloop
endfacet
facet normal 1 0 0
outer loop
vertex -30.799938201904297 34.51250076293945 5
vertex -30.799938201904297 48.61250305175781 0
vertex -30.799938201904297 48.61250305175781 5
endloop
endfacet
facet normal 0 0 1
outer loop
vertex -30.799938201904297 48.61250305175781 5
vertex -42.8249397277832 48.61250305175781 5
vertex -30.799938201904297 34.51250076293945 5
endloop
endfacet
facet normal 0 -1 0
outer loop
vertex 30.950061798095703 48.61250305175781 5
vertex 35.50006103515625 48.61250305175781 3.549999952316284
vertex 40.50006103515625 48.61250305175781 3.549999952316284
endloop
endfacet
facet normal 0 0 1
outer loop
vertex 66.75658416748047 51.712730407714844 5
vertex 4.6750617027282715 48.61250305175781 5
vertex 11.950061798095703 48.61250305175781 5
endloop
endfacet
facet normal 0 0 1
outer loop
vertex 66.75658416748047 51.712730407714844 5
vertex -9.424938201904297 48.61250305175781 5
vertex 4.6750617027282715 48.61250305175781 5
endloop
endfacet
facet normal 0 0 1
outer loop
vertex -30.799938201904297 34.51250076293945 5
vertex -26.049938201904297 29.61250114440918 5
vertex -16.69993782043457 34.51250076293945 5
endloop
endfacet
facet normal 0 1 0
outer loop
vertex -26.24993896484375 34.51250076293945 3.549999952316284
vertex -30.799938201904297 34.51250076293945 5
vertex -16.69993782043457 34.51250076293945 5
endloop
endfacet
facet normal 0 -1 0
outer loop
vertex -26.049938201904297 29.61250114440918 5
vertex -21.49993896484375 29.61250114440918 3.549999952316284
vertex -16.49993896484375 29.61250114440918 3.549999952316284
endloop
endfacet
facet normal 0 1 0
outer loop
vertex -16.69993782043457 34.51250076293945 5
vertex -21.24993896484375 34.51250076293945 3.549999952316284
vertex -26.24993896484375 34.51250076293945 3.549999952316284
endloop
endfacet
facet normal 0 -1 0
outer loop
vertex 21.50006103515625 48.61250305175781 3.549999952316284
vertex 26.05006217956543 48.61250305175781 5
vertex 11.950061798095703 48.61250305175781 5
endloop
endfacet
facet normal 0 0 1
outer loop
vertex -47.7564582824707 -25.58772850036621 5
vertex -45.0499382019043 -8.38749885559082 5
vertex -48.131317138671875 -25.237449645996094 5
endloop
endfacet
facet normal 0 -1 0
outer loop
vertex -30.799938201904297 48.61250305175781 5
vertex -26.24993896484375 48.61250305175781 3.549999952316284
vertex -21.24993896484375 48.61250305175781 3.549999952316284
endloop
endfacet
facet normal 0 -1 0
outer loop
vertex -21.24993896484375 48.61250305175781 3.549999952316284
vertex -16.69993782043457 48.61250305175781 5
vertex -30.799938201904297 48.61250305175781 5
endloop
endfacet
facet normal 0 0 1
outer loop
vertex -47.7564582824707 -25.58772850036621 5
vertex -30.94993782043457 -22.487499237060547 5
vertex -45.0499382019043 -22.487499237060547 5
endloop
endfacet
facet normal 0 1 0
outer loop
vertex -40.49993896484375 -22.487499237060547 3.549999952316284
vertex -45.0499382019043 -22.487499237060547 5
vertex -30.94993782043457 -22.487499237060547 5
endloop
endfacet
facet normal 0 0 1
outer loop
vertex -45.0499382019043 -8.38749885559082 5
vertex -47.7564582824707 -25.58772850036621 5
vertex -45.0499382019043 -22.487499237060547 5
endloop
endfacet
facet normal 0 -1 0
outer loop
vertex -16.49993896484375 29.61250114440918 3.549999952316284
vertex -11.949938774108887 29.61250114440918 5
vertex -26.049938201904297 29.61250114440918 5
endloop
endfacet
facet normal 0 0 1
outer loop
vertex -16.69993782043457 34.51250076293945 5
vertex -26.049938201904297 29.61250114440918 5
vertex -11.949938774108887 29.61250114440918 5
endloop
endfacet
facet normal 0 0 1
outer loop
vertex -16.69993782043457 34.51250076293945 5
vertex -11.949938774108887 29.61250114440918 5
vertex -9.424938201904297 34.51250076293945 5
endloop
endfacet
facet normal 0 0 1
outer loop
vertex -9.424938201904297 34.51250076293945 5
vertex -11.949938774108887 29.61250114440918 5
vertex -7.049938678741455 29.61250114440918 5
endloop
endfacet
facet normal -1 0 0
outer loop
vertex -16.69993782043457 48.61250305175781 5
vertex -16.69993782043457 34.51250076293945 0
vertex -16.69993782043457 34.51250076293945 5
endloop
endfacet
facet normal 1 0 0
outer loop
vertex -9.424938201904297 34.51250076293945 5
vertex -9.424938201904297 48.61250305175781 0
vertex -9.424938201904297 48.61250305175781 5
endloop
endfacet
facet normal 0 0 1
outer loop
vertex -16.69993782043457 48.61250305175781 5
vertex -16.69993782043457 34.51250076293945 5
vertex -9.424938201904297 34.51250076293945 5
endloop
endfacet
facet normal 0 0 1
outer loop
vertex -16.69993782043457 48.61250305175781 5
vertex -9.424938201904297 34.51250076293945 5
vertex -9.424938201904297 48.61250305175781 5
endloop
endfacet
facet normal 0 0 1
outer loop
vertex -48.1999397277832 -24.937498092651367 5
vertex -48.131317138671875 -25.237449645996094 5
vertex -48.1999397277832 30.36250114440918 5
endloop
endfacet
facet normal 1 0 0
outer loop
vertex -45.0499382019043 -22.487499237060547 5
vertex -45.0499382019043 -8.38749885559082 0
vertex -45.0499382019043 -8.38749885559082 5
endloop
endfacet
facet normal 0 0 1
outer loop
vertex -48.131317138671875 -25.237449645996094 5
vertex -45.0499382019043 -8.38749885559082 5
vertex -45.0499382019043 -3.4874987602233887 5
endloop
endfacet
facet normal 0 -1 0
outer loop
vertex -7.049938678741455 29.61250114440918 5
vertex -2.499938488006592 29.61250114440918 3.549999952316284
vertex 2.500061511993408 29.61250114440918 3.549999952316284
endloop
endfacet
facet normal 0 0 1
outer loop
vertex -9.424938201904297 34.51250076293945 5
vertex -7.049938678741455 29.61250114440918 5
vertex 4.6750617027282715 34.51250076293945 5
endloop
endfacet
facet normal 0 1 0
outer loop
vertex 0.12506155669689178 34.51250076293945 3.549999952316284
vertex -4.874938488006592 34.51250076293945 3.549999952316284
vertex 4.6750617027282715 34.51250076293945 5
endloop
endfacet
facet normal 0 1 0
outer loop
vertex -4.874938488006592 34.51250076293945 3.549999952316284
vertex -9.424938201904297 34.51250076293945 5
vertex 4.6750617027282715 34.51250076293945 5
endloop
endfacet
facet normal 0 0 1
outer loop
vertex 66.75658416748047 51.712730407714844 5
vertex -66.49993896484375 51.76250076293945 5
vertex -30.799938201904297 48.61250305175781 5
endloop
endfacet
facet normal 0 -1 0
outer loop
vertex -45.0499382019043 -8.38749885559082 5
vertex -40.49993896484375 -8.38749885559082 3.549999952316284
vertex -35.49993896484375 -8.38749885559082 3.549999952316284
endloop
endfacet
facet normal 0 0 1
outer loop
vertex -45.0499382019043 -3.4874987602233887 5
vertex -45.0499382019043 -8.38749885559082 5
vertex -30.94993782043457 -3.4874987602233887 5
endloop
endfacet
facet normal 0 -1 0
outer loop
vertex -9.424938201904297 48.61250305175781 5
vertex -4.874938488006592 48.61250305175781 3.549999952316284
vertex 0.12506155669689178 48.61250305175781 3.549999952316284
endloop
endfacet
facet normal 0 -1 0
outer loop
vertex 0.12506155669689178 48.61250305175781 3.549999952316284
vertex 4.6750617027282715 48.61250305175781 5
vertex -9.424938201904297 48.61250305175781 5
endloop
endfacet
facet normal 0 0 -1
outer loop
vertex 11.950061798095703 34.51250076293945 0
vertex 4.6750617027282715 34.51250076293945 0
vertex 4.6750617027282715 48.61250305175781 0
endloop
endfacet
facet normal 0 0 -1
outer loop
vertex 7.0500617027282715 29.61250114440918 0
vertex 4.6750617027282715 34.51250076293945 0
vertex 11.950061798095703 34.51250076293945 0
endloop
endfacet
facet normal 0 -1 0
outer loop
vertex 59.50006103515625 48.61250305175781 0
vertex 64.05006408691406 48.61250305175781 0
vertex 59.50006103515625 48.61250305175781 3.549999952316284
endloop
endfacet
facet normal 0 0 -1
outer loop
vertex 7.0500617027282715 29.61250114440918 0
vertex 2.500061511993408 30.312501907348633 0
vertex 4.6750617027282715 34.51250076293945 0
endloop
endfacet
facet normal 0 1 0
outer loop
vertex -40.49993896484375 -3.4874987602233887 3.549999952316284
vertex -45.0499382019043 -3.4874987602233887 5
vertex -30.94993782043457 -3.4874987602233887 5
endloop
endfacet
facet normal 0 0 -1
outer loop
vertex 2.500061511993408 29.61250114440918 0
vertex 2.500061511993408 30.312501907348633 0
vertex 7.0500617027282715 29.61250114440918 0
endloop
endfacet
facet normal 0 0 -1
outer loop
vertex -2.499938488006592 30.312501907348633 0
vertex 4.6750617027282715 34.51250076293945 0
vertex 2.500061511993408 30.312501907348633 0
endloop
endfacet
facet normal 0 0 1
outer loop
vertex 26.05006217956543 48.61250305175781 5
vertex 30.950061798095703 34.51250076293945 5
vertex 30.950061798095703 48.61250305175781 5
endloop
endfacet
facet normal 1 0 0
outer loop
vertex 30.950061798095703 34.51250076293945 5
vertex 30.950061798095703 48.61250305175781 0
vertex 30.950061798095703 48.61250305175781 5
endloop
endfacet
facet normal 0 1 0
outer loop
vertex 35.50006103515625 34.51250076293945 3.549999952316284
vertex 30.950061798095703 34.51250076293945 5
vertex 45.0500602722168 34.51250076293945 5
endloop
endfacet
facet normal 0 0 1
outer loop
vertex 30.950061798095703 34.51250076293945 5
vertex 30.950061798095703 29.61250114440918 5
vertex 45.0500602722168 34.51250076293945 5
endloop
endfacet
facet normal 0 -1 0
outer loop
vertex 59.50006103515625 48.61250305175781 3.549999952316284
vertex 64.05006408691406 48.61250305175781 0
vertex 64.05006408691406 48.61250305175781 5
endloop
endfacet
facet normal 0 -1 0
outer loop
vertex 30.950061798095703 29.61250114440918 5
vertex 35.50006103515625 29.61250114440918 3.549999952316284
vertex 40.50006103515625 29.61250114440918 3.549999952316284
endloop
endfacet
facet normal 0 0 1
outer loop
vertex 30.950061798095703 34.51250076293945 5
vertex 26.05006217956543 29.61250114440918 5
vertex 30.950061798095703 29.61250114440918 5
endloop
endfacet
facet normal 0 1 0
outer loop
vertex 35.50006103515625 15.51250171661377 3.549999952316284
vertex 30.950061798095703 15.51250171661377 0
vertex 30.950061798095703 15.51250171661377 5
endloop
endfacet
facet normal 0 1 0
outer loop
vertex 45.0500602722168 -22.487499237060547 5
vertex 40.50006103515625 -22.487499237060547 3.549999952316284
vertex 35.50006103515625 -22.487499237060547 3.549999952316284
endloop
endfacet
facet normal -1 0 0
outer loop
vertex 45.0500602722168 -8.38749885559082 5
vertex 45.0500602722168 -22.487499237060547 0
vertex 45.0500602722168 -22.487499237060547 5
endloop
endfacet
facet normal 0 1 0
outer loop
vertex 35.50006103515625 15.51250171661377 0
vertex 30.950061798095703 15.51250171661377 0
vertex 35.50006103515625 15.51250171661377 3.549999952316284
endloop
endfacet
facet normal 0 0 1
outer loop
vertex 45.0500602722168 -8.38749885559082 5
vertex 45.0500602722168 -22.487499237060547 5
vertex 49.9500617980957 -22.487499237060547 5
endloop
endfacet
facet normal 0 -1 0
outer loop
vertex 40.50006103515625 -8.38749885559082 3.549999952316284
vertex 45.0500602722168 -8.38749885559082 5
vertex 30.950061798095703 -8.38749885559082 5
endloop
endfacet
facet normal 1 0 0
outer loop
vertex 30.950061798095703 15.51250171661377 0
vertex 30.950061798095703 29.61250114440918 0
vertex 30.950061798095703 15.51250171661377 5
endloop
endfacet
facet normal -1 0 0
outer loop
vertex 26.05006217956543 29.61250114440918 0
vertex 26.05006217956543 15.51250171661377 0
vertex 26.05006217956543 29.61250114440918 5
endloop
endfacet
facet normal 0 0 1
outer loop
vertex 45.0500602722168 -3.4874987602233887 5
vertex 30.950061798095703 -8.38749885559082 5
vertex 45.0500602722168 -8.38749885559082 5
endloop
endfacet
facet normal 0 0 1
outer loop
vertex 26.05006217956543 48.61250305175781 5
vertex 26.05006217956543 34.51250076293945 5
vertex 30.950061798095703 34.51250076293945 5
endloop
endfacet
facet normal 0 1 0
outer loop
vertex 21.50006103515625 15.51250171661377 3.549999952316284
vertex 26.05006217956543 15.51250171661377 5
vertex 26.05006217956543 15.51250171661377 0
endloop
endfacet
facet normal -1 0 0
outer loop
vertex 26.05006217956543 48.61250305175781 5
vertex 26.05006217956543 34.51250076293945 0
vertex 26.05006217956543 34.51250076293945 5
endloop
endfacet
facet normal 0 0 1
outer loop
vertex 26.05006217956543 34.51250076293945 5
vertex 26.05006217956543 29.61250114440918 5
vertex 30.950061798095703 34.51250076293945 5
endloop
endfacet
facet normal -1 0 0
outer loop
vertex 7.0500617027282715 10.61250114440918 5
vertex 7.0500617027282715 -3.4874987602233887 0
vertex 7.0500617027282715 -3.4874987602233887 5
endloop
endfacet
facet normal 0 1 0
outer loop
vertex 26.05006217956543 15.51250171661377 0
vertex 21.50006103515625 15.51250171661377 0
vertex 21.50006103515625 15.51250171661377 3.549999952316284
endloop
endfacet
facet normal 0 1 0
outer loop
vertex 26.05006217956543 34.51250076293945 5
vertex 21.50006103515625 34.51250076293945 3.549999952316284
vertex 16.50006103515625 34.51250076293945 3.549999952316284
endloop
endfacet
facet normal 0 0 1
outer loop
vertex 26.05006217956543 34.51250076293945 5
vertex 11.950061798095703 29.61250114440918 5
vertex 26.05006217956543 29.61250114440918 5
endloop
endfacet
facet normal 0 0 1
outer loop
vertex 7.0500617027282715 10.61250114440918 5
vertex 7.0500617027282715 -3.4874987602233887 5
vertex 11.950061798095703 -3.4874987602233887 5
endloop
endfacet
facet normal 0 -1 0
outer loop
vertex 21.50006103515625 29.61250114440918 3.549999952316284
vertex 26.05006217956543 29.61250114440918 5
vertex 11.950061798095703 29.61250114440918 5
endloop
endfacet
facet normal 0 0 -1
outer loop
vertex 30.950061798095703 15.51250171661377 0
vertex 26.05006217956543 29.61250114440918 0
vertex 30.950061798095703 29.61250114440918 0
endloop
endfacet
facet normal 0 0 -1
outer loop
vertex 35.50006103515625 14.812500953674316 0
vertex 30.950061798095703 15.51250171661377 0
vertex 35.50006103515625 15.51250171661377 0
endloop
endfacet
facet normal 0 0 -1
outer loop
vertex 30.950061798095703 15.51250171661377 0
vertex 26.05006217956543 15.51250171661377 0
vertex 26.05006217956543 29.61250114440918 0
endloop
endfacet
facet normal 0 -1 0
outer loop
vertex 11.950061798095703 48.61250305175781 5
vertex 16.50006103515625 48.61250305175781 3.549999952316284
vertex 21.50006103515625 48.61250305175781 3.549999952316284
endloop
endfacet
facet normal 0 0 -1
outer loop
vertex 26.05006217956543 15.51250171661377 0
vertex 21.50006103515625 14.812500953674316 0
vertex 21.50006103515625 15.51250171661377 0
endloop
endfacet
facet normal 0 0 1
outer loop
vertex 66.75658416748047 51.712730407714844 5
vertex -16.69993782043457 48.61250305175781 5
vertex -9.424938201904297 48.61250305175781 5
endloop
endfacet
facet normal 0 0 1
outer loop
vertex 66.75658416748047 51.712730407714844 5
vertex -30.799938201904297 48.61250305175781 5
vertex -16.69993782043457 48.61250305175781 5
endloop
endfacet
facet normal 0 -1 0
outer loop
vertex 30.950061798095703 10.61250114440918 0
vertex 35.50006103515625 10.61250114440918 3.549999952316284
vertex 30.950061798095703 10.61250114440918 5
endloop
endfacet
facet normal 0 0 1
outer loop
vertex 4.6750617027282715 48.61250305175781 5
vertex 11.950061798095703 34.51250076293945 5
vertex 11.950061798095703 48.61250305175781 5
endloop
endfacet
facet normal 0 -1 0
outer loop
vertex 30.950061798095703 10.61250114440918 0
vertex 35.50006103515625 10.61250114440918 0
vertex 35.50006103515625 10.61250114440918 3.549999952316284
endloop
endfacet
facet normal 1 0 0
outer loop
vertex 30.950061798095703 -3.4874987602233887 5
vertex 30.950061798095703 -3.4874987602233887 0
vertex 30.950061798095703 10.61250114440918 0
endloop
endfacet
facet normal 0 -1 0
outer loop
vertex 21.50006103515625 10.61250114440918 3.549999952316284
vertex 26.05006217956543 10.61250114440918 0
vertex 26.05006217956543 10.61250114440918 5
endloop
endfacet
facet normal 1 0 0
outer loop
vertex 11.950061798095703 34.51250076293945 5
vertex 11.950061798095703 48.61250305175781 0
vertex 11.950061798095703 48.61250305175781 5
endloop
endfacet
facet normal 0 1 0
outer loop
vertex 16.50006103515625 34.51250076293945 3.549999952316284
vertex 11.950061798095703 34.51250076293945 5
vertex 26.05006217956543 34.51250076293945 5
endloop
endfacet
facet normal 0 0 1
outer loop
vertex 11.950061798095703 34.51250076293945 5
vertex 11.950061798095703 29.61250114440918 5
vertex 26.05006217956543 34.51250076293945 5
endloop
endfacet
facet normal 0 -1 0
outer loop
vertex 11.950061798095703 29.61250114440918 5
vertex 16.50006103515625 29.61250114440918 3.549999952316284
vertex 21.50006103515625 29.61250114440918 3.549999952316284
endloop
endfacet
facet normal 0 -1 0
outer loop
vertex 21.50006103515625 10.61250114440918 0
vertex 26.05006217956543 10.61250114440918 0
vertex 21.50006103515625 10.61250114440918 3.549999952316284
endloop
endfacet
facet normal 0 0 1
outer loop
vertex 11.950061798095703 34.51250076293945 5
vertex 7.0500617027282715 29.61250114440918 5
vertex 11.950061798095703 29.61250114440918 5
endloop
endfacet
facet normal -1 0 0
outer loop
vertex 26.05006217956543 10.61250114440918 0
vertex 26.05006217956543 -3.4874987602233887 0
vertex 26.05006217956543 10.61250114440918 5
endloop
endfacet
facet normal 0 0 -1
outer loop
vertex 30.950061798095703 10.61250114440918 0
vertex 35.50006103515625 14.812500953674316 0
vertex 40.50006103515625 14.812500953674316 0
endloop
endfacet
facet normal 0 0 1
outer loop
vertex 4.6750617027282715 48.61250305175781 5
vertex 4.6750617027282715 34.51250076293945 5
vertex 11.950061798095703 34.51250076293945 5
endloop
endfacet
facet normal 0 -1 0
outer loop
vertex 2.500061511993408 10.61250114440918 3.549999952316284
vertex 7.0500617027282715 10.61250114440918 5
vertex -7.049938678741455 10.61250114440918 5
endloop
endfacet
facet normal -1 0 0
outer loop
vertex 4.6750617027282715 48.61250305175781 5
vertex 4.6750617027282715 34.51250076293945 0
vertex 4.6750617027282715 34.51250076293945 5
endloop
endfacet
facet normal 0 1 0
outer loop
vertex 45.0500602722168 -3.4874987602233887 5
vertex 40.50006103515625 -3.4874987602233887 3.549999952316284
vertex 35.50006103515625 -3.4874987602233887 3.549999952316284
endloop
endfacet
facet normal 1 0 0
outer loop
vertex 49.9500617980957 -22.487499237060547 5
vertex 49.9500617980957 -8.38749885559082 0
vertex 49.9500617980957 -8.38749885559082 5
endloop
endfacet
facet normal 0 0 -1
outer loop
vertex 35.50006103515625 11.312500953674316 0
vertex 30.950061798095703 10.61250114440918 0
vertex 45.0500602722168 15.51250171661377 0
endloop
endfacet
facet normal 0 0 -1
outer loop
vertex 30.950061798095703 10.61250114440918 0
vertex 35.50006103515625 11.312500953674316 0
vertex 35.50006103515625 10.61250114440918 0
endloop
endfacet
facet normal 0 0 -1
outer loop
vertex 30.950061798095703 10.61250114440918 0
vertex 30.950061798095703 15.51250171661377 0
vertex 35.50006103515625 14.812500953674316 0
endloop
endfacet
facet normal 0 0 -1
outer loop
vertex 30.950061798095703 10.61250114440918 0
vertex 26.05006217956543 10.61250114440918 0
vertex 30.950061798095703 15.51250171661377 0
endloop
endfacet
facet normal 0 0 -1
outer loop
vertex 30.950061798095703 -3.4874987602233887 0
vertex 26.05006217956543 10.61250114440918 0
vertex 30.950061798095703 10.61250114440918 0
endloop
endfacet
facet normal 0 0 -1
outer loop
vertex 26.05006217956543 10.61250114440918 0
vertex 26.05006217956543 15.51250171661377 0
vertex 30.950061798095703 15.51250171661377 0
endloop
endfacet
facet normal 0 0 1
outer loop
vertex 45.0500602722168 -8.38749885559082 5
vertex 49.9500617980957 -22.487499237060547 5
vertex 49.9500617980957 -8.38749885559082 5
endloop
endfacet
facet normal 0 0 1
outer loop
vertex 7.0500617027282715 15.51250171661377 5
vertex -7.049938678741455 10.61250114440918 5
vertex 7.0500617027282715 10.61250114440918 5
endloop
endfacet
facet normal 0 0 1
outer loop
vertex 7.0500617027282715 15.51250171661377 5
vertex 7.0500617027282715 10.61250114440918 5
vertex 11.950061798095703 15.51250171661377 5
endloop
endfacet
facet normal 0 0 -1
outer loop
vertex 26.05006217956543 10.61250114440918 0
vertex 21.50006103515625 11.312500953674316 0
vertex 26.05006217956543 15.51250171661377 0
endloop
endfacet
facet normal 0 0 -1
outer loop
vertex 16.50006103515625 11.312500953674316 0
vertex 26.05006217956543 15.51250171661377 0
vertex 21.50006103515625 11.312500953674316 0
endloop
endfacet
facet normal 0 0 -1
outer loop
vertex 26.05006217956543 15.51250171661377 0
vertex 11.950061798095703 10.61250114440918 0
vertex 21.50006103515625 14.812500953674316 0
endloop
endfacet
facet normal 0 0 -1
outer loop
vertex 21.50006103515625 10.61250114440918 0
vertex 21.50006103515625 11.312500953674316 0
vertex 26.05006217956543 10.61250114440918 0
endloop
endfacet
facet normal 1 0 0
outer loop
vertex 11.950061798095703 -3.4874987602233887 5
vertex 11.950061798095703 10.61250114440918 0
vertex 11.950061798095703 10.61250114440918 5
endloop
endfacet
facet normal 0 0 1
outer loop
vertex 7.0500617027282715 10.61250114440918 5
vertex 11.950061798095703 -3.4874987602233887 5
vertex 11.950061798095703 10.61250114440918 5
endloop
endfacet
facet normal 0 -1 0
outer loop
vertex 49.9500617980957 -8.38749885559082 5
vertex 54.50006103515625 -8.38749885559082 3.549999952316284
vertex 59.50006103515625 -8.38749885559082 3.549999952316284
endloop
endfacet
facet normal 0 0 1
outer loop
vertex 45.0500602722168 -8.38749885559082 5
vertex 49.9500617980957 -8.38749885559082 5
vertex 49.9500617980957 -3.4874987602233887 5
endloop
endfacet
facet normal 0 0 1
outer loop
vertex 11.950061798095703 15.51250171661377 5
vertex 7.0500617027282715 10.61250114440918 5
vertex 11.950061798095703 10.61250114440918 5
endloop
endfacet
facet normal 0 -1 0
outer loop
vertex 11.950061798095703 10.61250114440918 5
vertex 16.50006103515625 10.61250114440918 3.549999952316284
vertex 21.50006103515625 10.61250114440918 3.549999952316284
endloop
endfacet
facet normal 0 0 1
outer loop
vertex 45.0500602722168 -3.4874987602233887 5
vertex 45.0500602722168 -8.38749885559082 5
vertex 49.9500617980957 -3.4874987602233887 5
endloop
endfacet
facet normal 0 0 1
outer loop
vertex 49.9500617980957 -3.4874987602233887 5
vertex 49.9500617980957 -8.38749885559082 5
vertex 64.05006408691406 -3.4874987602233887 5
endloop
endfacet
facet normal 0 1 0
outer loop
vertex 64.05006408691406 -22.487499237060547 5
vertex 59.50006103515625 -22.487499237060547 3.549999952316284
vertex 54.50006103515625 -22.487499237060547 3.549999952316284
endloop
endfacet
facet normal 0 0 1
outer loop
vertex 11.950061798095703 15.51250171661377 5
vertex 11.950061798095703 10.61250114440918 5
vertex 26.05006217956543 15.51250171661377 5
endloop
endfacet
facet normal 0 1 0
outer loop
vertex 64.05006408691406 -22.487499237060547 5
vertex 54.50006103515625 -22.487499237060547 3.549999952316284
vertex 49.9500617980957 -22.487499237060547 5
endloop
endfacet
facet normal -1 0 0
outer loop
vertex 64.05006408691406 -8.38749885559082 5
vertex 64.05006408691406 -22.487499237060547 0
vertex 64.05006408691406 -22.487499237060547 5
endloop
endfacet
facet normal 0 0 1
outer loop
vertex 64.05006408691406 -8.38749885559082 5
vertex 64.05006408691406 -22.487499237060547 5
vertex 67.1502914428711 -25.194019317626953 5
endloop
endfacet
facet normal 0 0 1
outer loop
vertex 67.1502914428711 -25.194019317626953 5
vertex 64.05006408691406 -22.487499237060547 5
vertex 66.50006103515625 -25.63749885559082 5
endloop
endfacet
facet normal -1 0 0
outer loop
vertex 7.0500617027282715 29.61250114440918 5
vertex 7.0500617027282715 15.51250171661377 0
vertex 7.0500617027282715 15.51250171661377 5
endloop
endfacet
facet normal 0 0 1
outer loop
vertex 67.1502914428711 -25.194019317626953 5
vertex 66.50006103515625 -25.63749885559082 5
vertex 66.80001068115234 -25.568878173828125 5
endloop
endfacet
facet normal 0 0 1
outer loop
vertex 4.6750617027282715 34.51250076293945 5
vertex 7.0500617027282715 29.61250114440918 5
vertex 11.950061798095703 34.51250076293945 5
endloop
endfacet
facet normal 0 0 1
outer loop
vertex 4.6750617027282715 34.51250076293945 5
vertex -7.049938678741455 29.61250114440918 5
vertex 7.0500617027282715 29.61250114440918 5
endloop
endfacet
facet normal 0 1 0
outer loop
vertex 7.0500617027282715 15.51250171661377 5
vertex 2.500061511993408 15.51250171661377 3.549999952316284
vertex -2.499938488006592 15.51250171661377 3.549999952316284
endloop
endfacet
facet normal 0 0 1
outer loop
vertex 7.0500617027282715 29.61250114440918 5
vertex 7.0500617027282715 15.51250171661377 5
vertex 11.950061798095703 15.51250171661377 5
endloop
endfacet
facet normal 0 -1 0
outer loop
vertex 59.50006103515625 -8.38749885559082 3.549999952316284
vertex 64.05006408691406 -8.38749885559082 5
vertex 49.9500617980957 -8.38749885559082 5
endloop
endfacet
facet normal 0 0 1
outer loop
vertex 64.05006408691406 -8.38749885559082 5
vertex 67.1502914428711 -25.194019317626953 5
vertex 64.05006408691406 -3.4874987602233887 5
endloop
endfacet
facet normal 0 0 1
outer loop
vertex 64.05006408691406 -3.4874987602233887 5
vertex 49.9500617980957 -8.38749885559082 5
vertex 64.05006408691406 -8.38749885559082 5
endloop
endfacet
facet normal 0 1 0
outer loop
vertex 16.50006103515625 15.51250171661377 3.549999952316284
vertex 11.950061798095703 15.51250171661377 5
vertex 26.05006217956543 15.51250171661377 5
endloop
endfacet
facet normal 1 0 0
outer loop
vertex 11.950061798095703 15.51250171661377 5
vertex 11.950061798095703 29.61250114440918 0
vertex 11.950061798095703 29.61250114440918 5
endloop
endfacet
facet normal 0 0 1
outer loop
vertex 7.0500617027282715 29.61250114440918 5
vertex 11.950061798095703 15.51250171661377 5
vertex 11.950061798095703 29.61250114440918 5
endloop
endfacet
facet normal -1 0 0
outer loop
vertex 26.05006217956543 10.61250114440918 5
vertex 26.05006217956543 -3.4874987602233887 0
vertex 26.05006217956543 -3.4874987602233887 5
endloop
endfacet
facet normal 0 0 1
outer loop
vertex 26.05006217956543 10.61250114440918 5
vertex 26.05006217956543 -3.4874987602233887 5
vertex 30.950061798095703 -3.4874987602233887 5
endloop
endfacet
facet normal 0 1 0
outer loop
vertex 64.05006408691406 -3.4874987602233887 5
vertex 59.50006103515625 -3.4874987602233887 3.549999952316284
vertex 54.50006103515625 -3.4874987602233887 3.549999952316284
endloop
endfacet
facet normal 0 1 0
outer loop
vertex 64.05006408691406 -3.4874987602233887 5
vertex 54.50006103515625 -3.4874987602233887 3.549999952316284
vertex 49.9500617980957 -3.4874987602233887 5
endloop
endfacet
facet normal 0 0 1
outer loop
vertex 64.05006408691406 -3.4874987602233887 5
vertex 67.1502914428711 -25.194019317626953 5
vertex 64.05006408691406 10.61250114440918 5
endloop
endfacet
facet normal 0 -1 0
outer loop
vertex 2.500061511993408 29.61250114440918 3.549999952316284
vertex 7.0500617027282715 29.61250114440918 5
vertex -7.049938678741455 29.61250114440918 5
endloop
endfacet
facet normal 0 -1 0
outer loop
vertex 21.50006103515625 10.61250114440918 3.549999952316284
vertex 26.05006217956543 10.61250114440918 5
vertex 11.950061798095703 10.61250114440918 5
endloop
endfacet
facet normal 0 1 0
outer loop
vertex -30.94993782043457 -22.487499237060547 5
vertex -35.49993896484375 -22.487499237060547 3.549999952316284
vertex -40.49993896484375 -22.487499237060547 3.549999952316284
endloop
endfacet
facet normal 0 0 1
outer loop
vertex -30.94993782043457 -22.487499237060547 5
vertex -47.7564582824707 -25.58772850036621 5
vertex -26.049938201904297 -22.487499237060547 5
endloop
endfacet
facet normal 0 0 1
outer loop
vertex -26.049938201904297 -22.487499237060547 5
vertex -47.7564582824707 -25.58772850036621 5
vertex -11.949938774108887 -22.487499237060547 5
endloop
endfacet
facet normal -1 0 0
outer loop
vertex -30.94993782043457 -8.38749885559082 5
vertex -30.94993782043457 -22.487499237060547 0
vertex -30.94993782043457 -22.487499237060547 5
endloop
endfacet
facet normal 0 0 1
outer loop
vertex -30.94993782043457 -8.38749885559082 5
vertex -30.94993782043457 -22.487499237060547 5
vertex -26.049938201904297 -22.487499237060547 5
endloop
endfacet
facet normal 0 0 1
outer loop
vertex 26.05006217956543 15.51250171661377 5
vertex 11.950061798095703 10.61250114440918 5
vertex 26.05006217956543 10.61250114440918 5
endloop
endfacet
facet normal 0 0 1
outer loop
vertex 26.05006217956543 15.51250171661377 5
vertex 26.05006217956543 10.61250114440918 5
vertex 30.950061798095703 15.51250171661377 5
endloop
endfacet
facet normal 1 0 0
outer loop
vertex 30.950061798095703 -3.4874987602233887 5
vertex 30.950061798095703 10.61250114440918 0
vertex 30.950061798095703 10.61250114440918 5
endloop
endfacet
facet normal 0 0 1
outer loop
vertex 26.05006217956543 10.61250114440918 5
vertex 30.950061798095703 -3.4874987602233887 5
vertex 30.950061798095703 10.61250114440918 5
endloop
endfacet
facet normal 0 0 1
outer loop
vertex -11.949938774108887 -22.487499237060547 5
vertex -47.7564582824707 -25.58772850036621 5
vertex -7.049938678741455 -22.487499237060547 5
endloop
endfacet
facet normal 0 0 1
outer loop
vertex 30.950061798095703 15.51250171661377 5
vertex 26.05006217956543 10.61250114440918 5
vertex 30.950061798095703 10.61250114440918 5
endloop
endfacet
facet normal 0 -1 0
outer loop
vertex 30.950061798095703 10.61250114440918 5
vertex 35.50006103515625 10.61250114440918 3.549999952316284
vertex 40.50006103515625 10.61250114440918 3.549999952316284
endloop
endfacet
facet normal 0 0 1
outer loop
vertex 30.950061798095703 15.51250171661377 5
vertex 30.950061798095703 10.61250114440918 5
vertex 45.0500602722168 15.51250171661377 5
endloop
endfacet
facet normal 0 1 0
outer loop
vertex -21.49993896484375 -22.487499237060547 3.549999952316284
vertex -26.049938201904297 -22.487499237060547 5
vertex -11.949938774108887 -22.487499237060547 5
endloop
endfacet
facet normal -1 0 0
outer loop
vertex 26.05006217956543 29.61250114440918 5
vertex 26.05006217956543 15.51250171661377 0
vertex 26.05006217956543 15.51250171661377 5
endloop
endfacet
facet normal 0 1 0
outer loop
vertex 26.05006217956543 15.51250171661377 5
vertex 21.50006103515625 15.51250171661377 3.549999952316284
vertex 16.50006103515625 15.51250171661377 3.549999952316284
endloop
endfacet
facet normal 0 0 1
outer loop
vertex 26.05006217956543 29.61250114440918 5
vertex 26.05006217956543 15.51250171661377 5
vertex 30.950061798095703 15.51250171661377 5
endloop
endfacet
facet normal 0 -1 0
outer loop
vertex -35.49993896484375 -8.38749885559082 3.549999952316284
vertex -30.94993782043457 -8.38749885559082 5
vertex -45.0499382019043 -8.38749885559082 5
endloop
endfacet
facet normal 0 1 0
outer loop
vertex 35.50006103515625 15.51250171661377 3.549999952316284
vertex 30.950061798095703 15.51250171661377 5
vertex 45.0500602722168 15.51250171661377 5
endloop
endfacet
facet normal 1 0 0
outer loop
vertex 30.950061798095703 15.51250171661377 5
vertex 30.950061798095703 29.61250114440918 0
vertex 30.950061798095703 29.61250114440918 5
endloop
endfacet
facet normal 0 0 1
outer loop
vertex 26.05006217956543 29.61250114440918 5
vertex 30.950061798095703 15.51250171661377 5
vertex 30.950061798095703 29.61250114440918 5
endloop
endfacet
facet normal 0 0 1
outer loop
vertex -30.94993782043457 -3.4874987602233887 5
vertex -45.0499382019043 -8.38749885559082 5
vertex -30.94993782043457 -8.38749885559082 5
endloop
endfacet
facet normal 0 1 0
outer loop
vertex -30.94993782043457 -3.4874987602233887 5
vertex -35.49993896484375 -3.4874987602233887 3.549999952316284
vertex -40.49993896484375 -3.4874987602233887 3.549999952316284
endloop
endfacet
facet normal 0 0 1
outer loop
vertex -30.94993782043457 -3.4874987602233887 5
vertex -30.94993782043457 -8.38749885559082 5
vertex -26.049938201904297 -3.4874987602233887 5
endloop
endfacet
facet normal 0 1 0
outer loop
vertex -2.499938488006592 -3.4874987602233887 3.549999952316284
vertex -7.049938678741455 -3.4874987602233887 5
vertex 7.0500617027282715 -3.4874987602233887 5
endloop
endfacet
facet normal 0 0 1
outer loop
vertex -7.049938678741455 -3.4874987602233887 5
vertex -7.049938678741455 -8.38749885559082 5
vertex 7.0500617027282715 -3.4874987602233887 5
endloop
endfacet
facet normal 0 0 1
outer loop
vertex -7.049938678741455 -3.4874987602233887 5
vertex -11.949938774108887 -8.38749885559082 5
vertex -7.049938678741455 -8.38749885559082 5
endloop
endfacet
facet normal 1 0 0
outer loop
vertex -26.049938201904297 -22.487499237060547 5
vertex -26.049938201904297 -8.38749885559082 0
vertex -26.049938201904297 -8.38749885559082 5
endloop
endfacet
facet normal 0 0 1
outer loop
vertex -30.94993782043457 -8.38749885559082 5
vertex -26.049938201904297 -22.487499237060547 5
vertex -26.049938201904297 -8.38749885559082 5
endloop
endfacet
facet normal 0 -1 0
outer loop
vertex -26.049938201904297 -8.38749885559082 5
vertex -21.49993896484375 -8.38749885559082 3.549999952316284
vertex -16.49993896484375 -8.38749885559082 3.549999952316284
endloop
endfacet
facet normal 0 0 1
outer loop
vertex -26.049938201904297 -3.4874987602233887 5
vertex -30.94993782043457 -8.38749885559082 5
vertex -26.049938201904297 -8.38749885559082 5
endloop
endfacet
facet normal 0 0 1
outer loop
vertex -26.049938201904297 -3.4874987602233887 5
vertex -26.049938201904297 -8.38749885559082 5
vertex -11.949938774108887 -3.4874987602233887 5
endloop
endfacet
facet normal 0 1 0
outer loop
vertex -21.49993896484375 -3.4874987602233887 3.549999952316284
vertex -26.049938201904297 -3.4874987602233887 5
vertex -11.949938774108887 -3.4874987602233887 5
endloop
endfacet
facet normal 0 -1 0
outer loop
vertex -7.049938678741455 -8.38749885559082 5
vertex -2.499938488006592 -8.38749885559082 3.549999952316284
vertex 2.500061511993408 -8.38749885559082 3.549999952316284
endloop
endfacet
facet normal 0 0 1
outer loop
vertex -11.949938774108887 -8.38749885559082 5
vertex -7.049938678741455 -22.487499237060547 5
vertex -7.049938678741455 -8.38749885559082 5
endloop
endfacet
facet normal 0 1 0
outer loop
vertex -11.949938774108887 -22.487499237060547 5
vertex -16.49993896484375 -22.487499237060547 3.549999952316284
vertex -21.49993896484375 -22.487499237060547 3.549999952316284
endloop
endfacet
facet normal 0 0 1
outer loop
vertex -7.049938678741455 -22.487499237060547 5
vertex -47.7564582824707 -25.58772850036621 5
vertex 7.0500617027282715 -22.487499237060547 5
endloop
endfacet
facet normal 1 0 0
outer loop
vertex -7.049938678741455 -22.487499237060547 5
vertex -7.049938678741455 -8.38749885559082 0
vertex -7.049938678741455 -8.38749885559082 5
endloop
endfacet
facet normal 0 0 1
outer loop
vertex -11.949938774108887 -3.4874987602233887 5
vertex -11.949938774108887 -8.38749885559082 5
vertex -7.049938678741455 -3.4874987602233887 5
endloop
endfacet
facet normal 0 0 1
outer loop
vertex 7.0500617027282715 -22.487499237060547 5
vertex -47.7564582824707 -25.58772850036621 5
vertex 11.950061798095703 -22.487499237060547 5
endloop
endfacet
facet normal -1 0 0
outer loop
vertex -11.949938774108887 -8.38749885559082 5
vertex -11.949938774108887 -22.487499237060547 0
vertex -11.949938774108887 -22.487499237060547 5
endloop
endfacet
facet normal 0 0 1
outer loop
vertex -11.949938774108887 -8.38749885559082 5
vertex -11.949938774108887 -22.487499237060547 5
vertex -7.049938678741455 -22.487499237060547 5
endloop
endfacet
facet normal 0 0 1
outer loop
vertex 11.950061798095703 -22.487499237060547 5
vertex -47.7564582824707 -25.58772850036621 5
vertex 26.05006217956543 -22.487499237060547 5
endloop
endfacet
facet normal 0 1 0
outer loop
vertex -2.499938488006592 -22.487499237060547 3.549999952316284
vertex -7.049938678741455 -22.487499237060547 5
vertex 7.0500617027282715 -22.487499237060547 5
endloop
endfacet
facet normal 0 -1 0
outer loop
vertex -16.49993896484375 -8.38749885559082 3.549999952316284
vertex -11.949938774108887 -8.38749885559082 5
vertex -26.049938201904297 -8.38749885559082 5
endloop
endfacet
facet normal 0 0 1
outer loop
vertex -11.949938774108887 -3.4874987602233887 5
vertex -26.049938201904297 -8.38749885559082 5
vertex -11.949938774108887 -8.38749885559082 5
endloop
endfacet
facet normal 0 1 0
outer loop
vertex -11.949938774108887 -3.4874987602233887 5
vertex -16.49993896484375 -3.4874987602233887 3.549999952316284
vertex -21.49993896484375 -3.4874987602233887 3.549999952316284
endloop
endfacet
facet normal 0 0 -1
outer loop
vertex 30.950061798095703 -3.4874987602233887 0
vertex 26.05006217956543 -3.4874987602233887 0
vertex 26.05006217956543 10.61250114440918 0
endloop
endfacet
facet normal 0 0 -1
outer loop
vertex 11.950061798095703 -3.4874987602233887 0
vertex 7.0500617027282715 -3.4874987602233887 0
vertex 7.0500617027282715 10.61250114440918 0
endloop
endfacet
facet normal 0 1 0
outer loop
vertex 16.50006103515625 15.51250171661377 3.549999952316284
vertex 11.950061798095703 15.51250171661377 0
vertex 11.950061798095703 15.51250171661377 5
endloop
endfacet
facet normal 0 0 -1
outer loop
vertex 2.500061511993408 10.61250114440918 0
vertex 2.500061511993408 11.312500953674316 0
vertex 7.0500617027282715 10.61250114440918 0
endloop
endfacet
facet normal 0 0 -1
outer loop
vertex 7.0500617027282715 15.51250171661377 0
vertex -7.049938678741455 10.61250114440918 0
vertex 2.500061511993408 14.812500953674316 0
endloop
endfacet
facet normal 0 1 0
outer loop
vertex 16.50006103515625 15.51250171661377 0
vertex 11.950061798095703 15.51250171661377 0
vertex 16.50006103515625 15.51250171661377 3.549999952316284
endloop
endfacet
facet normal 1 0 0
outer loop
vertex 11.950061798095703 15.51250171661377 0
vertex 11.950061798095703 29.61250114440918 0
vertex 11.950061798095703 15.51250171661377 5
endloop
endfacet
facet normal -1 0 0
outer loop
vertex 7.0500617027282715 29.61250114440918 0
vertex 7.0500617027282715 15.51250171661377 0
vertex 7.0500617027282715 29.61250114440918 5
endloop
endfacet
facet normal 0 1 0
outer loop
vertex 2.500061511993408 15.51250171661377 3.549999952316284
vertex 7.0500617027282715 15.51250171661377 5
vertex 7.0500617027282715 15.51250171661377 0
endloop
endfacet
facet normal 0 0 -1
outer loop
vertex -2.499938488006592 11.312500953674316 0
vertex 7.0500617027282715 15.51250171661377 0
vertex 2.500061511993408 11.312500953674316 0
endloop
endfacet
facet normal 0 0 -1
outer loop
vertex 7.0500617027282715 10.61250114440918 0
vertex 2.500061511993408 11.312500953674316 0
vertex 7.0500617027282715 15.51250171661377 0
endloop
endfacet
facet normal 0 1 0
outer loop
vertex 7.0500617027282715 15.51250171661377 0
vertex 2.500061511993408 15.51250171661377 0
vertex 2.500061511993408 15.51250171661377 3.549999952316284
endloop
endfacet
facet normal 0 0 -1
outer loop
vertex 7.0500617027282715 10.61250114440918 0
vertex 7.0500617027282715 15.51250171661377 0
vertex 11.950061798095703 15.51250171661377 0
endloop
endfacet
facet normal 0 0 -1
outer loop
vertex 11.950061798095703 15.51250171661377 0
vertex 7.0500617027282715 29.61250114440918 0
vertex 11.950061798095703 29.61250114440918 0
endloop
endfacet
facet normal 0 0 -1
outer loop
vertex 16.50006103515625 14.812500953674316 0
vertex 11.950061798095703 15.51250171661377 0
vertex 16.50006103515625 15.51250171661377 0
endloop
endfacet
facet normal 0 0 -1
outer loop
vertex 11.950061798095703 15.51250171661377 0
vertex 7.0500617027282715 15.51250171661377 0
vertex 7.0500617027282715 29.61250114440918 0
endloop
endfacet
facet normal 0 0 -1
outer loop
vertex 7.0500617027282715 15.51250171661377 0
vertex 2.500061511993408 14.812500953674316 0
vertex 2.500061511993408 15.51250171661377 0
endloop
endfacet
facet normal 0 0 -1
outer loop
vertex 11.950061798095703 -3.4874987602233887 0
vertex 7.0500617027282715 10.61250114440918 0
vertex 11.950061798095703 10.61250114440918 0
endloop
endfacet
facet normal 0 0 -1
outer loop
vertex 11.950061798095703 10.61250114440918 0
vertex 7.0500617027282715 10.61250114440918 0
vertex 11.950061798095703 15.51250171661377 0
endloop
endfacet
facet normal 0 -1 0
outer loop
vertex 11.950061798095703 10.61250114440918 0
vertex 16.50006103515625 10.61250114440918 3.549999952316284
vertex 11.950061798095703 10.61250114440918 5
endloop
endfacet
facet normal 0 0 -1
outer loop
vertex 11.950061798095703 10.61250114440918 0
vertex 11.950061798095703 15.51250171661377 0
vertex 16.50006103515625 14.812500953674316 0
endloop
endfacet
facet normal 0 -1 0
outer loop
vertex 11.950061798095703 10.61250114440918 0
vertex 16.50006103515625 10.61250114440918 0
vertex 16.50006103515625 10.61250114440918 3.549999952316284
endloop
endfacet
facet normal 1 0 0
outer loop
vertex 11.950061798095703 -3.4874987602233887 5
vertex 11.950061798095703 -3.4874987602233887 0
vertex 11.950061798095703 10.61250114440918 0
endloop
endfacet
facet normal 0 -1 0
outer loop
vertex 2.500061511993408 10.61250114440918 3.549999952316284
vertex 7.0500617027282715 10.61250114440918 0
vertex 7.0500617027282715 10.61250114440918 5
endloop
endfacet
facet normal 0 0 -1
outer loop
vertex 11.950061798095703 10.61250114440918 0
vertex 16.50006103515625 11.312500953674316 0
vertex 16.50006103515625 10.61250114440918 0
endloop
endfacet
facet normal 0 0 -1
outer loop
vertex 16.50006103515625 11.312500953674316 0
vertex 11.950061798095703 10.61250114440918 0
vertex 26.05006217956543 15.51250171661377 0
endloop
endfacet
facet normal 0 -1 0
outer loop
vertex 2.500061511993408 10.61250114440918 0
vertex 7.0500617027282715 10.61250114440918 0
vertex 2.500061511993408 10.61250114440918 3.549999952316284
endloop
endfacet
facet normal 0 0 1
outer loop
vertex -66.49993896484375 51.76250076293945 5
vertex -56.9249382019043 48.61250305175781 5
vertex -42.8249397277832 48.61250305175781 5
endloop
endfacet
facet normal 0 0 -1
outer loop
vertex 67.20005798339844 -32.0625 0
vertex 64.05006408691406 -34.51249694824219 0
vertex 67.13143920898438 -31.76254653930664 0
endloop
endfacet
facet normal 0 0 1
outer loop
vertex 46.849830627441406 -31.80597686767578 5
vertex 46.8000602722168 -51.0625 5
vertex 49.9500617980957 -48.61249923706055 5
endloop
endfacet
facet normal 0 1 0
outer loop
vertex 54.50006103515625 -48.61249923706055 0
vertex 49.9500617980957 -48.61249923706055 0
vertex 54.50006103515625 -48.61249923706055 3.549999952316284
endloop
endfacet
facet normal 0 0 -1
outer loop
vertex 67.13143920898438 -31.76254653930664 0
vertex 64.05006408691406 -34.51249694824219 0
vertex 66.75658416748047 -31.412267684936523 0
endloop
endfacet
facet normal 0 0 1
outer loop
vertex 67.20005798339844 -32.0625 5
vertex 67.13143920898438 -31.76254653930664 5
vertex 66.75658416748047 -31.412267684936523 5
endloop
endfacet
facet normal 0 0 1
outer loop
vertex 66.75658416748047 -31.412267684936523 5
vertex 64.05006408691406 -34.51249694824219 5
vertex 67.20005798339844 -32.0625 5
endloop
endfacet
facet normal 0 0 1
outer loop
vertex 64.05006408691406 -34.51249694824219 5
vertex 67.1502914428711 -51.31901931762695 5
vertex 67.20005798339844 -32.0625 5
endloop
endfacet
facet normal 0 0 -1
outer loop
vertex 67.1502914428711 -51.31901931762695 0
vertex 64.05006408691406 -48.61249923706055 0
vertex 67.20005798339844 -32.0625 0
endloop
endfacet
facet normal 0 0 -1
outer loop
vertex 59.50006103515625 -34.51249694824219 0
vertex 59.50006103515625 -33.8125 0
vertex 64.05006408691406 -34.51249694824219 0
endloop
endfacet
facet normal 0 0 -1
outer loop
vertex 64.05006408691406 -34.51249694824219 0
vertex 47.23088455200195 -31.416322708129883 0
vertex 66.75658416748047 -31.412267684936523 0
endloop
endfacet
facet normal 0 0 -1
outer loop
vertex 59.50006103515625 -33.8125 0
vertex 47.23088455200195 -31.416322708129883 0
vertex 64.05006408691406 -34.51249694824219 0
endloop
endfacet
facet normal 0 0 -1
outer loop
vertex 64.05006408691406 -34.51249694824219 0
vertex 67.20005798339844 -32.0625 0
vertex 64.05006408691406 -48.61249923706055 0
endloop
endfacet
facet normal 0 1 0
outer loop
vertex 59.50006103515625 -48.61249923706055 3.549999952316284
vertex 64.05006408691406 -48.61249923706055 5
vertex 64.05006408691406 -48.61249923706055 0
endloop
endfacet
facet normal 0 0 -1
outer loop
vertex 49.9500617980957 -34.51249694824219 0
vertex 46.8000602722168 -51.0625 0
vertex 46.849830627441406 -31.80597686767578 0
endloop
endfacet
facet normal 0 0 -1
outer loop
vertex 49.9500617980957 -34.51249694824219 0
vertex 47.23088455200195 -31.416322708129883 0
vertex 54.50006103515625 -33.8125 0
endloop
endfacet
facet normal 0 1 0
outer loop
vertex 64.05006408691406 -48.61249923706055 0
vertex 59.50006103515625 -48.61249923706055 0
vertex 59.50006103515625 -48.61249923706055 3.549999952316284
endloop
endfacet
facet normal 0 0 -1
outer loop
vertex 46.849830627441406 -31.80597686767578 0
vertex 47.23088455200195 -31.416322708129883 0
vertex 49.9500617980957 -34.51249694824219 0
endloop
endfacet
facet normal 0 0 -1
outer loop
vertex 49.9500617980957 -34.51249694824219 0
vertex 54.50006103515625 -33.8125 0
vertex 54.50006103515625 -34.51249694824219 0
endloop
endfacet
facet normal 0 0 -1
outer loop
vertex 67.1502914428711 -51.31901931762695 0
vertex 66.80001068115234 -51.693878173828125 0
vertex 64.05006408691406 -48.61249923706055 0
endloop
endfacet
facet normal 0 0 -1
outer loop
vertex 66.50006103515625 -51.76249694824219 0
vertex 64.05006408691406 -48.61249923706055 0
vertex 66.80001068115234 -51.693878173828125 0
endloop
endfacet
facet normal 0 0 1
outer loop
vertex 66.75658416748047 -31.412267684936523 5
vertex 49.9500617980957 -34.51249694824219 5
vertex 64.05006408691406 -34.51249694824219 5
endloop
endfacet
facet normal 0 -1 0
outer loop
vertex 59.50006103515625 -34.51249694824219 3.549999952316284
vertex 64.05006408691406 -34.51249694824219 5
vertex 49.9500617980957 -34.51249694824219 5
endloop
endfacet
facet normal 0 0 -1
outer loop
vertex 54.50006103515625 -33.8125 0
vertex 47.23088455200195 -31.416322708129883 0
vertex 59.50006103515625 -33.8125 0
endloop
endfacet
facet normal 0 0 -1
outer loop
vertex 66.50006103515625 -51.76249694824219 0
vertex 59.50006103515625 -49.3125 0
vertex 64.05006408691406 -48.61249923706055 0
endloop
endfacet
facet normal 0 0 -1
outer loop
vertex 59.50006103515625 -49.3125 0
vertex 59.50006103515625 -48.61249923706055 0
vertex 64.05006408691406 -48.61249923706055 0
endloop
endfacet
facet normal 0 0 -1
outer loop
vertex 66.50006103515625 -51.76249694824219 0
vertex 54.50006103515625 -49.3125 0
vertex 59.50006103515625 -49.3125 0
endloop
endfacet
facet normal 0 0 -1
outer loop
vertex 66.50006103515625 -51.76249694824219 0
vertex 49.9500617980957 -48.61249923706055 0
vertex 54.50006103515625 -49.3125 0
endloop
endfacet
facet normal 0 0 -1
outer loop
vertex 46.868682861328125 -51.362449645996094 0
vertex 49.9500617980957 -48.61249923706055 0
vertex 66.50006103515625 -51.76249694824219 0
endloop
endfacet
facet normal 0 0 -1
outer loop
vertex 49.9500617980957 -48.61249923706055 0
vertex 54.50006103515625 -48.61249923706055 0
vertex 54.50006103515625 -49.3125 0
endloop
endfacet
facet normal 0 0 -1
outer loop
vertex 49.9500617980957 -48.61249923706055 0
vertex 46.8000602722168 -51.0625 0
vertex 49.9500617980957 -34.51249694824219 0
endloop
endfacet
facet normal 0 -1 0
outer loop
vertex 59.50006103515625 -34.51249694824219 0
vertex 64.05006408691406 -34.51249694824219 0
vertex 59.50006103515625 -34.51249694824219 3.549999952316284
endloop
endfacet
facet normal -1 0 0
outer loop
vertex 64.05006408691406 -34.51249694824219 0
vertex 64.05006408691406 -48.61249923706055 0
vertex 64.05006408691406 -34.51249694824219 5
endloop
endfacet
facet normal 0 0 -1
outer loop
vertex 46.868682861328125 -51.362449645996094 0
vertex 46.8000602722168 -51.0625 0
vertex 49.9500617980957 -48.61249923706055 0
endloop
endfacet
facet normal 0 -1 0
outer loop
vertex 59.50006103515625 -34.51249694824219 3.549999952316284
vertex 64.05006408691406 -34.51249694824219 0
vertex 64.05006408691406 -34.51249694824219 5
endloop
endfacet
facet normal 0 1 0
outer loop
vertex 54.50006103515625 -48.61249923706055 3.549999952316284
vertex 49.9500617980957 -48.61249923706055 0
vertex 49.9500617980957 -48.61249923706055 5
endloop
endfacet
facet normal 0 -1 0
outer loop
vertex 49.9500617980957 -34.51249694824219 0
vertex 54.50006103515625 -34.51249694824219 3.549999952316284
vertex 49.9500617980957 -34.51249694824219 5
endloop
endfacet
facet normal 0 0 1
outer loop
vertex 47.2435417175293 -51.712730407714844 5
vertex 46.8000602722168 -51.0625 5
vertex 46.868682861328125 -51.362449645996094 5
endloop
endfacet
facet normal 0 -1 0
outer loop
vertex 49.9500617980957 -34.51249694824219 0
vertex 54.50006103515625 -34.51249694824219 0
vertex 54.50006103515625 -34.51249694824219 3.549999952316284
endloop
endfacet
facet normal 1 0 0
outer loop
vertex 49.9500617980957 -48.61249923706055 5
vertex 49.9500617980957 -48.61249923706055 0
vertex 49.9500617980957 -34.51249694824219 0
endloop
endfacet
facet normal -1 0 0
outer loop
vertex 64.05006408691406 -34.51249694824219 5
vertex 64.05006408691406 -48.61249923706055 0
vertex 64.05006408691406 -48.61249923706055 5
endloop
endfacet
facet normal 0 0 1
outer loop
vertex 67.1502914428711 -51.31901931762695 5
vertex 64.05006408691406 -48.61249923706055 5
vertex 66.80001068115234 -51.693878173828125 5
endloop
endfacet
facet normal 0 0 1
outer loop
vertex 64.05006408691406 -48.61249923706055 5
vertex 66.50006103515625 -51.76249694824219 5
vertex 66.80001068115234 -51.693878173828125 5
endloop
endfacet
facet normal 0 0 1
outer loop
vertex 67.1502914428711 -51.31901931762695 5
vertex 64.05006408691406 -34.51249694824219 5
vertex 64.05006408691406 -48.61249923706055 5
endloop
endfacet
facet normal 0 0 1
outer loop
vertex 64.05006408691406 -48.61249923706055 5
vertex 47.2435417175293 -51.712730407714844 5
vertex 66.50006103515625 -51.76249694824219 5
endloop
endfacet
facet normal 0 1 0
outer loop
vertex 64.05006408691406 -48.61249923706055 5
vertex 54.50006103515625 -48.61249923706055 3.549999952316284
vertex 49.9500617980957 -48.61249923706055 5
endloop
endfacet
facet normal 0 1 0
outer loop
vertex 64.05006408691406 -48.61249923706055 5
vertex 59.50006103515625 -48.61249923706055 3.549999952316284
vertex 54.50006103515625 -48.61249923706055 3.549999952316284
endloop
endfacet
facet normal 0 0 1
outer loop
vertex 46.8000602722168 -51.0625 5
vertex 47.2435417175293 -51.712730407714844 5
vertex 49.9500617980957 -48.61249923706055 5
endloop
endfacet
facet normal 0 0 1
outer loop
vertex 49.9500617980957 -48.61249923706055 5
vertex 47.2435417175293 -51.712730407714844 5
vertex 64.05006408691406 -48.61249923706055 5
endloop
endfacet
facet normal 0 0 1
outer loop
vertex 47.23088455200195 -31.416322708129883 5
vertex 49.9500617980957 -34.51249694824219 5
vertex 66.75658416748047 -31.412267684936523 5
endloop
endfacet
facet normal 0 -1 0
outer loop
vertex 49.9500617980957 -34.51249694824219 5
vertex 54.50006103515625 -34.51249694824219 3.549999952316284
vertex 59.50006103515625 -34.51249694824219 3.549999952316284
endloop
endfacet
facet normal 0 0 1
outer loop
vertex 49.9500617980957 -34.51249694824219 5
vertex 47.23088455200195 -31.416322708129883 5
vertex 47.200111389160156 -31.43111801147461 5
endloop
endfacet
facet normal 0 0 1
outer loop
vertex 46.849830627441406 -31.80597686767578 5
vertex 49.9500617980957 -34.51249694824219 5
vertex 47.200111389160156 -31.43111801147461 5
endloop
endfacet
facet normal 0 0 1
outer loop
vertex 46.849830627441406 -31.80597686767578 5
vertex 49.9500617980957 -48.61249923706055 5
vertex 49.9500617980957 -34.51249694824219 5
endloop
endfacet
facet normal 1 0 0
outer loop
vertex 49.9500617980957 -48.61249923706055 5
vertex 49.9500617980957 -34.51249694824219 0
vertex 49.9500617980957 -34.51249694824219 5
endloop
endfacet
facet normal 1 0 0
outer loop
vertex 54.50006103515625 -49.3125 3.549999952316284
vertex 54.50006103515625 -48.61249923706055 0
vertex 54.50006103515625 -48.61249923706055 3.549999952316284
endloop
endfacet
facet normal 0 0 -1
outer loop
vertex 59.50006103515625 -49.3125 3.549999952316284
vertex 54.50006103515625 -49.3125 3.549999952316284
vertex 54.50006103515625 -48.61249923706055 3.549999952316284
endloop
endfacet
facet normal 0 0 -1
outer loop
vertex 59.50006103515625 -48.61249923706055 3.549999952316284
vertex 59.50006103515625 -49.3125 3.549999952316284
vertex 54.50006103515625 -48.61249923706055 3.549999952316284
endloop
endfacet
facet normal 1 0 0
outer loop
vertex 54.50006103515625 -34.51249694824219 3.549999952316284
vertex 54.50006103515625 -34.51249694824219 0
vertex 54.50006103515625 -33.8125 0
endloop
endfacet
facet normal 1 0 0
outer loop
vertex 54.50006103515625 -48.61249923706055 0
vertex 54.50006103515625 -49.3125 3.549999952316284
vertex 54.50006103515625 -49.3125 0
endloop
endfacet
facet normal 1 0 0
outer loop
vertex 54.50006103515625 -34.51249694824219 3.549999952316284
vertex 54.50006103515625 -33.8125 0
vertex 54.50006103515625 -33.8125 3.549999952316284
endloop
endfacet
facet normal 0 0 -1
outer loop
vertex 59.50006103515625 -34.51249694824219 3.549999952316284
vertex 54.50006103515625 -34.51249694824219 3.549999952316284
vertex 54.50006103515625 -33.8125 3.549999952316284
endloop
endfacet
facet normal 0 -1 0
outer loop
vertex 54.50006103515625 -33.8125 0
vertex 59.50006103515625 -33.8125 0
vertex 59.50006103515625 -33.8125 3.549999952316284
endloop
endfacet
facet normal -1 0 0
outer loop
vertex 59.50006103515625 -48.61249923706055 3.549999952316284
vertex 59.50006103515625 -49.3125 0
vertex 59.50006103515625 -49.3125 3.549999952316284
endloop
endfacet
facet normal 0 1 0
outer loop
vertex 59.50006103515625 -49.3125 0
vertex 54.50006103515625 -49.3125 3.549999952316284
vertex 59.50006103515625 -49.3125 3.549999952316284
endloop
endfacet
facet normal -1 0 0
outer loop
vertex 59.50006103515625 -48.61249923706055 0
vertex 59.50006103515625 -49.3125 0
vertex 59.50006103515625 -48.61249923706055 3.549999952316284
endloop
endfacet
facet normal 0 1 0
outer loop
vertex 59.50006103515625 -49.3125 0
vertex 54.50006103515625 -49.3125 0
vertex 54.50006103515625 -49.3125 3.549999952316284
endloop
endfacet
facet normal -1 0 0
outer loop
vertex 59.50006103515625 -33.8125 0
vertex 59.50006103515625 -34.51249694824219 0
vertex 59.50006103515625 -33.8125 3.549999952316284
endloop
endfacet
facet normal 0 0 -1
outer loop
vertex 59.50006103515625 -33.8125 3.549999952316284
vertex 59.50006103515625 -34.51249694824219 3.549999952316284
vertex 54.50006103515625 -33.8125 3.549999952316284
endloop
endfacet
facet normal 0 -1 0
outer loop
vertex 54.50006103515625 -33.8125 3.549999952316284
vertex 54.50006103515625 -33.8125 0
vertex 59.50006103515625 -33.8125 3.549999952316284
endloop
endfacet
facet normal -1 0 0
outer loop
vertex 59.50006103515625 -33.8125 3.549999952316284
vertex 59.50006103515625 -34.51249694824219 0
vertex 59.50006103515625 -34.51249694824219 3.549999952316284
endloop
endfacet
facet normal 0 1 0
outer loop
vertex 16.75006103515625 -49.3125 0
vertex 11.750061988830566 -49.3125 0
vertex 11.750061988830566 -49.3125 3.549999952316284
endloop
endfacet
facet normal -1 0 0
outer loop
vertex 16.75006103515625 -48.61249923706055 0
vertex 16.75006103515625 -49.3125 0
vertex 16.75006103515625 -48.61249923706055 3.549999952316284
endloop
endfacet
facet normal 1 0 0
outer loop
vertex 11.750061988830566 -49.3125 3.549999952316284
vertex 11.750061988830566 -48.61249923706055 0
vertex 11.750061988830566 -48.61249923706055 3.549999952316284
endloop
endfacet
facet normal -1 0 0
outer loop
vertex 16.75006103515625 -33.8125 3.549999952316284
vertex 16.75006103515625 -34.51249694824219 0
vertex 16.75006103515625 -34.51249694824219 3.549999952316284
endloop
endfacet
facet normal 0 -1 0
outer loop
vertex 11.750061988830566 -33.8125 3.549999952316284
vertex 11.750061988830566 -33.8125 0
vertex 16.75006103515625 -33.8125 3.549999952316284
endloop
endfacet
facet normal 1 0 0
outer loop
vertex 11.750061988830566 -34.51249694824219 3.549999952316284
vertex 11.750061988830566 -33.8125 0
vertex 11.750061988830566 -33.8125 3.549999952316284
endloop
endfacet
facet normal 0 1 0
outer loop
vertex 16.75006103515625 -49.3125 0
vertex 11.750061988830566 -49.3125 3.549999952316284
vertex 16.75006103515625 -49.3125 3.549999952316284
endloop
endfacet
facet normal -1 0 0
outer loop
vertex 16.75006103515625 -33.8125 0
vertex 16.75006103515625 -34.51249694824219 0
vertex 16.75006103515625 -33.8125 3.549999952316284
endloop
endfacet
facet normal 0 -1 0
outer loop
vertex 11.750061988830566 -33.8125 0
vertex 16.75006103515625 -33.8125 0
vertex 16.75006103515625 -33.8125 3.549999952316284
endloop
endfacet
facet normal 1 0 0
outer loop
vertex 11.750061988830566 -34.51249694824219 3.549999952316284
vertex 11.750061988830566 -34.51249694824219 0
vertex 11.750061988830566 -33.8125 0
endloop
endfacet
facet normal 1 0 0
outer loop
vertex 11.750061988830566 -48.61249923706055 0
vertex 11.750061988830566 -49.3125 3.549999952316284
vertex 11.750061988830566 -49.3125 0
endloop
endfacet
facet normal 0 0 -1
outer loop
vertex 16.75006103515625 -33.8125 3.549999952316284
vertex 16.75006103515625 -34.51249694824219 3.549999952316284
vertex 11.750061988830566 -33.8125 3.549999952316284
endloop
endfacet
facet normal 0 0 -1
outer loop
vertex 11.750061988830566 -33.8125 3.549999952316284
vertex 16.75006103515625 -34.51249694824219 3.549999952316284
vertex 11.750061988830566 -34.51249694824219 3.549999952316284
endloop
endfacet
facet normal 0 0 -1
outer loop
vertex 16.75006103515625 -48.61249923706055 3.549999952316284
vertex 16.75006103515625 -49.3125 3.549999952316284
vertex 11.750061988830566 -48.61249923706055 3.549999952316284
endloop
endfacet
facet normal 0 0 -1
outer loop
vertex 16.75006103515625 -49.3125 3.549999952316284
vertex 11.750061988830566 -49.3125 3.549999952316284
vertex 11.750061988830566 -48.61249923706055 3.549999952316284
endloop
endfacet
facet normal -1 0 0
outer loop
vertex 16.75006103515625 -48.61249923706055 3.549999952316284
vertex 16.75006103515625 -49.3125 0
vertex 16.75006103515625 -49.3125 3.549999952316284
endloop
endfacet
facet normal 0 -1 0
outer loop
vertex -7.249938488006592 -33.8125 3.549999952316284
vertex -7.249938488006592 -33.8125 0
vertex -2.249938488006592 -33.8125 3.549999952316284
endloop
endfacet
facet normal -1 0 0
outer loop
vertex -2.249938488006592 -48.61249923706055 3.549999952316284
vertex -2.249938488006592 -49.3125 0
vertex -2.249938488006592 -49.3125 3.549999952316284
endloop
endfacet
facet normal 0 0 -1
outer loop
vertex -2.249938488006592 -49.3125 3.549999952316284
vertex -7.249938488006592 -49.3125 3.549999952316284
vertex -7.249938488006592 -48.61249923706055 3.549999952316284
endloop
endfacet
facet normal 0 0 -1
outer loop
vertex -2.249938488006592 -48.61249923706055 3.549999952316284
vertex -2.249938488006592 -49.3125 3.549999952316284
vertex -7.249938488006592 -48.61249923706055 3.549999952316284
endloop
endfacet
facet normal 0 0 -1
outer loop
vertex -7.249938488006592 -33.8125 3.549999952316284
vertex -2.249938488006592 -34.51249694824219 3.549999952316284
vertex -7.249938488006592 -34.51249694824219 3.549999952316284
endloop
endfacet
facet normal 0 0 -1
outer loop
vertex -2.249938488006592 -33.8125 3.549999952316284
vertex -2.249938488006592 -34.51249694824219 3.549999952316284
vertex -7.249938488006592 -33.8125 3.549999952316284
endloop
endfacet
facet normal -1 0 0
outer loop
vertex -2.249938488006592 -33.8125 3.549999952316284
vertex -2.249938488006592 -34.51249694824219 0
vertex -2.249938488006592 -34.51249694824219 3.549999952316284
endloop
endfacet
facet normal 1 0 0
outer loop
vertex -7.249938488006592 -48.61249923706055 0
vertex -7.249938488006592 -49.3125 3.549999952316284
vertex -7.249938488006592 -49.3125 0
endloop
endfacet
facet normal 1 0 0
outer loop
vertex -7.249938488006592 -34.51249694824219 3.549999952316284
vertex -7.249938488006592 -33.8125 0
vertex -7.249938488006592 -33.8125 3.549999952316284
endloop
endfacet
facet normal -1 0 0
outer loop
vertex -2.249938488006592 -33.8125 0
vertex -2.249938488006592 -34.51249694824219 0
vertex -2.249938488006592 -33.8125 3.549999952316284
endloop
endfacet
facet normal 0 -1 0
outer loop
vertex -7.249938488006592 -33.8125 0
vertex -2.249938488006592 -33.8125 0
vertex -2.249938488006592 -33.8125 3.549999952316284
endloop
endfacet
facet normal 1 0 0
outer loop
vertex -7.249938488006592 -34.51249694824219 3.549999952316284
vertex -7.249938488006592 -34.51249694824219 0
vertex -7.249938488006592 -33.8125 0
endloop
endfacet
facet normal 0 1 0
outer loop
vertex -7.249938488006592 -49.3125 0
vertex -7.249938488006592 -49.3125 3.549999952316284
vertex -2.249938488006592 -49.3125 0
endloop
endfacet
facet normal -1 0 0
outer loop
vertex -2.249938488006592 -48.61249923706055 0
vertex -2.249938488006592 -49.3125 0
vertex -2.249938488006592 -48.61249923706055 3.549999952316284
endloop
endfacet
facet normal 1 0 0
outer loop
vertex -7.249938488006592 -49.3125 3.549999952316284
vertex -7.249938488006592 -48.61249923706055 0
vertex -7.249938488006592 -48.61249923706055 3.549999952316284
endloop
endfacet
facet normal 0 1 0
outer loop
vertex -2.249938488006592 -49.3125 0
vertex -7.249938488006592 -49.3125 3.549999952316284
vertex -2.249938488006592 -49.3125 3.549999952316284
endloop
endfacet
facet normal 0 1 0
outer loop
vertex -21.24993896484375 -49.3125 0
vertex -26.24993896484375 -49.3125 3.549999952316284
vertex -21.24993896484375 -49.3125 3.549999952316284
endloop
endfacet
facet normal 1 0 0
outer loop
vertex -26.24993896484375 -48.61249923706055 0
vertex -26.24993896484375 -49.3125 3.549999952316284
vertex -26.24993896484375 -49.3125 0
endloop
endfacet
facet normal 0 1 0
outer loop
vertex -26.24993896484375 -49.3125 0
vertex -26.24993896484375 -49.3125 3.549999952316284
vertex -21.24993896484375 -49.3125 0
endloop
endfacet
facet normal -1 0 0
outer loop
vertex -21.24993896484375 -49.3125 0
vertex -21.24993896484375 -48.61249923706055 3.549999952316284
vertex -21.24993896484375 -48.61249923706055 0
endloop
endfacet
facet normal -1 0 0
outer loop
vertex -21.24993896484375 -48.61249923706055 3.549999952316284
vertex -21.24993896484375 -49.3125 0
vertex -21.24993896484375 -49.3125 3.549999952316284
endloop
endfacet
facet normal 1 0 0
outer loop
vertex -26.24993896484375 -49.3125 3.549999952316284
vertex -26.24993896484375 -48.61249923706055 0
vertex -26.24993896484375 -48.61249923706055 3.549999952316284
endloop
endfacet
facet normal -1 0 0
outer loop
vertex -21.24993896484375 -33.8125 3.549999952316284
vertex -21.24993896484375 -34.51249694824219 0
vertex -21.24993896484375 -34.51249694824219 3.549999952316284
endloop
endfacet
facet normal 0 -1 0
outer loop
vertex -26.24993896484375 -33.8125 3.549999952316284
vertex -26.24993896484375 -33.8125 0
vertex -21.24993896484375 -33.8125 3.549999952316284
endloop
endfacet
facet normal 1 0 0
outer loop
vertex -26.24993896484375 -34.51249694824219 3.549999952316284
vertex -26.24993896484375 -33.8125 0
vertex -26.24993896484375 -33.8125 3.549999952316284
endloop
endfacet
facet normal -1 0 0
outer loop
vertex -21.24993896484375 -33.8125 0
vertex -21.24993896484375 -34.51249694824219 0
vertex -21.24993896484375 -33.8125 3.549999952316284
endloop
endfacet
facet normal 0 -1 0
outer loop
vertex -26.24993896484375 -33.8125 0
vertex -21.24993896484375 -33.8125 0
vertex -21.24993896484375 -33.8125 3.549999952316284
endloop
endfacet
facet normal 0 0 -1
outer loop
vertex -21.24993896484375 -33.8125 3.549999952316284
vertex -21.24993896484375 -34.51249694824219 3.549999952316284
vertex -26.24993896484375 -33.8125 3.549999952316284
endloop
endfacet
facet normal 0 0 -1
outer loop
vertex -26.24993896484375 -33.8125 3.549999952316284
vertex -21.24993896484375 -34.51249694824219 3.549999952316284
vertex -26.24993896484375 -34.51249694824219 3.549999952316284
endloop
endfacet
facet normal 0 0 -1
outer loop
vertex -21.24993896484375 -48.61249923706055 3.549999952316284
vertex -21.24993896484375 -49.3125 3.549999952316284
vertex -26.24993896484375 -48.61249923706055 3.549999952316284
endloop
endfacet
facet normal 0 0 -1
outer loop
vertex -21.24993896484375 -49.3125 3.549999952316284
vertex -26.24993896484375 -49.3125 3.549999952316284
vertex -26.24993896484375 -48.61249923706055 3.549999952316284
endloop
endfacet
facet normal 1 0 0
outer loop
vertex -26.24993896484375 -34.51249694824219 3.549999952316284
vertex -26.24993896484375 -34.51249694824219 0
vertex -26.24993896484375 -33.8125 0
endloop
endfacet
facet normal 0 0 -1
outer loop
vertex -40.24993896484375 -48.61249923706055 3.549999952316284
vertex -40.24993896484375 -49.3125 3.549999952316284
vertex -45.24993896484375 -48.61249923706055 3.549999952316284
endloop
endfacet
facet normal 1 0 0
outer loop
vertex -45.24993896484375 -48.61249923706055 0
vertex -45.24993896484375 -49.3125 3.549999952316284
vertex -45.24993896484375 -49.3125 0
endloop
endfacet
facet normal 0 1 0
outer loop
vertex -40.24993896484375 -49.3125 0
vertex -45.24993896484375 -49.3125 3.549999952316284
vertex -40.24993896484375 -49.3125 3.549999952316284
endloop
endfacet
facet normal 1 0 0
outer loop
vertex -45.24993896484375 -49.3125 3.549999952316284
vertex -45.24993896484375 -48.61249923706055 0
vertex -45.24993896484375 -48.61249923706055 3.549999952316284
endloop
endfacet
facet normal -1 0 0
outer loop
vertex -40.24993896484375 -48.61249923706055 0
vertex -40.24993896484375 -49.3125 0
vertex -40.24993896484375 -48.61249923706055 3.549999952316284
endloop
endfacet
facet normal 0 0 -1
outer loop
vertex -40.24993896484375 -49.3125 3.549999952316284
vertex -45.24993896484375 -49.3125 3.549999952316284
vertex -45.24993896484375 -48.61249923706055 3.549999952316284
endloop
endfacet
facet normal -1 0 0
outer loop
vertex -40.24993896484375 -33.8125 3.549999952316284
vertex -40.24993896484375 -34.51249694824219 0
vertex -40.24993896484375 -34.51249694824219 3.549999952316284
endloop
endfacet
facet normal 0 -1 0
outer loop
vertex -45.24993896484375 -33.8125 3.549999952316284
vertex -45.24993896484375 -33.8125 0
vertex -40.24993896484375 -33.8125 3.549999952316284
endloop
endfacet
facet normal 1 0 0
outer loop
vertex -45.24993896484375 -34.51249694824219 3.549999952316284
vertex -45.24993896484375 -33.8125 0
vertex -45.24993896484375 -33.8125 3.549999952316284
endloop
endfacet
facet normal -1 0 0
outer loop
vertex -40.24993896484375 -33.8125 0
vertex -40.24993896484375 -34.51249694824219 0
vertex -40.24993896484375 -33.8125 3.549999952316284
endloop
endfacet
facet normal 0 -1 0
outer loop
vertex -45.24993896484375 -33.8125 0
vertex -40.24993896484375 -33.8125 0
vertex -40.24993896484375 -33.8125 3.549999952316284
endloop
endfacet
facet normal 0 0 -1
outer loop
vertex -40.24993896484375 -33.8125 3.549999952316284
vertex -40.24993896484375 -34.51249694824219 3.549999952316284
vertex -45.24993896484375 -33.8125 3.549999952316284
endloop
endfacet
facet normal -1 0 0
outer loop
vertex -40.24993896484375 -48.61249923706055 3.549999952316284
vertex -40.24993896484375 -49.3125 0
vertex -40.24993896484375 -49.3125 3.549999952316284
endloop
endfacet
facet normal 0 1 0
outer loop
vertex -45.24993896484375 -49.3125 0
vertex -45.24993896484375 -49.3125 3.549999952316284
vertex -40.24993896484375 -49.3125 0
endloop
endfacet
facet normal 0 0 -1
outer loop
vertex -45.24993896484375 -33.8125 3.549999952316284
vertex -40.24993896484375 -34.51249694824219 3.549999952316284
vertex -45.24993896484375 -34.51249694824219 3.549999952316284
endloop
endfacet
facet normal 1 0 0
outer loop
vertex -45.24993896484375 -34.51249694824219 3.549999952316284
vertex -45.24993896484375 -34.51249694824219 0
vertex -45.24993896484375 -33.8125 0
endloop
endfacet
facet normal 1 0 0
outer loop
vertex 54.50006103515625 -22.487499237060547 0
vertex 54.50006103515625 -23.187498092651367 3.549999952316284
vertex 54.50006103515625 -23.187498092651367 0
endloop
endfacet
facet normal 0 0 -1
outer loop
vertex 59.50006103515625 -8.38749885559082 3.549999952316284
vertex 54.50006103515625 -8.38749885559082 3.549999952316284
vertex 54.50006103515625 -7.687498569488525 3.549999952316284
endloop
endfacet
facet normal 1 0 0
outer loop
vertex 54.50006103515625 -8.38749885559082 3.549999952316284
vertex 54.50006103515625 -7.687498569488525 0
vertex 54.50006103515625 -7.687498569488525 3.549999952316284
endloop
endfacet
facet normal 1 0 0
outer loop
vertex 54.50006103515625 -23.187498092651367 3.549999952316284
vertex 54.50006103515625 -22.487499237060547 0
vertex 54.50006103515625 -22.487499237060547 3.549999952316284
endloop
endfacet
facet normal 0 1 0
outer loop
vertex 59.50006103515625 -23.187498092651367 0
vertex 54.50006103515625 -23.187498092651367 0
vertex 54.50006103515625 -23.187498092651367 3.549999952316284
endloop
endfacet
facet normal -1 0 0
outer loop
vertex 59.50006103515625 -22.487499237060547 0
vertex 59.50006103515625 -23.187498092651367 0
vertex 59.50006103515625 -22.487499237060547 3.549999952316284
endloop
endfacet
facet normal 0 0 -1
outer loop
vertex 59.50006103515625 -7.687498569488525 3.549999952316284
vertex 59.50006103515625 -8.38749885559082 3.549999952316284
vertex 54.50006103515625 -7.687498569488525 3.549999952316284
endloop
endfacet
facet normal 1 0 0
outer loop
vertex 54.50006103515625 -8.38749885559082 3.549999952316284
vertex 54.50006103515625 -8.38749885559082 0
vertex 54.50006103515625 -7.687498569488525 0
endloop
endfacet
facet normal 0 1 0
outer loop
vertex 59.50006103515625 -23.187498092651367 0
vertex 54.50006103515625 -23.187498092651367 3.549999952316284
vertex 59.50006103515625 -23.187498092651367 3.549999952316284
endloop
endfacet
facet normal -1 0 0
outer loop
vertex 59.50006103515625 -7.687498569488525 3.549999952316284
vertex 59.50006103515625 -8.38749885559082 0
vertex 59.50006103515625 -8.38749885559082 3.549999952316284
endloop
endfacet
facet normal 0 -1 0
outer loop
vertex 54.50006103515625 -7.687498569488525 3.549999952316284
vertex 54.50006103515625 -7.687498569488525 0
vertex 59.50006103515625 -7.687498569488525 3.549999952316284
endloop
endfacet
facet normal -1 0 0
outer loop
vertex 59.50006103515625 -7.687498569488525 0
vertex 59.50006103515625 -8.38749885559082 0
vertex 59.50006103515625 -7.687498569488525 3.549999952316284
endloop
endfacet
facet normal 0 -1 0
outer loop
vertex 54.50006103515625 -7.687498569488525 0
vertex 59.50006103515625 -7.687498569488525 0
vertex 59.50006103515625 -7.687498569488525 3.549999952316284
endloop
endfacet
facet normal -1 0 0
outer loop
vertex 59.50006103515625 -22.487499237060547 3.549999952316284
vertex 59.50006103515625 -23.187498092651367 0
vertex 59.50006103515625 -23.187498092651367 3.549999952316284
endloop
endfacet
facet normal 0 0 -1
outer loop
vertex 59.50006103515625 -22.487499237060547 3.549999952316284
vertex 59.50006103515625 -23.187498092651367 3.549999952316284
vertex 54.50006103515625 -22.487499237060547 3.549999952316284
endloop
endfacet
facet normal 0 0 -1
outer loop
vertex 59.50006103515625 -23.187498092651367 3.549999952316284
vertex 54.50006103515625 -23.187498092651367 3.549999952316284
vertex 54.50006103515625 -22.487499237060547 3.549999952316284
endloop
endfacet
facet normal 1 0 0
outer loop
vertex 35.50006103515625 -8.38749885559082 3.549999952316284
vertex 35.50006103515625 -8.38749885559082 0
vertex 35.50006103515625 -7.687498569488525 0
endloop
endfacet
facet normal 0 1 0
outer loop
vertex 40.50006103515625 -23.187498092651367 0
vertex 35.50006103515625 -23.187498092651367 3.549999952316284
vertex 40.50006103515625 -23.187498092651367 3.549999952316284
endloop
endfacet
facet normal 1 0 0
outer loop
vertex 35.50006103515625 -23.187498092651367 3.549999952316284
vertex 35.50006103515625 -22.487499237060547 0
vertex 35.50006103515625 -22.487499237060547 3.549999952316284
endloop
endfacet
facet normal 0 0 -1
outer loop
vertex 40.50006103515625 -23.187498092651367 3.549999952316284
vertex 35.50006103515625 -23.187498092651367 3.549999952316284
vertex 35.50006103515625 -22.487499237060547 3.549999952316284
endloop
endfacet
facet normal 0 1 0
outer loop
vertex 35.50006103515625 -23.187498092651367 0
vertex 35.50006103515625 -23.187498092651367 3.549999952316284
vertex 40.50006103515625 -23.187498092651367 0
endloop
endfacet
facet normal 0 -1 0
outer loop
vertex 35.50006103515625 -7.687498569488525 3.549999952316284
vertex 35.50006103515625 -7.687498569488525 0
vertex 40.50006103515625 -7.687498569488525 3.549999952316284
endloop
endfacet
facet normal 0 0 -1
outer loop
vertex 40.50006103515625 -7.687498569488525 3.549999952316284
vertex 40.50006103515625 -8.38749885559082 3.549999952316284
vertex 35.50006103515625 -7.687498569488525 3.549999952316284
endloop
endfacet
facet normal -1 0 0
outer loop
vertex 40.50006103515625 -22.487499237060547 0
vertex 40.50006103515625 -23.187498092651367 0
vertex 40.50006103515625 -22.487499237060547 3.549999952316284
endloop
endfacet
facet normal 1 0 0
outer loop
vertex 35.50006103515625 -22.487499237060547 0
vertex 35.50006103515625 -23.187498092651367 3.549999952316284
vertex 35.50006103515625 -23.187498092651367 0
endloop
endfacet
facet normal 0 -1 0
outer loop
vertex 40.50006103515625 -7.687498569488525 3.549999952316284
vertex 35.50006103515625 -7.687498569488525 0
vertex 40.50006103515625 -7.687498569488525 0
endloop
endfacet
facet normal 0 0 -1
outer loop
vertex 40.50006103515625 -22.487499237060547 3.549999952316284
vertex 40.50006103515625 -23.187498092651367 3.549999952316284
vertex 35.50006103515625 -22.487499237060547 3.549999952316284
endloop
endfacet
facet normal -1 0 0
outer loop
vertex 40.50006103515625 -7.687498569488525 0
vertex 40.50006103515625 -8.38749885559082 0
vertex 40.50006103515625 -7.687498569488525 3.549999952316284
endloop
endfacet
facet normal 1 0 0
outer loop
vertex 35.50006103515625 -8.38749885559082 3.549999952316284
vertex 35.50006103515625 -7.687498569488525 0
vertex 35.50006103515625 -7.687498569488525 3.549999952316284
endloop
endfacet
facet normal -1 0 0
outer loop
vertex 40.50006103515625 -7.687498569488525 3.549999952316284
vertex 40.50006103515625 -8.38749885559082 0
vertex 40.50006103515625 -8.38749885559082 3.549999952316284
endloop
endfacet
facet normal 0 0 -1
outer loop
vertex 35.50006103515625 -7.687498569488525 3.549999952316284
vertex 40.50006103515625 -8.38749885559082 3.549999952316284
vertex 35.50006103515625 -8.38749885559082 3.549999952316284
endloop
endfacet
facet normal -1 0 0
outer loop
vertex 40.50006103515625 -22.487499237060547 3.549999952316284
vertex 40.50006103515625 -23.187498092651367 0
vertex 40.50006103515625 -23.187498092651367 3.549999952316284
endloop
endfacet
facet normal 0 1 0
outer loop
vertex 16.50006103515625 -23.187498092651367 0
vertex 16.50006103515625 -23.187498092651367 3.549999952316284
vertex 21.50006103515625 -23.187498092651367 0
endloop
endfacet
facet normal 0 0 -1
outer loop
vertex 21.50006103515625 -23.187498092651367 3.549999952316284
vertex 16.50006103515625 -23.187498092651367 3.549999952316284
vertex 16.50006103515625 -22.487499237060547 3.549999952316284
endloop
endfacet
facet normal -1 0 0
outer loop
vertex 21.50006103515625 -7.687498569488525 3.549999952316284
vertex 21.50006103515625 -8.38749885559082 0
vertex 21.50006103515625 -8.38749885559082 3.549999952316284
endloop
endfacet
facet normal -1 0 0
outer loop
vertex 21.50006103515625 -7.687498569488525 0
vertex 21.50006103515625 -8.38749885559082 0
vertex 21.50006103515625 -7.687498569488525 3.549999952316284
endloop
endfacet
facet normal 0 -1 0
outer loop
vertex 21.50006103515625 -7.687498569488525 3.549999952316284
vertex 16.50006103515625 -7.687498569488525 0
vertex 21.50006103515625 -7.687498569488525 0
endloop
endfacet
facet normal 0 0 -1
outer loop
vertex 21.50006103515625 -7.687498569488525 3.549999952316284
vertex 21.50006103515625 -8.38749885559082 3.549999952316284
vertex 16.50006103515625 -7.687498569488525 3.549999952316284
endloop
endfacet
facet normal 0 0 -1
outer loop
vertex 21.50006103515625 -22.487499237060547 3.549999952316284
vertex 21.50006103515625 -23.187498092651367 3.549999952316284
vertex 16.50006103515625 -22.487499237060547 3.549999952316284
endloop
endfacet
facet normal 1 0 0
outer loop
vertex 16.50006103515625 -22.487499237060547 0
vertex 16.50006103515625 -23.187498092651367 3.549999952316284
vertex 16.50006103515625 -23.187498092651367 0
endloop
endfacet
facet normal -1 0 0
outer loop
vertex 21.50006103515625 -22.487499237060547 3.549999952316284
vertex 21.50006103515625 -23.187498092651367 0
vertex 21.50006103515625 -23.187498092651367 3.549999952316284
endloop
endfacet
facet normal 1 0 0
outer loop
vertex 16.50006103515625 -23.187498092651367 3.549999952316284
vertex 16.50006103515625 -22.487499237060547 0
vertex 16.50006103515625 -22.487499237060547 3.549999952316284
endloop
endfacet
facet normal 0 1 0
outer loop
vertex 21.50006103515625 -23.187498092651367 0
vertex 16.50006103515625 -23.187498092651367 3.549999952316284
vertex 21.50006103515625 -23.187498092651367 3.549999952316284
endloop
endfacet
facet normal -1 0 0
outer loop
vertex 21.50006103515625 -22.487499237060547 0
vertex 21.50006103515625 -23.187498092651367 0
vertex 21.50006103515625 -22.487499237060547 3.549999952316284
endloop
endfacet
facet normal 0 -1 0
outer loop
vertex 16.50006103515625 -7.687498569488525 3.549999952316284
vertex 16.50006103515625 -7.687498569488525 0
vertex 21.50006103515625 -7.687498569488525 3.549999952316284
endloop
endfacet
facet normal 0 0 -1
outer loop
vertex 16.50006103515625 -7.687498569488525 3.549999952316284
vertex 21.50006103515625 -8.38749885559082 3.549999952316284
vertex 16.50006103515625 -8.38749885559082 3.549999952316284
endloop
endfacet
facet normal 1 0 0
outer loop
vertex 16.50006103515625 -8.38749885559082 3.549999952316284
vertex 16.50006103515625 -7.687498569488525 0
vertex 16.50006103515625 -7.687498569488525 3.549999952316284
endloop
endfacet
facet normal 1 0 0
outer loop
vertex 16.50006103515625 -8.38749885559082 3.549999952316284
vertex 16.50006103515625 -8.38749885559082 0
vertex 16.50006103515625 -7.687498569488525 0
endloop
endfacet
facet normal 0 1 0
outer loop
vertex 2.500061511993408 -23.187498092651367 0
vertex -2.499938488006592 -23.187498092651367 0
vertex -2.499938488006592 -23.187498092651367 3.549999952316284
endloop
endfacet
facet normal -1 0 0
outer loop
vertex 2.500061511993408 -7.687498569488525 3.549999952316284
vertex 2.500061511993408 -8.38749885559082 0
vertex 2.500061511993408 -8.38749885559082 3.549999952316284
endloop
endfacet
facet normal -1 0 0
outer loop
vertex 2.500061511993408 -7.687498569488525 0
vertex 2.500061511993408 -8.38749885559082 0
vertex 2.500061511993408 -7.687498569488525 3.549999952316284
endloop
endfacet
facet normal 0 -1 0
outer loop
vertex 2.500061511993408 -7.687498569488525 3.549999952316284
vertex -2.499938488006592 -7.687498569488525 0
vertex 2.500061511993408 -7.687498569488525 0
endloop
endfacet
facet normal 1 0 0
outer loop
vertex -2.499938488006592 -23.187498092651367 3.549999952316284
vertex -2.499938488006592 -22.487499237060547 0
vertex -2.499938488006592 -22.487499237060547 3.549999952316284
endloop
endfacet
facet normal 0 0 -1
outer loop
vertex -2.499938488006592 -7.687498569488525 3.549999952316284
vertex 2.500061511993408 -8.38749885559082 3.549999952316284
vertex -2.499938488006592 -8.38749885559082 3.549999952316284
endloop
endfacet
facet normal 0 0 -1
outer loop
vertex 2.500061511993408 -8.38749885559082 3.549999952316284
vertex -2.499938488006592 -7.687498569488525 3.549999952316284
vertex 2.500061511993408 -7.687498569488525 3.549999952316284
endloop
endfacet
facet normal 1 0 0
outer loop
vertex -2.499938488006592 -8.38749885559082 3.549999952316284
vertex -2.499938488006592 -8.38749885559082 0
vertex -2.499938488006592 -7.687498569488525 0
endloop
endfacet
facet normal 1 0 0
outer loop
vertex -2.499938488006592 -22.487499237060547 0
vertex -2.499938488006592 -23.187498092651367 3.549999952316284
vertex -2.499938488006592 -23.187498092651367 0
endloop
endfacet
facet normal -1 0 0
outer loop
vertex 2.500061511993408 -22.487499237060547 3.549999952316284
vertex 2.500061511993408 -23.187498092651367 0
vertex 2.500061511993408 -23.187498092651367 3.549999952316284
endloop
endfacet
facet normal 0 1 0
outer loop
vertex 2.500061511993408 -23.187498092651367 0
vertex -2.499938488006592 -23.187498092651367 3.549999952316284
vertex 2.500061511993408 -23.187498092651367 3.549999952316284
endloop
endfacet
facet normal -1 0 0
outer loop
vertex 2.500061511993408 -22.487499237060547 0
vertex 2.500061511993408 -23.187498092651367 0
vertex 2.500061511993408 -22.487499237060547 3.549999952316284
endloop
endfacet
facet normal 1 0 0
outer loop
vertex -2.499938488006592 -8.38749885559082 3.549999952316284
vertex -2.499938488006592 -7.687498569488525 0
vertex -2.499938488006592 -7.687498569488525 3.549999952316284
endloop
endfacet
facet normal 0 0 -1
outer loop
vertex 2.500061511993408 -23.187498092651367 3.549999952316284
vertex -2.499938488006592 -22.487499237060547 3.549999952316284
vertex 2.500061511993408 -22.487499237060547 3.549999952316284
endloop
endfacet
facet normal 0 0 -1
outer loop
vertex -2.499938488006592 -23.187498092651367 3.549999952316284
vertex -2.499938488006592 -22.487499237060547 3.549999952316284
vertex 2.500061511993408 -23.187498092651367 3.549999952316284
endloop
endfacet
facet normal 0 -1 0
outer loop
vertex -2.499938488006592 -7.687498569488525 3.549999952316284
vertex -2.499938488006592 -7.687498569488525 0
vertex 2.500061511993408 -7.687498569488525 3.549999952316284
endloop
endfacet
facet normal 0 1 0
outer loop
vertex -16.49993896484375 -23.187498092651367 0
vertex -21.49993896484375 -23.187498092651367 0
vertex -21.49993896484375 -23.187498092651367 3.549999952316284
endloop
endfacet
facet normal 0 0 -1
outer loop
vertex -21.49993896484375 -7.687498569488525 3.549999952316284
vertex -16.49993896484375 -8.38749885559082 3.549999952316284
vertex -21.49993896484375 -8.38749885559082 3.549999952316284
endloop
endfacet
facet normal 0 0 -1
outer loop
vertex -16.49993896484375 -23.187498092651367 3.549999952316284
vertex -21.49993896484375 -23.187498092651367 3.549999952316284
vertex -21.49993896484375 -22.487499237060547 3.549999952316284
endloop
endfacet
facet normal 0 0 -1
outer loop
vertex -16.49993896484375 -7.687498569488525 3.549999952316284
vertex -16.49993896484375 -8.38749885559082 3.549999952316284
vertex -21.49993896484375 -7.687498569488525 3.549999952316284
endloop
endfacet
facet normal 1 0 0
outer loop
vertex -21.49993896484375 -8.38749885559082 3.549999952316284
vertex -21.49993896484375 -8.38749885559082 0
vertex -21.49993896484375 -7.687498569488525 0
endloop
endfacet
facet normal 1 0 0
outer loop
vertex -21.49993896484375 -8.38749885559082 3.549999952316284
vertex -21.49993896484375 -7.687498569488525 0
vertex -21.49993896484375 -7.687498569488525 3.549999952316284
endloop
endfacet
facet normal 0 -1 0
outer loop
vertex -21.49993896484375 -7.687498569488525 3.549999952316284
vertex -21.49993896484375 -7.687498569488525 0
vertex -16.49993896484375 -7.687498569488525 3.549999952316284
endloop
endfacet
facet normal -1 0 0
outer loop
vertex -16.49993896484375 -22.487499237060547 0
vertex -16.49993896484375 -23.187498092651367 0
vertex -16.49993896484375 -22.487499237060547 3.549999952316284
endloop
endfacet
facet normal 0 1 0
outer loop
vertex -16.49993896484375 -23.187498092651367 0
vertex -21.49993896484375 -23.187498092651367 3.549999952316284
vertex -16.49993896484375 -23.187498092651367 3.549999952316284
endloop
endfacet
facet normal -1 0 0
outer loop
vertex -16.49993896484375 -22.487499237060547 3.549999952316284
vertex -16.49993896484375 -23.187498092651367 0
vertex -16.49993896484375 -23.187498092651367 3.549999952316284
endloop
endfacet
facet normal 0 -1 0
outer loop
vertex -16.49993896484375 -7.687498569488525 3.549999952316284
vertex -21.49993896484375 -7.687498569488525 0
vertex -16.49993896484375 -7.687498569488525 0
endloop
endfacet
facet normal 0 0 -1
outer loop
vertex -16.49993896484375 -22.487499237060547 3.549999952316284
vertex -16.49993896484375 -23.187498092651367 3.549999952316284
vertex -21.49993896484375 -22.487499237060547 3.549999952316284
endloop
endfacet
facet normal -1 0 0
outer loop
vertex -16.49993896484375 -7.687498569488525 0
vertex -16.49993896484375 -8.38749885559082 0
vertex -16.49993896484375 -7.687498569488525 3.549999952316284
endloop
endfacet
facet normal -1 0 0
outer loop
vertex -16.49993896484375 -7.687498569488525 3.549999952316284
vertex -16.49993896484375 -8.38749885559082 0
vertex -16.49993896484375 -8.38749885559082 3.549999952316284
endloop
endfacet
facet normal 1 0 0
outer loop
vertex -21.49993896484375 -22.487499237060547 0
vertex -21.49993896484375 -23.187498092651367 3.549999952316284
vertex -21.49993896484375 -23.187498092651367 0
endloop
endfacet
facet normal 1 0 0
outer loop
vertex -21.49993896484375 -23.187498092651367 3.549999952316284
vertex -21.49993896484375 -22.487499237060547 0
vertex -21.49993896484375 -22.487499237060547 3.549999952316284
endloop
endfacet
facet normal -1 0 0
outer loop
vertex -35.49993896484375 -7.687498569488525 0
vertex -35.49993896484375 -8.38749885559082 0
vertex -35.49993896484375 -7.687498569488525 3.549999952316284
endloop
endfacet
facet normal -1 0 0
outer loop
vertex -35.49993896484375 -22.487499237060547 0
vertex -35.49993896484375 -23.187498092651367 0
vertex -35.49993896484375 -22.487499237060547 3.549999952316284
endloop
endfacet
facet normal 0 0 -1
outer loop
vertex -40.49993896484375 -7.687498569488525 3.549999952316284
vertex -35.49993896484375 -8.38749885559082 3.549999952316284
vertex -40.49993896484375 -8.38749885559082 3.549999952316284
endloop
endfacet
facet normal 0 0 -1
outer loop
vertex -35.49993896484375 -22.487499237060547 3.549999952316284
vertex -35.49993896484375 -23.187498092651367 3.549999952316284
vertex -40.49993896484375 -22.487499237060547 3.549999952316284
endloop
endfacet
facet normal 0 -1 0
outer loop
vertex -40.49993896484375 -7.687498569488525 3.549999952316284
vertex -40.49993896484375 -7.687498569488525 0
vertex -35.49993896484375 -7.687498569488525 3.549999952316284
endloop
endfacet
facet normal 1 0 0
outer loop
vertex -40.49993896484375 -8.38749885559082 3.549999952316284
vertex -40.49993896484375 -7.687498569488525 0
vertex -40.49993896484375 -7.687498569488525 3.549999952316284
endloop
endfacet
facet normal 1 0 0
outer loop
vertex -40.49993896484375 -8.38749885559082 3.549999952316284
vertex -40.49993896484375 -8.38749885559082 0
vertex -40.49993896484375 -7.687498569488525 0
endloop
endfacet
facet normal 0 -1 0
outer loop
vertex -35.49993896484375 -7.687498569488525 3.549999952316284
vertex -40.49993896484375 -7.687498569488525 0
vertex -35.49993896484375 -7.687498569488525 0
endloop
endfacet
facet normal -1 0 0
outer loop
vertex -35.49993896484375 -22.487499237060547 3.549999952316284
vertex -35.49993896484375 -23.187498092651367 0
vertex -35.49993896484375 -23.187498092651367 3.549999952316284
endloop
endfacet
facet normal 1 0 0
outer loop
vertex -40.49993896484375 -23.187498092651367 3.549999952316284
vertex -40.49993896484375 -22.487499237060547 0
vertex -40.49993896484375 -22.487499237060547 3.549999952316284
endloop
endfacet
facet normal 0 1 0
outer loop
vertex -35.49993896484375 -23.187498092651367 0
vertex -40.49993896484375 -23.187498092651367 0
vertex -40.49993896484375 -23.187498092651367 3.549999952316284
endloop
endfacet
facet normal 0 1 0
outer loop
vertex -35.49993896484375 -23.187498092651367 0
vertex -40.49993896484375 -23.187498092651367 3.549999952316284
vertex -35.49993896484375 -23.187498092651367 3.549999952316284
endloop
endfacet
facet normal 1 0 0
outer loop
vertex -40.49993896484375 -22.487499237060547 0
vertex -40.49993896484375 -23.187498092651367 3.549999952316284
vertex -40.49993896484375 -23.187498092651367 0
endloop
endfacet
facet normal -1 0 0
outer loop
vertex -35.49993896484375 -7.687498569488525 3.549999952316284
vertex -35.49993896484375 -8.38749885559082 0
vertex -35.49993896484375 -8.38749885559082 3.549999952316284
endloop
endfacet
facet normal 0 0 -1
outer loop
vertex -35.49993896484375 -23.187498092651367 3.549999952316284
vertex -40.49993896484375 -23.187498092651367 3.549999952316284
vertex -40.49993896484375 -22.487499237060547 3.549999952316284
endloop
endfacet
facet normal 0 0 -1
outer loop
vertex -35.49993896484375 -7.687498569488525 3.549999952316284
vertex -35.49993896484375 -8.38749885559082 3.549999952316284
vertex -40.49993896484375 -7.687498569488525 3.549999952316284
endloop
endfacet
facet normal 0 0 -1
outer loop
vertex 59.50006103515625 10.61250114440918 3.549999952316284
vertex 54.50006103515625 10.61250114440918 3.549999952316284
vertex 54.50006103515625 11.312500953674316 3.549999952316284
endloop
endfacet
facet normal 0 1 0
outer loop
vertex 59.50006103515625 -4.187498569488525 0
vertex 54.50006103515625 -4.187498569488525 0
vertex 54.50006103515625 -4.187498569488525 3.549999952316284
endloop
endfacet
facet normal -1 0 0
outer loop
vertex 59.50006103515625 -3.4874987602233887 0
vertex 59.50006103515625 -4.187498569488525 0
vertex 59.50006103515625 -3.4874987602233887 3.549999952316284
endloop
endfacet
facet normal 1 0 0
outer loop
vertex 54.50006103515625 10.61250114440918 3.549999952316284
vertex 54.50006103515625 10.61250114440918 0
vertex 54.50006103515625 11.312500953674316 0
endloop
endfacet
facet normal 1 0 0
outer loop
vertex 54.50006103515625 10.61250114440918 3.549999952316284
vertex 54.50006103515625 11.312500953674316 0
vertex 54.50006103515625 11.312500953674316 3.549999952316284
endloop
endfacet
facet normal -1 0 0
outer loop
vertex 59.50006103515625 -3.4874987602233887 3.549999952316284
vertex 59.50006103515625 -4.187498569488525 0
vertex 59.50006103515625 -4.187498569488525 3.549999952316284
endloop
endfacet
facet normal 1 0 0
outer loop
vertex 54.50006103515625 -4.187498569488525 3.549999952316284
vertex 54.50006103515625 -3.4874987602233887 0
vertex 54.50006103515625 -3.4874987602233887 3.549999952316284
endloop
endfacet
facet normal -1 0 0
outer loop
vertex 59.50006103515625 11.312500953674316 0
vertex 59.50006103515625 10.61250114440918 0
vertex 59.50006103515625 11.312500953674316 3.549999952316284
endloop
endfacet
facet normal 0 -1 0
outer loop
vertex 54.50006103515625 11.312500953674316 0
vertex 59.50006103515625 11.312500953674316 0
vertex 59.50006103515625 11.312500953674316 3.549999952316284
endloop
endfacet
facet normal -1 0 0
outer loop
vertex 59.50006103515625 11.312500953674316 3.549999952316284
vertex 59.50006103515625 10.61250114440918 0
vertex 59.50006103515625 10.61250114440918 3.549999952316284
endloop
endfacet
facet normal 0 -1 0
outer loop
vertex 54.50006103515625 11.312500953674316 3.549999952316284
vertex 54.50006103515625 11.312500953674316 0
vertex 59.50006103515625 11.312500953674316 3.549999952316284
endloop
endfacet
facet normal 0 0 -1
outer loop
vertex 59.50006103515625 11.312500953674316 3.549999952316284
vertex 59.50006103515625 10.61250114440918 3.549999952316284
vertex 54.50006103515625 11.312500953674316 3.549999952316284
endloop
endfacet
facet normal 0 0 -1
outer loop
vertex 59.50006103515625 -3.4874987602233887 3.549999952316284
vertex 59.50006103515625 -4.187498569488525 3.549999952316284
vertex 54.50006103515625 -3.4874987602233887 3.549999952316284
endloop
endfacet
facet normal 0 0 -1
outer loop
vertex 59.50006103515625 -4.187498569488525 3.549999952316284
vertex 54.50006103515625 -4.187498569488525 3.549999952316284
vertex 54.50006103515625 -3.4874987602233887 3.549999952316284
endloop
endfacet
facet normal 1 0 0
outer loop
vertex 54.50006103515625 -3.4874987602233887 0
vertex 54.50006103515625 -4.187498569488525 3.549999952316284
vertex 54.50006103515625 -4.187498569488525 0
endloop
endfacet
facet normal 0 1 0
outer loop
vertex 59.50006103515625 -4.187498569488525 0
vertex 54.50006103515625 -4.187498569488525 3.549999952316284
vertex 59.50006103515625 -4.187498569488525 3.549999952316284
endloop
endfacet
facet normal 0 -1 0
outer loop
vertex 40.50006103515625 11.312500953674316 3.549999952316284
vertex 35.50006103515625 11.312500953674316 0
vertex 40.50006103515625 11.312500953674316 0
endloop
endfacet
facet normal 0 -1 0
outer loop
vertex 35.50006103515625 11.312500953674316 3.549999952316284
vertex 35.50006103515625 11.312500953674316 0
vertex 40.50006103515625 11.312500953674316 3.549999952316284
endloop
endfacet
facet normal 1 0 0
outer loop
vertex 35.50006103515625 10.61250114440918 3.549999952316284
vertex 35.50006103515625 11.312500953674316 0
vertex 35.50006103515625 11.312500953674316 3.549999952316284
endloop
endfacet
facet normal 0 0 -1
outer loop
vertex 40.50006103515625 -3.4874987602233887 3.549999952316284
vertex 40.50006103515625 -4.187498569488525 3.549999952316284
vertex 35.50006103515625 -3.4874987602233887 3.549999952316284
endloop
endfacet
facet normal 1 0 0
outer loop
vertex 35.50006103515625 -3.4874987602233887 0
vertex 35.50006103515625 -4.187498569488525 3.549999952316284
vertex 35.50006103515625 -4.187498569488525 0
endloop
endfacet
facet normal 0 0 -1
outer loop
vertex 40.50006103515625 11.312500953674316 3.549999952316284
vertex 40.50006103515625 10.61250114440918 3.549999952316284
vertex 35.50006103515625 11.312500953674316 3.549999952316284
endloop
endfacet
facet normal -1 0 0
outer loop
vertex 40.50006103515625 -3.4874987602233887 3.549999952316284
vertex 40.50006103515625 -4.187498569488525 0
vertex 40.50006103515625 -4.187498569488525 3.549999952316284
endloop
endfacet
facet normal 0 1 0
outer loop
vertex 40.50006103515625 -4.187498569488525 0
vertex 35.50006103515625 -4.187498569488525 0
vertex 35.50006103515625 -4.187498569488525 3.549999952316284
endloop
endfacet
facet normal -1 0 0
outer loop
vertex 40.50006103515625 11.312500953674316 3.549999952316284
vertex 40.50006103515625 10.61250114440918 0
vertex 40.50006103515625 10.61250114440918 3.549999952316284
endloop
endfacet
facet normal 0 1 0
outer loop
vertex 40.50006103515625 -4.187498569488525 0
vertex 35.50006103515625 -4.187498569488525 3.549999952316284
vertex 40.50006103515625 -4.187498569488525 3.549999952316284
endloop
endfacet
facet normal 0 0 -1
outer loop
vertex 40.50006103515625 -4.187498569488525 3.549999952316284
vertex 35.50006103515625 -4.187498569488525 3.549999952316284
vertex 35.50006103515625 -3.4874987602233887 3.549999952316284
endloop
endfacet
facet normal 1 0 0
outer loop
vertex 35.50006103515625 10.61250114440918 3.549999952316284
vertex 35.50006103515625 10.61250114440918 0
vertex 35.50006103515625 11.312500953674316 0
endloop
endfacet
facet normal -1 0 0
outer loop
vertex 40.50006103515625 -3.4874987602233887 0
vertex 40.50006103515625 -4.187498569488525 0
vertex 40.50006103515625 -3.4874987602233887 3.549999952316284
endloop
endfacet
facet normal 1 0 0
outer loop
vertex 35.50006103515625 -4.187498569488525 3.549999952316284
vertex 35.50006103515625 -3.4874987602233887 0
vertex 35.50006103515625 -3.4874987602233887 3.549999952316284
endloop
endfacet
facet normal 0 0 -1
outer loop
vertex 35.50006103515625 11.312500953674316 3.549999952316284
vertex 40.50006103515625 10.61250114440918 3.549999952316284
vertex 35.50006103515625 10.61250114440918 3.549999952316284
endloop
endfacet
facet normal -1 0 0
outer loop
vertex 40.50006103515625 11.312500953674316 0
vertex 40.50006103515625 10.61250114440918 0
vertex 40.50006103515625 11.312500953674316 3.549999952316284
endloop
endfacet
facet normal 0 -1 0
outer loop
vertex 21.50006103515625 11.312500953674316 3.549999952316284
vertex 16.50006103515625 11.312500953674316 0
vertex 21.50006103515625 11.312500953674316 0
endloop
endfacet
facet normal -1 0 0
outer loop
vertex 21.50006103515625 11.312500953674316 3.549999952316284
vertex 21.50006103515625 10.61250114440918 0
vertex 21.50006103515625 10.61250114440918 3.549999952316284
endloop
endfacet
facet normal 1 0 0
outer loop
vertex 16.50006103515625 10.61250114440918 3.549999952316284
vertex 16.50006103515625 10.61250114440918 0
vertex 16.50006103515625 11.312500953674316 0
endloop
endfacet
facet normal 1 0 0
outer loop
vertex 16.50006103515625 10.61250114440918 3.549999952316284
vertex 16.50006103515625 11.312500953674316 0
vertex 16.50006103515625 11.312500953674316 3.549999952316284
endloop
endfacet
facet normal 0 -1 0
outer loop
vertex 16.50006103515625 11.312500953674316 3.549999952316284
vertex 16.50006103515625 11.312500953674316 0
vertex 21.50006103515625 11.312500953674316 3.549999952316284
endloop
endfacet
facet normal 0 0 -1
outer loop
vertex 16.50006103515625 11.312500953674316 3.549999952316284
vertex 21.50006103515625 10.61250114440918 3.549999952316284
vertex 16.50006103515625 10.61250114440918 3.549999952316284
endloop
endfacet
facet normal -1 0 0
outer loop
vertex 21.50006103515625 -3.4874987602233887 3.549999952316284
vertex 21.50006103515625 -4.187498569488525 0
vertex 21.50006103515625 -4.187498569488525 3.549999952316284
endloop
endfacet
facet normal 1 0 0
outer loop
vertex 16.50006103515625 -3.4874987602233887 0
vertex 16.50006103515625 -4.187498569488525 3.549999952316284
vertex 16.50006103515625 -4.187498569488525 0
endloop
endfacet
facet normal 0 1 0
outer loop
vertex 21.50006103515625 -4.187498569488525 0
vertex 16.50006103515625 -4.187498569488525 0
vertex 16.50006103515625 -4.187498569488525 3.549999952316284
endloop
endfacet
facet normal 0 0 -1
outer loop
vertex 21.50006103515625 11.312500953674316 3.549999952316284
vertex 21.50006103515625 10.61250114440918 3.549999952316284
vertex 16.50006103515625 11.312500953674316 3.549999952316284
endloop
endfacet
facet normal 1 0 0
outer loop
vertex 16.50006103515625 -4.187498569488525 3.549999952316284
vertex 16.50006103515625 -3.4874987602233887 0
vertex 16.50006103515625 -3.4874987602233887 3.549999952316284
endloop
endfacet
facet normal 0 1 0
outer loop
vertex 21.50006103515625 -4.187498569488525 0
vertex 16.50006103515625 -4.187498569488525 3.549999952316284
vertex 21.50006103515625 -4.187498569488525 3.549999952316284
endloop
endfacet
facet normal -1 0 0
outer loop
vertex 21.50006103515625 -3.4874987602233887 0
vertex 21.50006103515625 -4.187498569488525 0
vertex 21.50006103515625 -3.4874987602233887 3.549999952316284
endloop
endfacet
facet normal 0 0 -1
outer loop
vertex 21.50006103515625 -3.4874987602233887 3.549999952316284
vertex 21.50006103515625 -4.187498569488525 3.549999952316284
vertex 16.50006103515625 -3.4874987602233887 3.549999952316284
endloop
endfacet
facet normal -1 0 0
outer loop
vertex 21.50006103515625 11.312500953674316 0
vertex 21.50006103515625 10.61250114440918 0
vertex 21.50006103515625 11.312500953674316 3.549999952316284
endloop
endfacet
facet normal 0 0 -1
outer loop
vertex 21.50006103515625 -4.187498569488525 3.549999952316284
vertex 16.50006103515625 -4.187498569488525 3.549999952316284
vertex 16.50006103515625 -3.4874987602233887 3.549999952316284
endloop
endfacet
facet normal 1 0 0
outer loop
vertex -2.499938488006592 -4.187498569488525 3.549999952316284
vertex -2.499938488006592 -3.4874987602233887 0
vertex -2.499938488006592 -3.4874987602233887 3.549999952316284
endloop
endfacet
facet normal 0 1 0
outer loop
vertex 2.500061511993408 -4.187498569488525 0
vertex -2.499938488006592 -4.187498569488525 0
vertex -2.499938488006592 -4.187498569488525 3.549999952316284
endloop
endfacet
facet normal 1 0 0
outer loop
vertex -2.499938488006592 -3.4874987602233887 0
vertex -2.499938488006592 -4.187498569488525 3.549999952316284
vertex -2.499938488006592 -4.187498569488525 0
endloop
endfacet
facet normal 1 0 0
outer loop
vertex -2.499938488006592 10.61250114440918 3.549999952316284
vertex -2.499938488006592 10.61250114440918 0
vertex -2.499938488006592 11.312500953674316 0
endloop
endfacet
facet normal 0 0 -1
outer loop
vertex -2.499938488006592 11.312500953674316 3.549999952316284
vertex 2.500061511993408 10.61250114440918 3.549999952316284
vertex -2.499938488006592 10.61250114440918 3.549999952316284
endloop
endfacet
facet normal -1 0 0
outer loop
vertex 2.500061511993408 -3.4874987602233887 0
vertex 2.500061511993408 -4.187498569488525 0
vertex 2.500061511993408 -3.4874987602233887 3.549999952316284
endloop
endfacet
facet normal -1 0 0
outer loop
vertex 2.500061511993408 11.312500953674316 3.549999952316284
vertex 2.500061511993408 10.61250114440918 0
vertex 2.500061511993408 10.61250114440918 3.549999952316284
endloop
endfacet
facet normal 1 0 0
outer loop
vertex -2.499938488006592 10.61250114440918 3.549999952316284
vertex -2.499938488006592 11.312500953674316 0
vertex -2.499938488006592 11.312500953674316 3.549999952316284
endloop
endfacet
facet normal 0 0 -1
outer loop
vertex -2.499938488006592 -4.187498569488525 3.549999952316284
vertex -2.499938488006592 -3.4874987602233887 3.549999952316284
vertex 2.500061511993408 -4.187498569488525 3.549999952316284
endloop
endfacet
facet normal 0 -1 0
outer loop
vertex -2.499938488006592 11.312500953674316 3.549999952316284
vertex -2.499938488006592 11.312500953674316 0
vertex 2.500061511993408 11.312500953674316 3.549999952316284
endloop
endfacet
facet normal 0 1 0
outer loop
vertex 2.500061511993408 -4.187498569488525 0
vertex -2.499938488006592 -4.187498569488525 3.549999952316284
vertex 2.500061511993408 -4.187498569488525 3.549999952316284
endloop
endfacet
facet normal -1 0 0
outer loop
vertex 2.500061511993408 -3.4874987602233887 3.549999952316284
vertex 2.500061511993408 -4.187498569488525 0
vertex 2.500061511993408 -4.187498569488525 3.549999952316284
endloop
endfacet
facet normal 0 -1 0
outer loop
vertex 2.500061511993408 11.312500953674316 3.549999952316284
vertex -2.499938488006592 11.312500953674316 0
vertex 2.500061511993408 11.312500953674316 0
endloop
endfacet
facet normal 0 0 -1
outer loop
vertex 2.500061511993408 -4.187498569488525 3.549999952316284
vertex -2.499938488006592 -3.4874987602233887 3.549999952316284
vertex 2.500061511993408 -3.4874987602233887 3.549999952316284
endloop
endfacet
facet normal 0 0 -1
outer loop
vertex 2.500061511993408 10.61250114440918 3.549999952316284
vertex -2.499938488006592 11.312500953674316 3.549999952316284
vertex 2.500061511993408 11.312500953674316 3.549999952316284
endloop
endfacet
facet normal -1 0 0
outer loop
vertex 2.500061511993408 11.312500953674316 0
vertex 2.500061511993408 10.61250114440918 0
vertex 2.500061511993408 11.312500953674316 3.549999952316284
endloop
endfacet
facet normal 0 0 -1
outer loop
vertex -16.49993896484375 -4.187498569488525 3.549999952316284
vertex -21.49993896484375 -4.187498569488525 3.549999952316284
vertex -21.49993896484375 -3.4874987602233887 3.549999952316284
endloop
endfacet
facet normal 1 0 0
outer loop
vertex -21.49993896484375 -3.4874987602233887 0
vertex -21.49993896484375 -4.187498569488525 3.549999952316284
vertex -21.49993896484375 -4.187498569488525 0
endloop
endfacet
facet normal 0 1 0
outer loop
vertex -16.49993896484375 -4.187498569488525 0
vertex -21.49993896484375 -4.187498569488525 0
vertex -21.49993896484375 -4.187498569488525 3.549999952316284
endloop
endfacet
facet normal 0 1 0
outer loop
vertex -16.49993896484375 -4.187498569488525 0
vertex -21.49993896484375 -4.187498569488525 3.549999952316284
vertex -16.49993896484375 -4.187498569488525 3.549999952316284
endloop
endfacet
facet normal 1 0 0
outer loop
vertex -21.49993896484375 -4.187498569488525 3.549999952316284
vertex -21.49993896484375 -3.4874987602233887 0
vertex -21.49993896484375 -3.4874987602233887 3.549999952316284
endloop
endfacet
facet normal -1 0 0
outer loop
vertex -16.49993896484375 -3.4874987602233887 0
vertex -16.49993896484375 -4.187498569488525 0
vertex -16.49993896484375 -3.4874987602233887 3.549999952316284
endloop
endfacet
facet normal 0 0 -1
outer loop
vertex -16.49993896484375 11.312500953674316 3.549999952316284
vertex -16.49993896484375 10.61250114440918 3.549999952316284
vertex -21.49993896484375 11.312500953674316 3.549999952316284
endloop
endfacet
facet normal 0 -1 0
outer loop
vertex -21.49993896484375 11.312500953674316 3.549999952316284
vertex -21.49993896484375 11.312500953674316 0
vertex -16.49993896484375 11.312500953674316 3.549999952316284
endloop
endfacet
facet normal 0 0 -1
outer loop
vertex -21.49993896484375 11.312500953674316 3.549999952316284
vertex -16.49993896484375 10.61250114440918 3.549999952316284
vertex -21.49993896484375 10.61250114440918 3.549999952316284
endloop
endfacet
facet normal 1 0 0
outer loop
vertex -21.49993896484375 10.61250114440918 3.549999952316284
vertex -21.49993896484375 11.312500953674316 0
vertex -21.49993896484375 11.312500953674316 3.549999952316284
endloop
endfacet
facet normal 1 0 0
outer loop
vertex -21.49993896484375 10.61250114440918 3.549999952316284
vertex -21.49993896484375 10.61250114440918 0
vertex -21.49993896484375 11.312500953674316 0
endloop
endfacet
facet normal 0 0 -1
outer loop
vertex -16.49993896484375 -3.4874987602233887 3.549999952316284
vertex -16.49993896484375 -4.187498569488525 3.549999952316284
vertex -21.49993896484375 -3.4874987602233887 3.549999952316284
endloop
endfacet
facet normal -1 0 0
outer loop
vertex -16.49993896484375 11.312500953674316 0
vertex -16.49993896484375 10.61250114440918 0
vertex -16.49993896484375 11.312500953674316 3.549999952316284
endloop
endfacet
facet normal 0 -1 0
outer loop
vertex -16.49993896484375 11.312500953674316 3.549999952316284
vertex -21.49993896484375 11.312500953674316 0
vertex -16.49993896484375 11.312500953674316 0
endloop
endfacet
facet normal -1 0 0
outer loop
vertex -16.49993896484375 11.312500953674316 3.549999952316284
vertex -16.49993896484375 10.61250114440918 0
vertex -16.49993896484375 10.61250114440918 3.549999952316284
endloop
endfacet
facet normal -1 0 0
outer loop
vertex -16.49993896484375 -3.4874987602233887 3.549999952316284
vertex -16.49993896484375 -4.187498569488525 0
vertex -16.49993896484375 -4.187498569488525 3.549999952316284
endloop
endfacet
facet normal 1 0 0
outer loop
vertex -40.49993896484375 10.61250114440918 3.549999952316284
vertex -40.49993896484375 11.312500953674316 0
vertex -40.49993896484375 11.312500953674316 3.549999952316284
endloop
endfacet
facet normal 0 0 -1
outer loop
vertex -35.49993896484375 11.312500953674316 3.549999952316284
vertex -35.49993896484375 10.61250114440918 3.549999952316284
vertex -40.49993896484375 11.312500953674316 3.549999952316284
endloop
endfacet
facet normal 0 0 -1
outer loop
vertex -40.49993896484375 11.312500953674316 3.549999952316284
vertex -35.49993896484375 10.61250114440918 3.549999952316284
vertex -40.49993896484375 10.61250114440918 3.549999952316284
endloop
endfacet
facet normal 1 0 0
outer loop
vertex -40.49993896484375 10.61250114440918 3.549999952316284
vertex -40.49993896484375 10.61250114440918 0
vertex -40.49993896484375 11.312500953674316 0
endloop
endfacet
facet normal 0 -1 0
outer loop
vertex -40.49993896484375 11.312500953674316 3.549999952316284
vertex -40.49993896484375 11.312500953674316 0
vertex -35.49993896484375 11.312500953674316 3.549999952316284
endloop
endfacet
facet normal 1 0 0
outer loop
vertex -40.49993896484375 -3.4874987602233887 0
vertex -40.49993896484375 -4.187498569488525 3.549999952316284
vertex -40.49993896484375 -4.187498569488525 0
endloop
endfacet
facet normal 0 1 0
outer loop
vertex -35.49993896484375 -4.187498569488525 0
vertex -40.49993896484375 -4.187498569488525 0
vertex -40.49993896484375 -4.187498569488525 3.549999952316284
endloop
endfacet
facet normal -1 0 0
outer loop
vertex -35.49993896484375 11.312500953674316 0
vertex -35.49993896484375 10.61250114440918 0
vertex -35.49993896484375 11.312500953674316 3.549999952316284
endloop
endfacet
facet normal 0 -1 0
outer loop
vertex -35.49993896484375 11.312500953674316 3.549999952316284
vertex -40.49993896484375 11.312500953674316 0
vertex -35.49993896484375 11.312500953674316 0
endloop
endfacet
facet normal 1 0 0
outer loop
vertex -40.49993896484375 -4.187498569488525 3.549999952316284
vertex -40.49993896484375 -3.4874987602233887 0
vertex -40.49993896484375 -3.4874987602233887 3.549999952316284
endloop
endfacet
facet normal -1 0 0
outer loop
vertex -35.49993896484375 11.312500953674316 3.549999952316284
vertex -35.49993896484375 10.61250114440918 0
vertex -35.49993896484375 10.61250114440918 3.549999952316284
endloop
endfacet
facet normal -1 0 0
outer loop
vertex -35.49993896484375 -3.4874987602233887 3.549999952316284
vertex -35.49993896484375 -4.187498569488525 0
vertex -35.49993896484375 -4.187498569488525 3.549999952316284
endloop
endfacet
facet normal 0 1 0
outer loop
vertex -35.49993896484375 -4.187498569488525 0
vertex -40.49993896484375 -4.187498569488525 3.549999952316284
vertex -35.49993896484375 -4.187498569488525 3.549999952316284
endloop
endfacet
facet normal -1 0 0
outer loop
vertex -35.49993896484375 -3.4874987602233887 0
vertex -35.49993896484375 -4.187498569488525 0
vertex -35.49993896484375 -3.4874987602233887 3.549999952316284
endloop
endfacet
facet normal 0 0 -1
outer loop
vertex -35.49993896484375 -3.4874987602233887 3.549999952316284
vertex -35.49993896484375 -4.187498569488525 3.549999952316284
vertex -40.49993896484375 -3.4874987602233887 3.549999952316284
endloop
endfacet
facet normal 0 0 -1
outer loop
vertex -35.49993896484375 -4.187498569488525 3.549999952316284
vertex -40.49993896484375 -4.187498569488525 3.549999952316284
vertex -40.49993896484375 -3.4874987602233887 3.549999952316284
endloop
endfacet
facet normal -1 0 0
outer loop
vertex 59.50006103515625 15.51250171661377 0
vertex 59.50006103515625 14.812500953674316 0
vertex 59.50006103515625 15.51250171661377 3.549999952316284
endloop
endfacet
facet normal -1 0 0
outer loop
vertex 59.50006103515625 15.51250171661377 3.549999952316284
vertex 59.50006103515625 14.812500953674316 0
vertex 59.50006103515625 14.812500953674316 3.549999952316284
endloop
endfacet
facet normal 0 0 -1
outer loop
vertex 59.50006103515625 15.51250171661377 3.549999952316284
vertex 59.50006103515625 14.812500953674316 3.549999952316284
vertex 54.50006103515625 15.51250171661377 3.549999952316284
endloop
endfacet
facet normal 0 0 -1
outer loop
vertex 59.50006103515625 29.61250114440918 3.549999952316284
vertex 54.50006103515625 29.61250114440918 3.549999952316284
vertex 54.50006103515625 30.312501907348633 3.549999952316284
endloop
endfacet
facet normal 0 -1 0
outer loop
vertex 54.50006103515625 30.312501907348633 0
vertex 59.50006103515625 30.312501907348633 0
vertex 59.50006103515625 30.312501907348633 3.549999952316284
endloop
endfacet
facet normal 0 0 -1
outer loop
vertex 59.50006103515625 30.312501907348633 3.549999952316284
vertex 59.50006103515625 29.61250114440918 3.549999952316284
vertex 54.50006103515625 30.312501907348633 3.549999952316284
endloop
endfacet
facet normal -1 0 0
outer loop
vertex 59.50006103515625 30.312501907348633 0
vertex 59.50006103515625 29.61250114440918 0
vertex 59.50006103515625 30.312501907348633 3.549999952316284
endloop
endfacet
facet normal 1 0 0
outer loop
vertex 54.50006103515625 29.61250114440918 3.549999952316284
vertex 54.50006103515625 29.61250114440918 0
vertex 54.50006103515625 30.312501907348633 0
endloop
endfacet
facet normal 1 0 0
outer loop
vertex 54.50006103515625 15.51250171661377 0
vertex 54.50006103515625 14.812500953674316 3.549999952316284
vertex 54.50006103515625 14.812500953674316 0
endloop
endfacet
facet normal 1 0 0
outer loop
vertex 54.50006103515625 14.812500953674316 3.549999952316284
vertex 54.50006103515625 15.51250171661377 0
vertex 54.50006103515625 15.51250171661377 3.549999952316284
endloop
endfacet
facet normal 0 0 -1
outer loop
vertex 59.50006103515625 14.812500953674316 3.549999952316284
vertex 54.50006103515625 14.812500953674316 3.549999952316284
vertex 54.50006103515625 15.51250171661377 3.549999952316284
endloop
endfacet
facet normal 0 -1 0
outer loop
vertex 54.50006103515625 30.312501907348633 3.549999952316284
vertex 54.50006103515625 30.312501907348633 0
vertex 59.50006103515625 30.312501907348633 3.549999952316284
endloop
endfacet
facet normal 0 1 0
outer loop
vertex 59.50006103515625 14.812500953674316 0
vertex 54.50006103515625 14.812500953674316 0
vertex 54.50006103515625 14.812500953674316 3.549999952316284
endloop
endfacet
facet normal -1 0 0
outer loop
vertex 59.50006103515625 30.312501907348633 3.549999952316284
vertex 59.50006103515625 29.61250114440918 0
vertex 59.50006103515625 29.61250114440918 3.549999952316284
endloop
endfacet
facet normal 0 1 0
outer loop
vertex 59.50006103515625 14.812500953674316 0
vertex 54.50006103515625 14.812500953674316 3.549999952316284
vertex 59.50006103515625 14.812500953674316 3.549999952316284
endloop
endfacet
facet normal 1 0 0
outer loop
vertex 54.50006103515625 29.61250114440918 3.549999952316284
vertex 54.50006103515625 30.312501907348633 0
vertex 54.50006103515625 30.312501907348633 3.549999952316284
endloop
endfacet
facet normal -1 0 0
outer loop
vertex 40.50006103515625 30.312501907348633 0
vertex 40.50006103515625 29.61250114440918 0
vertex 40.50006103515625 30.312501907348633 3.549999952316284
endloop
endfacet
facet normal -1 0 0
outer loop
vertex 40.50006103515625 15.51250171661377 0
vertex 40.50006103515625 14.812500953674316 0
vertex 40.50006103515625 15.51250171661377 3.549999952316284
endloop
endfacet
facet normal 0 1 0
outer loop
vertex 40.50006103515625 14.812500953674316 0
vertex 35.50006103515625 14.812500953674316 3.549999952316284
vertex 40.50006103515625 14.812500953674316 3.549999952316284
endloop
endfacet
facet normal 0 -1 0
outer loop
vertex 40.50006103515625 30.312501907348633 3.549999952316284
vertex 35.50006103515625 30.312501907348633 0
vertex 40.50006103515625 30.312501907348633 0
endloop
endfacet
facet normal 0 0 -1
outer loop
vertex 40.50006103515625 15.51250171661377 3.549999952316284
vertex 40.50006103515625 14.812500953674316 3.549999952316284
vertex 35.50006103515625 15.51250171661377 3.549999952316284
endloop
endfacet
facet normal 0 -1 0
outer loop
vertex 35.50006103515625 30.312501907348633 3.549999952316284
vertex 35.50006103515625 30.312501907348633 0
vertex 40.50006103515625 30.312501907348633 3.549999952316284
endloop
endfacet
facet normal 1 0 0
outer loop
vertex 35.50006103515625 29.61250114440918 3.549999952316284
vertex 35.50006103515625 29.61250114440918 0
vertex 35.50006103515625 30.312501907348633 0
endloop
endfacet
facet normal 0 0 -1
outer loop
vertex 40.50006103515625 30.312501907348633 3.549999952316284
vertex 40.50006103515625 29.61250114440918 3.549999952316284
vertex 35.50006103515625 30.312501907348633 3.549999952316284
endloop
endfacet
facet normal 1 0 0
outer loop
vertex 35.50006103515625 29.61250114440918 3.549999952316284
vertex 35.50006103515625 30.312501907348633 0
vertex 35.50006103515625 30.312501907348633 3.549999952316284
endloop
endfacet
facet normal 0 0 -1
outer loop
vertex 40.50006103515625 14.812500953674316 3.549999952316284
vertex 35.50006103515625 14.812500953674316 3.549999952316284
vertex 35.50006103515625 15.51250171661377 3.549999952316284
endloop
endfacet
facet normal 1 0 0
outer loop
vertex 35.50006103515625 15.51250171661377 0
vertex 35.50006103515625 14.812500953674316 3.549999952316284
vertex 35.50006103515625 14.812500953674316 0
endloop
endfacet
facet normal 0 1 0
outer loop
vertex 40.50006103515625 14.812500953674316 0
vertex 35.50006103515625 14.812500953674316 0
vertex 35.50006103515625 14.812500953674316 3.549999952316284
endloop
endfacet
facet normal 1 0 0
outer loop
vertex 35.50006103515625 14.812500953674316 3.549999952316284
vertex 35.50006103515625 15.51250171661377 0
vertex 35.50006103515625 15.51250171661377 3.549999952316284
endloop
endfacet
facet normal 0 0 -1
outer loop
vertex 35.50006103515625 30.312501907348633 3.549999952316284
vertex 40.50006103515625 29.61250114440918 3.549999952316284
vertex 35.50006103515625 29.61250114440918 3.549999952316284
endloop
endfacet
facet normal -1 0 0
outer loop
vertex 40.50006103515625 30.312501907348633 3.549999952316284
vertex 40.50006103515625 29.61250114440918 0
vertex 40.50006103515625 29.61250114440918 3.549999952316284
endloop
endfacet
facet normal -1 0 0
outer loop
vertex 40.50006103515625 15.51250171661377 3.549999952316284
vertex 40.50006103515625 14.812500953674316 0
vertex 40.50006103515625 14.812500953674316 3.549999952316284
endloop
endfacet
facet normal -1 0 0
outer loop
vertex 21.50006103515625 30.312501907348633 3.549999952316284
vertex 21.50006103515625 29.61250114440918 0
vertex 21.50006103515625 29.61250114440918 3.549999952316284
endloop
endfacet
facet normal 0 0 -1
outer loop
vertex 21.50006103515625 30.312501907348633 3.549999952316284
vertex 21.50006103515625 29.61250114440918 3.549999952316284
vertex 16.50006103515625 30.312501907348633 3.549999952316284
endloop
endfacet
facet normal 0 0 -1
outer loop
vertex 21.50006103515625 14.812500953674316 3.549999952316284
vertex 16.50006103515625 14.812500953674316 3.549999952316284
vertex 16.50006103515625 15.51250171661377 3.549999952316284
endloop
endfacet
facet normal 1 0 0
outer loop
vertex 16.50006103515625 29.61250114440918 3.549999952316284
vertex 16.50006103515625 30.312501907348633 0
vertex 16.50006103515625 30.312501907348633 3.549999952316284
endloop
endfacet
facet normal 1 0 0
outer loop
vertex 16.50006103515625 15.51250171661377 0
vertex 16.50006103515625 14.812500953674316 3.549999952316284
vertex 16.50006103515625 14.812500953674316 0
endloop
endfacet
facet normal 0 0 -1
outer loop
vertex 21.50006103515625 15.51250171661377 3.549999952316284
vertex 21.50006103515625 14.812500953674316 3.549999952316284
vertex 16.50006103515625 15.51250171661377 3.549999952316284
endloop
endfacet
facet normal -1 0 0
outer loop
vertex 21.50006103515625 15.51250171661377 0
vertex 21.50006103515625 14.812500953674316 0
vertex 21.50006103515625 15.51250171661377 3.549999952316284
endloop
endfacet
facet normal 0 1 0
outer loop
vertex 21.50006103515625 14.812500953674316 0
vertex 16.50006103515625 14.812500953674316 3.549999952316284
vertex 21.50006103515625 14.812500953674316 3.549999952316284
endloop
endfacet
facet normal 0 -1 0
outer loop
vertex 21.50006103515625 30.312501907348633 3.549999952316284
vertex 16.50006103515625 30.312501907348633 0
vertex 21.50006103515625 30.312501907348633 0
endloop
endfacet
facet normal -1 0 0
outer loop
vertex 21.50006103515625 15.51250171661377 3.549999952316284
vertex 21.50006103515625 14.812500953674316 0
vertex 21.50006103515625 14.812500953674316 3.549999952316284
endloop
endfacet
facet normal 0 0 -1
outer loop
vertex 16.50006103515625 30.312501907348633 3.549999952316284
vertex 21.50006103515625 29.61250114440918 3.549999952316284
vertex 16.50006103515625 29.61250114440918 3.549999952316284
endloop
endfacet
facet normal 0 1 0
outer loop
vertex 21.50006103515625 14.812500953674316 0
vertex 16.50006103515625 14.812500953674316 0
vertex 16.50006103515625 14.812500953674316 3.549999952316284
endloop
endfacet
facet normal 1 0 0
outer loop
vertex 16.50006103515625 14.812500953674316 3.549999952316284
vertex 16.50006103515625 15.51250171661377 0
vertex 16.50006103515625 15.51250171661377 3.549999952316284
endloop
endfacet
facet normal 1 0 0
outer loop
vertex 16.50006103515625 29.61250114440918 3.549999952316284
vertex 16.50006103515625 29.61250114440918 0
vertex 16.50006103515625 30.312501907348633 0
endloop
endfacet
facet normal 0 -1 0
outer loop
vertex 16.50006103515625 30.312501907348633 3.549999952316284
vertex 16.50006103515625 30.312501907348633 0
vertex 21.50006103515625 30.312501907348633 3.549999952316284
endloop
endfacet
facet normal -1 0 0
outer loop
vertex 21.50006103515625 30.312501907348633 0
vertex 21.50006103515625 29.61250114440918 0
vertex 21.50006103515625 30.312501907348633 3.549999952316284
endloop
endfacet
facet normal 1 0 0
outer loop
vertex -2.499938488006592 14.812500953674316 3.549999952316284
vertex -2.499938488006592 15.51250171661377 0
vertex -2.499938488006592 15.51250171661377 3.549999952316284
endloop
endfacet
facet normal 0 0 -1
outer loop
vertex 2.500061511993408 14.812500953674316 3.549999952316284
vertex -2.499938488006592 15.51250171661377 3.549999952316284
vertex 2.500061511993408 15.51250171661377 3.549999952316284
endloop
endfacet
facet normal 0 1 0
outer loop
vertex 2.500061511993408 14.812500953674316 0
vertex -2.499938488006592 14.812500953674316 0
vertex -2.499938488006592 14.812500953674316 3.549999952316284
endloop
endfacet
facet normal 1 0 0
outer loop
vertex -2.499938488006592 15.51250171661377 0
vertex -2.499938488006592 14.812500953674316 3.549999952316284
vertex -2.499938488006592 14.812500953674316 0
endloop
endfacet
facet normal 0 0 -1
outer loop
vertex 2.500061511993408 29.61250114440918 3.549999952316284
vertex -2.499938488006592 30.312501907348633 3.549999952316284
vertex 2.500061511993408 30.312501907348633 3.549999952316284
endloop
endfacet
facet normal 0 0 -1
outer loop
vertex -2.499938488006592 30.312501907348633 3.549999952316284
vertex 2.500061511993408 29.61250114440918 3.549999952316284
vertex -2.499938488006592 29.61250114440918 3.549999952316284
endloop
endfacet
facet normal -1 0 0
outer loop
vertex 2.500061511993408 30.312501907348633 3.549999952316284
vertex 2.500061511993408 29.61250114440918 0
vertex 2.500061511993408 29.61250114440918 3.549999952316284
endloop
endfacet
facet normal 0 0 -1
outer loop
vertex -2.499938488006592 14.812500953674316 3.549999952316284
vertex -2.499938488006592 15.51250171661377 3.549999952316284
vertex 2.500061511993408 14.812500953674316 3.549999952316284
endloop
endfacet
facet normal -1 0 0
outer loop
vertex 2.500061511993408 15.51250171661377 3.549999952316284
vertex 2.500061511993408 14.812500953674316 0
vertex 2.500061511993408 14.812500953674316 3.549999952316284
endloop
endfacet
facet normal 0 -1 0
outer loop
vertex -2.499938488006592 30.312501907348633 3.549999952316284
vertex -2.499938488006592 30.312501907348633 0
vertex 2.500061511993408 30.312501907348633 3.549999952316284
endloop
endfacet
facet normal 1 0 0
outer loop
vertex -2.499938488006592 29.61250114440918 3.549999952316284
vertex -2.499938488006592 30.312501907348633 0
vertex -2.499938488006592 30.312501907348633 3.549999952316284
endloop
endfacet
facet normal 0 1 0
outer loop
vertex 2.500061511993408 14.812500953674316 0
vertex -2.499938488006592 14.812500953674316 3.549999952316284
vertex 2.500061511993408 14.812500953674316 3.549999952316284
endloop
endfacet
facet normal -1 0 0
outer loop
vertex 2.500061511993408 15.51250171661377 0
vertex 2.500061511993408 14.812500953674316 0
vertex 2.500061511993408 15.51250171661377 3.549999952316284
endloop
endfacet
facet normal -1 0 0
outer loop
vertex 2.500061511993408 30.312501907348633 0
vertex 2.500061511993408 29.61250114440918 0
vertex 2.500061511993408 30.312501907348633 3.549999952316284
endloop
endfacet
facet normal 0 -1 0
outer loop
vertex 2.500061511993408 30.312501907348633 3.549999952316284
vertex -2.499938488006592 30.312501907348633 0
vertex 2.500061511993408 30.312501907348633 0
endloop
endfacet
facet normal 1 0 0
outer loop
vertex -2.499938488006592 29.61250114440918 3.549999952316284
vertex -2.499938488006592 29.61250114440918 0
vertex -2.499938488006592 30.312501907348633 0
endloop
endfacet
facet normal 0 0 -1
outer loop
vertex -16.49993896484375 14.812500953674316 3.549999952316284
vertex -21.49993896484375 14.812500953674316 3.549999952316284
vertex -21.49993896484375 15.51250171661377 3.549999952316284
endloop
endfacet
facet normal 1 0 0
outer loop
vertex -21.49993896484375 29.61250114440918 3.549999952316284
vertex -21.49993896484375 29.61250114440918 0
vertex -21.49993896484375 30.312501907348633 0
endloop
endfacet
facet normal 1 0 0
outer loop
vertex -21.49993896484375 15.51250171661377 0
vertex -21.49993896484375 14.812500953674316 3.549999952316284
vertex -21.49993896484375 14.812500953674316 0
endloop
endfacet
facet normal 0 0 -1
outer loop
vertex -16.49993896484375 30.312501907348633 3.549999952316284
vertex -16.49993896484375 29.61250114440918 3.549999952316284
vertex -21.49993896484375 30.312501907348633 3.549999952316284
endloop
endfacet
facet normal -1 0 0
outer loop
vertex -16.49993896484375 30.312501907348633 3.549999952316284
vertex -16.49993896484375 29.61250114440918 0
vertex -16.49993896484375 29.61250114440918 3.549999952316284
endloop
endfacet
facet normal -1 0 0
outer loop
vertex -16.49993896484375 30.312501907348633 0
vertex -16.49993896484375 29.61250114440918 0
vertex -16.49993896484375 30.312501907348633 3.549999952316284
endloop
endfacet
facet normal 0 1 0
outer loop
vertex -16.49993896484375 14.812500953674316 0
vertex -21.49993896484375 14.812500953674316 0
vertex -21.49993896484375 14.812500953674316 3.549999952316284
endloop
endfacet
facet normal 0 -1 0
outer loop
vertex -16.49993896484375 30.312501907348633 3.549999952316284
vertex -21.49993896484375 30.312501907348633 0
vertex -16.49993896484375 30.312501907348633 0
endloop
endfacet
facet normal 0 0 -1
outer loop
vertex -16.49993896484375 15.51250171661377 3.549999952316284
vertex -16.49993896484375 14.812500953674316 3.549999952316284
vertex -21.49993896484375 15.51250171661377 3.549999952316284
endloop
endfacet
facet normal 1 0 0
outer loop
vertex -21.49993896484375 14.812500953674316 3.549999952316284
vertex -21.49993896484375 15.51250171661377 0
vertex -21.49993896484375 15.51250171661377 3.549999952316284
endloop
endfacet
facet normal 0 -1 0
outer loop
vertex -21.49993896484375 30.312501907348633 3.549999952316284
vertex -21.49993896484375 30.312501907348633 0
vertex -16.49993896484375 30.312501907348633 3.549999952316284
endloop
endfacet
facet normal 1 0 0
outer loop
vertex -21.49993896484375 29.61250114440918 3.549999952316284
vertex -21.49993896484375 30.312501907348633 0
vertex -21.49993896484375 30.312501907348633 3.549999952316284
endloop
endfacet
facet normal -1 0 0
outer loop
vertex -16.49993896484375 15.51250171661377 0
vertex -16.49993896484375 14.812500953674316 0
vertex -16.49993896484375 15.51250171661377 3.549999952316284
endloop
endfacet
facet normal 0 1 0
outer loop
vertex -16.49993896484375 14.812500953674316 0
vertex -21.49993896484375 14.812500953674316 3.549999952316284
vertex -16.49993896484375 14.812500953674316 3.549999952316284
endloop
endfacet
facet normal 0 0 -1
outer loop
vertex -21.49993896484375 30.312501907348633 3.549999952316284
vertex -16.49993896484375 29.61250114440918 3.549999952316284
vertex -21.49993896484375 29.61250114440918 3.549999952316284
endloop
endfacet
facet normal -1 0 0
outer loop
vertex -16.49993896484375 15.51250171661377 3.549999952316284
vertex -16.49993896484375 14.812500953674316 0
vertex -16.49993896484375 14.812500953674316 3.549999952316284
endloop
endfacet
facet normal -1 0 0
outer loop
vertex -35.49993896484375 15.51250171661377 3.549999952316284
vertex -35.49993896484375 14.812500953674316 0
vertex -35.49993896484375 14.812500953674316 3.549999952316284
endloop
endfacet
facet normal 1 0 0
outer loop
vertex -40.49993896484375 14.812500953674316 3.549999952316284
vertex -40.49993896484375 15.51250171661377 0
vertex -40.49993896484375 15.51250171661377 3.549999952316284
endloop
endfacet
facet normal 0 0 -1
outer loop
vertex -40.49993896484375 30.312501907348633 3.549999952316284
vertex -35.49993896484375 29.61250114440918 3.549999952316284
vertex -40.49993896484375 29.61250114440918 3.549999952316284
endloop
endfacet
facet normal -1 0 0
outer loop
vertex -35.49993896484375 30.312501907348633 3.549999952316284
vertex -35.49993896484375 29.61250114440918 0
vertex -35.49993896484375 29.61250114440918 3.549999952316284
endloop
endfacet
facet normal -1 0 0
outer loop
vertex -35.49993896484375 30.312501907348633 0
vertex -35.49993896484375 29.61250114440918 0
vertex -35.49993896484375 30.312501907348633 3.549999952316284
endloop
endfacet
facet normal 0 -1 0
outer loop
vertex -35.49993896484375 30.312501907348633 3.549999952316284
vertex -40.49993896484375 30.312501907348633 0
vertex -35.49993896484375 30.312501907348633 0
endloop
endfacet
facet normal 1 0 0
outer loop
vertex -40.49993896484375 29.61250114440918 3.549999952316284
vertex -40.49993896484375 29.61250114440918 0
vertex -40.49993896484375 30.312501907348633 0
endloop
endfacet
facet normal 1 0 0
outer loop
vertex -40.49993896484375 29.61250114440918 3.549999952316284
vertex -40.49993896484375 30.312501907348633 0
vertex -40.49993896484375 30.312501907348633 3.549999952316284
endloop
endfacet
facet normal 0 0 -1
outer loop
vertex -35.49993896484375 15.51250171661377 3.549999952316284
vertex -35.49993896484375 14.812500953674316 3.549999952316284
vertex -40.49993896484375 15.51250171661377 3.549999952316284
endloop
endfacet
facet normal 0 -1 0
outer loop
vertex -40.49993896484375 30.312501907348633 3.549999952316284
vertex -40.49993896484375 30.312501907348633 0
vertex -35.49993896484375 30.312501907348633 3.549999952316284
endloop
endfacet
facet normal 0 0 -1
outer loop
vertex -35.49993896484375 30.312501907348633 3.549999952316284
vertex -35.49993896484375 29.61250114440918 3.549999952316284
vertex -40.49993896484375 30.312501907348633 3.549999952316284
endloop
endfacet
facet normal -1 0 0
outer loop
vertex -35.49993896484375 15.51250171661377 0
vertex -35.49993896484375 14.812500953674316 0
vertex -35.49993896484375 15.51250171661377 3.549999952316284
endloop
endfacet
facet normal 0 1 0
outer loop
vertex -35.49993896484375 14.812500953674316 0
vertex -40.49993896484375 14.812500953674316 0
vertex -40.49993896484375 14.812500953674316 3.549999952316284
endloop
endfacet
facet normal 1 0 0
outer loop
vertex -40.49993896484375 15.51250171661377 0
vertex -40.49993896484375 14.812500953674316 3.549999952316284
vertex -40.49993896484375 14.812500953674316 0
endloop
endfacet
facet normal 0 0 -1
outer loop
vertex -35.49993896484375 14.812500953674316 3.549999952316284
vertex -40.49993896484375 14.812500953674316 3.549999952316284
vertex -40.49993896484375 15.51250171661377 3.549999952316284
endloop
endfacet
facet normal 0 1 0
outer loop
vertex -35.49993896484375 14.812500953674316 0
vertex -40.49993896484375 14.812500953674316 3.549999952316284
vertex -35.49993896484375 14.812500953674316 3.549999952316284
endloop
endfacet
facet normal 0 -1 0
outer loop
vertex 54.50006103515625 49.3125 3.549999952316284
vertex 54.50006103515625 49.3125 0
vertex 59.50006103515625 49.3125 3.549999952316284
endloop
endfacet
facet normal -1 0 0
outer loop
vertex 59.50006103515625 49.3125 0
vertex 59.50006103515625 48.61250305175781 0
vertex 59.50006103515625 49.3125 3.549999952316284
endloop
endfacet
facet normal -1 0 0
outer loop
vertex 59.50006103515625 49.3125 3.549999952316284
vertex 59.50006103515625 48.61250305175781 0
vertex 59.50006103515625 48.61250305175781 3.549999952316284
endloop
endfacet
facet normal 0 0 -1
outer loop
vertex 59.50006103515625 34.51250076293945 3.549999952316284
vertex 59.50006103515625 33.8125 3.549999952316284
vertex 54.50006103515625 34.51250076293945 3.549999952316284
endloop
endfacet
facet normal -1 0 0
outer loop
vertex 59.50006103515625 34.51250076293945 0
vertex 59.50006103515625 33.8125 0
vertex 59.50006103515625 34.51250076293945 3.549999952316284
endloop
endfacet
facet normal 0 0 -1
outer loop
vertex 59.50006103515625 33.8125 3.549999952316284
vertex 54.50006103515625 33.8125 3.549999952316284
vertex 54.50006103515625 34.51250076293945 3.549999952316284
endloop
endfacet
facet normal 0 1 0
outer loop
vertex 59.50006103515625 33.8125 0
vertex 54.50006103515625 33.8125 0
vertex 54.50006103515625 33.8125 3.549999952316284
endloop
endfacet
facet normal 1 0 0
outer loop
vertex 54.50006103515625 48.61250305175781 3.549999952316284
vertex 54.50006103515625 49.3125 0
vertex 54.50006103515625 49.3125 3.549999952316284
endloop
endfacet
facet normal 1 0 0
outer loop
vertex 54.50006103515625 48.61250305175781 3.549999952316284
vertex 54.50006103515625 48.61250305175781 0
vertex 54.50006103515625 49.3125 0
endloop
endfacet
facet normal 1 0 0
outer loop
vertex 54.50006103515625 33.8125 3.549999952316284
vertex 54.50006103515625 34.51250076293945 0
vertex 54.50006103515625 34.51250076293945 3.549999952316284
endloop
endfacet
facet normal 1 0 0
outer loop
vertex 54.50006103515625 34.51250076293945 0
vertex 54.50006103515625 33.8125 3.549999952316284
vertex 54.50006103515625 33.8125 0
endloop
endfacet
facet normal 0 1 0
outer loop
vertex 59.50006103515625 33.8125 0
vertex 54.50006103515625 33.8125 3.549999952316284
vertex 59.50006103515625 33.8125 3.549999952316284
endloop
endfacet
facet normal 0 -1 0
outer loop
vertex 54.50006103515625 49.3125 0
vertex 59.50006103515625 49.3125 0
vertex 59.50006103515625 49.3125 3.549999952316284
endloop
endfacet
facet normal 0 0 -1
outer loop
vertex 59.50006103515625 49.3125 3.549999952316284
vertex 59.50006103515625 48.61250305175781 3.549999952316284
vertex 54.50006103515625 49.3125 3.549999952316284
endloop
endfacet
facet normal 0 0 -1
outer loop
vertex 59.50006103515625 48.61250305175781 3.549999952316284
vertex 54.50006103515625 48.61250305175781 3.549999952316284
vertex 54.50006103515625 49.3125 3.549999952316284
endloop
endfacet
facet normal -1 0 0
outer loop
vertex 59.50006103515625 34.51250076293945 3.549999952316284
vertex 59.50006103515625 33.8125 0
vertex 59.50006103515625 33.8125 3.549999952316284
endloop
endfacet
facet normal 1 0 0
outer loop
vertex 35.50006103515625 48.61250305175781 3.549999952316284
vertex 35.50006103515625 49.3125 0
vertex 35.50006103515625 49.3125 3.549999952316284
endloop
endfacet
facet normal 1 0 0
outer loop
vertex 35.50006103515625 34.51250076293945 0
vertex 35.50006103515625 33.8125 3.549999952316284
vertex 35.50006103515625 33.8125 0
endloop
endfacet
facet normal 1 0 0
outer loop
vertex 35.50006103515625 48.61250305175781 3.549999952316284
vertex 35.50006103515625 48.61250305175781 0
vertex 35.50006103515625 49.3125 0
endloop
endfacet
facet normal -1 0 0
outer loop
vertex 40.50006103515625 49.3125 3.549999952316284
vertex 40.50006103515625 48.61250305175781 0
vertex 40.50006103515625 48.61250305175781 3.549999952316284
endloop
endfacet
facet normal -1 0 0
outer loop
vertex 40.50006103515625 49.3125 0
vertex 40.50006103515625 48.61250305175781 0
vertex 40.50006103515625 49.3125 3.549999952316284
endloop
endfacet
facet normal 0 -1 0
outer loop
vertex 40.50006103515625 49.3125 3.549999952316284
vertex 35.50006103515625 49.3125 0
vertex 40.50006103515625 49.3125 0
endloop
endfacet
facet normal 0 0 -1
outer loop
vertex 40.50006103515625 49.3125 3.549999952316284
vertex 40.50006103515625 48.61250305175781 3.549999952316284
vertex 35.50006103515625 49.3125 3.549999952316284
endloop
endfacet
facet normal -1 0 0
outer loop
vertex 40.50006103515625 34.51250076293945 3.549999952316284
vertex 40.50006103515625 33.8125 0
vertex 40.50006103515625 33.8125 3.549999952316284
endloop
endfacet
facet normal 0 0 -1
outer loop
vertex 35.50006103515625 49.3125 3.549999952316284
vertex 40.50006103515625 48.61250305175781 3.549999952316284
vertex 35.50006103515625 48.61250305175781 3.549999952316284
endloop
endfacet
facet normal 0 1 0
outer loop
vertex 40.50006103515625 33.8125 0
vertex 35.50006103515625 33.8125 3.549999952316284
vertex 40.50006103515625 33.8125 3.549999952316284
endloop
endfacet
facet normal 0 0 -1
outer loop
vertex 40.50006103515625 34.51250076293945 3.549999952316284
vertex 40.50006103515625 33.8125 3.549999952316284
vertex 35.50006103515625 34.51250076293945 3.549999952316284
endloop
endfacet
facet normal -1 0 0
outer loop
vertex 40.50006103515625 34.51250076293945 0
vertex 40.50006103515625 33.8125 0
vertex 40.50006103515625 34.51250076293945 3.549999952316284
endloop
endfacet
facet normal 0 -1 0
outer loop
vertex 35.50006103515625 49.3125 3.549999952316284
vertex 35.50006103515625 49.3125 0
vertex 40.50006103515625 49.3125 3.549999952316284
endloop
endfacet
facet normal 1 0 0
outer loop
vertex 35.50006103515625 33.8125 3.549999952316284
vertex 35.50006103515625 34.51250076293945 0
vertex 35.50006103515625 34.51250076293945 3.549999952316284
endloop
endfacet
facet normal 0 0 -1
outer loop
vertex 40.50006103515625 33.8125 3.549999952316284
vertex 35.50006103515625 33.8125 3.549999952316284
vertex 35.50006103515625 34.51250076293945 3.549999952316284
endloop
endfacet
facet normal 0 1 0
outer loop
vertex 40.50006103515625 33.8125 0
vertex 35.50006103515625 33.8125 0
vertex 35.50006103515625 33.8125 3.549999952316284
endloop
endfacet
facet normal 0 0 -1
outer loop
vertex 21.50006103515625 34.51250076293945 3.549999952316284
vertex 21.50006103515625 33.8125 3.549999952316284
vertex 16.50006103515625 34.51250076293945 3.549999952316284
endloop
endfacet
facet normal 0 1 0
outer loop
vertex 21.50006103515625 33.8125 0
vertex 16.50006103515625 33.8125 3.549999952316284
vertex 21.50006103515625 33.8125 3.549999952316284
endloop
endfacet
facet normal 1 0 0
outer loop
vertex 16.50006103515625 48.61250305175781 3.549999952316284
vertex 16.50006103515625 48.61250305175781 0
vertex 16.50006103515625 49.3125 0
endloop
endfacet
facet normal -1 0 0
outer loop
vertex 21.50006103515625 34.51250076293945 3.549999952316284
vertex 21.50006103515625 33.8125 0
vertex 21.50006103515625 33.8125 3.549999952316284
endloop
endfacet
facet normal 0 1 0
outer loop
vertex 21.50006103515625 33.8125 0
vertex 16.50006103515625 33.8125 0
vertex 16.50006103515625 33.8125 3.549999952316284
endloop
endfacet
facet normal 0 0 -1
outer loop
vertex 16.50006103515625 49.3125 3.549999952316284
vertex 21.50006103515625 48.61250305175781 3.549999952316284
vertex 16.50006103515625 48.61250305175781 3.549999952316284
endloop
endfacet
facet normal -1 0 0
outer loop
vertex 21.50006103515625 34.51250076293945 0
vertex 21.50006103515625 33.8125 0
vertex 21.50006103515625 34.51250076293945 3.549999952316284
endloop
endfacet
facet normal 0 0 -1
outer loop
vertex 21.50006103515625 33.8125 3.549999952316284
vertex 16.50006103515625 33.8125 3.549999952316284
vertex 16.50006103515625 34.51250076293945 3.549999952316284
endloop
endfacet
facet normal 0 0 -1
outer loop
vertex 21.50006103515625 49.3125 3.549999952316284
vertex 21.50006103515625 48.61250305175781 3.549999952316284
vertex 16.50006103515625 49.3125 3.549999952316284
endloop
endfacet
facet normal 0 -1 0
outer loop
vertex 21.50006103515625 49.3125 3.549999952316284
vertex 16.50006103515625 49.3125 0
vertex 21.50006103515625 49.3125 0
endloop
endfacet
facet normal 1 0 0
outer loop
vertex 16.50006103515625 48.61250305175781 3.549999952316284
vertex 16.50006103515625 49.3125 0
vertex 16.50006103515625 49.3125 3.549999952316284
endloop
endfacet
facet normal 0 -1 0
outer loop
vertex 16.50006103515625 49.3125 3.549999952316284
vertex 16.50006103515625 49.3125 0
vertex 21.50006103515625 49.3125 3.549999952316284
endloop
endfacet
facet normal 1 0 0
outer loop
vertex 16.50006103515625 33.8125 3.549999952316284
vertex 16.50006103515625 34.51250076293945 0
vertex 16.50006103515625 34.51250076293945 3.549999952316284
endloop
endfacet
facet normal -1 0 0
outer loop
vertex 21.50006103515625 49.3125 3.549999952316284
vertex 21.50006103515625 48.61250305175781 0
vertex 21.50006103515625 48.61250305175781 3.549999952316284
endloop
endfacet
facet normal -1 0 0
outer loop
vertex 21.50006103515625 49.3125 0
vertex 21.50006103515625 48.61250305175781 0
vertex 21.50006103515625 49.3125 3.549999952316284
endloop
endfacet
facet normal 1 0 0
outer loop
vertex 16.50006103515625 34.51250076293945 0
vertex 16.50006103515625 33.8125 3.549999952316284
vertex 16.50006103515625 33.8125 0
endloop
endfacet
facet normal 0 -1 0
outer loop
vertex -4.874938488006592 49.3125 3.549999952316284
vertex -4.874938488006592 49.3125 0
vertex 0.12506155669689178 49.3125 3.549999952316284
endloop
endfacet
facet normal 0 0 -1
outer loop
vertex 0.12506155669689178 33.8125 3.549999952316284
vertex -4.874938488006592 33.8125 3.549999952316284
vertex -4.874938488006592 34.51250076293945 3.549999952316284
endloop
endfacet
facet normal 0 -1 0
outer loop
vertex -4.874938488006592 49.3125 0
vertex 0.12506155669689178 49.3125 0
vertex 0.12506155669689178 49.3125 3.549999952316284
endloop
endfacet
facet normal 1 0 0
outer loop
vertex -4.874938488006592 48.61250305175781 0
vertex -4.874938488006592 49.3125 0
vertex -4.874938488006592 49.3125 3.549999952316284
endloop
endfacet
facet normal 0 1 0
outer loop
vertex 0.12506155669689178 33.8125 0
vertex -4.874938488006592 33.8125 3.549999952316284
vertex 0.12506155669689178 33.8125 3.549999952316284
endloop
endfacet
facet normal 1 0 0
outer loop
vertex -4.874938488006592 33.8125 3.549999952316284
vertex -4.874938488006592 34.51250076293945 0
vertex -4.874938488006592 34.51250076293945 3.549999952316284
endloop
endfacet
facet normal 0 1 0
outer loop
vertex 0.12506155669689178 33.8125 0
vertex -4.874938488006592 33.8125 0
vertex -4.874938488006592 33.8125 3.549999952316284
endloop
endfacet
facet normal 1 0 0
outer loop
vertex -4.874938488006592 34.51250076293945 0
vertex -4.874938488006592 33.8125 3.549999952316284
vertex -4.874938488006592 33.8125 0
endloop
endfacet
facet normal 0 0 -1
outer loop
vertex 0.12506155669689178 48.61250305175781 3.549999952316284
vertex -4.874938488006592 49.3125 3.549999952316284
vertex 0.12506155669689178 49.3125 3.549999952316284
endloop
endfacet
facet normal 0 0 -1
outer loop
vertex -4.874938488006592 49.3125 3.549999952316284
vertex 0.12506155669689178 48.61250305175781 3.549999952316284
vertex -4.874938488006592 48.61250305175781 3.549999952316284
endloop
endfacet
facet normal -1 0 0
outer loop
vertex 0.12506155669689178 49.3125 3.549999952316284
vertex 0.12506155669689178 48.61250305175781 0
vertex 0.12506155669689178 48.61250305175781 3.549999952316284
endloop
endfacet
facet normal -1 0 0
outer loop
vertex 0.12506155669689178 34.51250076293945 0
vertex 0.12506155669689178 33.8125 0
vertex 0.12506155669689178 34.51250076293945 3.549999952316284
endloop
endfacet
facet normal -1 0 0
outer loop
vertex 0.12506155669689178 34.51250076293945 3.549999952316284
vertex 0.12506155669689178 33.8125 0
vertex 0.12506155669689178 33.8125 3.549999952316284
endloop
endfacet
facet normal -1 0 0
outer loop
vertex 0.12506155669689178 49.3125 3.549999952316284
vertex 0.12506155669689178 49.3125 0
vertex 0.12506155669689178 48.61250305175781 0
endloop
endfacet
facet normal 0 0 -1
outer loop
vertex 0.12506155669689178 33.8125 3.549999952316284
vertex -4.874938488006592 34.51250076293945 3.549999952316284
vertex 0.12506155669689178 34.51250076293945 3.549999952316284
endloop
endfacet
facet normal 1 0 0
outer loop
vertex -4.874938488006592 48.61250305175781 3.549999952316284
vertex -4.874938488006592 48.61250305175781 0
vertex -4.874938488006592 49.3125 3.549999952316284
endloop
endfacet
facet normal -1 0 0
outer loop
vertex -21.24993896484375 49.3125 0
vertex -21.24993896484375 48.61250305175781 0
vertex -21.24993896484375 49.3125 3.549999952316284
endloop
endfacet
facet normal 1 0 0
outer loop
vertex -26.24993896484375 48.61250305175781 3.549999952316284
vertex -26.24993896484375 49.3125 0
vertex -26.24993896484375 49.3125 3.549999952316284
endloop
endfacet
facet normal 0 -1 0
outer loop
vertex -26.24993896484375 49.3125 3.549999952316284
vertex -26.24993896484375 49.3125 0
vertex -21.24993896484375 49.3125 3.549999952316284
endloop
endfacet
facet normal 0 0 -1
outer loop
vertex -21.24993896484375 33.8125 3.549999952316284
vertex -26.24993896484375 33.8125 3.549999952316284
vertex -26.24993896484375 34.51250076293945 3.549999952316284
endloop
endfacet
facet normal 0 -1 0
outer loop
vertex -26.24993896484375 49.3125 0
vertex -21.24993896484375 49.3125 0
vertex -21.24993896484375 49.3125 3.549999952316284
endloop
endfacet
facet normal 1 0 0
outer loop
vertex -26.24993896484375 48.61250305175781 3.549999952316284
vertex -26.24993896484375 48.61250305175781 0
vertex -26.24993896484375 49.3125 0
endloop
endfacet
facet normal -1 0 0
outer loop
vertex -21.24993896484375 34.51250076293945 3.549999952316284
vertex -21.24993896484375 33.8125 0
vertex -21.24993896484375 33.8125 3.549999952316284
endloop
endfacet
facet normal 0 1 0
outer loop
vertex -21.24993896484375 33.8125 0
vertex -26.24993896484375 33.8125 3.549999952316284
vertex -21.24993896484375 33.8125 3.549999952316284
endloop
endfacet
facet normal -1 0 0
outer loop
vertex -21.24993896484375 49.3125 3.549999952316284
vertex -21.24993896484375 48.61250305175781 0
vertex -21.24993896484375 48.61250305175781 3.549999952316284
endloop
endfacet
facet normal 0 0 -1
outer loop
vertex -21.24993896484375 49.3125 3.549999952316284
vertex -21.24993896484375 48.61250305175781 3.549999952316284
vertex -26.24993896484375 49.3125 3.549999952316284
endloop
endfacet
facet normal 0 0 -1
outer loop
vertex -26.24993896484375 49.3125 3.549999952316284
vertex -21.24993896484375 48.61250305175781 3.549999952316284
vertex -26.24993896484375 48.61250305175781 3.549999952316284
endloop
endfacet
facet normal 0 0 -1
outer loop
vertex -21.24993896484375 34.51250076293945 3.549999952316284
vertex -21.24993896484375 33.8125 3.549999952316284
vertex -26.24993896484375 34.51250076293945 3.549999952316284
endloop
endfacet
facet normal 1 0 0
outer loop
vertex -26.24993896484375 33.8125 3.549999952316284
vertex -26.24993896484375 34.51250076293945 0
vertex -26.24993896484375 34.51250076293945 3.549999952316284
endloop
endfacet
facet normal -1 0 0
outer loop
vertex -21.24993896484375 34.51250076293945 0
vertex -21.24993896484375 33.8125 0
vertex -21.24993896484375 34.51250076293945 3.549999952316284
endloop
endfacet
facet normal 0 1 0
outer loop
vertex -21.24993896484375 33.8125 0
vertex -26.24993896484375 33.8125 0
vertex -26.24993896484375 33.8125 3.549999952316284
endloop
endfacet
facet normal 1 0 0
outer loop
vertex -26.24993896484375 34.51250076293945 0
vertex -26.24993896484375 33.8125 3.549999952316284
vertex -26.24993896484375 33.8125 0
endloop
endfacet
facet normal -1 0 0
outer loop
vertex -47.37493896484375 49.3125 3.549999952316284
vertex -47.37493896484375 48.61250305175781 0
vertex -47.37493896484375 48.61250305175781 3.549999952316284
endloop
endfacet
facet normal 0 0 -1
outer loop
vertex -47.37493896484375 33.8125 3.549999952316284
vertex -52.37493896484375 33.8125 3.549999952316284
vertex -52.37493896484375 34.51250076293945 3.549999952316284
endloop
endfacet
facet normal -1 0 0
outer loop
vertex -47.37493896484375 34.51250076293945 0
vertex -47.37493896484375 33.8125 0
vertex -47.37493896484375 34.51250076293945 3.549999952316284
endloop
endfacet
facet normal -1 0 0
outer loop
vertex -47.37493896484375 34.51250076293945 3.549999952316284
vertex -47.37493896484375 33.8125 0
vertex -47.37493896484375 33.8125 3.549999952316284
endloop
endfacet
facet normal 0 1 0
outer loop
vertex -47.37493896484375 33.8125 0
vertex -52.37493896484375 33.8125 3.549999952316284
vertex -47.37493896484375 33.8125 3.549999952316284
endloop
endfacet
facet normal 1 0 0
outer loop
vertex -52.37493896484375 33.8125 3.549999952316284
vertex -52.37493896484375 34.51250076293945 0
vertex -52.37493896484375 34.51250076293945 3.549999952316284
endloop
endfacet
facet normal 0 -1 0
outer loop
vertex -52.37493896484375 49.3125 3.549999952316284
vertex -52.37493896484375 49.3125 0
vertex -47.37493896484375 49.3125 3.549999952316284
endloop
endfacet
facet normal 0 0 -1
outer loop
vertex -47.37493896484375 34.51250076293945 3.549999952316284
vertex -47.37493896484375 33.8125 3.549999952316284
vertex -52.37493896484375 34.51250076293945 3.549999952316284
endloop
endfacet
facet normal 1 0 0
outer loop
vertex -52.37493896484375 48.61250305175781 3.549999952316284
vertex -52.37493896484375 49.3125 0
vertex -52.37493896484375 49.3125 3.549999952316284
endloop
endfacet
facet normal -1 0 0
outer loop
vertex -47.37493896484375 49.3125 0
vertex -47.37493896484375 48.61250305175781 0
vertex -47.37493896484375 49.3125 3.549999952316284
endloop
endfacet
facet normal 0 -1 0
outer loop
vertex -52.37493896484375 49.3125 0
vertex -47.37493896484375 49.3125 0
vertex -47.37493896484375 49.3125 3.549999952316284
endloop
endfacet
facet normal 1 0 0
outer loop
vertex -52.37493896484375 48.61250305175781 3.549999952316284
vertex -52.37493896484375 48.61250305175781 0
vertex -52.37493896484375 49.3125 0
endloop
endfacet
facet normal 0 0 -1
outer loop
vertex -52.37493896484375 49.3125 3.549999952316284
vertex -47.37493896484375 48.61250305175781 3.549999952316284
vertex -52.37493896484375 48.61250305175781 3.549999952316284
endloop
endfacet
facet normal 0 0 -1
outer loop
vertex -47.37493896484375 49.3125 3.549999952316284
vertex -47.37493896484375 48.61250305175781 3.549999952316284
vertex -52.37493896484375 49.3125 3.549999952316284
endloop
endfacet
facet normal 0 1 0
outer loop
vertex -47.37493896484375 33.8125 0
vertex -52.37493896484375 33.8125 0
vertex -52.37493896484375 33.8125 3.549999952316284
endloop
endfacet
facet normal 1 0 0
outer loop
vertex -52.37493896484375 34.51250076293945 0
vertex -52.37493896484375 33.8125 3.549999952316284
vertex -52.37493896484375 33.8125 0
endloop
endfacet
facet normal -0.00022709274481013888 -0.9999999742143666 -3.8913979901463436e-7
outer loop
vertex 55.69186782836914 56.534751892089844 -2.8499999046325684
vertex -66.49168395996094 56.5625 -5.699999809265137
vertex 67.06897735595703 56.532169342041016 -5.699999809265137
endloop
endfacet
facet normal 0 0 -1
outer loop
vertex 42.93427658081055 -42.83970642089844 0
vertex 42.93427658081055 -43.765289306640625 0
vertex 42.9000244140625 -42.66749954223633 0
endloop
endfacet
facet normal 0 0 -1
outer loop
vertex 43.52223205566406 -42.25175476074219 0
vertex 43.35002517700195 -41.84749984741211 0
vertex 43.52223205566406 -41.8132438659668 0
endloop
endfacet
facet normal 0 0 -1
outer loop
vertex 43.66822052001953 -42.349300384521484 0
vertex 43.52223205566406 -41.8132438659668 0
vertex 43.66822052001953 -41.7156982421875 0
endloop
endfacet
facet normal 0 0 -1
outer loop
vertex 24.522268295288086 -34.631752014160156 0
vertex 24.522268295288086 -34.19324493408203 0
vertex 24.668258666992188 -34.72930145263672 0
endloop
endfacet
facet normal 0 0 -1
outer loop
vertex 24.522268295288086 -34.631752014160156 0
vertex 24.406169891357422 -34.216339111328125 0
vertex 24.522268295288086 -34.19324493408203 0
endloop
endfacet
facet normal 0 0 -1
outer loop
vertex 24.668258666992188 -34.72930145263672 0
vertex 24.522268295288086 -34.19324493408203 0
vertex 24.668258666992188 -34.09569549560547 0
endloop
endfacet
facet normal 0 0 -1
outer loop
vertex 24.050012588500977 -51.693878173828125 0
vertex 24.350061416625977 -46.92749786376953 0
vertex 46.8000602722168 -51.0625 0
endloop
endfacet
facet normal 0 0 -1
outer loop
vertex 46.8000602722168 -51.0625 0
vertex 24.350061416625977 -46.92749786376953 0
vertex 24.522268295288086 -46.893245697021484 0
endloop
endfacet
facet normal 0 0 -1
outer loop
vertex 46.8000602722168 -51.0625 0
vertex 24.522268295288086 -46.893245697021484 0
vertex 24.668258666992188 -46.79569625854492 0
endloop
endfacet
facet normal 0 0 -1
outer loop
vertex 46.8000602722168 -51.0625 0
vertex 24.668258666992188 -46.79569625854492 0
vertex 24.76580810546875 -46.64970779418945 0
endloop
endfacet
facet normal 0 0 -1
outer loop
vertex 46.8000602722168 -51.0625 0
vertex 24.76580810546875 -46.64970779418945 0
vertex 24.80006217956543 -46.47749710083008 0
endloop
endfacet
facet normal 0 0 -1
outer loop
vertex -58.0927734375 25.54166030883789 0
vertex -58.31861114501953 25.838390350341797 0
vertex -49.1999397277832 31.36250114440918 0
endloop
endfacet
facet normal 0 0 -1
outer loop
vertex 71.9697265625 -51.631412506103516 0
vertex 71.7642593383789 -52.652828216552734 0
vertex 67.20005798339844 -32.0625 0
endloop
endfacet
facet normal 0 0 -1
outer loop
vertex 71.7642593383789 -52.652828216552734 0
vertex 71.36982727050781 -53.61715316772461 0
vertex 67.20005798339844 -32.0625 0
endloop
endfacet
facet normal 0 0 -1
outer loop
vertex 67.1502914428711 -51.31901931762695 0
vertex 67.20005798339844 -32.0625 0
vertex 71.36982727050781 -53.61715316772461 0
endloop
endfacet
facet normal 0 0 -1
outer loop
vertex 46.8000602722168 -51.0625 0
vertex 24.80006217956543 -46.47749710083008 0
vertex 24.76580810546875 -46.30529022216797 0
endloop
endfacet
facet normal 0 0 -1
outer loop
vertex 24.76580810546875 -46.30529022216797 0
vertex 24.668258666992188 -46.1593017578125 0
vertex 46.8000602722168 -51.0625 0
endloop
endfacet
facet normal 0.6945149231656583 0.7194782981440092 0
outer loop
vertex -55.677223205566406 -55.363037109375 -5.699999809265137
vertex -56.42682647705078 -54.639442443847656 -5.699999809265137
vertex -56.42682647705078 -54.639442443847656 0
endloop
endfacet
facet normal 0.817750762511232 0.5755724892768057 0
outer loop
vertex -56.42682647705078 -54.639442443847656 -5.699999809265137
vertex -57.0265007019043 -53.78744888305664 -5.699999809265137
vertex -57.0265007019043 -53.78744888305664 0
endloop
endfacet
facet normal 0.911630391097318 0.41101098528841196 0
outer loop
vertex -57.0265007019043 -53.78744888305664 -5.699999809265137
vertex -57.4547233581543 -52.837642669677734 -5.699999809265137
vertex -57.4547233581543 -52.837642669677734 0
endloop
endfacet
facet normal 0.9727891229657288 0.23169230077749292 0
outer loop
vertex -57.4547233581543 -52.837642669677734 -5.699999809265137
vertex -57.69611740112305 -51.824119567871094 -5.699999809265137
vertex -57.69611740112305 -51.824119567871094 0
endloop
endfacet
facet normal 0.9975652743396687 0.06973896637907424 0
outer loop
vertex -57.69611740112305 -51.824119567871094 -5.699999809265137
vertex -57.74993896484375 -51.05424118041992 -5.699999809265137
vertex -57.74993896484375 -51.05424118041992 0
endloop
endfacet
facet normal 0.6945149231656583 0.7194782981440092 0
outer loop
vertex -55.677223205566406 -55.363037109375 -5.699999809265137
vertex -56.42682647705078 -54.639442443847656 0
vertex -55.677223205566406 -55.363037109375 0
endloop
endfacet
facet normal 0.817750762511232 0.5755724892768057 0
outer loop
vertex -56.42682647705078 -54.639442443847656 0
vertex -56.42682647705078 -54.639442443847656 -5.699999809265137
vertex -57.0265007019043 -53.78744888305664 0
endloop
endfacet
facet normal 0.911630391097318 0.41101098528841196 0
outer loop
vertex -57.0265007019043 -53.78744888305664 0
vertex -57.0265007019043 -53.78744888305664 -5.699999809265137
vertex -57.4547233581543 -52.837642669677734 0
endloop
endfacet
facet normal 0.9727891229657288 0.23169230077749292 0
outer loop
vertex -57.4547233581543 -52.837642669677734 0
vertex -57.4547233581543 -52.837642669677734 -5.699999809265137
vertex -57.69611740112305 -51.824119567871094 0
endloop
endfacet
facet normal 0.9975652743396687 0.06973896637907424 0
outer loop
vertex -57.69611740112305 -51.824119567871094 0
vertex -57.69611740112305 -51.824119567871094 -5.699999809265137
vertex -57.74993896484375 -51.05424118041992 0
endloop
endfacet
facet normal 0.5463498674282705 0.8375570561825093 0
outer loop
vertex -54.80459213256836 -55.93226623535156 -5.699999809265137
vertex -55.677223205566406 -55.363037109375 -5.699999809265137
vertex -55.677223205566406 -55.363037109375 0
endloop
endfacet
facet normal 0.378576673478436 0.9255699337694594 0
outer loop
vertex -53.840267181396484 -56.32669448852539 -5.699999809265137
vertex -54.80459213256836 -55.93226623535156 -5.699999809265137
vertex -54.80459213256836 -55.93226623535156 0
endloop
endfacet
facet normal 0.19721301878943986 0.9803606607876288 0
outer loop
vertex -52.81885528564453 -56.53216552734375 -5.699999809265137
vertex -53.840267181396484 -56.32669448852539 -5.699999809265137
vertex -53.840267181396484 -56.32669448852539 0
endloop
endfacet
facet normal 0.00004649734789144229 0.9999999989189983 0
outer loop
vertex -52.81885528564453 -56.53216552734375 -5.699999809265137
vertex -52.81885528564453 -56.53216552734375 0
vertex -47.240055084228516 -56.53242492675781 -1.9500000476837158
endloop
endfacet
facet normal 0.5463498674282705 0.8375570561825093 0
outer loop
vertex -54.80459213256836 -55.93226623535156 0
vertex -54.80459213256836 -55.93226623535156 -5.699999809265137
vertex -55.677223205566406 -55.363037109375 0
endloop
endfacet
facet normal 0.378576673478436 0.9255699337694594 0
outer loop
vertex -53.840267181396484 -56.32669448852539 0
vertex -53.840267181396484 -56.32669448852539 -5.699999809265137
vertex -54.80459213256836 -55.93226623535156 0
endloop
endfacet
facet normal 0.19721301878943986 0.9803606607876288 0
outer loop
vertex -52.81885528564453 -56.53216552734375 0
vertex -52.81885528564453 -56.53216552734375 -5.699999809265137
vertex -53.840267181396484 -56.32669448852539 0
endloop
endfacet
facet normal 0 0 -1
outer loop
vertex 71.36982727050781 -53.61715316772461 0
vertex 70.80059814453125 -54.48978042602539 0
vertex 67.1502914428711 -51.31901931762695 0
endloop
endfacet
facet normal 0 0 -1
outer loop
vertex 70.80059814453125 -54.48978042602539 0
vertex 66.80001068115234 -51.693878173828125 0
vertex 67.1502914428711 -51.31901931762695 0
endloop
endfacet
facet normal 0 0 -1
outer loop
vertex 70.80059814453125 -54.48978042602539 0
vertex 66.50006103515625 -51.76249694824219 0
vertex 66.80001068115234 -51.693878173828125 0
endloop
endfacet
facet normal 0 0 -1
outer loop
vertex 70.80059814453125 -54.48978042602539 0
vertex 70.0770034790039 -55.23938751220703 0
vertex 66.50006103515625 -51.76249694824219 0
endloop
endfacet
facet normal 0 0 -1
outer loop
vertex 70.0770034790039 -55.23938751220703 0
vertex 69.22501373291016 -55.83906173706055 0
vertex 66.50006103515625 -51.76249694824219 0
endloop
endfacet
facet normal 0 0 -1
outer loop
vertex 69.22501373291016 -55.83906173706055 0
vertex 68.27520751953125 -56.26728057861328 0
vertex 66.50006103515625 -51.76249694824219 0
endloop
endfacet
facet normal 0 0 -1
outer loop
vertex 68.27520751953125 -56.26728057861328 0
vertex 67.26168060302734 -56.50867462158203 0
vertex 66.50006103515625 -51.76249694824219 0
endloop
endfacet
facet normal 0 0 -1
outer loop
vertex 67.26168060302734 -56.50867462158203 0
vertex 67.01201629638672 -56.53778839111328 0
vertex 66.50006103515625 -51.76249694824219 0
endloop
endfacet
facet normal 0 0 -1
outer loop
vertex -57.69611740112305 -51.824119567871094 0
vertex -57.74993896484375 -51.05424118041992 0
vertex -52.51911544799805 -31.416322708129883 0
endloop
endfacet
facet normal 0.00004649734789144229 0.9999999989189983 0
outer loop
vertex -47.240055084228516 -56.53242492675781 -1.9500000476837158
vertex -52.81885528564453 -56.53216552734375 0
vertex -47.240055084228516 -56.53242492675781 -0.15000000596046448
endloop
endfacet
facet normal 0 0 -1
outer loop
vertex -57.69611740112305 -51.824119567871094 0
vertex -52.51911544799805 -31.416322708129883 0
vertex -52.5064582824707 -51.712730407714844 0
endloop
endfacet
facet normal 0.00004720687859307258 0.9999999985375692 0.000026388866418790044
outer loop
vertex -47.240055084228516 -56.53242492675781 -0.15000000596046448
vertex -52.81885528564453 -56.53216552734375 0
vertex -39.240055084228516 -56.53280258178711 -0.15000000596046448
endloop
endfacet
facet normal 0 0 -1
outer loop
vertex 46.8000602722168 -51.0625 0
vertex 24.668258666992188 -46.1593017578125 0
vertex 24.668514251708984 -45.52569580078125 0
endloop
endfacet
facet normal 0 0 -1
outer loop
vertex 46.8000602722168 -51.0625 0
vertex 24.668514251708984 -45.52569580078125 0
vertex 24.766061782836914 -45.37970733642578 0
endloop
endfacet
facet normal 0 0 -1
outer loop
vertex 46.8000602722168 -51.0625 0
vertex 24.766061782836914 -45.37970733642578 0
vertex 24.800315856933594 -45.20750045776367 0
endloop
endfacet
facet normal 0 0 -1
outer loop
vertex 46.8000602722168 -51.0625 0
vertex 24.800315856933594 -45.20750045776367 0
vertex 24.766061782836914 -45.0352897644043 0
endloop
endfacet
facet normal 0 0 -1
outer loop
vertex 24.766061782836914 -45.0352897644043 0
vertex 24.668514251708984 -44.88930130004883 0
vertex 46.8000602722168 -51.0625 0
endloop
endfacet
facet normal 0 0 -1
outer loop
vertex 46.8000602722168 -51.0625 0
vertex 24.668514251708984 -44.88930130004883 0
vertex 24.668514251708984 -44.25569534301758 0
endloop
endfacet
facet normal 0 0 -1
outer loop
vertex 46.8000602722168 -51.0625 0
vertex 24.668514251708984 -44.25569534301758 0
vertex 24.766061782836914 -44.10970687866211 0
endloop
endfacet
facet normal 0.00004673004145073153 0.9999999988620869 0.000009598394385918617
outer loop
vertex 67.01201629638672 -56.53778839111328 0
vertex 61.49180603027344 -56.53752899169922 -0.15000000596046448
vertex 53.49180603027344 -56.53715515136719 -0.15000000596046448
endloop
endfacet
facet normal 0 0 -1
outer loop
vertex 67.01201629638672 -56.53778839111328 0
vertex 46.868682861328125 -51.362449645996094 0
vertex 66.50006103515625 -51.76249694824219 0
endloop
endfacet
facet normal 0 0 -1
outer loop
vertex 46.8000602722168 -51.0625 0
vertex 24.766061782836914 -44.10970687866211 0
vertex 24.800315856933594 -43.9375 0
endloop
endfacet
facet normal 0 0 -1
outer loop
vertex 46.8000602722168 -51.0625 0
vertex 24.800315856933594 -43.9375 0
vertex 24.766061782836914 -43.765289306640625 0
endloop
endfacet
facet normal 0 0 -1
outer loop
vertex 46.8000602722168 -51.0625 0
vertex 24.766061782836914 -43.765289306640625 0
vertex 24.668514251708984 -43.619300842285156 0
endloop
endfacet
facet normal 0.000046990857462164215 0.9999999988959296 0
outer loop
vertex 67.01201629638672 -56.53778839111328 0
vertex 61.49180603027344 -56.53752899169922 -1.9500000476837158
vertex 61.49180603027344 -56.53752899169922 -0.15000000596046448
endloop
endfacet
facet normal 0 0 -1
outer loop
vertex 46.8000602722168 -51.0625 0
vertex 24.668514251708984 -43.619300842285156 0
vertex 24.668514251708984 -42.985694885253906 0
endloop
endfacet
facet normal 0 0 -1
outer loop
vertex 46.8000602722168 -51.0625 0
vertex 24.668514251708984 -42.985694885253906 0
vertex 24.766061782836914 -42.83970642089844 0
endloop
endfacet
facet normal 0 0 -1
outer loop
vertex 46.8000602722168 -51.0625 0
vertex 24.766061782836914 -42.83970642089844 0
vertex 24.800315856933594 -42.66749954223633 0
endloop
endfacet
facet normal 0 0 -1
outer loop
vertex 24.766061782836914 -42.49529266357422 0
vertex 24.668514251708984 -42.349300384521484 0
vertex 46.8000602722168 -51.0625 0
endloop
endfacet
facet normal 0 0 -1
outer loop
vertex 46.8000602722168 -51.0625 0
vertex 24.800315856933594 -42.66749954223633 0
vertex 24.766061782836914 -42.49529266357422 0
endloop
endfacet
facet normal 0 0 -1
outer loop
vertex 46.8000602722168 -51.0625 0
vertex 24.668514251708984 -42.349300384521484 0
vertex 24.668514251708984 -41.7156982421875 0
endloop
endfacet
facet normal 0 0 -1
outer loop
vertex 46.8000602722168 -51.0625 0
vertex 24.668514251708984 -41.7156982421875 0
vertex 24.766061782836914 -41.569705963134766 0
endloop
endfacet
facet normal 0 0 -1
outer loop
vertex 46.8000602722168 -51.0625 0
vertex 24.766061782836914 -41.569705963134766 0
vertex 24.800315856933594 -41.397499084472656 0
endloop
endfacet
facet normal 0 0 -1
outer loop
vertex 46.8000602722168 -51.0625 0
vertex 24.800315856933594 -41.397499084472656 0
vertex 24.766061782836914 -41.22529220581055 0
endloop
endfacet
facet normal 0 0 -1
outer loop
vertex 46.8000602722168 -51.0625 0
vertex 24.766061782836914 -41.22529220581055 0
vertex 24.668514251708984 -41.07929992675781 0
endloop
endfacet
facet normal -0.9999999563661737 0.00029541098602090833 0
outer loop
vertex 72.00006103515625 51.05424499511719 -5.699999809265137
vertex 71.9697265625 -51.631412506103516 -5.699999809265137
vertex 71.9697265625 -51.631412506103516 0
endloop
endfacet
facet normal 0 0 -1
outer loop
vertex 47.23088455200195 -31.416322708129883 0
vertex 19.398704528808594 -25.616981506347656 0
vertex 66.50006103515625 -25.63749885559082 0
endloop
endfacet
facet normal 0 0 -1
outer loop
vertex 24.668514251708984 -44.88930130004883 0
vertex 24.522523880004883 -44.35324478149414 0
vertex 24.668514251708984 -44.25569534301758 0
endloop
endfacet
facet normal 0 0 -1
outer loop
vertex 24.522523880004883 -44.791751861572266 0
vertex 24.35031509399414 -44.38749694824219 0
vertex 24.522523880004883 -44.35324478149414 0
endloop
endfacet
facet normal 0 0 -1
outer loop
vertex 24.522523880004883 -44.791751861572266 0
vertex 24.522523880004883 -44.35324478149414 0
vertex 24.668514251708984 -44.88930130004883 0
endloop
endfacet
facet normal 0 0 -1
outer loop
vertex 24.668258666992188 -46.1593017578125 0
vertex 24.522523880004883 -45.62324523925781 0
vertex 24.668514251708984 -45.52569580078125 0
endloop
endfacet
facet normal 0 0 -1
outer loop
vertex 24.522268295288086 -46.06175231933594 0
vertex 24.35031509399414 -45.65749740600586 0
vertex 24.522523880004883 -45.62324523925781 0
endloop
endfacet
facet normal 0 0 -1
outer loop
vertex 24.668258666992188 -46.1593017578125 0
vertex 24.522268295288086 -46.06175231933594 0
vertex 24.522523880004883 -45.62324523925781 0
endloop
endfacet
facet normal 0 0 -1
outer loop
vertex 24.35031509399414 -44.38749694824219 0
vertex 24.35031509399414 -44.75749969482422 0
vertex 24.199514389038086 -44.35750198364258 0
endloop
endfacet
facet normal 0 0 -1
outer loop
vertex 24.35031509399414 -44.75749969482422 0
vertex 24.35031509399414 -44.38749694824219 0
vertex 24.522523880004883 -44.791751861572266 0
endloop
endfacet
facet normal 0 0 -1
outer loop
vertex 24.190715789794922 -44.78924560546875 0
vertex 24.199514389038086 -44.35750198364258 0
vertex 24.35031509399414 -44.75749969482422 0
endloop
endfacet
facet normal 0 0 -1
outer loop
vertex 24.35031509399414 -45.65749740600586 0
vertex 24.350061416625977 -46.02750015258789 0
vertex 24.173778533935547 -45.62035369873047 0
endloop
endfacet
facet normal 0 0 -1
outer loop
vertex 24.350061416625977 -46.02750015258789 0
vertex 24.35031509399414 -45.65749740600586 0
vertex 24.522268295288086 -46.06175231933594 0
endloop
endfacet
facet normal 0 0 -1
outer loop
vertex 24.16460418701172 -46.07060623168945 0
vertex 24.173778533935547 -45.62035369873047 0
vertex 24.350061416625977 -46.02750015258789 0
endloop
endfacet
facet normal 0 0 -1
outer loop
vertex 24.050012588500977 -51.693878173828125 0
vertex 24.177854537963867 -46.893245697021484 0
vertex 24.350061416625977 -46.92749786376953 0
endloop
endfacet
facet normal 0 0 -1
outer loop
vertex 24.050012588500977 -51.693878173828125 0
vertex 24.148242950439453 -46.87345886230469 0
vertex 24.177854537963867 -46.893245697021484 0
endloop
endfacet
facet normal 0.000046937153237226085 0.9999999988573233 -0.000009069570905705397
outer loop
vertex 53.49180603027344 -56.53715515136719 -0.15000000596046448
vertex -39.240055084228516 -56.53280258178711 -0.15000000596046448
vertex 67.01201629638672 -56.53778839111328 0
endloop
endfacet
facet normal 0.00004693715323915654 0.9999999988984518 0
outer loop
vertex 53.49180603027344 -56.53715515136719 -1.9500000476837158
vertex -39.240055084228516 -56.53280258178711 -0.15000000596046448
vertex 53.49180603027344 -56.53715515136719 -0.15000000596046448
endloop
endfacet
facet normal 0.8177484327092001 0.5755757993536965 0
outer loop
vertex -70.67682647705078 28.485559463500977 -5.699999809265137
vertex -71.27650451660156 29.33755111694336 -5.699999809265137
vertex -71.27650451660156 29.33755111694336 0
endloop
endfacet
facet normal -0.00022708551771835037 -0.9999999742160834 0
outer loop
vertex -66.49168395996094 56.5625 0
vertex -45.03999328613281 56.5576286315918 -2.8499999046325684
vertex -45.03999328613281 56.5576286315918 -1.0499999523162842
endloop
endfacet
facet normal 0.6945168184747433 0.7194764685906834 0
outer loop
vertex -69.9272232055664 27.761960983276367 -5.699999809265137
vertex -70.67682647705078 28.485559463500977 -5.699999809265137
vertex -70.67682647705078 28.485559463500977 0
endloop
endfacet
facet normal -0.0002271249586720231 -0.9999999742068414 7.548254507034372e-7
outer loop
vertex -41.43999099731445 56.55681228637695 -2.8499999046325684
vertex -66.49168395996094 56.5625 -5.699999809265137
vertex 67.06897735595703 56.532169342041016 0
endloop
endfacet
facet normal 0.546351542872973 0.8375559632647372 0
outer loop
vertex -69.05459594726562 27.192731857299805 -5.699999809265137
vertex -69.9272232055664 27.761960983276367 -5.699999809265137
vertex -69.9272232055664 27.761960983276367 0
endloop
endfacet
facet normal 0.3785741075986798 0.9255709832616098 0
outer loop
vertex -68.09026336669922 26.798303604125977 -5.699999809265137
vertex -69.05459594726562 27.192731857299805 -5.699999809265137
vertex -69.05459594726562 27.192731857299805 0
endloop
endfacet
facet normal 0 0 -1
outer loop
vertex 66.75658416748047 -31.412267684936523 0
vertex 47.23088455200195 -31.416322708129883 0
vertex 66.50006103515625 -25.63749885559082 0
endloop
endfacet
facet normal 0.19721196718636663 0.980360872331451 0
outer loop
vertex -67.06885528564453 26.59283447265625 -5.699999809265137
vertex -68.09026336669922 26.798303604125977 -5.699999809265137
vertex -68.09026336669922 26.798303604125977 0
endloop
endfacet
facet normal 0 0 -1
outer loop
vertex 67.01201629638672 -56.53778839111328 0
vertex -52.5064582824707 -51.712730407714844 0
vertex 23.75006103515625 -51.76249694824219 0
endloop
endfacet
facet normal 0.000046934477787469726 0.9999999988963916 0.00000209085299019386
outer loop
vertex 27.276037216186523 -56.53592300415039 -3.564180612564087
vertex 21.424087524414062 -56.535648345947266 -3.564180612564087
vertex 20.850061416625977 -56.535621643066406 -3.450000047683716
endloop
endfacet
facet normal 0.0000469344777875718 0.9999999988985665 1.4827870598527348e-7
outer loop
vertex 27.276037216186523 -56.53592300415039 -3.564180612564087
vertex 26.78940200805664 -56.5359001159668 -3.8893399238586426
vertex 21.424087524414062 -56.535648345947266 -3.564180612564087
endloop
endfacet
facet normal 0.0000469146941779407 0.9999999988994898 -1.7816216111574388e-7
outer loop
vertex 26.78940200805664 -56.5359001159668 -3.8893399238586426
vertex 21.910720825195312 -56.53567123413086 -3.8893399238586426
vertex 21.424087524414062 -56.535648345947266 -3.564180612564087
endloop
endfacet
facet normal 0 0 -1
outer loop
vertex 46.849830627441406 -31.80597686767578 0
vertex 43.765769958496094 -33.605289459228516 0
vertex 43.66822052001953 -33.45930099487305 0
endloop
endfacet
facet normal 0 0 -1
outer loop
vertex 43.66822052001953 -33.45930099487305 0
vertex 43.52223205566406 -33.361751556396484 0
vertex 46.849830627441406 -31.80597686767578 0
endloop
endfacet
facet normal 0 0 -1
outer loop
vertex 43.52223205566406 -33.361751556396484 0
vertex 43.35002517700195 -33.32749938964844 0
vertex 46.849830627441406 -31.80597686767578 0
endloop
endfacet
facet normal 0 0 -1
outer loop
vertex 46.849830627441406 -31.80597686767578 0
vertex 43.80002212524414 -33.77750015258789 0
vertex 43.765769958496094 -33.605289459228516 0
endloop
endfacet
facet normal 0 0 -1
outer loop
vertex 46.849830627441406 -31.80597686767578 0
vertex 43.765769958496094 -33.94970703125 0
vertex 43.80002212524414 -33.77750015258789 0
endloop
endfacet
facet normal 0 0 -1
outer loop
vertex 43.35002517700195 -33.32749938964844 0
vertex 43.17781448364258 -33.361751556396484 0
vertex 46.849830627441406 -31.80597686767578 0
endloop
endfacet
facet normal 0 0 -1
outer loop
vertex 46.849830627441406 -31.80597686767578 0
vertex 43.765769958496094 -34.87528991699219 0
vertex 43.765769958496094 -33.94970703125 0
endloop
endfacet
facet normal 0 0 -1
outer loop
vertex 46.849830627441406 -31.80597686767578 0
vertex 43.80002212524414 -35.04750061035156 0
vertex 43.765769958496094 -34.87528991699219 0
endloop
endfacet
facet normal 0 0 -1
outer loop
vertex 46.849830627441406 -31.80597686767578 0
vertex 43.765769958496094 -35.21970748901367 0
vertex 43.80002212524414 -35.04750061035156 0
endloop
endfacet
facet normal 0 0 -1
outer loop
vertex 46.849830627441406 -31.80597686767578 0
vertex 43.765769958496094 -36.14529037475586 0
vertex 43.765769958496094 -35.21970748901367 0
endloop
endfacet
facet normal 0 0 -1
outer loop
vertex 46.849830627441406 -31.80597686767578 0
vertex 43.80002212524414 -36.31749725341797 0
vertex 43.765769958496094 -36.14529037475586 0
endloop
endfacet
facet normal 0 0 -1
outer loop
vertex 46.849830627441406 -31.80597686767578 0
vertex 43.765769958496094 -36.489707946777344 0
vertex 43.80002212524414 -36.31749725341797 0
endloop
endfacet
facet normal 0 0 -1
outer loop
vertex 46.849830627441406 -31.80597686767578 0
vertex 43.765769958496094 -37.41529083251953 0
vertex 43.765769958496094 -36.489707946777344 0
endloop
endfacet
facet normal 0 0 -1
outer loop
vertex 46.849830627441406 -31.80597686767578 0
vertex 43.80002212524414 -37.58749771118164 0
vertex 43.765769958496094 -37.41529083251953 0
endloop
endfacet
facet normal 0 0 -1
outer loop
vertex 43.765769958496094 -34.87528991699219 0
vertex 43.66822052001953 -34.09569549560547 0
vertex 43.765769958496094 -33.94970703125 0
endloop
endfacet
facet normal 0 0 -1
outer loop
vertex 43.765769958496094 -34.87528991699219 0
vertex 43.66822052001953 -34.72930145263672 0
vertex 43.66822052001953 -34.09569549560547 0
endloop
endfacet
facet normal 0 0 -1
outer loop
vertex 43.66822052001953 -34.72930145263672 0
vertex 43.52223205566406 -34.19324493408203 0
vertex 43.66822052001953 -34.09569549560547 0
endloop
endfacet
facet normal 0 0 -1
outer loop
vertex 43.52223205566406 -34.631752014160156 0
vertex 43.52223205566406 -34.19324493408203 0
vertex 43.66822052001953 -34.72930145263672 0
endloop
endfacet
facet normal 0 0 -1
outer loop
vertex 43.52223205566406 -34.631752014160156 0
vertex 43.35002517700195 -34.22749710083008 0
vertex 43.52223205566406 -34.19324493408203 0
endloop
endfacet
facet normal 0 0 -1
outer loop
vertex 43.35002517700195 -34.59749984741211 0
vertex 43.35002517700195 -34.22749710083008 0
vertex 43.52223205566406 -34.631752014160156 0
endloop
endfacet
facet normal 0 0 -1
outer loop
vertex 43.35002517700195 -34.59749984741211 0
vertex 43.17781448364258 -34.19324493408203 0
vertex 43.35002517700195 -34.22749710083008 0
endloop
endfacet
facet normal 0 0 -1
outer loop
vertex 43.17781448364258 -34.631752014160156 0
vertex 43.03182601928711 -34.09569549560547 0
vertex 43.17781448364258 -34.19324493408203 0
endloop
endfacet
facet normal 0 0 -1
outer loop
vertex 43.17781448364258 -34.631752014160156 0
vertex 43.17781448364258 -34.19324493408203 0
vertex 43.35002517700195 -34.59749984741211 0
endloop
endfacet
facet normal 0 0 -1
outer loop
vertex 43.03182601928711 -34.72930145263672 0
vertex 43.03182601928711 -34.09569549560547 0
vertex 43.17781448364258 -34.631752014160156 0
endloop
endfacet
facet normal 0 0 -1
outer loop
vertex 43.03182601928711 -34.72930145263672 0
vertex 42.93427658081055 -33.94970703125 0
vertex 43.03182601928711 -34.09569549560547 0
endloop
endfacet
facet normal 0 0 -1
outer loop
vertex 42.93427658081055 -33.94970703125 0
vertex 42.93427658081055 -34.87528991699219 0
vertex 42.9000244140625 -33.77750015258789 0
endloop
endfacet
facet normal 0 0 -1
outer loop
vertex 42.93427658081055 -34.87528991699219 0
vertex 42.93427658081055 -33.94970703125 0
vertex 43.03182601928711 -34.72930145263672 0
endloop
endfacet
facet normal 0 0 -1
outer loop
vertex 42.9000244140625 -35.04750061035156 0
vertex 42.9000244140625 -33.77750015258789 0
vertex 42.93427658081055 -34.87528991699219 0
endloop
endfacet
facet normal 0 0 -1
outer loop
vertex 43.765769958496094 -36.14529037475586 0
vertex 43.66822052001953 -35.36569595336914 0
vertex 43.765769958496094 -35.21970748901367 0
endloop
endfacet
facet normal 0 0 -1
outer loop
vertex 43.765769958496094 -36.14529037475586 0
vertex 43.66822052001953 -35.99930191040039 0
vertex 43.66822052001953 -35.36569595336914 0
endloop
endfacet
facet normal 0 0 -1
outer loop
vertex 43.66822052001953 -35.99930191040039 0
vertex 43.52223205566406 -35.4632453918457 0
vertex 43.66822052001953 -35.36569595336914 0
endloop
endfacet
facet normal 0 0 -1
outer loop
vertex 43.52223205566406 -35.4632453918457 0
vertex 43.52223205566406 -35.90175247192383 0
vertex 43.35002517700195 -35.49749755859375 0
endloop
endfacet
facet normal 0 0 -1
outer loop
vertex 43.66822052001953 -35.99930191040039 0
vertex 43.52223205566406 -35.90175247192383 0
vertex 43.52223205566406 -35.4632453918457 0
endloop
endfacet
facet normal 0 0 -1
outer loop
vertex 43.35002517700195 -35.86750030517578 0
vertex 43.35002517700195 -35.49749755859375 0
vertex 43.52223205566406 -35.90175247192383 0
endloop
endfacet
facet normal 0 0 -1
outer loop
vertex 43.35002517700195 -35.49749755859375 0
vertex 43.17781448364258 -35.90175247192383 0
vertex 43.17781448364258 -35.4632453918457 0
endloop
endfacet
facet normal 0 0 -1
outer loop
vertex 43.17781448364258 -35.90175247192383 0
vertex 43.03182601928711 -35.36569595336914 0
vertex 43.17781448364258 -35.4632453918457 0
endloop
endfacet
facet normal 0 0 -1
outer loop
vertex 43.17781448364258 -35.90175247192383 0
vertex 43.35002517700195 -35.49749755859375 0
vertex 43.35002517700195 -35.86750030517578 0
endloop
endfacet
facet normal 0 0 -1
outer loop
vertex 43.765769958496094 -37.41529083251953 0
vertex 43.66822052001953 -36.63569641113281 0
vertex 43.765769958496094 -36.489707946777344 0
endloop
endfacet
facet normal 0 0 -1
outer loop
vertex 43.66822052001953 -36.63569641113281 0
vertex 43.66822052001953 -37.26930236816406 0
vertex 43.52223205566406 -36.733245849609375 0
endloop
endfacet
facet normal 0 0 -1
outer loop
vertex 43.35002517700195 -36.76749801635742 0
vertex 43.35002517700195 -37.13749694824219 0
vertex 43.17781448364258 -36.733245849609375 0
endloop
endfacet
facet normal 0 0 -1
outer loop
vertex 43.17781448364258 -36.733245849609375 0
vertex 43.17781448364258 -37.1717529296875 0
vertex 43.03182601928711 -36.63569641113281 0
endloop
endfacet
facet normal 0 0 -1
outer loop
vertex 43.17781448364258 -35.90175247192383 0
vertex 42.93427658081055 -35.21970748901367 0
vertex 43.03182601928711 -35.36569595336914 0
endloop
endfacet
facet normal 0 0 -1
outer loop
vertex 43.03182601928711 -36.63569641113281 0
vertex 43.03182601928711 -37.26930236816406 0
vertex 42.93427658081055 -36.489707946777344 0
endloop
endfacet
facet normal 0 0 -1
outer loop
vertex 42.93427658081055 -36.489707946777344 0
vertex 42.93427658081055 -37.41529083251953 0
vertex 42.9000244140625 -36.31749725341797 0
endloop
endfacet
facet normal 0 0 -1
outer loop
vertex 46.849830627441406 -31.80597686767578 0
vertex 19.398704528808594 -25.616981506347656 0
vertex 47.23088455200195 -31.416322708129883 0
endloop
endfacet
facet normal 0 0 -1
outer loop
vertex 43.80002212524414 -37.58749771118164 0
vertex 46.849830627441406 -31.80597686767578 0
vertex 46.8000602722168 -51.0625 0
endloop
endfacet
facet normal 0 0 -1
outer loop
vertex 43.765769958496094 -37.41529083251953 0
vertex 43.66822052001953 -37.26930236816406 0
vertex 43.66822052001953 -36.63569641113281 0
endloop
endfacet
facet normal 0 0 -1
outer loop
vertex 43.52223205566406 -37.1717529296875 0
vertex 43.52223205566406 -36.733245849609375 0
vertex 43.66822052001953 -37.26930236816406 0
endloop
endfacet
facet normal 0 0 -1
outer loop
vertex 43.52223205566406 -37.1717529296875 0
vertex 43.35002517700195 -36.76749801635742 0
vertex 43.52223205566406 -36.733245849609375 0
endloop
endfacet
facet normal 0 0 -1
outer loop
vertex 43.35002517700195 -37.13749694824219 0
vertex 43.35002517700195 -36.76749801635742 0
vertex 43.52223205566406 -37.1717529296875 0
endloop
endfacet
facet normal 0 0 -1
outer loop
vertex 43.17781448364258 -37.1717529296875 0
vertex 43.17781448364258 -36.733245849609375 0
vertex 43.35002517700195 -37.13749694824219 0
endloop
endfacet
facet normal 0 0 -1
outer loop
vertex 43.03182601928711 -37.26930236816406 0
vertex 43.03182601928711 -36.63569641113281 0
vertex 43.17781448364258 -37.1717529296875 0
endloop
endfacet
facet normal 0 0 -1
outer loop
vertex 43.765769958496094 -37.75970458984375 0
vertex 43.765769958496094 -38.6852912902832 0
vertex 43.66822052001953 -37.905696868896484 0
endloop
endfacet
facet normal 0 0 -1
outer loop
vertex 43.765769958496094 -38.6852912902832 0
vertex 43.66822052001953 -38.53929901123047 0
vertex 43.66822052001953 -37.905696868896484 0
endloop
endfacet
facet normal 0 0 -1
outer loop
vertex 43.765769958496094 -38.6852912902832 0
vertex 43.765769958496094 -37.75970458984375 0
vertex 43.80002212524414 -38.85749816894531 0
endloop
endfacet
facet normal 0 0 -1
outer loop
vertex 43.66822052001953 -38.53929901123047 0
vertex 43.52223205566406 -38.00324630737305 0
vertex 43.66822052001953 -37.905696868896484 0
endloop
endfacet
facet normal 0 0 -1
outer loop
vertex 43.52223205566406 -38.00324630737305 0
vertex 43.52223205566406 -38.44175338745117 0
vertex 43.35002517700195 -38.037498474121094 0
endloop
endfacet
facet normal 0 0 -1
outer loop
vertex 43.35002517700195 -38.037498474121094 0
vertex 43.35002517700195 -38.40749740600586 0
vertex 43.17781448364258 -38.00324630737305 0
endloop
endfacet
facet normal 0 0 -1
outer loop
vertex 43.17781448364258 -38.44175338745117 0
vertex 43.03182601928711 -37.905696868896484 0
vertex 43.17781448364258 -38.00324630737305 0
endloop
endfacet
facet normal 0 0 -1
outer loop
vertex 43.52223205566406 -38.44175338745117 0
vertex 43.52223205566406 -38.00324630737305 0
vertex 43.66822052001953 -38.53929901123047 0
endloop
endfacet
facet normal 0 0 -1
outer loop
vertex 43.35002517700195 -38.40749740600586 0
vertex 43.35002517700195 -38.037498474121094 0
vertex 43.52223205566406 -38.44175338745117 0
endloop
endfacet
facet normal 0 0 -1
outer loop
vertex 43.17781448364258 -38.44175338745117 0
vertex 43.17781448364258 -38.00324630737305 0
vertex 43.35002517700195 -38.40749740600586 0
endloop
endfacet
facet normal 0 0 -1
outer loop
vertex 43.03182601928711 -38.53929901123047 0
vertex 43.03182601928711 -37.905696868896484 0
vertex 43.17781448364258 -38.44175338745117 0
endloop
endfacet
facet normal 0 0 -1
outer loop
vertex 42.93427658081055 -37.41529083251953 0
vertex 42.93427658081055 -36.489707946777344 0
vertex 43.03182601928711 -37.26930236816406 0
endloop
endfacet
facet normal 0 0 -1
outer loop
vertex 42.9000244140625 -37.58749771118164 0
vertex 42.9000244140625 -36.31749725341797 0
vertex 42.93427658081055 -37.41529083251953 0
endloop
endfacet
facet normal 0 0 -1
outer loop
vertex 43.03182601928711 -38.53929901123047 0
vertex 42.93427658081055 -37.75970458984375 0
vertex 43.03182601928711 -37.905696868896484 0
endloop
endfacet
facet normal 0 0 -1
outer loop
vertex 42.93427658081055 -37.75970458984375 0
vertex 42.9000244140625 -38.85749816894531 0
vertex 42.9000244140625 -37.58749771118164 0
endloop
endfacet
facet normal 0 0 -1
outer loop
vertex 42.93427658081055 -38.6852912902832 0
vertex 42.93427658081055 -37.75970458984375 0
vertex 43.03182601928711 -38.53929901123047 0
endloop
endfacet
facet normal 0 0 -1
outer loop
vertex 42.9000244140625 -38.85749816894531 0
vertex 42.93427658081055 -37.75970458984375 0
vertex 42.93427658081055 -38.6852912902832 0
endloop
endfacet
facet normal 0 0 -1
outer loop
vertex 43.765769958496094 -39.02970504760742 0
vertex 43.765769958496094 -39.955291748046875 0
vertex 43.66822052001953 -39.175697326660156 0
endloop
endfacet
facet normal 0 0 -1
outer loop
vertex 43.765769958496094 -39.955291748046875 0
vertex 43.66822052001953 -39.80929946899414 0
vertex 43.66822052001953 -39.175697326660156 0
endloop
endfacet
facet normal 0 0 -1
outer loop
vertex 43.66822052001953 -39.80929946899414 0
vertex 43.52223205566406 -39.27324295043945 0
vertex 43.66822052001953 -39.175697326660156 0
endloop
endfacet
facet normal 0 0 -1
outer loop
vertex 43.52223205566406 -39.711753845214844 0
vertex 43.52223205566406 -39.27324295043945 0
vertex 43.66822052001953 -39.80929946899414 0
endloop
endfacet
facet normal 0 0 -1
outer loop
vertex 43.52223205566406 -39.711753845214844 0
vertex 43.35002517700195 -39.307498931884766 0
vertex 43.52223205566406 -39.27324295043945 0
endloop
endfacet
facet normal 0 0 -1
outer loop
vertex 43.35002517700195 -39.67749786376953 0
vertex 43.35002517700195 -39.307498931884766 0
vertex 43.52223205566406 -39.711753845214844 0
endloop
endfacet
facet normal 0 0 -1
outer loop
vertex 43.17781448364258 -39.711753845214844 0
vertex 43.03182601928711 -39.175697326660156 0
vertex 43.17781448364258 -39.27324295043945 0
endloop
endfacet
facet normal 0 0 -1
outer loop
vertex 43.35002517700195 -39.307498931884766 0
vertex 43.17781448364258 -39.711753845214844 0
vertex 43.17781448364258 -39.27324295043945 0
endloop
endfacet
facet normal 0 0 -1
outer loop
vertex 43.17781448364258 -39.711753845214844 0
vertex 43.35002517700195 -39.307498931884766 0
vertex 43.35002517700195 -39.67749786376953 0
endloop
endfacet
facet normal 0 0 -1
outer loop
vertex 43.03182601928711 -39.80929946899414 0
vertex 43.03182601928711 -39.175697326660156 0
vertex 43.17781448364258 -39.711753845214844 0
endloop
endfacet
facet normal 0 0 -1
outer loop
vertex 43.765769958496094 -39.955291748046875 0
vertex 43.765769958496094 -39.02970504760742 0
vertex 43.80002212524414 -40.127498626708984 0
endloop
endfacet
facet normal 0 0 -1
outer loop
vertex 43.03182601928711 -39.175697326660156 0
vertex 42.93427658081055 -39.955291748046875 0
vertex 42.93427658081055 -39.02970504760742 0
endloop
endfacet
facet normal 0 0 -1
outer loop
vertex 42.93427658081055 -39.02970504760742 0
vertex 42.9000244140625 -40.127498626708984 0
vertex 42.9000244140625 -38.85749816894531 0
endloop
endfacet
facet normal 0 0 -1
outer loop
vertex 42.93427658081055 -39.955291748046875 0
vertex 43.03182601928711 -39.175697326660156 0
vertex 43.03182601928711 -39.80929946899414 0
endloop
endfacet
facet normal 0 0 -1
outer loop
vertex 42.9000244140625 -40.127498626708984 0
vertex 42.93427658081055 -39.02970504760742 0
vertex 42.93427658081055 -39.955291748046875 0
endloop
endfacet
facet normal 0 0 -1
outer loop
vertex 42.93427658081055 -40.299705505371094 0
vertex 42.93427658081055 -41.22529220581055 0
vertex 42.9000244140625 -40.127498626708984 0
endloop
endfacet
facet normal 0 0 -1
outer loop
vertex 66.80001068115234 -25.568878173828125 0
vertex 66.75658416748047 -31.412267684936523 0
vertex 66.50006103515625 -25.63749885559082 0
endloop
endfacet
facet normal 0 0 -1
outer loop
vertex 66.80001068115234 -25.568878173828125 0
vertex 67.1502914428711 -25.194019317626953 0
vertex 67.13143920898438 -31.76254653930664 0
endloop
endfacet
facet normal 0.00004691469417794145 0.9999999988995059 8.323661029316565e-9
outer loop
vertex 26.78940200805664 -56.5359001159668 -3.8893399238586426
vertex 26.464242935180664 -56.535884857177734 -4.375974655151367
vertex 21.910720825195312 -56.53567123413086 -3.8893399238586426
endloop
endfacet
facet normal 0 0 -1
outer loop
vertex 24.21670150756836 -43.514076232910156 0
vertex 24.225290298461914 -43.092628479003906 0
vertex 24.35031509399414 -43.48749923706055 0
endloop
endfacet
facet normal 0 0 -1
outer loop
vertex 24.35031509399414 -43.48749923706055 0
vertex 24.35031509399414 -43.11750030517578 0
vertex 24.522523880004883 -43.521751403808594 0
endloop
endfacet
facet normal 0 0 -1
outer loop
vertex -66.49168395996094 56.5625 0
vertex 67.06897735595703 56.532169342041016 0
vertex -66.49993896484375 51.76250076293945 0
endloop
endfacet
facet normal 0 0 -1
outer loop
vertex 71.9697265625 -51.631412506103516 0
vertex 67.20005798339844 -32.0625 0
vertex 72.00006103515625 51.05424499511719 0
endloop
endfacet
facet normal 0 0 -1
outer loop
vertex 72.00006103515625 51.05424499511719 0
vertex 67.20005798339844 -32.0625 0
vertex 67.13143920898438 -31.76254653930664 0
endloop
endfacet
facet normal 0 0 -1
outer loop
vertex 72.00006103515625 51.05424499511719 0
vertex 67.13143920898438 -31.76254653930664 0
vertex 67.1502914428711 -25.194019317626953 0
endloop
endfacet
facet normal 0.00004691277826745604 0.9999999988995957 -9.603832045605905e-9
outer loop
vertex 22.23587989807129 -56.53568649291992 -4.375974655151367
vertex 21.910720825195312 -56.53567123413086 -3.8893399238586426
vertex 26.464242935180664 -56.535884857177734 -4.375974655151367
endloop
endfacet
facet normal -0.9999999563661737 0.00029541098602090833 0
outer loop
vertex 72.00006103515625 51.05424499511719 -5.699999809265137
vertex 71.9697265625 -51.631412506103516 0
vertex 72.00006103515625 51.05424499511719 0
endloop
endfacet
facet normal 0 0 -1
outer loop
vertex -48.1999397277832 30.36250114440918 0
vertex -57.753578186035156 24.48688316345215 0
vertex -57.8061408996582 24.856056213378906 0
endloop
endfacet
facet normal 0 0 -1
outer loop
vertex -48.1999397277832 30.36250114440918 0
vertex -57.8061408996582 24.856056213378906 0
vertex -57.9202995300293 25.211048126220703 0
endloop
endfacet
facet normal 0 0 -1
outer loop
vertex -59.24489974975586 26.44634246826172 0
vertex -49.1999397277832 31.36250114440918 0
vertex -58.903072357177734 26.297325134277344 0
endloop
endfacet
facet normal 0 0 -1
outer loop
vertex -58.59132385253906 26.092714309692383 0
vertex -58.903072357177734 26.297325134277344 0
vertex -49.1999397277832 31.36250114440918 0
endloop
endfacet
facet normal 0.0000469127782672868 0.999999998895988 -0.0000026860756705777146
outer loop
vertex 22.23587989807129 -56.53568649291992 -4.375974655151367
vertex 26.464242935180664 -56.535884857177734 -4.375974655151367
vertex 26.350061416625977 -56.53588104248047 -4.949999809265137
endloop
endfacet
facet normal 0 0 -1
outer loop
vertex -49.1999397277832 31.36250114440918 0
vertex -58.31861114501953 25.838390350341797 0
vertex -58.59132385253906 26.092714309692383 0
endloop
endfacet
facet normal 0 0 -1
outer loop
vertex 24.35031509399414 -43.11750030517578 0
vertex 24.35031509399414 -43.48749923706055 0
vertex 24.225290298461914 -43.092628479003906 0
endloop
endfacet
facet normal 0 0 -1
outer loop
vertex 24.668514251708984 -43.619300842285156 0
vertex 24.522523880004883 -43.521751403808594 0
vertex 24.522523880004883 -43.08324432373047 0
endloop
endfacet
facet normal 0 0 -1
outer loop
vertex -58.0927734375 25.54166030883789 0
vertex -49.1999397277832 31.36250114440918 0
vertex -48.97289276123047 31.33638572692871 0
endloop
endfacet
facet normal 0 0 -1
outer loop
vertex -48.97289276123047 31.33638572692871 0
vertex -48.722801208496094 31.241329193115234 0
vertex -58.0927734375 25.54166030883789 0
endloop
endfacet
facet normal 0 0 -1
outer loop
vertex 43.765769958496094 -37.75970458984375 0
vertex 43.80002212524414 -37.58749771118164 0
vertex 46.8000602722168 -51.0625 0
endloop
endfacet
facet normal 0 0 -1
outer loop
vertex 43.80002212524414 -38.85749816894531 0
vertex 43.765769958496094 -37.75970458984375 0
vertex 46.8000602722168 -51.0625 0
endloop
endfacet
facet normal 0 0 -1
outer loop
vertex -48.340538024902344 30.873804092407227 0
vertex -48.2357292175293 30.627643585205078 0
vertex -58.0927734375 25.54166030883789 0
endloop
endfacet
facet normal 0 0 -1
outer loop
vertex 43.765769958496094 -39.02970504760742 0
vertex 43.80002212524414 -38.85749816894531 0
vertex 46.8000602722168 -51.0625 0
endloop
endfacet
facet normal 0 0 -1
outer loop
vertex -48.1999397277832 30.36250114440918 0
vertex -58.0927734375 25.54166030883789 0
vertex -48.2357292175293 30.627643585205078 0
endloop
endfacet
facet normal 0 0 -1
outer loop
vertex -48.722801208496094 31.241329193115234 0
vertex -48.50686264038086 31.0833683013916 0
vertex -58.0927734375 25.54166030883789 0
endloop
endfacet
facet normal 0 0 -1
outer loop
vertex -48.340538024902344 30.873804092407227 0
vertex -58.0927734375 25.54166030883789 0
vertex -48.50686264038086 31.0833683013916 0
endloop
endfacet
facet normal 0 0 -1
outer loop
vertex 43.80002212524414 -40.127498626708984 0
vertex 43.765769958496094 -39.02970504760742 0
vertex 46.8000602722168 -51.0625 0
endloop
endfacet
facet normal 0 0 -1
outer loop
vertex 43.765769958496094 -40.299705505371094 0
vertex 43.80002212524414 -40.127498626708984 0
vertex 46.8000602722168 -51.0625 0
endloop
endfacet
facet normal 0 0 -1
outer loop
vertex 43.80002212524414 -41.397499084472656 0
vertex 43.765769958496094 -40.299705505371094 0
vertex 46.8000602722168 -51.0625 0
endloop
endfacet
facet normal 0 0 -1
outer loop
vertex 43.765769958496094 -41.22529220581055 0
vertex 43.66822052001953 -40.44569778442383 0
vertex 43.765769958496094 -40.299705505371094 0
endloop
endfacet
facet normal 0 0 -1
outer loop
vertex -58.0927734375 25.54166030883789 0
vertex -48.1999397277832 30.36250114440918 0
vertex -57.9202995300293 25.211048126220703 0
endloop
endfacet
facet normal 0 0 -1
outer loop
vertex 43.765769958496094 -41.22529220581055 0
vertex 43.66822052001953 -41.07929992675781 0
vertex 43.66822052001953 -40.44569778442383 0
endloop
endfacet
facet normal 0 0 -1
outer loop
vertex 43.765769958496094 -41.22529220581055 0
vertex 43.765769958496094 -40.299705505371094 0
vertex 43.80002212524414 -41.397499084472656 0
endloop
endfacet
facet normal 0 0 -1
outer loop
vertex 70.67694854736328 54.639442443847656 0
vertex -66.49993896484375 51.76250076293945 0
vertex 69.9273452758789 55.363040924072266 0
endloop
endfacet
facet normal 0 0 -1
outer loop
vertex 24.006582260131836 -31.412267684936523 0
vertex -47.7564582824707 -25.58772850036621 0
vertex 19.398704528808594 -25.616981506347656 0
endloop
endfacet
facet normal 0 0 -1
outer loop
vertex 69.05471801757812 55.93227005004883 0
vertex -66.49993896484375 51.76250076293945 0
vertex 68.09039306640625 56.326698303222656 0
endloop
endfacet
facet normal 0.9900155728057264 0.1409580278031351 0
outer loop
vertex -57.753578186035156 24.48688316345215 -5.699999809265137
vertex -57.8061408996582 24.856056213378906 -5.699999809265137
vertex -57.8061408996582 24.856056213378906 0
endloop
endfacet
facet normal 0 0 -1
outer loop
vertex 43.66822052001953 -41.07929992675781 0
vertex 43.52223205566406 -40.543243408203125 0
vertex 43.66822052001953 -40.44569778442383 0
endloop
endfacet
facet normal 0 0 -1
outer loop
vertex 43.52223205566406 -40.981754302978516 0
vertex 43.35002517700195 -40.57749938964844 0
vertex 43.52223205566406 -40.543243408203125 0
endloop
endfacet
facet normal 0 0 -1
outer loop
vertex 69.05471801757812 55.93227005004883 0
vertex 69.9273452758789 55.363040924072266 0
vertex -66.49993896484375 51.76250076293945 0
endloop
endfacet
facet normal 0.9116328255946546 0.4110055854830999 0
outer loop
vertex -71.27650451660156 29.33755111694336 -5.699999809265137
vertex -71.70471954345703 30.287355422973633 -5.699999809265137
vertex -71.70471954345703 30.287355422973633 0
endloop
endfacet
facet normal 0 0 -1
outer loop
vertex 43.52223205566406 -40.981754302978516 0
vertex 43.52223205566406 -40.543243408203125 0
vertex 43.66822052001953 -41.07929992675781 0
endloop
endfacet
facet normal 0.9727891229657288 0.23169230077749292 0
outer loop
vertex -71.70471954345703 30.287355422973633 -5.699999809265137
vertex -71.94611358642578 31.300878524780273 -5.699999809265137
vertex -71.94611358642578 31.300878524780273 0
endloop
endfacet
facet normal 0 0 -1
outer loop
vertex 43.35002517700195 -40.9474983215332 0
vertex 43.35002517700195 -40.57749938964844 0
vertex 43.52223205566406 -40.981754302978516 0
endloop
endfacet
facet normal 0.9975649424777558 0.06974371326041902 0
outer loop
vertex -71.94611358642578 31.300878524780273 -5.699999809265137
vertex -71.99993896484375 32.07075881958008 -5.699999809265137
vertex -71.99993896484375 32.07075881958008 0
endloop
endfacet
facet normal 0 0 -1
outer loop
vertex 43.35002517700195 -40.9474983215332 0
vertex 43.17781448364258 -40.543243408203125 0
vertex 43.35002517700195 -40.57749938964844 0
endloop
endfacet
facet normal 0 0 -1
outer loop
vertex 43.17781448364258 -40.543243408203125 0
vertex 43.03182601928711 -41.07929992675781 0
vertex 43.03182601928711 -40.44569778442383 0
endloop
endfacet
facet normal 0.9116328255946546 0.4110055854830999 0
outer loop
vertex -71.27650451660156 29.33755111694336 0
vertex -71.27650451660156 29.33755111694336 -5.699999809265137
vertex -71.70471954345703 30.287355422973633 0
endloop
endfacet
facet normal 0.9727891229657288 0.23169230077749292 0
outer loop
vertex -71.70471954345703 30.287355422973633 0
vertex -71.70471954345703 30.287355422973633 -5.699999809265137
vertex -71.94611358642578 31.300878524780273 0
endloop
endfacet
facet normal 0 0 -1
outer loop
vertex 43.17781448364258 -40.981754302978516 0
vertex 43.17781448364258 -40.543243408203125 0
vertex 43.35002517700195 -40.9474983215332 0
endloop
endfacet
facet normal 0.9975649424777558 0.06974371326041902 0
outer loop
vertex -71.94611358642578 31.300878524780273 0
vertex -71.94611358642578 31.300878524780273 -5.699999809265137
vertex -71.99993896484375 32.07075881958008 0
endloop
endfacet
facet normal 0 0 -1
outer loop
vertex 43.03182601928711 -41.07929992675781 0
vertex 43.17781448364258 -40.543243408203125 0
vertex 43.17781448364258 -40.981754302978516 0
endloop
endfacet
facet normal 0 0 -1
outer loop
vertex 43.765769958496094 -41.569705963134766 0
vertex 43.765769958496094 -42.49529266357422 0
vertex 43.66822052001953 -41.7156982421875 0
endloop
endfacet
facet normal 0 0 -1
outer loop
vertex 43.765769958496094 -42.49529266357422 0
vertex 43.66822052001953 -42.349300384521484 0
vertex 43.66822052001953 -41.7156982421875 0
endloop
endfacet
facet normal 0 0 -1
outer loop
vertex 43.17781448364258 -42.25175476074219 0
vertex 43.03182601928711 -41.7156982421875 0
vertex 43.17781448364258 -41.8132438659668 0
endloop
endfacet
facet normal 0.9999987975273085 -0.001550788166398904 0
outer loop
vertex -71.99993896484375 32.07075881958008 0
vertex -71.99993896484375 32.07075881958008 -5.699999809265137
vertex -71.9696044921875 51.63141632080078 0
endloop
endfacet
facet normal 0.9999987975273085 -0.001550788166398904 0
outer loop
vertex -71.9696044921875 51.63141632080078 0
vertex -71.99993896484375 32.07075881958008 -5.699999809265137
vertex -71.9696044921875 51.63141632080078 -5.699999809265137
endloop
endfacet
facet normal 0 0 -1
outer loop
vertex 46.8000602722168 -51.0625 0
vertex 24.668514251708984 -39.175697326660156 0
vertex 24.766061782836914 -39.02970504760742 0
endloop
endfacet
facet normal 0.9519862961267753 0.30614064086106535 0
outer loop
vertex -57.8061408996582 24.856056213378906 -5.699999809265137
vertex -57.9202995300293 25.211048126220703 -5.699999809265137
vertex -57.9202995300293 25.211048126220703 0
endloop
endfacet
facet normal 0.8866061866769122 0.4625251017471642 0
outer loop
vertex -57.9202995300293 25.211048126220703 -5.699999809265137
vertex -58.0927734375 25.54166030883789 -5.699999809265137
vertex -58.0927734375 25.54166030883789 0
endloop
endfacet
facet normal 0 0 -1
outer loop
vertex 71.27662658691406 53.787452697753906 0
vertex -66.49993896484375 51.76250076293945 0
vertex 70.67694854736328 54.639442443847656 0
endloop
endfacet
facet normal 0 0 -1
outer loop
vertex 71.70484161376953 52.837646484375 0
vertex -66.49993896484375 51.76250076293945 0
vertex 71.27662658691406 53.787452697753906 0
endloop
endfacet
facet normal 0.07780151404215986 0.9969688683267635 0
outer loop
vertex -59.60698318481445 26.535484313964844 -5.699999809265137
vertex -59.95319366455078 26.562501907348633 -5.699999809265137
vertex -59.95319366455078 26.562501907348633 0
endloop
endfacet
facet normal 0.980361368673001 -0.19720949980566402 0
outer loop
vertex -71.9696044921875 51.63141632080078 -5.699999809265137
vertex -71.7641372680664 52.652828216552734 -5.699999809265137
vertex -71.7641372680664 52.652828216552734 0
endloop
endfacet
facet normal 0.9255691755747876 -0.3785785271589082 0
outer loop
vertex -71.7641372680664 52.652828216552734 -5.699999809265137
vertex -71.36970520019531 53.617156982421875 -5.699999809265137
vertex -71.36970520019531 53.617156982421875 0
endloop
endfacet
facet normal 0 0 -1
outer loop
vertex 43.52223205566406 -42.25175476074219 0
vertex 43.52223205566406 -41.8132438659668 0
vertex 43.66822052001953 -42.349300384521484 0
endloop
endfacet
facet normal 0.8375559632647372 -0.546351542872973 0
outer loop
vertex -71.36970520019531 53.617156982421875 -5.699999809265137
vertex -70.80047607421875 54.489784240722656 -5.699999809265137
vertex -70.80047607421875 54.489784240722656 0
endloop
endfacet
facet normal 0 0 -1
outer loop
vertex 24.766061782836914 -39.955291748046875 0
vertex 24.668514251708984 -39.80929946899414 0
vertex 46.8000602722168 -51.0625 0
endloop
endfacet
facet normal 0 0 -1
outer loop
vertex 43.35002517700195 -42.217498779296875 0
vertex 43.35002517700195 -41.84749984741211 0
vertex 43.52223205566406 -42.25175476074219 0
endloop
endfacet
facet normal 0.7194800642133503 -0.6945130936127506 0
outer loop
vertex -70.80047607421875 54.489784240722656 -5.699999809265137
vertex -70.0768814086914 55.2393913269043 -5.699999809265137
vertex -70.0768814086914 55.2393913269043 0
endloop
endfacet
facet normal 0.2390534740303256 0.9710064039716897 0
outer loop
vertex -59.24489974975586 26.44634246826172 -5.699999809265137
vertex -59.60698318481445 26.535484313964844 -5.699999809265137
vertex -59.60698318481445 26.535484313964844 0
endloop
endfacet
facet normal 0 0 -1
outer loop
vertex 43.35002517700195 -42.217498779296875 0
vertex 43.17781448364258 -41.8132438659668 0
vertex 43.35002517700195 -41.84749984741211 0
endloop
endfacet
facet normal 0 0 -1
outer loop
vertex 43.17781448364258 -42.25175476074219 0
vertex 43.17781448364258 -41.8132438659668 0
vertex 43.35002517700195 -42.217498779296875 0
endloop
endfacet
facet normal 0 0 -1
outer loop
vertex 24.381441116333008 -31.76254653930664 0
vertex 24.006582260131836 -31.412267684936523 0
vertex 19.398704528808594 -25.616981506347656 0
endloop
endfacet
facet normal 0 0 -1
outer loop
vertex 43.03182601928711 -42.349300384521484 0
vertex 43.03182601928711 -41.7156982421875 0
vertex 43.17781448364258 -42.25175476074219 0
endloop
endfacet
facet normal 0.548704929474078 0.8360160885837349 0
outer loop
vertex -58.59132385253906 26.092714309692383 -5.699999809265137
vertex -58.903072357177734 26.297325134277344 -5.699999809265137
vertex -58.903072357177734 26.297325134277344 0
endloop
endfacet
facet normal 0.39962068792866234 0.9166805909254447 0
outer loop
vertex -58.903072357177734 26.297325134277344 -5.699999809265137
vertex -59.24489974975586 26.44634246826172 -5.699999809265137
vertex -59.24489974975586 26.44634246826172 0
endloop
endfacet
facet normal 0.6820202274993057 0.7313333092932355 0
outer loop
vertex -58.31861114501953 25.838390350341797 -5.699999809265137
vertex -58.59132385253906 26.092714309692383 -5.699999809265137
vertex -58.59132385253906 26.092714309692383 0
endloop
endfacet
facet normal 0.6945168184747433 0.7194764685906834 0
outer loop
vertex -69.9272232055664 27.761960983276367 0
vertex -69.9272232055664 27.761960983276367 -5.699999809265137
vertex -70.67682647705078 28.485559463500977 0
endloop
endfacet
facet normal 0.8177484327092001 0.5755757993536965 0
outer loop
vertex -70.67682647705078 28.485559463500977 0
vertex -70.67682647705078 28.485559463500977 -5.699999809265137
vertex -71.27650451660156 29.33755111694336 0
endloop
endfacet
facet normal 0.5755742125998168 -0.8177495495505338 0
outer loop
vertex -70.0768814086914 55.2393913269043 -5.699999809265137
vertex -69.22489166259766 55.83906555175781 -5.699999809265137
vertex -69.22489166259766 55.83906555175781 0
endloop
endfacet
facet normal 0.41100794242515076 -0.9116317629741979 0
outer loop
vertex -69.22489166259766 55.83906555175781 -5.699999809265137
vertex -68.27508544921875 56.26728439331055 -5.699999809265137
vertex -68.27508544921875 56.26728439331055 0
endloop
endfacet
facet normal 0.23169147554952735 -0.9727893195125462 0
outer loop
vertex -68.27508544921875 56.26728439331055 -5.699999809265137
vertex -67.26155853271484 56.5086784362793 -5.699999809265137
vertex -67.26155853271484 56.5086784362793 0
endloop
endfacet
facet normal 0.06973931025220138 -0.9975652502997221 0
outer loop
vertex -67.26155853271484 56.5086784362793 -5.699999809265137
vertex -66.49168395996094 56.5625 -5.699999809265137
vertex -66.49168395996094 56.5625 0
endloop
endfacet
facet normal 0.980361368673001 -0.19720949980566402 0
outer loop
vertex -71.9696044921875 51.63141632080078 0
vertex -71.9696044921875 51.63141632080078 -5.699999809265137
vertex -71.7641372680664 52.652828216552734 0
endloop
endfacet
facet normal 0.9255691755747876 -0.3785785271589082 0
outer loop
vertex -71.7641372680664 52.652828216552734 0
vertex -71.7641372680664 52.652828216552734 -5.699999809265137
vertex -71.36970520019531 53.617156982421875 0
endloop
endfacet
facet normal 0.8375559632647372 -0.546351542872973 0
outer loop
vertex -71.36970520019531 53.617156982421875 0
vertex -71.36970520019531 53.617156982421875 -5.699999809265137
vertex -70.80047607421875 54.489784240722656 0
endloop
endfacet
facet normal 0.7194800642133503 -0.6945130936127506 0
outer loop
vertex -70.80047607421875 54.489784240722656 0
vertex -70.80047607421875 54.489784240722656 -5.699999809265137
vertex -70.0768814086914 55.2393913269043 0
endloop
endfacet
facet normal 0.5755742125998168 -0.8177495495505338 0
outer loop
vertex -70.0768814086914 55.2393913269043 0
vertex -70.0768814086914 55.2393913269043 -5.699999809265137
vertex -69.22489166259766 55.83906555175781 0
endloop
endfacet
facet normal 0 0 -1
outer loop
vertex 43.03182601928711 -41.07929992675781 0
vertex 42.93427658081055 -40.299705505371094 0
vertex 43.03182601928711 -40.44569778442383 0
endloop
endfacet
facet normal 0 0 -1
outer loop
vertex 42.93427658081055 -41.22529220581055 0
vertex 42.93427658081055 -40.299705505371094 0
vertex 43.03182601928711 -41.07929992675781 0
endloop
endfacet
facet normal 0.41100794242515076 -0.9116317629741979 0
outer loop
vertex -69.22489166259766 55.83906555175781 0
vertex -69.22489166259766 55.83906555175781 -5.699999809265137
vertex -68.27508544921875 56.26728439331055 0
endloop
endfacet
facet normal 0.23169147554952735 -0.9727893195125462 0
outer loop
vertex -68.27508544921875 56.26728439331055 0
vertex -68.27508544921875 56.26728439331055 -5.699999809265137
vertex -67.26155853271484 56.5086784362793 0
endloop
endfacet
facet normal 0 0 -1
outer loop
vertex 42.9000244140625 -41.397499084472656 0
vertex 42.9000244140625 -40.127498626708984 0
vertex 42.93427658081055 -41.22529220581055 0
endloop
endfacet
facet normal 0.06973931025220138 -0.9975652502997221 0
outer loop
vertex -67.26155853271484 56.5086784362793 0
vertex -67.26155853271484 56.5086784362793 -5.699999809265137
vertex -66.49168395996094 56.5625 0
endloop
endfacet
facet normal 0 0 -1
outer loop
vertex 43.03182601928711 -42.349300384521484 0
vertex 42.93427658081055 -41.569705963134766 0
vertex 43.03182601928711 -41.7156982421875 0
endloop
endfacet
facet normal -0.0002270855177183504 -0.9999999742160834 0
outer loop
vertex -66.49168395996094 56.5625 0
vertex -66.49168395996094 56.5625 -5.699999809265137
vertex -45.03999328613281 56.5576286315918 -2.8499999046325684
endloop
endfacet
facet normal 0 0 -1
outer loop
vertex 42.93427658081055 -41.569705963134766 0
vertex 42.93427658081055 -42.49529266357422 0
vertex 42.9000244140625 -41.397499084472656 0
endloop
endfacet
facet normal 0 0 -1
outer loop
vertex 42.93427658081055 -42.49529266357422 0
vertex 42.93427658081055 -41.569705963134766 0
vertex 43.03182601928711 -42.349300384521484 0
endloop
endfacet
facet normal -0.000226762409676291 -0.999999974286447 -0.0000024320050341001053
outer loop
vertex -45.03999328613281 56.5576286315918 -2.8499999046325684
vertex -66.49168395996094 56.5625 -5.699999809265137
vertex -41.43999099731445 56.55681228637695 -2.8499999046325684
endloop
endfacet
facet normal 0 0 -1
outer loop
vertex 42.9000244140625 -42.66749954223633 0
vertex 42.9000244140625 -41.397499084472656 0
vertex 42.93427658081055 -42.49529266357422 0
endloop
endfacet
facet normal 0 0 -1
outer loop
vertex 43.765769958496094 -42.83970642089844 0
vertex 43.765769958496094 -43.765289306640625 0
vertex 43.66822052001953 -42.985694885253906 0
endloop
endfacet
facet normal 0 0 -1
outer loop
vertex 43.66822052001953 -42.985694885253906 0
vertex 43.66822052001953 -43.619300842285156 0
vertex 43.52223205566406 -43.08324432373047 0
endloop
endfacet
facet normal 0 0 -1
outer loop
vertex 24.522523880004883 -36.733245849609375 0
vertex 24.522523880004883 -37.1717529296875 0
vertex 24.354198455810547 -36.766727447509766 0
endloop
endfacet
facet normal 0 0 -1
outer loop
vertex 24.522523880004883 -37.1717529296875 0
vertex 24.522523880004883 -36.733245849609375 0
vertex 24.668514251708984 -37.26930236816406 0
endloop
endfacet
facet normal 0 0 -1
outer loop
vertex 24.668514251708984 -38.53929901123047 0
vertex 24.522523880004883 -38.00324630737305 0
vertex 24.668514251708984 -37.905696868896484 0
endloop
endfacet
facet normal 0 0 -1
outer loop
vertex 24.522523880004883 -38.44175338745117 0
vertex 24.35031509399414 -38.037498474121094 0
vertex 24.522523880004883 -38.00324630737305 0
endloop
endfacet
facet normal 0 0 -1
outer loop
vertex 24.668514251708984 -38.53929901123047 0
vertex 24.522523880004883 -38.44175338745117 0
vertex 24.522523880004883 -38.00324630737305 0
endloop
endfacet
facet normal 0.546351542872973 0.8375559632647372 0
outer loop
vertex -69.05459594726562 27.192731857299805 0
vertex -69.05459594726562 27.192731857299805 -5.699999809265137
vertex -69.9272232055664 27.761960983276367 0
endloop
endfacet
facet normal 0.7957448813433279 0.605631970602521 0
outer loop
vertex -58.0927734375 25.54166030883789 -5.699999809265137
vertex -58.31861114501953 25.838390350341797 -5.699999809265137
vertex -58.31861114501953 25.838390350341797 0
endloop
endfacet
facet normal 0 0 -1
outer loop
vertex 24.346628189086914 -37.13823318481445 0
vertex 24.354198455810547 -36.766727447509766 0
vertex 24.522523880004883 -37.1717529296875 0
endloop
endfacet
facet normal 0 0 -1
outer loop
vertex 67.13143920898438 51.36245346069336 0
vertex -66.49993896484375 51.76250076293945 0
vertex 71.70484161376953 52.837646484375 0
endloop
endfacet
facet normal 0 0 -1
outer loop
vertex -48.1999397277832 30.36250114440918 0
vertex -52.51911544799805 -31.416322708129883 0
vertex -57.753578186035156 24.48688316345215 0
endloop
endfacet
facet normal 0 0 -1
outer loop
vertex -59.24489974975586 26.44634246826172 0
vertex -59.60698318481445 26.535484313964844 0
vertex -49.1999397277832 31.36250114440918 0
endloop
endfacet
facet normal 0 0 -1
outer loop
vertex -59.60698318481445 26.535484313964844 0
vertex -59.95319366455078 26.562501907348633 0
vertex -49.1999397277832 31.36250114440918 0
endloop
endfacet
facet normal 0 0 -1
outer loop
vertex -59.95319366455078 26.562501907348633 0
vertex -67.06885528564453 26.59283447265625 0
vertex -49.1999397277832 31.36250114440918 0
endloop
endfacet
facet normal 0.6820202274993057 0.7313333092932355 0
outer loop
vertex -58.31861114501953 25.838390350341797 0
vertex -58.31861114501953 25.838390350341797 -5.699999809265137
vertex -58.59132385253906 26.092714309692383 0
endloop
endfacet
facet normal 0.548704929474078 0.8360160885837349 0
outer loop
vertex -58.59132385253906 26.092714309692383 0
vertex -58.59132385253906 26.092714309692383 -5.699999809265137
vertex -58.903072357177734 26.297325134277344 0
endloop
endfacet
facet normal 0.004262750441828058 0.9999909144380617 0
outer loop
vertex -59.95319366455078 26.562501907348633 -5.699999809265137
vertex -67.06885528564453 26.59283447265625 -5.699999809265137
vertex -67.06885528564453 26.59283447265625 0
endloop
endfacet
facet normal 0.39962068792866234 0.9166805909254447 0
outer loop
vertex -58.903072357177734 26.297325134277344 0
vertex -58.903072357177734 26.297325134277344 -5.699999809265137
vertex -59.24489974975586 26.44634246826172 0
endloop
endfacet
facet normal 0.000046825338611068824 0.9999999989036938 0
outer loop
vertex 67.01201629638672 -56.53778839111328 -5.699999809265137
vertex 41.35006332397461 -56.53658676147461 -5.699999809265137
vertex 41.35006332397461 -56.53658676147461 -4.949999809265137
endloop
endfacet
facet normal 0.00004670843126005033 0.9999999989011609 -0.000004000094587896146
outer loop
vertex 41.35006332397461 -56.53658676147461 -4.949999809265137
vertex 41.23588180541992 -56.53657913208008 -4.375974655151367
vertex 67.01201629638672 -56.53778839111328 -5.699999809265137
endloop
endfacet
facet normal 0.00004691344024766105 0.9999999988995647 -8.977635153527718e-9
outer loop
vertex 41.23588180541992 -56.53657913208008 -4.375974655151367
vertex 40.91072082519531 -56.536563873291016 -3.8893399238586426
vertex 67.01201629638672 -56.53778839111328 -5.699999809265137
endloop
endfacet
facet normal 0.2390534740303256 0.9710064039716897 0
outer loop
vertex -59.24489974975586 26.44634246826172 0
vertex -59.24489974975586 26.44634246826172 -5.699999809265137
vertex -59.60698318481445 26.535484313964844 0
endloop
endfacet
facet normal 0 0 -1
outer loop
vertex 24.320642471313477 -38.41340255737305 0
vertex 24.35031509399414 -38.037498474121094 0
vertex 24.522523880004883 -38.44175338745117 0
endloop
endfacet
facet normal 0.07780151404215986 0.9969688683267635 0
outer loop
vertex -59.60698318481445 26.535484313964844 0
vertex -59.60698318481445 26.535484313964844 -5.699999809265137
vertex -59.95319366455078 26.562501907348633 0
endloop
endfacet
facet normal 0.00004693992193048221 0.9999999988982525 3.72765084761594e-7
outer loop
vertex 53.49180603027344 -56.53715515136719 -1.9500000476837158
vertex 67.01201629638672 -56.53778839111328 -5.699999809265137
vertex 40.91072082519531 -56.536563873291016 -3.8893399238586426
endloop
endfacet
facet normal 0 0 -1
outer loop
vertex 67.06897735595703 56.532169342041016 0
vertex 68.09039306640625 56.326698303222656 0
vertex -66.49993896484375 51.76250076293945 0
endloop
endfacet
facet normal 0.7957448813433279 0.605631970602521 0
outer loop
vertex -58.0927734375 25.54166030883789 0
vertex -58.0927734375 25.54166030883789 -5.699999809265137
vertex -58.31861114501953 25.838390350341797 0
endloop
endfacet
facet normal 0.0000470041976902017 0.9999999988953017 -4.421123864166299e-8
outer loop
vertex 53.49180603027344 -56.53715515136719 -1.9500000476837158
vertex 40.91072082519531 -56.536563873291016 -3.8893399238586426
vertex 40.42408752441406 -56.53654098510742 -3.564180612564087
endloop
endfacet
facet normal 0.00004681485055612525 0.9999999989030768 0.0000014886625343496896
outer loop
vertex 53.49180603027344 -56.53715515136719 -1.9500000476837158
vertex 40.42408752441406 -56.53654098510742 -3.564180612564087
vertex 39.85006332397461 -56.53651428222656 -3.450000047683716
endloop
endfacet
facet normal 0.9519862961267753 0.30614064086106535 0
outer loop
vertex -57.8061408996582 24.856056213378906 0
vertex -57.8061408996582 24.856056213378906 -5.699999809265137
vertex -57.9202995300293 25.211048126220703 0
endloop
endfacet
facet normal 0 0 -1
outer loop
vertex 24.372432708740234 -35.87189865112305 0
vertex 24.380186080932617 -35.49150848388672 0
vertex 24.522523880004883 -35.90175247192383 0
endloop
endfacet
facet normal 0.8866061866769122 0.4625251017471642 0
outer loop
vertex -57.9202995300293 25.211048126220703 0
vertex -57.9202995300293 25.211048126220703 -5.699999809265137
vertex -58.0927734375 25.54166030883789 0
endloop
endfacet
facet normal 0 0 -1
outer loop
vertex 24.668514251708984 -37.26930236816406 0
vertex 24.522523880004883 -36.733245849609375 0
vertex 24.668514251708984 -36.63569641113281 0
endloop
endfacet
facet normal -0.0002271030518433622 -0.9999999742121015 0
outer loop
vertex 59.2918701171875 56.533935546875 -1.0499999523162842
vertex 59.2918701171875 56.533935546875 -2.8499999046325684
vertex 67.06897735595703 56.532169342041016 0
endloop
endfacet
facet normal -0.00022676240967623988 -0.9999999742862216 -0.0000025230580142637245
outer loop
vertex 67.06897735595703 56.532169342041016 0
vertex 55.69186782836914 56.534751892089844 -1.0499999523162842
vertex 59.2918701171875 56.533935546875 -1.0499999523162842
endloop
endfacet
facet normal 0 0 -1
outer loop
vertex 24.668514251708984 -35.99930191040039 0
vertex 24.522523880004883 -35.90175247192383 0
vertex 24.668258666992188 -35.36569595336914 0
endloop
endfacet
facet normal 0 0 -1
outer loop
vertex 72.00006103515625 51.05424499511719 0
vertex 67.20005798339844 51.0625 0
vertex 71.94623565673828 51.82412338256836 0
endloop
endfacet
facet normal 0 0 -1
outer loop
vertex 72.00006103515625 51.05424499511719 0
vertex 67.1502914428711 -25.194019317626953 0
vertex 67.20005798339844 51.0625 0
endloop
endfacet
facet normal 0 0 -1
outer loop
vertex 24.522523880004883 -35.90175247192383 0
vertex 24.380186080932617 -35.49150848388672 0
vertex 24.522268295288086 -35.4632453918457 0
endloop
endfacet
facet normal 0 0 -1
outer loop
vertex 24.668514251708984 -39.80929946899414 0
vertex 24.522523880004883 -39.27324295043945 0
vertex 24.668514251708984 -39.175697326660156 0
endloop
endfacet
facet normal 0 0 -1
outer loop
vertex 24.668258666992188 -35.36569595336914 0
vertex 24.522523880004883 -35.90175247192383 0
vertex 24.522268295288086 -35.4632453918457 0
endloop
endfacet
facet normal -0.00022676240967686365 -0.9999999742889724 9.295476783592953e-7
outer loop
vertex 55.69186782836914 56.534751892089844 -2.8499999046325684
vertex 67.06897735595703 56.532169342041016 -5.699999809265137
vertex 59.2918701171875 56.533935546875 -2.8499999046325684
endloop
endfacet
facet normal -0.9975649304562245 -0.0697438852077224 0
outer loop
vertex 71.94623565673828 51.82412338256836 -5.699999809265137
vertex 72.00006103515625 51.05424499511719 -5.699999809265137
vertex 72.00006103515625 51.05424499511719 0
endloop
endfacet
facet normal 0 0 -1
outer loop
vertex 24.522523880004883 -39.711753845214844 0
vertex 24.35031509399414 -39.307498931884766 0
vertex 24.522523880004883 -39.27324295043945 0
endloop
endfacet
facet normal 0 0 -1
outer loop
vertex -70.67682647705078 28.485559463500977 0
vertex -71.27650451660156 29.33755111694336 0
vertex -71.9696044921875 51.63141632080078 0
endloop
endfacet
facet normal 0 0 -1
outer loop
vertex 24.522523880004883 -39.711753845214844 0
vertex 24.522523880004883 -39.27324295043945 0
vertex 24.668514251708984 -39.80929946899414 0
endloop
endfacet
facet normal 0 0 -1
outer loop
vertex 24.35031509399414 -39.307498931884766 0
vertex 24.35031509399414 -39.67749786376953 0
vertex 24.302616119384766 -39.298011779785156 0
endloop
endfacet
facet normal 0 0 -1
outer loop
vertex -69.9272232055664 27.761960983276367 0
vertex -70.67682647705078 28.485559463500977 0
vertex -71.9696044921875 51.63141632080078 0
endloop
endfacet
facet normal 0 0 -1
outer loop
vertex -69.05459594726562 27.192731857299805 0
vertex -69.9272232055664 27.761960983276367 0
vertex -71.9696044921875 51.63141632080078 0
endloop
endfacet
facet normal 0 0 -1
outer loop
vertex 24.35031509399414 -39.67749786376953 0
vertex 24.35031509399414 -39.307498931884766 0
vertex 24.522523880004883 -39.711753845214844 0
endloop
endfacet
facet normal 0 0 -1
outer loop
vertex 24.29465675354004 -39.688568115234375 0
vertex 24.302616119384766 -39.298011779785156 0
vertex 24.35031509399414 -39.67749786376953 0
endloop
endfacet
facet normal 0 0 -1
outer loop
vertex -67.06885528564453 26.59283447265625 0
vertex -68.09026336669922 26.798303604125977 0
vertex -71.9696044921875 51.63141632080078 0
endloop
endfacet
facet normal 0 0 -1
outer loop
vertex 67.20005798339844 51.0625 0
vertex 67.13143920898438 51.36245346069336 0
vertex 71.70484161376953 52.837646484375 0
endloop
endfacet
facet normal 0 0 -1
outer loop
vertex -68.09026336669922 26.798303604125977 0
vertex -69.05459594726562 27.192731857299805 0
vertex -71.9696044921875 51.63141632080078 0
endloop
endfacet
facet normal 0 0 -1
outer loop
vertex -67.06885528564453 26.59283447265625 0
vertex -71.9696044921875 51.63141632080078 0
vertex -67.19993591308594 32.0625 0
endloop
endfacet
facet normal 0 0 -1
outer loop
vertex 71.70484161376953 52.837646484375 0
vertex 71.94623565673828 51.82412338256836 0
vertex 67.20005798339844 51.0625 0
endloop
endfacet
facet normal 0 0 -1
outer loop
vertex -71.9696044921875 51.63141632080078 0
vertex -71.27650451660156 29.33755111694336 0
vertex -71.70471954345703 30.287355422973633 0
endloop
endfacet
facet normal 0 0 -1
outer loop
vertex -71.9696044921875 51.63141632080078 0
vertex -71.70471954345703 30.287355422973633 0
vertex -71.94611358642578 31.300878524780273 0
endloop
endfacet
facet normal 0 0 -1
outer loop
vertex -71.9696044921875 51.63141632080078 0
vertex -71.94611358642578 31.300878524780273 0
vertex -71.99993896484375 32.07075881958008 0
endloop
endfacet
facet normal 0 0 -1
outer loop
vertex -49.1999397277832 31.36250114440918 0
vertex -67.06885528564453 26.59283447265625 0
vertex -67.19993591308594 32.0625 0
endloop
endfacet
facet normal 0.3785741075986798 0.9255709832616098 0
outer loop
vertex -68.09026336669922 26.798303604125977 0
vertex -68.09026336669922 26.798303604125977 -5.699999809265137
vertex -69.05459594726562 27.192731857299805 0
endloop
endfacet
facet normal 0 0 -1
outer loop
vertex -71.9696044921875 51.63141632080078 0
vertex -71.7641372680664 52.652828216552734 0
vertex -67.19993591308594 32.0625 0
endloop
endfacet
facet normal 0.19721196718636663 0.980360872331451 0
outer loop
vertex -67.06885528564453 26.59283447265625 0
vertex -67.06885528564453 26.59283447265625 -5.699999809265137
vertex -68.09026336669922 26.798303604125977 0
endloop
endfacet
facet normal 0 0 -1
outer loop
vertex -71.7641372680664 52.652828216552734 0
vertex -71.36970520019531 53.617156982421875 0
vertex -67.19993591308594 32.0625 0
endloop
endfacet
facet normal 0 0 -1
outer loop
vertex -71.36970520019531 53.617156982421875 0
vertex -70.80047607421875 54.489784240722656 0
vertex -67.19993591308594 32.0625 0
endloop
endfacet
facet normal -0.11582679776853445 0.9932694261471492 0
outer loop
vertex 67.26168060302734 -56.50867462158203 -5.699999809265137
vertex 67.01201629638672 -56.53778839111328 -5.699999809265137
vertex 67.01201629638672 -56.53778839111328 0
endloop
endfacet
facet normal 0 0 -1
outer loop
vertex -70.80047607421875 54.489784240722656 0
vertex -70.0768814086914 55.2393913269043 0
vertex -67.19993591308594 32.0625 0
endloop
endfacet
facet normal -0.23169147554952735 0.9727893195125462 0
outer loop
vertex 68.27520751953125 -56.26728057861328 -5.699999809265137
vertex 67.26168060302734 -56.50867462158203 -5.699999809265137
vertex 67.26168060302734 -56.50867462158203 0
endloop
endfacet
facet normal -0.41100794242515076 0.9116317629741979 0
outer loop
vertex 69.22501373291016 -55.83906173706055 -5.699999809265137
vertex 68.27520751953125 -56.26728057861328 -5.699999809265137
vertex 68.27520751953125 -56.26728057861328 0
endloop
endfacet
facet normal -0.5755742125998168 0.8177495495505338 0
outer loop
vertex 70.0770034790039 -55.23938751220703 -5.699999809265137
vertex 69.22501373291016 -55.83906173706055 -5.699999809265137
vertex 69.22501373291016 -55.83906173706055 0
endloop
endfacet
facet normal 0 0 -1
outer loop
vertex 43.17781448364258 -33.361751556396484 0
vertex 19.398704528808594 -25.616981506347656 0
vertex 46.849830627441406 -31.80597686767578 0
endloop
endfacet
facet normal 0 0 -1
outer loop
vertex -70.0768814086914 55.2393913269043 0
vertex -69.22489166259766 55.83906555175781 0
vertex -67.19993591308594 32.0625 0
endloop
endfacet
facet normal 0 0 -1
outer loop
vertex -66.49993896484375 51.76250076293945 0
vertex -67.19993591308594 32.0625 0
vertex -69.22489166259766 55.83906555175781 0
endloop
endfacet
facet normal 0 0 -1
outer loop
vertex -69.22489166259766 55.83906555175781 0
vertex -68.27508544921875 56.26728439331055 0
vertex -66.49993896484375 51.76250076293945 0
endloop
endfacet
facet normal -0.19721231090075259 -0.9803608031888998 0
outer loop
vertex 67.06897735595703 56.532169342041016 -5.699999809265137
vertex 68.09039306640625 56.326698303222656 -5.699999809265137
vertex 68.09039306640625 56.326698303222656 0
endloop
endfacet
facet normal -0.378576673478436 -0.9255699337694594 0
outer loop
vertex 68.09039306640625 56.326698303222656 -5.699999809265137
vertex 69.05471801757812 55.93227005004883 -5.699999809265137
vertex 69.05471801757812 55.93227005004883 0
endloop
endfacet
facet normal 0 0 -1
outer loop
vertex 43.03182601928711 -33.45930099487305 0
vertex 19.398704528808594 -25.616981506347656 0
vertex 43.17781448364258 -33.361751556396484 0
endloop
endfacet
facet normal -0.546351542872973 -0.8375559632647372 0
outer loop
vertex 69.05471801757812 55.93227005004883 -5.699999809265137
vertex 69.9273452758789 55.363040924072266 -5.699999809265137
vertex 69.9273452758789 55.363040924072266 0
endloop
endfacet
facet normal -0.9727891229657288 -0.23169230077749292 0
outer loop
vertex 71.70484161376953 52.837646484375 -5.699999809265137
vertex 71.94623565673828 51.82412338256836 -5.699999809265137
vertex 71.94623565673828 51.82412338256836 0
endloop
endfacet
facet normal 0 0 -1
outer loop
vertex -66.49993896484375 51.76250076293945 0
vertex -68.27508544921875 56.26728439331055 0
vertex -67.26155853271484 56.5086784362793 0
endloop
endfacet
facet normal 0 0 -1
outer loop
vertex 42.93427658081055 -33.605289459228516 0
vertex 19.398704528808594 -25.616981506347656 0
vertex 43.03182601928711 -33.45930099487305 0
endloop
endfacet
facet normal 0 0 -1
outer loop
vertex -67.26155853271484 56.5086784362793 0
vertex -66.49168395996094 56.5625 0
vertex -66.49993896484375 51.76250076293945 0
endloop
endfacet
facet normal -0.9116331348450502 -0.41100489954815234 0
outer loop
vertex 71.27662658691406 53.787452697753906 -5.699999809265137
vertex 71.70484161376953 52.837646484375 -5.699999809265137
vertex 71.70484161376953 52.837646484375 0
endloop
endfacet
facet normal 0 0 -1
outer loop
vertex 42.9000244140625 -33.77750015258789 0
vertex 19.398704528808594 -25.616981506347656 0
vertex 42.93427658081055 -33.605289459228516 0
endloop
endfacet
facet normal -0.6945168184747433 -0.7194764685906834 0
outer loop
vertex 69.9273452758789 55.363040924072266 -5.699999809265137
vertex 70.67694854736328 54.639442443847656 -5.699999809265137
vertex 70.67694854736328 54.639442443847656 0
endloop
endfacet
facet normal -0.8177478262236075 -0.5755766610162062 0
outer loop
vertex 70.67694854736328 54.639442443847656 -5.699999809265137
vertex 71.27662658691406 53.787452697753906 -5.699999809265137
vertex 71.27662658691406 53.787452697753906 0
endloop
endfacet
facet normal -0.0002271030518433622 -0.9999999742121016 0
outer loop
vertex 59.2918701171875 56.533935546875 -2.8499999046325684
vertex 67.06897735595703 56.532169342041016 -5.699999809265137
vertex 67.06897735595703 56.532169342041016 0
endloop
endfacet
facet normal -0.9975649304562245 -0.0697438852077224 0
outer loop
vertex 71.94623565673828 51.82412338256836 0
vertex 71.94623565673828 51.82412338256836 -5.699999809265137
vertex 72.00006103515625 51.05424499511719 0
endloop
endfacet
facet normal 0 0 -1
outer loop
vertex 42.9000244140625 -35.04750061035156 0
vertex 19.398704528808594 -25.616981506347656 0
vertex 42.9000244140625 -33.77750015258789 0
endloop
endfacet
facet normal -0.19721231090075259 -0.9803608031888998 0
outer loop
vertex 68.09039306640625 56.326698303222656 0
vertex 67.06897735595703 56.532169342041016 0
vertex 67.06897735595703 56.532169342041016 -5.699999809265137
endloop
endfacet
facet normal -0.7194800642133503 0.6945130936127506 0
outer loop
vertex 70.80059814453125 -54.48978042602539 -5.699999809265137
vertex 70.0770034790039 -55.23938751220703 -5.699999809265137
vertex 70.0770034790039 -55.23938751220703 0
endloop
endfacet
facet normal -0.8375559632647372 0.546351542872973 0
outer loop
vertex 71.36982727050781 -53.61715316772461 -5.699999809265137
vertex 70.80059814453125 -54.48978042602539 -5.699999809265137
vertex 70.80059814453125 -54.48978042602539 0
endloop
endfacet
facet normal -0.9255686508180768 0.37857981010984326 0
outer loop
vertex 71.7642593383789 -52.652828216552734 -5.699999809265137
vertex 71.36982727050781 -53.61715316772461 -5.699999809265137
vertex 71.36982727050781 -53.61715316772461 0
endloop
endfacet
facet normal -0.980361511069293 0.19720879192858576 0
outer loop
vertex 71.9697265625 -51.631412506103516 -5.699999809265137
vertex 71.7642593383789 -52.652828216552734 -5.699999809265137
vertex 71.7642593383789 -52.652828216552734 0
endloop
endfacet
facet normal 0.00004673004145288069 0.9999999989080779 -3.83935815120621e-7
outer loop
vertex 67.01201629638672 -56.53778839111328 -5.699999809265137
vertex 53.49180603027344 -56.53715515136719 -1.9500000476837158
vertex 61.49180603027344 -56.53752899169922 -1.9500000476837158
endloop
endfacet
facet normal 0.000046990857462164215 0.9999999988959296 0
outer loop
vertex 67.01201629638672 -56.53778839111328 0
vertex 67.01201629638672 -56.53778839111328 -5.699999809265137
vertex 61.49180603027344 -56.53752899169922 -1.9500000476837158
endloop
endfacet
facet normal 0 0 -1
outer loop
vertex 42.93427658081055 -35.21970748901367 0
vertex 19.398704528808594 -25.616981506347656 0
vertex 42.9000244140625 -35.04750061035156 0
endloop
endfacet
facet normal -0.378576673478436 -0.9255699337694594 0
outer loop
vertex 69.05471801757812 55.93227005004883 0
vertex 68.09039306640625 56.326698303222656 0
vertex 68.09039306640625 56.326698303222656 -5.699999809265137
endloop
endfacet
facet normal -0.11582679776853445 0.9932694261471492 0
outer loop
vertex 67.26168060302734 -56.50867462158203 0
vertex 67.26168060302734 -56.50867462158203 -5.699999809265137
vertex 67.01201629638672 -56.53778839111328 0
endloop
endfacet
facet normal -0.23169147554952735 0.9727893195125462 0
outer loop
vertex 68.27520751953125 -56.26728057861328 0
vertex 68.27520751953125 -56.26728057861328 -5.699999809265137
vertex 67.26168060302734 -56.50867462158203 0
endloop
endfacet
facet normal -0.41100794242515076 0.9116317629741979 0
outer loop
vertex 69.22501373291016 -55.83906173706055 0
vertex 69.22501373291016 -55.83906173706055 -5.699999809265137
vertex 68.27520751953125 -56.26728057861328 0
endloop
endfacet
facet normal -0.5755742125998168 0.8177495495505338 0
outer loop
vertex 70.0770034790039 -55.23938751220703 0
vertex 70.0770034790039 -55.23938751220703 -5.699999809265137
vertex 69.22501373291016 -55.83906173706055 0
endloop
endfacet
facet normal -0.7194800642133503 0.6945130936127506 0
outer loop
vertex 70.80059814453125 -54.48978042602539 0
vertex 70.80059814453125 -54.48978042602539 -5.699999809265137
vertex 70.0770034790039 -55.23938751220703 0
endloop
endfacet
facet normal -0.8375559632647372 0.546351542872973 0
outer loop
vertex 71.36982727050781 -53.61715316772461 0
vertex 71.36982727050781 -53.61715316772461 -5.699999809265137
vertex 70.80059814453125 -54.48978042602539 0
endloop
endfacet
facet normal -0.9255686508180768 0.37857981010984326 0
outer loop
vertex 71.7642593383789 -52.652828216552734 0
vertex 71.7642593383789 -52.652828216552734 -5.699999809265137
vertex 71.36982727050781 -53.61715316772461 0
endloop
endfacet
facet normal -0.980361511069293 0.19720879192858576 0
outer loop
vertex 71.9697265625 -51.631412506103516 -5.699999809265137
vertex 71.7642593383789 -52.652828216552734 0
vertex 71.9697265625 -51.631412506103516 0
endloop
endfacet
facet normal 0 0 -1
outer loop
vertex 67.01201629638672 -56.53778839111328 0
vertex 23.75006103515625 -51.76249694824219 0
vertex 24.050012588500977 -51.693878173828125 0
endloop
endfacet
facet normal 0 0 -1
outer loop
vertex 67.01201629638672 -56.53778839111328 0
vertex 24.050012588500977 -51.693878173828125 0
vertex 46.868682861328125 -51.362449645996094 0
endloop
endfacet
facet normal 0 0 -1
outer loop
vertex 46.868682861328125 -51.362449645996094 0
vertex 24.050012588500977 -51.693878173828125 0
vertex 46.8000602722168 -51.0625 0
endloop
endfacet
facet normal 0 0 -1
outer loop
vertex 46.8000602722168 -51.0625 0
vertex 43.03182601928711 -46.79569625854492 0
vertex 43.17781448364258 -46.893245697021484 0
endloop
endfacet
facet normal 0 0 -1
outer loop
vertex 46.8000602722168 -51.0625 0
vertex 43.17781448364258 -46.893245697021484 0
vertex 43.35002517700195 -46.92749786376953 0
endloop
endfacet
facet normal 0 0 -1
outer loop
vertex 43.52223205566406 -46.893245697021484 0
vertex 43.66822052001953 -46.79569625854492 0
vertex 46.8000602722168 -51.0625 0
endloop
endfacet
facet normal 0 0 -1
outer loop
vertex 46.8000602722168 -51.0625 0
vertex 43.35002517700195 -46.92749786376953 0
vertex 43.52223205566406 -46.893245697021484 0
endloop
endfacet
facet normal 0 0 -1
outer loop
vertex 46.8000602722168 -51.0625 0
vertex 43.66822052001953 -46.79569625854492 0
vertex 43.765769958496094 -46.64970779418945 0
endloop
endfacet
facet normal 0 0 -1
outer loop
vertex 46.8000602722168 -51.0625 0
vertex 43.765769958496094 -46.64970779418945 0
vertex 43.80002212524414 -46.47749710083008 0
endloop
endfacet
facet normal 0 0 -1
outer loop
vertex 42.9000244140625 -46.47749710083008 0
vertex 42.9000244140625 -45.20750045776367 0
vertex 42.93427658081055 -46.30529022216797 0
endloop
endfacet
facet normal 0 0 -1
outer loop
vertex 42.93427658081055 -46.30529022216797 0
vertex 42.93427658081055 -45.37970733642578 0
vertex 43.03182601928711 -46.1593017578125 0
endloop
endfacet
facet normal 0 0 -1
outer loop
vertex 43.03182601928711 -46.1593017578125 0
vertex 42.93427658081055 -45.37970733642578 0
vertex 43.03182601928711 -45.52569580078125 0
endloop
endfacet
facet normal 0 0 -1
outer loop
vertex 42.93427658081055 -45.37970733642578 0
vertex 42.93427658081055 -46.30529022216797 0
vertex 42.9000244140625 -45.20750045776367 0
endloop
endfacet
facet normal 0 0 -1
outer loop
vertex 42.9000244140625 -45.20750045776367 0
vertex 42.9000244140625 -43.9375 0
vertex 42.93427658081055 -45.0352897644043 0
endloop
endfacet
facet normal 0 0 -1
outer loop
vertex 42.93427658081055 -45.0352897644043 0
vertex 42.93427658081055 -44.10970687866211 0
vertex 43.03182601928711 -44.88930130004883 0
endloop
endfacet
facet normal 0 0 -1
outer loop
vertex 42.93427658081055 -44.10970687866211 0
vertex 42.93427658081055 -45.0352897644043 0
vertex 42.9000244140625 -43.9375 0
endloop
endfacet
facet normal 0 0 -1
outer loop
vertex 43.03182601928711 -44.88930130004883 0
vertex 42.93427658081055 -44.10970687866211 0
vertex 43.03182601928711 -44.25569534301758 0
endloop
endfacet
facet normal 0 0 -1
outer loop
vertex 43.03182601928711 -46.1593017578125 0
vertex 43.17781448364258 -45.62324523925781 0
vertex 43.17781448364258 -46.06175231933594 0
endloop
endfacet
facet normal 0 0 -1
outer loop
vertex 43.17781448364258 -46.06175231933594 0
vertex 43.17781448364258 -45.62324523925781 0
vertex 43.35002517700195 -46.02750015258789 0
endloop
endfacet
facet normal 0 0 -1
outer loop
vertex 43.17781448364258 -45.62324523925781 0
vertex 43.03182601928711 -46.1593017578125 0
vertex 43.03182601928711 -45.52569580078125 0
endloop
endfacet
facet normal 0 0 -1
outer loop
vertex 43.35002517700195 -46.02750015258789 0
vertex 43.17781448364258 -45.62324523925781 0
vertex 43.35002517700195 -45.65749740600586 0
endloop
endfacet
facet normal 0 0 -1
outer loop
vertex 43.35002517700195 -46.02750015258789 0
vertex 43.35002517700195 -45.65749740600586 0
vertex 43.52223205566406 -46.06175231933594 0
endloop
endfacet
facet normal 0 0 -1
outer loop
vertex 43.66822052001953 -46.1593017578125 0
vertex 43.52223205566406 -46.06175231933594 0
vertex 43.52223205566406 -45.62324523925781 0
endloop
endfacet
facet normal 0 0 -1
outer loop
vertex 43.52223205566406 -46.06175231933594 0
vertex 43.35002517700195 -45.65749740600586 0
vertex 43.52223205566406 -45.62324523925781 0
endloop
endfacet
facet normal 0 0 -1
outer loop
vertex 43.66822052001953 -46.1593017578125 0
vertex 43.52223205566406 -45.62324523925781 0
vertex 43.66822052001953 -45.52569580078125 0
endloop
endfacet
facet normal 0 0 -1
outer loop
vertex 43.765769958496094 -46.30529022216797 0
vertex 43.66822052001953 -46.1593017578125 0
vertex 43.66822052001953 -45.52569580078125 0
endloop
endfacet
facet normal 0 0 -1
outer loop
vertex 43.765769958496094 -46.30529022216797 0
vertex 43.66822052001953 -45.52569580078125 0
vertex 43.765769958496094 -45.37970733642578 0
endloop
endfacet
facet normal 0 0 -1
outer loop
vertex 43.03182601928711 -44.88930130004883 0
vertex 43.03182601928711 -44.25569534301758 0
vertex 43.17781448364258 -44.791751861572266 0
endloop
endfacet
facet normal 0 0 -1
outer loop
vertex 43.17781448364258 -44.791751861572266 0
vertex 43.17781448364258 -44.35324478149414 0
vertex 43.35002517700195 -44.75749969482422 0
endloop
endfacet
facet normal 0 0 -1
outer loop
vertex 43.35002517700195 -44.75749969482422 0
vertex 43.17781448364258 -44.35324478149414 0
vertex 43.35002517700195 -44.38749694824219 0
endloop
endfacet
facet normal 0 0 -1
outer loop
vertex 43.17781448364258 -44.35324478149414 0
vertex 43.17781448364258 -44.791751861572266 0
vertex 43.03182601928711 -44.25569534301758 0
endloop
endfacet
facet normal 0 0 -1
outer loop
vertex 43.35002517700195 -44.75749969482422 0
vertex 43.35002517700195 -44.38749694824219 0
vertex 43.52223205566406 -44.791751861572266 0
endloop
endfacet
facet normal 0 0 -1
outer loop
vertex 43.52223205566406 -44.791751861572266 0
vertex 43.35002517700195 -44.38749694824219 0
vertex 43.52223205566406 -44.35324478149414 0
endloop
endfacet
facet normal 0 0 -1
outer loop
vertex 43.52223205566406 -44.791751861572266 0
vertex 43.52223205566406 -44.35324478149414 0
vertex 43.66822052001953 -44.88930130004883 0
endloop
endfacet
facet normal 0 0 -1
outer loop
vertex 43.66822052001953 -44.88930130004883 0
vertex 43.52223205566406 -44.35324478149414 0
vertex 43.66822052001953 -44.25569534301758 0
endloop
endfacet
facet normal 0 0 -1
outer loop
vertex 43.765769958496094 -45.0352897644043 0
vertex 43.66822052001953 -44.88930130004883 0
vertex 43.66822052001953 -44.25569534301758 0
endloop
endfacet
facet normal 0 0 -1
outer loop
vertex 43.765769958496094 -45.0352897644043 0
vertex 43.66822052001953 -44.25569534301758 0
vertex 43.765769958496094 -44.10970687866211 0
endloop
endfacet
facet normal 0 0 -1
outer loop
vertex 46.8000602722168 -51.0625 0
vertex 43.80002212524414 -46.47749710083008 0
vertex 43.765769958496094 -46.30529022216797 0
endloop
endfacet
facet normal 0 0 -1
outer loop
vertex 46.8000602722168 -51.0625 0
vertex 43.765769958496094 -46.30529022216797 0
vertex 43.765769958496094 -45.37970733642578 0
endloop
endfacet
facet normal 0 0 -1
outer loop
vertex 46.8000602722168 -51.0625 0
vertex 43.765769958496094 -45.37970733642578 0
vertex 43.80002212524414 -45.20750045776367 0
endloop
endfacet
facet normal 0 0 -1
outer loop
vertex 46.8000602722168 -51.0625 0
vertex 43.80002212524414 -45.20750045776367 0
vertex 43.765769958496094 -45.0352897644043 0
endloop
endfacet
facet normal 0 0 -1
outer loop
vertex 46.8000602722168 -51.0625 0
vertex 43.765769958496094 -45.0352897644043 0
vertex 43.765769958496094 -44.10970687866211 0
endloop
endfacet
facet normal 0 0 -1
outer loop
vertex 43.765769958496094 -44.10970687866211 0
vertex 43.80002212524414 -43.9375 0
vertex 46.8000602722168 -51.0625 0
endloop
endfacet
facet normal 0 0 -1
outer loop
vertex 43.80002212524414 -43.9375 0
vertex 43.765769958496094 -43.765289306640625 0
vertex 46.8000602722168 -51.0625 0
endloop
endfacet
facet normal 0 0 -1
outer loop
vertex 43.765769958496094 -43.765289306640625 0
vertex 43.765769958496094 -42.83970642089844 0
vertex 46.8000602722168 -51.0625 0
endloop
endfacet
facet normal 0 0 -1
outer loop
vertex 43.765769958496094 -42.83970642089844 0
vertex 43.80002212524414 -42.66749954223633 0
vertex 46.8000602722168 -51.0625 0
endloop
endfacet
facet normal 0 0 -1
outer loop
vertex 43.80002212524414 -42.66749954223633 0
vertex 43.765769958496094 -42.49529266357422 0
vertex 46.8000602722168 -51.0625 0
endloop
endfacet
facet normal 0 0 -1
outer loop
vertex 43.765769958496094 -42.49529266357422 0
vertex 43.765769958496094 -41.569705963134766 0
vertex 46.8000602722168 -51.0625 0
endloop
endfacet
facet normal 0 0 -1
outer loop
vertex 43.765769958496094 -41.569705963134766 0
vertex 43.80002212524414 -41.397499084472656 0
vertex 46.8000602722168 -51.0625 0
endloop
endfacet
facet normal -0.546351542872973 -0.8375559632647372 0
outer loop
vertex 69.9273452758789 55.363040924072266 0
vertex 69.05471801757812 55.93227005004883 0
vertex 69.05471801757812 55.93227005004883 -5.699999809265137
endloop
endfacet
facet normal -0.9727891229657288 -0.23169230077749292 0
outer loop
vertex 71.70484161376953 52.837646484375 0
vertex 71.70484161376953 52.837646484375 -5.699999809265137
vertex 71.94623565673828 51.82412338256836 0
endloop
endfacet
facet normal 0 0 -1
outer loop
vertex 43.17781448364258 -35.90175247192383 0
vertex 19.398704528808594 -25.616981506347656 0
vertex 42.93427658081055 -35.21970748901367 0
endloop
endfacet
facet normal -0.9116331348450502 -0.41100489954815234 0
outer loop
vertex 71.27662658691406 53.787452697753906 0
vertex 71.27662658691406 53.787452697753906 -5.699999809265137
vertex 71.70484161376953 52.837646484375 0
endloop
endfacet
facet normal -0.8177478262236075 -0.5755766610162062 0
outer loop
vertex 71.27662658691406 53.787452697753906 0
vertex 70.67694854736328 54.639442443847656 0
vertex 70.67694854736328 54.639442443847656 -5.699999809265137
endloop
endfacet
facet normal -0.6945168184747433 -0.7194764685906834 0
outer loop
vertex 70.67694854736328 54.639442443847656 0
vertex 69.9273452758789 55.363040924072266 0
vertex 69.9273452758789 55.363040924072266 -5.699999809265137
endloop
endfacet
facet normal 0 0 -1
outer loop
vertex 43.03182601928711 -35.99930191040039 0
vertex 19.398704528808594 -25.616981506347656 0
vertex 43.17781448364258 -35.90175247192383 0
endloop
endfacet
facet normal 0 0 -1
outer loop
vertex 42.93427658081055 -36.14529037475586 0
vertex 19.398704528808594 -25.616981506347656 0
vertex 43.03182601928711 -35.99930191040039 0
endloop
endfacet
facet normal 0 0 -1
outer loop
vertex 24.006582260131836 -31.412267684936523 0
vertex -52.51911544799805 -31.416322708129883 0
vertex -47.7564582824707 -25.58772850036621 0
endloop
endfacet
facet normal 0 0 -1
outer loop
vertex 42.9000244140625 -36.31749725341797 0
vertex 19.398704528808594 -25.616981506347656 0
vertex 42.93427658081055 -36.14529037475586 0
endloop
endfacet
facet normal 0 0 -1
outer loop
vertex 42.9000244140625 -37.58749771118164 0
vertex 19.398704528808594 -25.616981506347656 0
vertex 42.9000244140625 -36.31749725341797 0
endloop
endfacet
facet normal 0 0 -1
outer loop
vertex 42.9000244140625 -38.85749816894531 0
vertex 19.398704528808594 -25.616981506347656 0
vertex 42.9000244140625 -37.58749771118164 0
endloop
endfacet
facet normal 0 0 -1
outer loop
vertex 42.9000244140625 -40.127498626708984 0
vertex 19.398704528808594 -25.616981506347656 0
vertex 42.9000244140625 -38.85749816894531 0
endloop
endfacet
facet normal 0 0 -1
outer loop
vertex 42.9000244140625 -41.397499084472656 0
vertex 19.398704528808594 -25.616981506347656 0
vertex 42.9000244140625 -40.127498626708984 0
endloop
endfacet
facet normal 0 0 -1
outer loop
vertex 42.9000244140625 -42.66749954223633 0
vertex 19.398704528808594 -25.616981506347656 0
vertex 42.9000244140625 -41.397499084472656 0
endloop
endfacet
facet normal 0 0 -1
outer loop
vertex 24.381441116333008 -31.76254653930664 0
vertex 19.398704528808594 -25.616981506347656 0
vertex 46.8000602722168 -51.0625 0
endloop
endfacet
facet normal 0 0 -1
outer loop
vertex 42.9000244140625 -43.9375 0
vertex 19.398704528808594 -25.616981506347656 0
vertex 42.9000244140625 -42.66749954223633 0
endloop
endfacet
facet normal 0 0 -1
outer loop
vertex 42.9000244140625 -45.20750045776367 0
vertex 19.398704528808594 -25.616981506347656 0
vertex 42.9000244140625 -43.9375 0
endloop
endfacet
facet normal 0 0 -1
outer loop
vertex 42.9000244140625 -46.47749710083008 0
vertex 19.398704528808594 -25.616981506347656 0
vertex 42.9000244140625 -45.20750045776367 0
endloop
endfacet
facet normal 0 0 -1
outer loop
vertex 42.93427658081055 -46.64970779418945 0
vertex 19.398704528808594 -25.616981506347656 0
vertex 42.9000244140625 -46.47749710083008 0
endloop
endfacet
facet normal 0 0 -1
outer loop
vertex 43.03182601928711 -46.79569625854492 0
vertex 19.398704528808594 -25.616981506347656 0
vertex 42.93427658081055 -46.64970779418945 0
endloop
endfacet
facet normal 0 0 -1
outer loop
vertex 43.03182601928711 -46.79569625854492 0
vertex 46.8000602722168 -51.0625 0
vertex 19.398704528808594 -25.616981506347656 0
endloop
endfacet
facet normal 0 0 -1
outer loop
vertex 24.450061798095703 -32.0625 0
vertex 24.381441116333008 -31.76254653930664 0
vertex 46.8000602722168 -51.0625 0
endloop
endfacet
facet normal 0 0 -1
outer loop
vertex 24.76580810546875 -33.605289459228516 0
vertex 24.668258666992188 -33.45930099487305 0
vertex 46.8000602722168 -51.0625 0
endloop
endfacet
facet normal 0 0 -1
outer loop
vertex 46.8000602722168 -51.0625 0
vertex 24.80006217956543 -33.77750015258789 0
vertex 24.76580810546875 -33.605289459228516 0
endloop
endfacet
facet normal 0 0 -1
outer loop
vertex 46.8000602722168 -51.0625 0
vertex 24.76580810546875 -33.94970703125 0
vertex 24.80006217956543 -33.77750015258789 0
endloop
endfacet
facet normal 0.00004692333193529684 0.9999999988988407 7.207098129794679e-7
outer loop
vertex -39.240055084228516 -56.53280258178711 -0.15000000596046448
vertex -52.81885528564453 -56.53216552734375 0
vertex 67.01201629638672 -56.53778839111328 0
endloop
endfacet
facet normal 0 0 -1
outer loop
vertex -52.81885528564453 -56.53216552734375 0
vertex -53.840267181396484 -56.32669448852539 0
vertex 67.01201629638672 -56.53778839111328 0
endloop
endfacet
facet normal 0 0 -1
outer loop
vertex -53.840267181396484 -56.32669448852539 0
vertex -54.80459213256836 -55.93226623535156 0
vertex 67.01201629638672 -56.53778839111328 0
endloop
endfacet
facet normal 0 0 -1
outer loop
vertex 67.01201629638672 -56.53778839111328 0
vertex -57.69611740112305 -51.824119567871094 0
vertex -52.5064582824707 -51.712730407714844 0
endloop
endfacet
facet normal 0 0 -1
outer loop
vertex 67.01201629638672 -56.53778839111328 0
vertex -57.4547233581543 -52.837642669677734 0
vertex -57.69611740112305 -51.824119567871094 0
endloop
endfacet
facet normal 0 0 -1
outer loop
vertex 67.01201629638672 -56.53778839111328 0
vertex -57.0265007019043 -53.78744888305664 0
vertex -57.4547233581543 -52.837642669677734 0
endloop
endfacet
facet normal 0 0 -1
outer loop
vertex 67.01201629638672 -56.53778839111328 0
vertex -56.42682647705078 -54.639442443847656 0
vertex -57.0265007019043 -53.78744888305664 0
endloop
endfacet
facet normal 0 0 -1
outer loop
vertex -54.80459213256836 -55.93226623535156 0
vertex -55.677223205566406 -55.363037109375 0
vertex 67.01201629638672 -56.53778839111328 0
endloop
endfacet
facet normal 0 0 -1
outer loop
vertex -55.677223205566406 -55.363037109375 0
vertex -56.42682647705078 -54.639442443847656 0
vertex 67.01201629638672 -56.53778839111328 0
endloop
endfacet
facet normal 0 0 -1
outer loop
vertex 24.668258666992188 -33.45930099487305 0
vertex 24.450061798095703 -32.0625 0
vertex 46.8000602722168 -51.0625 0
endloop
endfacet
facet normal 0 0 -1
outer loop
vertex 46.8000602722168 -51.0625 0
vertex 24.668258666992188 -34.09569549560547 0
vertex 24.76580810546875 -33.94970703125 0
endloop
endfacet
facet normal 0 0 -1
outer loop
vertex 46.8000602722168 -51.0625 0
vertex 24.668258666992188 -34.72930145263672 0
vertex 24.668258666992188 -34.09569549560547 0
endloop
endfacet
facet normal 0 0 -1
outer loop
vertex 24.76580810546875 -34.87528991699219 0
vertex 24.668258666992188 -34.72930145263672 0
vertex 46.8000602722168 -51.0625 0
endloop
endfacet
facet normal 0 0 -1
outer loop
vertex 46.8000602722168 -51.0625 0
vertex 24.80006217956543 -35.04750061035156 0
vertex 24.76580810546875 -34.87528991699219 0
endloop
endfacet
facet normal 0 0 -1
outer loop
vertex 46.8000602722168 -51.0625 0
vertex 24.76580810546875 -35.21970748901367 0
vertex 24.80006217956543 -35.04750061035156 0
endloop
endfacet
facet normal -0.00022717659737941107 -0.9999999741934663 0.000001964808002404755
outer loop
vertex 67.06897735595703 56.532169342041016 0
vertex -66.49168395996094 56.5625 -5.699999809265137
vertex 55.69186782836914 56.534751892089844 -1.0499999523162842
endloop
endfacet
facet normal 0 0 -1
outer loop
vertex 46.8000602722168 -51.0625 0
vertex 24.668258666992188 -35.36569595336914 0
vertex 24.76580810546875 -35.21970748901367 0
endloop
endfacet
facet normal 0 0 -1
outer loop
vertex 46.8000602722168 -51.0625 0
vertex 24.668514251708984 -35.99930191040039 0
vertex 24.668258666992188 -35.36569595336914 0
endloop
endfacet
facet normal 0.9900155728057264 0.1409580278031351 0
outer loop
vertex -57.753578186035156 24.48688316345215 0
vertex -57.753578186035156 24.48688316345215 -5.699999809265137
vertex -57.8061408996582 24.856056213378906 0
endloop
endfacet
facet normal -0.0002271018217138526 -0.9999999742123808 0
outer loop
vertex -66.49168395996094 56.5625 -5.699999809265137
vertex 55.69186782836914 56.534751892089844 -2.8499999046325684
vertex 55.69186782836914 56.534751892089844 -1.0499999523162842
endloop
endfacet
facet normal 0 0 -1
outer loop
vertex 24.766061782836914 -36.14529037475586 0
vertex 24.668514251708984 -35.99930191040039 0
vertex 46.8000602722168 -51.0625 0
endloop
endfacet
facet normal 0 0 -1
outer loop
vertex 46.8000602722168 -51.0625 0
vertex 24.800315856933594 -36.31749725341797 0
vertex 24.766061782836914 -36.14529037475586 0
endloop
endfacet
facet normal 0 0 -1
outer loop
vertex 46.8000602722168 -51.0625 0
vertex 24.766061782836914 -36.489707946777344 0
vertex 24.800315856933594 -36.31749725341797 0
endloop
endfacet
facet normal 0 0 -1
outer loop
vertex 46.8000602722168 -51.0625 0
vertex 24.668514251708984 -36.63569641113281 0
vertex 24.766061782836914 -36.489707946777344 0
endloop
endfacet
facet normal 0 0 -1
outer loop
vertex 46.8000602722168 -51.0625 0
vertex 24.668514251708984 -37.26930236816406 0
vertex 24.668514251708984 -36.63569641113281 0
endloop
endfacet
facet normal 0.00004673004145262226 0.9999999989025478 -0.0000033477700259329297
outer loop
vertex -39.240055084228516 -56.53280258178711 -0.15000000596046448
vertex 20.850061416625977 -56.535621643066406 -3.450000047683716
vertex 8.850061416625977 -56.53506088256836 -3.450000047683716
endloop
endfacet
facet normal 0.0000468466265833317 0.9999999989013375 -0.000001648802616862948
outer loop
vertex 8.850061416625977 -56.53506088256836 -3.450000047683716
vertex 8.276036262512207 -56.5350341796875 -3.564180612564087
vertex -39.240055084228516 -56.53280258178711 -0.15000000596046448
endloop
endfacet
facet normal 0.00004697174944022678 0.9999999988968232 9.25666289134098e-8
outer loop
vertex 8.276036262512207 -56.5350341796875 -3.564180612564087
vertex 7.789401531219482 -56.535011291503906 -3.8893399238586426
vertex -39.240055084228516 -56.53280258178711 -0.15000000596046448
endloop
endfacet
facet normal 0.000046997973968681806 0.9999999988955942 -4.7322140358904056e-8
outer loop
vertex -47.240055084228516 -56.53242492675781 -1.9500000476837158
vertex 7.789401531219482 -56.535011291503906 -3.8893399238586426
vertex 7.464242458343506 -56.534996032714844 -4.375974655151367
endloop
endfacet
facet normal 0.00004717336543009177 0.9999999988797019 0.000003907651956535461
outer loop
vertex -47.240055084228516 -56.53242492675781 -1.9500000476837158
vertex 7.464242458343506 -56.534996032714844 -4.375974655151367
vertex 7.350061416625977 -56.53498840332031 -4.949999809265137
endloop
endfacet
facet normal 0.00004695862042414761 0.999999998897444 0
outer loop
vertex 7.350061416625977 -56.53498840332031 -4.949999809265137
vertex 7.350061416625977 -56.53498840332031 -5.699999809265137
vertex -47.240055084228516 -56.53242492675781 -1.9500000476837158
endloop
endfacet
facet normal 0.00004696438941281633 0.9999999988971732 0
outer loop
vertex 7.789401531219482 -56.535011291503906 -3.8893399238586426
vertex -39.240055084228516 -56.53280258178711 -1.9500000476837158
vertex -39.240055084228516 -56.53280258178711 -0.15000000596046448
endloop
endfacet
facet normal 0.00004720687860869317 0.9999999988684656 0.000005880421127164443
outer loop
vertex -47.240055084228516 -56.53242492675781 -1.9500000476837158
vertex -39.240055084228516 -56.53280258178711 -1.9500000476837158
vertex 7.789401531219482 -56.535011291503906 -3.8893399238586426
endloop
endfacet
facet normal 0.000046915851708340926 0.9999999988992576 -6.22599821751355e-7
outer loop
vertex 7.350061416625977 -56.53498840332031 -5.699999809265137
vertex -52.81885528564453 -56.53216552734375 -5.699999809265137
vertex -47.240055084228516 -56.53242492675781 -1.9500000476837158
endloop
endfacet
facet normal 0.00004688940243599237 0.9999999989005924 -4.4594580143617835e-7
outer loop
vertex -39.240055084228516 -56.53280258178711 -0.15000000596046448
vertex 27.276037216186523 -56.53592300415039 -3.564180612564087
vertex 20.850061416625977 -56.535621643066406 -3.450000047683716
endloop
endfacet
facet normal 0 0 -1
outer loop
vertex 46.8000602722168 -51.0625 0
vertex 24.766061782836914 -37.41529083251953 0
vertex 24.668514251708984 -37.26930236816406 0
endloop
endfacet
facet normal 0.00004819467774946513 0.9999999985265409 0.00002498382034147894
outer loop
vertex -39.240055084228516 -56.53280258178711 -0.15000000596046448
vertex 27.850061416625977 -56.535953521728516 -3.450000047683716
vertex 27.276037216186523 -56.53592300415039 -3.564180612564087
endloop
endfacet
facet normal 0.00004673003402480853 0.999999998896666 -0.000004792882095890165
outer loop
vertex -39.240055084228516 -56.53280258178711 -0.15000000596046448
vertex 39.85006332397461 -56.53651428222656 -3.450000047683716
vertex 27.850061416625977 -56.535953521728516 -3.450000047683716
endloop
endfacet
facet normal 0 0 -1
outer loop
vertex 46.8000602722168 -51.0625 0
vertex 24.800315856933594 -37.58749771118164 0
vertex 24.766061782836914 -37.41529083251953 0
endloop
endfacet
facet normal 0 0 -1
outer loop
vertex 24.668514251708984 -41.07929992675781 0
vertex 24.522523880004883 -40.543243408203125 0
vertex 24.668514251708984 -40.44569778442383 0
endloop
endfacet
facet normal 0 0 -1
outer loop
vertex 24.522523880004883 -40.981754302978516 0
vertex 24.35031509399414 -40.57749938964844 0
vertex 24.522523880004883 -40.543243408203125 0
endloop
endfacet
facet normal 0 0 -1
outer loop
vertex 46.8000602722168 -51.0625 0
vertex 24.766061782836914 -37.75970458984375 0
vertex 24.800315856933594 -37.58749771118164 0
endloop
endfacet
facet normal 0 0 -1
outer loop
vertex 24.668514251708984 -41.07929992675781 0
vertex 24.522523880004883 -40.981754302978516 0
vertex 24.522523880004883 -40.543243408203125 0
endloop
endfacet
facet normal 0 0 -1
outer loop
vertex 46.8000602722168 -51.0625 0
vertex 24.668514251708984 -37.905696868896484 0
vertex 24.766061782836914 -37.75970458984375 0
endloop
endfacet
facet normal 0 0 -1
outer loop
vertex 46.8000602722168 -51.0625 0
vertex 24.668514251708984 -38.53929901123047 0
vertex 24.668514251708984 -37.905696868896484 0
endloop
endfacet
facet normal 0 0 -1
outer loop
vertex 24.766061782836914 -38.6852912902832 0
vertex 24.668514251708984 -38.53929901123047 0
vertex 46.8000602722168 -51.0625 0
endloop
endfacet
facet normal 0 0 -1
outer loop
vertex 46.8000602722168 -51.0625 0
vertex 24.800315856933594 -38.85749816894531 0
vertex 24.766061782836914 -38.6852912902832 0
endloop
endfacet
facet normal 0 0 -1
outer loop
vertex 46.8000602722168 -51.0625 0
vertex 24.766061782836914 -39.02970504760742 0
vertex 24.800315856933594 -38.85749816894531 0
endloop
endfacet
facet normal 0 0 -1
outer loop
vertex 46.8000602722168 -51.0625 0
vertex 24.668514251708984 -39.80929946899414 0
vertex 24.668514251708984 -39.175697326660156 0
endloop
endfacet
facet normal -0.00022676240953473483 -0.9999999736621983 -0.00003541768444688955
outer loop
vertex 67.06897735595703 56.532169342041016 0
vertex -45.03999328613281 56.5576286315918 -1.0499999523162842
vertex -41.43999099731445 56.55681228637695 -1.0499999523162842
endloop
endfacet
facet normal -0.0002271051331002092 -0.9999999742116289 0
outer loop
vertex -41.43999099731445 56.55681228637695 -1.0499999523162842
vertex -41.43999099731445 56.55681228637695 -2.8499999046325684
vertex 67.06897735595703 56.532169342041016 0
endloop
endfacet
facet normal 0 0 -1
outer loop
vertex -48.1999397277832 -24.937498092651367 0
vertex -52.51911544799805 -31.416322708129883 0
vertex -48.1999397277832 30.36250114440918 0
endloop
endfacet
facet normal -0.00022709274481015358 -0.9999999742144313 -1.4765081230686297e-7
outer loop
vertex 67.06897735595703 56.532169342041016 0
vertex -66.49168395996094 56.5625 0
vertex -45.03999328613281 56.5576286315918 -1.0499999523162842
endloop
endfacet
facet normal 0 0 -1
outer loop
vertex 24.668514251708984 -41.7156982421875 0
vertex 24.668514251708984 -42.349300384521484 0
vertex 24.522523880004883 -41.8132438659668 0
endloop
endfacet
facet normal 0.004262750441828058 0.9999909144380617 0
outer loop
vertex -59.95319366455078 26.562501907348633 0
vertex -59.95319366455078 26.562501907348633 -5.699999809265137
vertex -67.06885528564453 26.59283447265625 0
endloop
endfacet
facet normal 0 0 -1
outer loop
vertex 24.522523880004883 -42.25175476074219 0
vertex 24.35031509399414 -41.84749984741211 0
vertex 24.522523880004883 -41.8132438659668 0
endloop
endfacet
facet normal 0 0 -1
outer loop
vertex 24.522523880004883 -42.25175476074219 0
vertex 24.522523880004883 -41.8132438659668 0
vertex 24.668514251708984 -42.349300384521484 0
endloop
endfacet
facet normal 0 0 -1
outer loop
vertex 46.8000602722168 -51.0625 0
vertex 24.800315856933594 -40.127498626708984 0
vertex 24.766061782836914 -39.955291748046875 0
endloop
endfacet
facet normal 0 0 -1
outer loop
vertex 46.8000602722168 -51.0625 0
vertex 24.766061782836914 -40.299705505371094 0
vertex 24.800315856933594 -40.127498626708984 0
endloop
endfacet
facet normal 0 0 -1
outer loop
vertex 46.8000602722168 -51.0625 0
vertex 24.668514251708984 -40.44569778442383 0
vertex 24.766061782836914 -40.299705505371094 0
endloop
endfacet
facet normal 0 0 -1
outer loop
vertex 46.8000602722168 -51.0625 0
vertex 24.668514251708984 -41.07929992675781 0
vertex 24.668514251708984 -40.44569778442383 0
endloop
endfacet
facet normal 0 0 -1
outer loop
vertex 24.668258666992188 -33.45930099487305 0
vertex 24.522268295288086 -33.361751556396484 0
vertex 24.450061798095703 -32.0625 0
endloop
endfacet
facet normal 0 0 -1
outer loop
vertex 24.522268295288086 -33.361751556396484 0
vertex 24.42398452758789 -33.342201232910156 0
vertex 24.450061798095703 -32.0625 0
endloop
endfacet
facet normal 0 0 -1
outer loop
vertex 24.398208618164062 -34.60707473754883 0
vertex 24.406169891357422 -34.216339111328125 0
vertex 24.522268295288086 -34.631752014160156 0
endloop
endfacet
facet normal 0 0 -1
outer loop
vertex -52.51911544799805 -31.416322708129883 0
vertex -48.1999397277832 -24.937498092651367 0
vertex -47.7564582824707 -25.58772850036621 0
endloop
endfacet
facet normal 0 0 -1
outer loop
vertex 24.35031509399414 -40.57749938964844 0
vertex 24.35031509399414 -40.9474983215332 0
vertex 24.276840209960938 -40.56288528442383 0
endloop
endfacet
facet normal 0.000046943362903366525 0.9999999988981093 3.199076151286165e-7
outer loop
vertex -39.240055084228516 -56.53280258178711 -0.15000000596046448
vertex 53.49180603027344 -56.53715515136719 -1.9500000476837158
vertex 39.85006332397461 -56.53651428222656 -3.450000047683716
endloop
endfacet
facet normal 0 0 -1
outer loop
vertex -52.51911544799805 -31.416322708129883 0
vertex -57.74993896484375 -51.05424118041992 0
vertex -57.753578186035156 24.48688316345215 0
endloop
endfacet
facet normal 0.9999999988395673 0.00004817536433025561 0
outer loop
vertex -57.753578186035156 24.48688316345215 0
vertex -57.74993896484375 -51.05424118041992 -5.699999809265137
vertex -57.753578186035156 24.48688316345215 -5.699999809265137
endloop
endfacet
facet normal 0.9999999988395673 0.00004817536433025561 0
outer loop
vertex -57.74993896484375 -51.05424118041992 0
vertex -57.74993896484375 -51.05424118041992 -5.699999809265137
vertex -57.753578186035156 24.48688316345215 0
endloop
endfacet
facet normal 0 0 -1
outer loop
vertex 24.35031509399414 -40.9474983215332 0
vertex 24.35031509399414 -40.57749938964844 0
vertex 24.522523880004883 -40.981754302978516 0
endloop
endfacet
facet normal 0 0 -1
outer loop
vertex 43.52223205566406 -43.08324432373047 0
vertex 43.52223205566406 -43.521751403808594 0
vertex 43.35002517700195 -43.11750030517578 0
endloop
endfacet
facet normal 0 0 -1
outer loop
vertex 24.2686710357666 -40.96373748779297 0
vertex 24.276840209960938 -40.56288528442383 0
vertex 24.35031509399414 -40.9474983215332 0
endloop
endfacet
facet normal 0 0 -1
outer loop
vertex 43.35002517700195 -43.11750030517578 0
vertex 43.35002517700195 -43.48749923706055 0
vertex 43.17781448364258 -43.08324432373047 0
endloop
endfacet
facet normal 0 0 -1
outer loop
vertex 43.17781448364258 -43.08324432373047 0
vertex 43.03182601928711 -43.619300842285156 0
vertex 43.03182601928711 -42.985694885253906 0
endloop
endfacet
facet normal 0.00004673004145288413 0.9999999989081516 0
outer loop
vertex 26.350061416625977 -56.53588104248047 -5.699999809265137
vertex 22.350061416625977 -56.53569412231445 -5.699999809265137
vertex 22.350061416625977 -56.53569412231445 -4.949999809265137
endloop
endfacet
facet normal 0.00004673004145288413 0.9999999989081516 0
outer loop
vertex 26.350061416625977 -56.53588104248047 -4.949999809265137
vertex 26.350061416625977 -56.53588104248047 -5.699999809265137
vertex 22.350061416625977 -56.53569412231445 -4.949999809265137
endloop
endfacet
facet normal 0 0 -1
outer loop
vertex 43.765769958496094 -43.765289306640625 0
vertex 43.66822052001953 -43.619300842285156 0
vertex 43.66822052001953 -42.985694885253906 0
endloop
endfacet
facet normal 0 0 -1
outer loop
vertex 43.52223205566406 -43.521751403808594 0
vertex 43.52223205566406 -43.08324432373047 0
vertex 43.66822052001953 -43.619300842285156 0
endloop
endfacet
facet normal 0 0 -1
outer loop
vertex 43.35002517700195 -43.48749923706055 0
vertex 43.35002517700195 -43.11750030517578 0
vertex 43.52223205566406 -43.521751403808594 0
endloop
endfacet
facet normal 0 0 -1
outer loop
vertex 43.17781448364258 -43.521751403808594 0
vertex 43.17781448364258 -43.08324432373047 0
vertex 43.35002517700195 -43.48749923706055 0
endloop
endfacet
facet normal 0.000046730041452511076 0.9999999989001684 -0.0000039957960226132215
outer loop
vertex 22.350061416625977 -56.53569412231445 -4.949999809265137
vertex 22.23587989807129 -56.53568649291992 -4.375974655151367
vertex 26.350061416625977 -56.53588104248047 -4.949999809265137
endloop
endfacet
facet normal 0 0 -1
outer loop
vertex 24.35031509399414 -41.84749984741211 0
vertex 24.35031509399414 -42.217498779296875 0
vertex 24.25106430053711 -41.827754974365234 0
endloop
endfacet
facet normal 0 0 -1
outer loop
vertex 24.35031509399414 -42.217498779296875 0
vertex 24.35031509399414 -41.84749984741211 0
vertex 24.522523880004883 -42.25175476074219 0
endloop
endfacet
facet normal 0 0 -1
outer loop
vertex 43.03182601928711 -43.619300842285156 0
vertex 43.17781448364258 -43.08324432373047 0
vertex 43.17781448364258 -43.521751403808594 0
endloop
endfacet
facet normal 0 0 -1
outer loop
vertex 24.242687225341797 -42.23890686035156 0
vertex 24.25106430053711 -41.827754974365234 0
vertex 24.35031509399414 -42.217498779296875 0
endloop
endfacet
facet normal 0 0 -1
outer loop
vertex 24.668514251708984 -42.985694885253906 0
vertex 24.668514251708984 -43.619300842285156 0
vertex 24.522523880004883 -43.08324432373047 0
endloop
endfacet
facet normal 0 0 -1
outer loop
vertex 24.522523880004883 -43.521751403808594 0
vertex 24.35031509399414 -43.11750030517578 0
vertex 24.522523880004883 -43.08324432373047 0
endloop
endfacet
facet normal 0 0 -1
outer loop
vertex 42.9000244140625 -43.9375 0
vertex 42.9000244140625 -42.66749954223633 0
vertex 42.93427658081055 -43.765289306640625 0
endloop
endfacet
facet normal 0 0 -1
outer loop
vertex 42.93427658081055 -43.765289306640625 0
vertex 42.93427658081055 -42.83970642089844 0
vertex 43.03182601928711 -43.619300842285156 0
endloop
endfacet
facet normal 0 0 -1
outer loop
vertex 43.03182601928711 -43.619300842285156 0
vertex 42.93427658081055 -42.83970642089844 0
vertex 43.03182601928711 -42.985694885253906 0
endloop
endfacet
facet normal 0 0 -1
outer loop
vertex 67.13143920898438 -31.76254653930664 0
vertex 66.75658416748047 -31.412267684936523 0
vertex 66.80001068115234 -25.568878173828125 0
endloop
endfacet
facet normal 0.8314682539438699 0.5555722659416437 0
outer loop
vertex 43.03182601928711 -41.7156982421875 0
vertex 42.93427658081055 -41.569705963134766 0
vertex 42.93427658081055 -41.569705963134766 1.7000000476837158
endloop
endfacet
facet normal 0 0 -1
outer loop
vertex 43.66822052001953 -41.07929992675781 1.7000000476837158
vertex 43.765769958496094 -41.22529220581055 1.7000000476837158
vertex 43.66822052001953 -41.7156982421875 1.7000000476837158
endloop
endfacet
facet normal 0.19509659346884756 0.9807840329128791 0
outer loop
vertex 43.35002517700195 -41.84749984741211 1.7000000476837158
vertex 43.35002517700195 -41.84749984741211 0
vertex 43.17781448364258 -41.8132438659668 1.7000000476837158
endloop
endfacet
facet normal 0 0 -1
outer loop
vertex 43.80002212524414 -41.397499084472656 1.7000000476837158
vertex 43.765769958496094 -41.569705963134766 1.7000000476837158
vertex 43.765769958496094 -41.22529220581055 1.7000000476837158
endloop
endfacet
facet normal 0 0 -1
outer loop
vertex 43.52223205566406 -40.981754302978516 1.7000000476837158
vertex 43.35002517700195 -41.84749984741211 1.7000000476837158
vertex 43.35002517700195 -40.9474983215332 1.7000000476837158
endloop
endfacet
facet normal 0 0 -1
outer loop
vertex 43.66822052001953 -41.07929992675781 1.7000000476837158
vertex 43.52223205566406 -41.8132438659668 1.7000000476837158
vertex 43.52223205566406 -40.981754302978516 1.7000000476837158
endloop
endfacet
facet normal 0 0 -1
outer loop
vertex 43.35002517700195 -40.9474983215332 1.7000000476837158
vertex 43.17781448364258 -41.8132438659668 1.7000000476837158
vertex 43.17781448364258 -40.981754302978516 1.7000000476837158
endloop
endfacet
facet normal 0 0 -1
outer loop
vertex 43.17781448364258 -40.981754302978516 1.7000000476837158
vertex 43.03182601928711 -41.7156982421875 1.7000000476837158
vertex 43.03182601928711 -41.07929992675781 1.7000000476837158
endloop
endfacet
facet normal 0 0 -1
outer loop
vertex 43.765769958496094 -41.569705963134766 1.7000000476837158
vertex 43.66822052001953 -41.7156982421875 1.7000000476837158
vertex 43.765769958496094 -41.22529220581055 1.7000000476837158
endloop
endfacet
facet normal 0 0 -1
outer loop
vertex 43.66822052001953 -41.7156982421875 1.7000000476837158
vertex 43.52223205566406 -41.8132438659668 1.7000000476837158
vertex 43.66822052001953 -41.07929992675781 1.7000000476837158
endloop
endfacet
facet normal 0 0 -1
outer loop
vertex 43.52223205566406 -41.8132438659668 1.7000000476837158
vertex 43.35002517700195 -41.84749984741211 1.7000000476837158
vertex 43.52223205566406 -40.981754302978516 1.7000000476837158
endloop
endfacet
facet normal 0 0 -1
outer loop
vertex 43.35002517700195 -41.84749984741211 1.7000000476837158
vertex 43.17781448364258 -41.8132438659668 1.7000000476837158
vertex 43.35002517700195 -40.9474983215332 1.7000000476837158
endloop
endfacet
facet normal 0 0 -1
outer loop
vertex 43.17781448364258 -41.8132438659668 1.7000000476837158
vertex 43.03182601928711 -41.7156982421875 1.7000000476837158
vertex 43.17781448364258 -40.981754302978516 1.7000000476837158
endloop
endfacet
facet normal 0 0 -1
outer loop
vertex 43.03182601928711 -41.07929992675781 1.7000000476837158
vertex 42.93427658081055 -41.569705963134766 1.7000000476837158
vertex 42.93427658081055 -41.22529220581055 1.7000000476837158
endloop
endfacet
facet normal 0 0 -1
outer loop
vertex 43.03182601928711 -41.7156982421875 1.7000000476837158
vertex 42.93427658081055 -41.569705963134766 1.7000000476837158
vertex 43.03182601928711 -41.07929992675781 1.7000000476837158
endloop
endfacet
facet normal 0 0 -1
outer loop
vertex 42.93427658081055 -41.569705963134766 1.7000000476837158
vertex 42.9000244140625 -41.397499084472656 1.7000000476837158
vertex 42.93427658081055 -41.22529220581055 1.7000000476837158
endloop
endfacet
facet normal -0.8314682539438699 -0.5555722659416437 0
outer loop
vertex 43.66822052001953 -41.07929992675781 1.7000000476837158
vertex 43.66822052001953 -41.07929992675781 0
vertex 43.765769958496094 -41.22529220581055 1.7000000476837158
endloop
endfacet
facet normal -0.9807873630744628 -0.1950798514286955 0
outer loop
vertex 43.765769958496094 -41.22529220581055 1.7000000476837158
vertex 43.765769958496094 -41.22529220581055 0
vertex 43.80002212524414 -41.397499084472656 1.7000000476837158
endloop
endfacet
facet normal -0.9807873630744628 0.1950798514286955 0
outer loop
vertex 43.80002212524414 -41.397499084472656 1.7000000476837158
vertex 43.80002212524414 -41.397499084472656 0
vertex 43.765769958496094 -41.569705963134766 1.7000000476837158
endloop
endfacet
facet normal -0.5555672819090188 -0.8314715841640199 0
outer loop
vertex 43.52223205566406 -40.981754302978516 1.7000000476837158
vertex 43.52223205566406 -40.981754302978516 0
vertex 43.66822052001953 -41.07929992675781 1.7000000476837158
endloop
endfacet
facet normal -0.1951007507126451 -0.9807832059488795 0
outer loop
vertex 43.35002517700195 -40.9474983215332 1.7000000476837158
vertex 43.35002517700195 -40.9474983215332 0
vertex 43.52223205566406 -40.981754302978516 1.7000000476837158
endloop
endfacet
facet normal 0.19509659346884756 -0.9807840329128791 0
outer loop
vertex 43.17781448364258 -40.981754302978516 1.7000000476837158
vertex 43.17781448364258 -40.981754302978516 0
vertex 43.35002517700195 -40.9474983215332 1.7000000476837158
endloop
endfacet
facet normal 0.5555672819090188 -0.8314715841640199 0
outer loop
vertex 43.03182601928711 -41.07929992675781 1.7000000476837158
vertex 43.03182601928711 -41.07929992675781 0
vertex 43.17781448364258 -40.981754302978516 1.7000000476837158
endloop
endfacet
facet normal -0.8314682539438699 0.5555722659416437 0
outer loop
vertex 43.765769958496094 -41.569705963134766 1.7000000476837158
vertex 43.765769958496094 -41.569705963134766 0
vertex 43.66822052001953 -41.7156982421875 1.7000000476837158
endloop
endfacet
facet normal -0.5555672819090188 0.8314715841640199 0
outer loop
vertex 43.66822052001953 -41.7156982421875 1.7000000476837158
vertex 43.66822052001953 -41.7156982421875 0
vertex 43.52223205566406 -41.8132438659668 1.7000000476837158
endloop
endfacet
facet normal -0.1951007507126451 0.9807832059488795 0
outer loop
vertex 43.52223205566406 -41.8132438659668 1.7000000476837158
vertex 43.52223205566406 -41.8132438659668 0
vertex 43.35002517700195 -41.84749984741211 1.7000000476837158
endloop
endfacet
facet normal 0.5555672819090188 0.8314715841640199 0
outer loop
vertex 43.17781448364258 -41.8132438659668 1.7000000476837158
vertex 43.17781448364258 -41.8132438659668 0
vertex 43.03182601928711 -41.7156982421875 1.7000000476837158
endloop
endfacet
facet normal 0.8314682539438699 -0.5555722659416437 0
outer loop
vertex 42.93427658081055 -41.22529220581055 1.7000000476837158
vertex 42.93427658081055 -41.22529220581055 0
vertex 43.03182601928711 -41.07929992675781 1.7000000476837158
endloop
endfacet
facet normal 0.9807873630744628 -0.1950798514286955 0
outer loop
vertex 42.9000244140625 -41.397499084472656 1.7000000476837158
vertex 42.9000244140625 -41.397499084472656 0
vertex 42.93427658081055 -41.22529220581055 1.7000000476837158
endloop
endfacet
facet normal 0.8314682539438699 0.5555722659416437 0
outer loop
vertex 43.03182601928711 -41.7156982421875 1.7000000476837158
vertex 43.03182601928711 -41.7156982421875 0
vertex 42.93427658081055 -41.569705963134766 1.7000000476837158
endloop
endfacet
facet normal 0.9807873630744628 0.1950798514286955 0
outer loop
vertex 42.93427658081055 -41.569705963134766 1.7000000476837158
vertex 42.93427658081055 -41.569705963134766 0
vertex 42.9000244140625 -41.397499084472656 1.7000000476837158
endloop
endfacet
facet normal -0.8314682539438699 -0.5555722659416437 0
outer loop
vertex 43.66822052001953 -41.07929992675781 0
vertex 43.765769958496094 -41.22529220581055 0
vertex 43.765769958496094 -41.22529220581055 1.7000000476837158
endloop
endfacet
facet normal -0.9807873630744628 -0.1950798514286955 0
outer loop
vertex 43.765769958496094 -41.22529220581055 0
vertex 43.80002212524414 -41.397499084472656 0
vertex 43.80002212524414 -41.397499084472656 1.7000000476837158
endloop
endfacet
facet normal -0.1951007507126451 -0.9807832059488795 0
outer loop
vertex 43.35002517700195 -40.9474983215332 0
vertex 43.52223205566406 -40.981754302978516 0
vertex 43.52223205566406 -40.981754302978516 1.7000000476837158
endloop
endfacet
facet normal 0.19509659346884756 -0.9807840329128791 0
outer loop
vertex 43.17781448364258 -40.981754302978516 0
vertex 43.35002517700195 -40.9474983215332 0
vertex 43.35002517700195 -40.9474983215332 1.7000000476837158
endloop
endfacet
facet normal 0.5555672819090188 -0.8314715841640199 0
outer loop
vertex 43.03182601928711 -41.07929992675781 0
vertex 43.17781448364258 -40.981754302978516 0
vertex 43.17781448364258 -40.981754302978516 1.7000000476837158
endloop
endfacet
facet normal -0.5555672819090188 -0.8314715841640199 0
outer loop
vertex 43.52223205566406 -40.981754302978516 0
vertex 43.66822052001953 -41.07929992675781 0
vertex 43.66822052001953 -41.07929992675781 1.7000000476837158
endloop
endfacet
facet normal -0.9807873630744628 0.1950798514286955 0
outer loop
vertex 43.80002212524414 -41.397499084472656 0
vertex 43.765769958496094 -41.569705963134766 0
vertex 43.765769958496094 -41.569705963134766 1.7000000476837158
endloop
endfacet
facet normal -0.8314682539438699 0.5555722659416437 0
outer loop
vertex 43.765769958496094 -41.569705963134766 0
vertex 43.66822052001953 -41.7156982421875 0
vertex 43.66822052001953 -41.7156982421875 1.7000000476837158
endloop
endfacet
facet normal -0.5555672819090188 0.8314715841640199 0
outer loop
vertex 43.66822052001953 -41.7156982421875 0
vertex 43.52223205566406 -41.8132438659668 0
vertex 43.52223205566406 -41.8132438659668 1.7000000476837158
endloop
endfacet
facet normal -0.1951007507126451 0.9807832059488795 0
outer loop
vertex 43.52223205566406 -41.8132438659668 0
vertex 43.35002517700195 -41.84749984741211 0
vertex 43.35002517700195 -41.84749984741211 1.7000000476837158
endloop
endfacet
facet normal 0.19509659346884756 0.9807840329128791 0
outer loop
vertex 43.35002517700195 -41.84749984741211 0
vertex 43.17781448364258 -41.8132438659668 0
vertex 43.17781448364258 -41.8132438659668 1.7000000476837158
endloop
endfacet
facet normal 0.5555672819090188 0.8314715841640199 0
outer loop
vertex 43.17781448364258 -41.8132438659668 0
vertex 43.03182601928711 -41.7156982421875 0
vertex 43.03182601928711 -41.7156982421875 1.7000000476837158
endloop
endfacet
facet normal 0.8314682539438699 -0.5555722659416437 0
outer loop
vertex 42.93427658081055 -41.22529220581055 0
vertex 43.03182601928711 -41.07929992675781 0
vertex 43.03182601928711 -41.07929992675781 1.7000000476837158
endloop
endfacet
facet normal 0.9807873630744628 -0.1950798514286955 0
outer loop
vertex 42.9000244140625 -41.397499084472656 0
vertex 42.93427658081055 -41.22529220581055 0
vertex 42.93427658081055 -41.22529220581055 1.7000000476837158
endloop
endfacet
facet normal 0.9807873630744628 0.1950798514286955 0
outer loop
vertex 42.93427658081055 -41.569705963134766 0
vertex 42.9000244140625 -41.397499084472656 0
vertex 42.9000244140625 -41.397499084472656 1.7000000476837158
endloop
endfacet
facet normal 0.5555672819090188 0.8314715841640199 0
outer loop
vertex 43.17781448364258 -40.543243408203125 1.7000000476837158
vertex 43.17781448364258 -40.543243408203125 0
vertex 43.03182601928711 -40.44569778442383 1.7000000476837158
endloop
endfacet
facet normal -0.5555672819090188 0.8314715841640199 0
outer loop
vertex 43.66822052001953 -40.44569778442383 0
vertex 43.52223205566406 -40.543243408203125 0
vertex 43.52223205566406 -40.543243408203125 1.7000000476837158
endloop
endfacet
facet normal 0.19509659346884756 0.9807840329128791 0
outer loop
vertex 43.35002517700195 -40.57749938964844 0
vertex 43.17781448364258 -40.543243408203125 0
vertex 43.17781448364258 -40.543243408203125 1.7000000476837158
endloop
endfacet
facet normal 0.5555672819090188 0.8314715841640199 0
outer loop
vertex 43.17781448364258 -40.543243408203125 0
vertex 43.03182601928711 -40.44569778442383 0
vertex 43.03182601928711 -40.44569778442383 1.7000000476837158
endloop
endfacet
facet normal 0.8314682539438699 -0.5555722659416437 0
outer loop
vertex 42.93427658081055 -39.955291748046875 0
vertex 43.03182601928711 -39.80929946899414 0
vertex 43.03182601928711 -39.80929946899414 1.7000000476837158
endloop
endfacet
facet normal 0.9807873630744628 -0.1950798514286955 0
outer loop
vertex 42.9000244140625 -40.127498626708984 0
vertex 42.93427658081055 -39.955291748046875 0
vertex 42.93427658081055 -39.955291748046875 1.7000000476837158
endloop
endfacet
facet normal 0.9807873630744628 0.1950798514286955 0
outer loop
vertex 42.93427658081055 -40.299705505371094 0
vertex 42.9000244140625 -40.127498626708984 0
vertex 42.9000244140625 -40.127498626708984 1.7000000476837158
endloop
endfacet
facet normal 0.8314682539438699 -0.5555722659416437 0
outer loop
vertex 42.93427658081055 -39.955291748046875 1.7000000476837158
vertex 42.93427658081055 -39.955291748046875 0
vertex 43.03182601928711 -39.80929946899414 1.7000000476837158
endloop
endfacet
facet normal 0.9807873630744628 -0.1950798514286955 0
outer loop
vertex 42.9000244140625 -40.127498626708984 1.7000000476837158
vertex 42.9000244140625 -40.127498626708984 0
vertex 42.93427658081055 -39.955291748046875 1.7000000476837158
endloop
endfacet
facet normal 0.9807873630744628 0.1950798514286955 0
outer loop
vertex 42.93427658081055 -40.299705505371094 1.7000000476837158
vertex 42.93427658081055 -40.299705505371094 0
vertex 42.9000244140625 -40.127498626708984 1.7000000476837158
endloop
endfacet
facet normal 0.8314682539438699 0.5555722659416437 0
outer loop
vertex 43.03182601928711 -40.44569778442383 1.7000000476837158
vertex 43.03182601928711 -40.44569778442383 0
vertex 42.93427658081055 -40.299705505371094 1.7000000476837158
endloop
endfacet
facet normal 0.19509659346884756 0.9807840329128791 0
outer loop
vertex 43.35002517700195 -40.57749938964844 1.7000000476837158
vertex 43.35002517700195 -40.57749938964844 0
vertex 43.17781448364258 -40.543243408203125 1.7000000476837158
endloop
endfacet
facet normal 0.5555672819090188 -0.8314715841640199 0
outer loop
vertex 43.03182601928711 -39.80929946899414 1.7000000476837158
vertex 43.03182601928711 -39.80929946899414 0
vertex 43.17781448364258 -39.711753845214844 1.7000000476837158
endloop
endfacet
facet normal 0.19509659346884756 -0.9807840329128791 0
outer loop
vertex 43.17781448364258 -39.711753845214844 1.7000000476837158
vertex 43.17781448364258 -39.711753845214844 0
vertex 43.35002517700195 -39.67749786376953 1.7000000476837158
endloop
endfacet
facet normal -0.1951007507126451 -0.9807832059488795 0
outer loop
vertex 43.35002517700195 -39.67749786376953 1.7000000476837158
vertex 43.35002517700195 -39.67749786376953 0
vertex 43.52223205566406 -39.711753845214844 1.7000000476837158
endloop
endfacet
facet normal -0.5555672819090188 -0.8314715841640199 0
outer loop
vertex 43.52223205566406 -39.711753845214844 1.7000000476837158
vertex 43.52223205566406 -39.711753845214844 0
vertex 43.66822052001953 -39.80929946899414 1.7000000476837158
endloop
endfacet
facet normal -0.8314682539438699 0.5555722659416437 0
outer loop
vertex 43.765769958496094 -40.299705505371094 1.7000000476837158
vertex 43.765769958496094 -40.299705505371094 0
vertex 43.66822052001953 -40.44569778442383 1.7000000476837158
endloop
endfacet
facet normal -0.9807873630744628 0.1950798514286955 0
outer loop
vertex 43.80002212524414 -40.127498626708984 1.7000000476837158
vertex 43.80002212524414 -40.127498626708984 0
vertex 43.765769958496094 -40.299705505371094 1.7000000476837158
endloop
endfacet
facet normal -0.9807873630744628 -0.1950798514286955 0
outer loop
vertex 43.765769958496094 -39.955291748046875 1.7000000476837158
vertex 43.765769958496094 -39.955291748046875 0
vertex 43.80002212524414 -40.127498626708984 1.7000000476837158
endloop
endfacet
facet normal -0.8314682539438699 -0.5555722659416437 0
outer loop
vertex 43.66822052001953 -39.80929946899414 1.7000000476837158
vertex 43.66822052001953 -39.80929946899414 0
vertex 43.765769958496094 -39.955291748046875 1.7000000476837158
endloop
endfacet
facet normal 0.8314682539438699 0.5555722659416437 0
outer loop
vertex 43.03182601928711 -40.44569778442383 0
vertex 42.93427658081055 -40.299705505371094 0
vertex 42.93427658081055 -40.299705505371094 1.7000000476837158
endloop
endfacet
facet normal 0.5555672819090188 -0.8314715841640199 0
outer loop
vertex 43.03182601928711 -39.80929946899414 0
vertex 43.17781448364258 -39.711753845214844 0
vertex 43.17781448364258 -39.711753845214844 1.7000000476837158
endloop
endfacet
facet normal 0.19509659346884756 -0.9807840329128791 0
outer loop
vertex 43.17781448364258 -39.711753845214844 0
vertex 43.35002517700195 -39.67749786376953 0
vertex 43.35002517700195 -39.67749786376953 1.7000000476837158
endloop
endfacet
facet normal -0.1951007507126451 -0.9807832059488795 0
outer loop
vertex 43.35002517700195 -39.67749786376953 0
vertex 43.52223205566406 -39.711753845214844 0
vertex 43.52223205566406 -39.711753845214844 1.7000000476837158
endloop
endfacet
facet normal -0.5555672819090188 -0.8314715841640199 0
outer loop
vertex 43.52223205566406 -39.711753845214844 0
vertex 43.66822052001953 -39.80929946899414 0
vertex 43.66822052001953 -39.80929946899414 1.7000000476837158
endloop
endfacet
facet normal -0.8314682539438699 0.5555722659416437 0
outer loop
vertex 43.765769958496094 -40.299705505371094 0
vertex 43.66822052001953 -40.44569778442383 0
vertex 43.66822052001953 -40.44569778442383 1.7000000476837158
endloop
endfacet
facet normal -0.9807873630744628 0.1950798514286955 0
outer loop
vertex 43.80002212524414 -40.127498626708984 0
vertex 43.765769958496094 -40.299705505371094 0
vertex 43.765769958496094 -40.299705505371094 1.7000000476837158
endloop
endfacet
facet normal -0.1951007507126451 0.9807832059488795 0
outer loop
vertex 43.52223205566406 -40.543243408203125 1.7000000476837158
vertex 43.52223205566406 -40.543243408203125 0
vertex 43.35002517700195 -40.57749938964844 1.7000000476837158
endloop
endfacet
facet normal -0.5555672819090188 0.8314715841640199 0
outer loop
vertex 43.66822052001953 -40.44569778442383 1.7000000476837158
vertex 43.66822052001953 -40.44569778442383 0
vertex 43.52223205566406 -40.543243408203125 1.7000000476837158
endloop
endfacet
facet normal 0 0 -1
outer loop
vertex 43.66822052001953 -39.80929946899414 1.7000000476837158
vertex 43.765769958496094 -39.955291748046875 1.7000000476837158
vertex 43.66822052001953 -40.44569778442383 1.7000000476837158
endloop
endfacet
facet normal 0 0 -1
outer loop
vertex 43.80002212524414 -40.127498626708984 1.7000000476837158
vertex 43.765769958496094 -40.299705505371094 1.7000000476837158
vertex 43.765769958496094 -39.955291748046875 1.7000000476837158
endloop
endfacet
facet normal 0 0 -1
outer loop
vertex 43.765769958496094 -40.299705505371094 1.7000000476837158
vertex 43.66822052001953 -40.44569778442383 1.7000000476837158
vertex 43.765769958496094 -39.955291748046875 1.7000000476837158
endloop
endfacet
facet normal 0 0 -1
outer loop
vertex 43.66822052001953 -39.80929946899414 1.7000000476837158
vertex 43.52223205566406 -40.543243408203125 1.7000000476837158
vertex 43.52223205566406 -39.711753845214844 1.7000000476837158
endloop
endfacet
facet normal 0 0 -1
outer loop
vertex 43.52223205566406 -39.711753845214844 1.7000000476837158
vertex 43.35002517700195 -40.57749938964844 1.7000000476837158
vertex 43.35002517700195 -39.67749786376953 1.7000000476837158
endloop
endfacet
facet normal 0 0 -1
outer loop
vertex 43.35002517700195 -39.67749786376953 1.7000000476837158
vertex 43.17781448364258 -40.543243408203125 1.7000000476837158
vertex 43.17781448364258 -39.711753845214844 1.7000000476837158
endloop
endfacet
facet normal 0 0 -1
outer loop
vertex 43.17781448364258 -39.711753845214844 1.7000000476837158
vertex 43.03182601928711 -40.44569778442383 1.7000000476837158
vertex 43.03182601928711 -39.80929946899414 1.7000000476837158
endloop
endfacet
facet normal 0 0 -1
outer loop
vertex 43.66822052001953 -40.44569778442383 1.7000000476837158
vertex 43.52223205566406 -40.543243408203125 1.7000000476837158
vertex 43.66822052001953 -39.80929946899414 1.7000000476837158
endloop
endfacet
facet normal 0 0 -1
outer loop
vertex 43.52223205566406 -40.543243408203125 1.7000000476837158
vertex 43.35002517700195 -40.57749938964844 1.7000000476837158
vertex 43.52223205566406 -39.711753845214844 1.7000000476837158
endloop
endfacet
facet normal 0 0 -1
outer loop
vertex 43.35002517700195 -40.57749938964844 1.7000000476837158
vertex 43.17781448364258 -40.543243408203125 1.7000000476837158
vertex 43.35002517700195 -39.67749786376953 1.7000000476837158
endloop
endfacet
facet normal 0 0 -1
outer loop
vertex 43.17781448364258 -40.543243408203125 1.7000000476837158
vertex 43.03182601928711 -40.44569778442383 1.7000000476837158
vertex 43.17781448364258 -39.711753845214844 1.7000000476837158
endloop
endfacet
facet normal 0 0 -1
outer loop
vertex 43.03182601928711 -39.80929946899414 1.7000000476837158
vertex 42.93427658081055 -40.299705505371094 1.7000000476837158
vertex 42.93427658081055 -39.955291748046875 1.7000000476837158
endloop
endfacet
facet normal 0 0 -1
outer loop
vertex 43.03182601928711 -40.44569778442383 1.7000000476837158
vertex 42.93427658081055 -40.299705505371094 1.7000000476837158
vertex 43.03182601928711 -39.80929946899414 1.7000000476837158
endloop
endfacet
facet normal 0 0 -1
outer loop
vertex 42.93427658081055 -40.299705505371094 1.7000000476837158
vertex 42.9000244140625 -40.127498626708984 1.7000000476837158
vertex 42.93427658081055 -39.955291748046875 1.7000000476837158
endloop
endfacet
facet normal -0.9807873630744628 -0.1950798514286955 0
outer loop
vertex 43.765769958496094 -39.955291748046875 0
vertex 43.80002212524414 -40.127498626708984 0
vertex 43.80002212524414 -40.127498626708984 1.7000000476837158
endloop
endfacet
facet normal -0.8314682539438699 -0.5555722659416437 0
outer loop
vertex 43.66822052001953 -39.80929946899414 0
vertex 43.765769958496094 -39.955291748046875 0
vertex 43.765769958496094 -39.955291748046875 1.7000000476837158
endloop
endfacet
facet normal -0.1951007507126451 0.9807832059488795 0
outer loop
vertex 43.52223205566406 -40.543243408203125 0
vertex 43.35002517700195 -40.57749938964844 0
vertex 43.35002517700195 -40.57749938964844 1.7000000476837158
endloop
endfacet
facet normal 0.19509659346884756 0.9807840329128791 0
outer loop
vertex 43.35002517700195 -39.307498931884766 0
vertex 43.17781448364258 -39.27324295043945 0
vertex 43.17781448364258 -39.27324295043945 1.7000000476837158
endloop
endfacet
facet normal -0.1951007507126451 0.9807832059488795 0
outer loop
vertex 43.52223205566406 -39.27324295043945 0
vertex 43.35002517700195 -39.307498931884766 0
vertex 43.35002517700195 -39.307498931884766 1.7000000476837158
endloop
endfacet
facet normal -0.5555672819090188 0.8314715841640199 0
outer loop
vertex 43.66822052001953 -39.175697326660156 0
vertex 43.52223205566406 -39.27324295043945 0
vertex 43.52223205566406 -39.27324295043945 1.7000000476837158
endloop
endfacet
facet normal -0.8314682539438699 0.5555722659416437 0
outer loop
vertex 43.765769958496094 -39.02970504760742 0
vertex 43.66822052001953 -39.175697326660156 0
vertex 43.66822052001953 -39.175697326660156 1.7000000476837158
endloop
endfacet
facet normal -0.9807873630744628 0.1950798514286955 0
outer loop
vertex 43.80002212524414 -38.85749816894531 0
vertex 43.765769958496094 -39.02970504760742 0
vertex 43.765769958496094 -39.02970504760742 1.7000000476837158
endloop
endfacet
facet normal -0.8314682539438699 -0.5555722659416437 0
outer loop
vertex 43.66822052001953 -38.53929901123047 1.7000000476837158
vertex 43.66822052001953 -38.53929901123047 0
vertex 43.765769958496094 -38.6852912902832 1.7000000476837158
endloop
endfacet
facet normal 0 0 -1
outer loop
vertex 42.93427658081055 -39.02970504760742 1.7000000476837158
vertex 42.9000244140625 -38.85749816894531 1.7000000476837158
vertex 42.93427658081055 -38.6852912902832 1.7000000476837158
endloop
endfacet
facet normal 0 0 -1
outer loop
vertex 43.03182601928711 -39.175697326660156 1.7000000476837158
vertex 42.93427658081055 -39.02970504760742 1.7000000476837158
vertex 43.03182601928711 -38.53929901123047 1.7000000476837158
endloop
endfacet
facet normal 0 0 -1
outer loop
vertex 43.03182601928711 -38.53929901123047 1.7000000476837158
vertex 42.93427658081055 -39.02970504760742 1.7000000476837158
vertex 42.93427658081055 -38.6852912902832 1.7000000476837158
endloop
endfacet
facet normal -0.9807873630744628 -0.1950798514286955 0
outer loop
vertex 43.765769958496094 -38.6852912902832 0
vertex 43.80002212524414 -38.85749816894531 0
vertex 43.80002212524414 -38.85749816894531 1.7000000476837158
endloop
endfacet
facet normal 0.8314682539438699 -0.5555722659416437 0
outer loop
vertex 42.93427658081055 -38.6852912902832 0
vertex 43.03182601928711 -38.53929901123047 0
vertex 43.03182601928711 -38.53929901123047 1.7000000476837158
endloop
endfacet
facet normal 0.5555672819090188 -0.8314715841640199 0
outer loop
vertex 43.03182601928711 -38.53929901123047 0
vertex 43.17781448364258 -38.44175338745117 0
vertex 43.17781448364258 -38.44175338745117 1.7000000476837158
endloop
endfacet
facet normal 0.19509659346884756 -0.9807840329128791 0
outer loop
vertex 43.17781448364258 -38.44175338745117 0
vertex 43.35002517700195 -38.40749740600586 0
vertex 43.35002517700195 -38.40749740600586 1.7000000476837158
endloop
endfacet
facet normal -0.5555672819090188 -0.8314715841640199 0
outer loop
vertex 43.52223205566406 -38.44175338745117 1.7000000476837158
vertex 43.52223205566406 -38.44175338745117 0
vertex 43.66822052001953 -38.53929901123047 1.7000000476837158
endloop
endfacet
facet normal -0.1951007507126451 -0.9807832059488795 0
outer loop
vertex 43.35002517700195 -38.40749740600586 1.7000000476837158
vertex 43.35002517700195 -38.40749740600586 0
vertex 43.52223205566406 -38.44175338745117 1.7000000476837158
endloop
endfacet
facet normal 0.19509659346884756 -0.9807840329128791 0
outer loop
vertex 43.17781448364258 -38.44175338745117 1.7000000476837158
vertex 43.17781448364258 -38.44175338745117 0
vertex 43.35002517700195 -38.40749740600586 1.7000000476837158
endloop
endfacet
facet normal 0.5555672819090188 -0.8314715841640199 0
outer loop
vertex 43.03182601928711 -38.53929901123047 1.7000000476837158
vertex 43.03182601928711 -38.53929901123047 0
vertex 43.17781448364258 -38.44175338745117 1.7000000476837158
endloop
endfacet
facet normal -0.5555672819090188 -0.8314715841640199 0
outer loop
vertex 43.52223205566406 -38.44175338745117 0
vertex 43.66822052001953 -38.53929901123047 0
vertex 43.66822052001953 -38.53929901123047 1.7000000476837158
endloop
endfacet
facet normal -0.1951007507126451 -0.9807832059488795 0
outer loop
vertex 43.35002517700195 -38.40749740600586 0
vertex 43.52223205566406 -38.44175338745117 0
vertex 43.52223205566406 -38.44175338745117 1.7000000476837158
endloop
endfacet
facet normal -0.8314682539438699 -0.5555722659416437 0
outer loop
vertex 43.66822052001953 -38.53929901123047 0
vertex 43.765769958496094 -38.6852912902832 0
vertex 43.765769958496094 -38.6852912902832 1.7000000476837158
endloop
endfacet
facet normal 0 0 -1
outer loop
vertex 43.17781448364258 -39.27324295043945 1.7000000476837158
vertex 43.03182601928711 -39.175697326660156 1.7000000476837158
vertex 43.17781448364258 -38.44175338745117 1.7000000476837158
endloop
endfacet
facet normal 0 0 -1
outer loop
vertex 43.35002517700195 -39.307498931884766 1.7000000476837158
vertex 43.17781448364258 -39.27324295043945 1.7000000476837158
vertex 43.35002517700195 -38.40749740600586 1.7000000476837158
endloop
endfacet
facet normal 0 0 -1
outer loop
vertex 43.66822052001953 -39.175697326660156 1.7000000476837158
vertex 43.52223205566406 -39.27324295043945 1.7000000476837158
vertex 43.66822052001953 -38.53929901123047 1.7000000476837158
endloop
endfacet
facet normal 0.8314682539438699 -0.5555722659416437 0
outer loop
vertex 42.93427658081055 -38.6852912902832 1.7000000476837158
vertex 42.93427658081055 -38.6852912902832 0
vertex 43.03182601928711 -38.53929901123047 1.7000000476837158
endloop
endfacet
facet normal -0.9807873630744628 -0.1950798514286955 0
outer loop
vertex 43.765769958496094 -38.6852912902832 1.7000000476837158
vertex 43.765769958496094 -38.6852912902832 0
vertex 43.80002212524414 -38.85749816894531 1.7000000476837158
endloop
endfacet
facet normal 0 0 -1
outer loop
vertex 43.765769958496094 -39.02970504760742 1.7000000476837158
vertex 43.66822052001953 -39.175697326660156 1.7000000476837158
vertex 43.765769958496094 -38.6852912902832 1.7000000476837158
endloop
endfacet
facet normal 0 0 -1
outer loop
vertex 43.80002212524414 -38.85749816894531 1.7000000476837158
vertex 43.765769958496094 -39.02970504760742 1.7000000476837158
vertex 43.765769958496094 -38.6852912902832 1.7000000476837158
endloop
endfacet
facet normal 0 0 -1
outer loop
vertex 43.66822052001953 -38.53929901123047 1.7000000476837158
vertex 43.765769958496094 -38.6852912902832 1.7000000476837158
vertex 43.66822052001953 -39.175697326660156 1.7000000476837158
endloop
endfacet
facet normal -0.9807873630744628 0.1950798514286955 0
outer loop
vertex 43.80002212524414 -38.85749816894531 1.7000000476837158
vertex 43.80002212524414 -38.85749816894531 0
vertex 43.765769958496094 -39.02970504760742 1.7000000476837158
endloop
endfacet
facet normal -0.8314682539438699 0.5555722659416437 0
outer loop
vertex 43.765769958496094 -39.02970504760742 1.7000000476837158
vertex 43.765769958496094 -39.02970504760742 0
vertex 43.66822052001953 -39.175697326660156 1.7000000476837158
endloop
endfacet
facet normal -0.5555672819090188 0.8314715841640199 0
outer loop
vertex 43.66822052001953 -39.175697326660156 1.7000000476837158
vertex 43.66822052001953 -39.175697326660156 0
vertex 43.52223205566406 -39.27324295043945 1.7000000476837158
endloop
endfacet
facet normal 0 0 -1
outer loop
vertex 43.17781448364258 -38.44175338745117 1.7000000476837158
vertex 43.03182601928711 -39.175697326660156 1.7000000476837158
vertex 43.03182601928711 -38.53929901123047 1.7000000476837158
endloop
endfacet
facet normal 0 0 -1
outer loop
vertex 43.35002517700195 -38.40749740600586 1.7000000476837158
vertex 43.17781448364258 -39.27324295043945 1.7000000476837158
vertex 43.17781448364258 -38.44175338745117 1.7000000476837158
endloop
endfacet
facet normal 0 0 -1
outer loop
vertex 43.52223205566406 -38.44175338745117 1.7000000476837158
vertex 43.35002517700195 -39.307498931884766 1.7000000476837158
vertex 43.35002517700195 -38.40749740600586 1.7000000476837158
endloop
endfacet
facet normal -0.1951007507126451 0.9807832059488795 0
outer loop
vertex 43.52223205566406 -39.27324295043945 1.7000000476837158
vertex 43.52223205566406 -39.27324295043945 0
vertex 43.35002517700195 -39.307498931884766 1.7000000476837158
endloop
endfacet
facet normal 0.19509659346884756 0.9807840329128791 0
outer loop
vertex 43.35002517700195 -39.307498931884766 1.7000000476837158
vertex 43.35002517700195 -39.307498931884766 0
vertex 43.17781448364258 -39.27324295043945 1.7000000476837158
endloop
endfacet
facet normal 0.5555672819090188 0.8314715841640199 0
outer loop
vertex 43.17781448364258 -39.27324295043945 1.7000000476837158
vertex 43.17781448364258 -39.27324295043945 0
vertex 43.03182601928711 -39.175697326660156 1.7000000476837158
endloop
endfacet
facet normal 0.9807873630744628 0.1950798514286955 0
outer loop
vertex 42.93427658081055 -39.02970504760742 1.7000000476837158
vertex 42.93427658081055 -39.02970504760742 0
vertex 42.9000244140625 -38.85749816894531 1.7000000476837158
endloop
endfacet
facet normal 0.8314682539438699 0.5555722659416437 0
outer loop
vertex 43.03182601928711 -39.175697326660156 1.7000000476837158
vertex 43.03182601928711 -39.175697326660156 0
vertex 42.93427658081055 -39.02970504760742 1.7000000476837158
endloop
endfacet
facet normal 0.9807873630744628 -0.1950798514286955 0
outer loop
vertex 42.9000244140625 -38.85749816894531 1.7000000476837158
vertex 42.9000244140625 -38.85749816894531 0
vertex 42.93427658081055 -38.6852912902832 1.7000000476837158
endloop
endfacet
facet normal 0.8314682539438699 0.5555722659416437 0
outer loop
vertex 43.03182601928711 -39.175697326660156 0
vertex 42.93427658081055 -39.02970504760742 0
vertex 42.93427658081055 -39.02970504760742 1.7000000476837158
endloop
endfacet
facet normal 0.9807873630744628 0.1950798514286955 0
outer loop
vertex 42.93427658081055 -39.02970504760742 0
vertex 42.9000244140625 -38.85749816894531 0
vertex 42.9000244140625 -38.85749816894531 1.7000000476837158
endloop
endfacet
facet normal 0.9807873630744628 -0.1950798514286955 0
outer loop
vertex 42.9000244140625 -38.85749816894531 0
vertex 42.93427658081055 -38.6852912902832 0
vertex 42.93427658081055 -38.6852912902832 1.7000000476837158
endloop
endfacet
facet normal 0 0 -1
outer loop
vertex 43.66822052001953 -38.53929901123047 1.7000000476837158
vertex 43.52223205566406 -39.27324295043945 1.7000000476837158
vertex 43.52223205566406 -38.44175338745117 1.7000000476837158
endloop
endfacet
facet normal 0 0 -1
outer loop
vertex 43.52223205566406 -39.27324295043945 1.7000000476837158
vertex 43.35002517700195 -39.307498931884766 1.7000000476837158
vertex 43.52223205566406 -38.44175338745117 1.7000000476837158
endloop
endfacet
facet normal 0.5555672819090188 0.8314715841640199 0
outer loop
vertex 43.17781448364258 -39.27324295043945 0
vertex 43.03182601928711 -39.175697326660156 0
vertex 43.03182601928711 -39.175697326660156 1.7000000476837158
endloop
endfacet
facet normal 0 0 -1
outer loop
vertex 43.52223205566406 -37.1717529296875 1.7000000476837158
vertex 43.35002517700195 -38.037498474121094 1.7000000476837158
vertex 43.35002517700195 -37.13749694824219 1.7000000476837158
endloop
endfacet
facet normal 0.8314682539438699 0.5555722659416437 0
outer loop
vertex 43.03182601928711 -37.905696868896484 1.7000000476837158
vertex 43.03182601928711 -37.905696868896484 0
vertex 42.93427658081055 -37.75970458984375 1.7000000476837158
endloop
endfacet
facet normal 0 0 -1
outer loop
vertex 43.17781448364258 -38.00324630737305 1.7000000476837158
vertex 43.03182601928711 -37.905696868896484 1.7000000476837158
vertex 43.17781448364258 -37.1717529296875 1.7000000476837158
endloop
endfacet
facet normal 0 0 -1
outer loop
vertex 43.03182601928711 -37.26930236816406 1.7000000476837158
vertex 42.93427658081055 -37.75970458984375 1.7000000476837158
vertex 42.93427658081055 -37.41529083251953 1.7000000476837158
endloop
endfacet
facet normal 0 0 -1
outer loop
vertex 43.03182601928711 -37.905696868896484 1.7000000476837158
vertex 42.93427658081055 -37.75970458984375 1.7000000476837158
vertex 43.03182601928711 -37.26930236816406 1.7000000476837158
endloop
endfacet
facet normal 0 0 -1
outer loop
vertex 42.93427658081055 -37.75970458984375 1.7000000476837158
vertex 42.9000244140625 -37.58749771118164 1.7000000476837158
vertex 42.93427658081055 -37.41529083251953 1.7000000476837158
endloop
endfacet
facet normal 0 0 -1
outer loop
vertex 43.52223205566406 -38.00324630737305 1.7000000476837158
vertex 43.35002517700195 -38.037498474121094 1.7000000476837158
vertex 43.52223205566406 -37.1717529296875 1.7000000476837158
endloop
endfacet
facet normal -0.8314615478636338 -0.5555823021157262 0
outer loop
vertex 43.66822052001953 -37.26930236816406 1.7000000476837158
vertex 43.66822052001953 -37.26930236816406 0
vertex 43.765769958496094 -37.41529083251953 1.7000000476837158
endloop
endfacet
facet normal -0.9807873630744628 -0.1950798514286955 0
outer loop
vertex 43.765769958496094 -37.41529083251953 1.7000000476837158
vertex 43.765769958496094 -37.41529083251953 0
vertex 43.80002212524414 -37.58749771118164 1.7000000476837158
endloop
endfacet
facet normal -0.9807873630744628 0.1950798514286955 0
outer loop
vertex 43.80002212524414 -37.58749771118164 1.7000000476837158
vertex 43.80002212524414 -37.58749771118164 0
vertex 43.765769958496094 -37.75970458984375 1.7000000476837158
endloop
endfacet
facet normal -0.5555823021157262 -0.8314615478636338 0
outer loop
vertex 43.52223205566406 -37.1717529296875 1.7000000476837158
vertex 43.52223205566406 -37.1717529296875 0
vertex 43.66822052001953 -37.26930236816406 1.7000000476837158
endloop
endfacet
facet normal -0.1951007507126451 -0.9807832059488795 0
outer loop
vertex 43.35002517700195 -37.13749694824219 1.7000000476837158
vertex 43.35002517700195 -37.13749694824219 0
vertex 43.52223205566406 -37.1717529296875 1.7000000476837158
endloop
endfacet
facet normal 0.19509659346884756 -0.9807840329128791 0
outer loop
vertex 43.17781448364258 -37.1717529296875 1.7000000476837158
vertex 43.17781448364258 -37.1717529296875 0
vertex 43.35002517700195 -37.13749694824219 1.7000000476837158
endloop
endfacet
facet normal 0.5555823021157262 -0.8314615478636338 0
outer loop
vertex 43.03182601928711 -37.26930236816406 1.7000000476837158
vertex 43.03182601928711 -37.26930236816406 0
vertex 43.17781448364258 -37.1717529296875 1.7000000476837158
endloop
endfacet
facet normal -0.8314682539438699 0.5555722659416437 0
outer loop
vertex 43.765769958496094 -37.75970458984375 1.7000000476837158
vertex 43.765769958496094 -37.75970458984375 0
vertex 43.66822052001953 -37.905696868896484 1.7000000476837158
endloop
endfacet
facet normal -0.5555823021157262 0.8314615478636338 0
outer loop
vertex 43.66822052001953 -37.905696868896484 1.7000000476837158
vertex 43.66822052001953 -37.905696868896484 0
vertex 43.52223205566406 -38.00324630737305 1.7000000476837158
endloop
endfacet
facet normal -0.1950798514286955 0.9807873630744628 0
outer loop
vertex 43.52223205566406 -38.00324630737305 1.7000000476837158
vertex 43.52223205566406 -38.00324630737305 0
vertex 43.35002517700195 -38.037498474121094 1.7000000476837158
endloop
endfacet
facet normal 0.8314682539438699 0.5555722659416437 0
outer loop
vertex 43.03182601928711 -37.905696868896484 0
vertex 42.93427658081055 -37.75970458984375 0
vertex 42.93427658081055 -37.75970458984375 1.7000000476837158
endloop
endfacet
facet normal 0.9807873630744628 0.1950798514286955 0
outer loop
vertex 42.93427658081055 -37.75970458984375 0
vertex 42.9000244140625 -37.58749771118164 0
vertex 42.9000244140625 -37.58749771118164 1.7000000476837158
endloop
endfacet
facet normal 0.9807873630744628 -0.1950798514286955 0
outer loop
vertex 42.9000244140625 -37.58749771118164 0
vertex 42.93427658081055 -37.41529083251953 0
vertex 42.93427658081055 -37.41529083251953 1.7000000476837158
endloop
endfacet
facet normal 0.8314615478636338 -0.5555823021157262 0
outer loop
vertex 42.93427658081055 -37.41529083251953 0
vertex 43.03182601928711 -37.26930236816406 0
vertex 43.03182601928711 -37.26930236816406 1.7000000476837158
endloop
endfacet
facet normal 0.19507569459498705 0.9807881898648063 0
outer loop
vertex 43.35002517700195 -38.037498474121094 1.7000000476837158
vertex 43.35002517700195 -38.037498474121094 0
vertex 43.17781448364258 -38.00324630737305 1.7000000476837158
endloop
endfacet
facet normal 0.5555823021157262 0.8314615478636338 0
outer loop
vertex 43.17781448364258 -38.00324630737305 1.7000000476837158
vertex 43.17781448364258 -38.00324630737305 0
vertex 43.03182601928711 -37.905696868896484 1.7000000476837158
endloop
endfacet
facet normal 0.8314615478636338 -0.5555823021157262 0
outer loop
vertex 42.93427658081055 -37.41529083251953 1.7000000476837158
vertex 42.93427658081055 -37.41529083251953 0
vertex 43.03182601928711 -37.26930236816406 1.7000000476837158
endloop
endfacet
facet normal 0.9807873630744628 -0.1950798514286955 0
outer loop
vertex 42.9000244140625 -37.58749771118164 1.7000000476837158
vertex 42.9000244140625 -37.58749771118164 0
vertex 42.93427658081055 -37.41529083251953 1.7000000476837158
endloop
endfacet
facet normal 0.5555823021157262 0.8314615478636338 0
outer loop
vertex 43.17781448364258 -38.00324630737305 0
vertex 43.03182601928711 -37.905696868896484 0
vertex 43.03182601928711 -37.905696868896484 1.7000000476837158
endloop
endfacet
facet normal 0.19507569459498705 0.9807881898648063 0
outer loop
vertex 43.35002517700195 -38.037498474121094 0
vertex 43.17781448364258 -38.00324630737305 0
vertex 43.17781448364258 -38.00324630737305 1.7000000476837158
endloop
endfacet
facet normal -0.1950798514286955 0.9807873630744628 0
outer loop
vertex 43.52223205566406 -38.00324630737305 0
vertex 43.35002517700195 -38.037498474121094 0
vertex 43.35002517700195 -38.037498474121094 1.7000000476837158
endloop
endfacet
facet normal -0.5555823021157262 0.8314615478636338 0
outer loop
vertex 43.66822052001953 -37.905696868896484 0
vertex 43.52223205566406 -38.00324630737305 0
vertex 43.52223205566406 -38.00324630737305 1.7000000476837158
endloop
endfacet
facet normal 0.9807873630744628 0.1950798514286955 0
outer loop
vertex 42.93427658081055 -37.75970458984375 1.7000000476837158
vertex 42.93427658081055 -37.75970458984375 0
vertex 42.9000244140625 -37.58749771118164 1.7000000476837158
endloop
endfacet
facet normal -0.8314682539438699 0.5555722659416437 0
outer loop
vertex 43.765769958496094 -37.75970458984375 0
vertex 43.66822052001953 -37.905696868896484 0
vertex 43.66822052001953 -37.905696868896484 1.7000000476837158
endloop
endfacet
facet normal 0.5555823021157262 -0.8314615478636338 0
outer loop
vertex 43.03182601928711 -37.26930236816406 0
vertex 43.17781448364258 -37.1717529296875 0
vertex 43.17781448364258 -37.1717529296875 1.7000000476837158
endloop
endfacet
facet normal 0.19509659346884756 -0.9807840329128791 0
outer loop
vertex 43.17781448364258 -37.1717529296875 0
vertex 43.35002517700195 -37.13749694824219 0
vertex 43.35002517700195 -37.13749694824219 1.7000000476837158
endloop
endfacet
facet normal -0.1951007507126451 -0.9807832059488795 0
outer loop
vertex 43.35002517700195 -37.13749694824219 0
vertex 43.52223205566406 -37.1717529296875 0
vertex 43.52223205566406 -37.1717529296875 1.7000000476837158
endloop
endfacet
facet normal -0.5555823021157262 -0.8314615478636338 0
outer loop
vertex 43.52223205566406 -37.1717529296875 0
vertex 43.66822052001953 -37.26930236816406 0
vertex 43.66822052001953 -37.26930236816406 1.7000000476837158
endloop
endfacet
facet normal -0.9807873630744628 0.1950798514286955 0
outer loop
vertex 43.80002212524414 -37.58749771118164 0
vertex 43.765769958496094 -37.75970458984375 0
vertex 43.765769958496094 -37.75970458984375 1.7000000476837158
endloop
endfacet
facet normal -0.9807873630744628 -0.1950798514286955 0
outer loop
vertex 43.80002212524414 -37.58749771118164 0
vertex 43.80002212524414 -37.58749771118164 1.7000000476837158
vertex 43.765769958496094 -37.41529083251953 0
endloop
endfacet
facet normal -0.8314615478636338 -0.5555823021157262 0
outer loop
vertex 43.66822052001953 -37.26930236816406 0
vertex 43.765769958496094 -37.41529083251953 0
vertex 43.765769958496094 -37.41529083251953 1.7000000476837158
endloop
endfacet
facet normal 0 0 -1
outer loop
vertex 43.17781448364258 -37.1717529296875 1.7000000476837158
vertex 43.03182601928711 -37.905696868896484 1.7000000476837158
vertex 43.03182601928711 -37.26930236816406 1.7000000476837158
endloop
endfacet
facet normal 0 0 -1
outer loop
vertex 43.35002517700195 -37.13749694824219 1.7000000476837158
vertex 43.17781448364258 -38.00324630737305 1.7000000476837158
vertex 43.17781448364258 -37.1717529296875 1.7000000476837158
endloop
endfacet
facet normal 0 0 -1
outer loop
vertex 43.66822052001953 -37.905696868896484 1.7000000476837158
vertex 43.52223205566406 -38.00324630737305 1.7000000476837158
vertex 43.66822052001953 -37.26930236816406 1.7000000476837158
endloop
endfacet
facet normal 0 0 -1
outer loop
vertex 43.66822052001953 -37.26930236816406 1.7000000476837158
vertex 43.52223205566406 -38.00324630737305 1.7000000476837158
vertex 43.52223205566406 -37.1717529296875 1.7000000476837158
endloop
endfacet
facet normal 0 0 -1
outer loop
vertex 43.765769958496094 -37.75970458984375 1.7000000476837158
vertex 43.66822052001953 -37.905696868896484 1.7000000476837158
vertex 43.765769958496094 -37.41529083251953 1.7000000476837158
endloop
endfacet
facet normal 0 0 -1
outer loop
vertex 43.80002212524414 -37.58749771118164 1.7000000476837158
vertex 43.765769958496094 -37.75970458984375 1.7000000476837158
vertex 43.765769958496094 -37.41529083251953 1.7000000476837158
endloop
endfacet
facet normal 0 0 -1
outer loop
vertex 43.66822052001953 -37.26930236816406 1.7000000476837158
vertex 43.765769958496094 -37.41529083251953 1.7000000476837158
vertex 43.66822052001953 -37.905696868896484 1.7000000476837158
endloop
endfacet
facet normal 0 0 -1
outer loop
vertex 43.35002517700195 -38.037498474121094 1.7000000476837158
vertex 43.17781448364258 -38.00324630737305 1.7000000476837158
vertex 43.35002517700195 -37.13749694824219 1.7000000476837158
endloop
endfacet
facet normal 0 0 -1
outer loop
vertex 43.03182601928711 -35.99930191040039 1.7000000476837158
vertex 42.93427658081055 -36.489707946777344 1.7000000476837158
vertex 42.93427658081055 -36.14529037475586 1.7000000476837158
endloop
endfacet
facet normal -0.8314615478636338 -0.5555823021157262 0
outer loop
vertex 43.66822052001953 -35.99930191040039 0
vertex 43.765769958496094 -36.14529037475586 0
vertex 43.765769958496094 -36.14529037475586 1.7000000476837158
endloop
endfacet
facet normal 0 0 -1
outer loop
vertex 43.80002212524414 -36.31749725341797 1.7000000476837158
vertex 43.765769958496094 -36.489707946777344 1.7000000476837158
vertex 43.765769958496094 -36.14529037475586 1.7000000476837158
endloop
endfacet
facet normal 0 0 -1
outer loop
vertex 43.66822052001953 -35.99930191040039 1.7000000476837158
vertex 43.765769958496094 -36.14529037475586 1.7000000476837158
vertex 43.66822052001953 -36.63569641113281 1.7000000476837158
endloop
endfacet
facet normal -0.8314615478636338 -0.5555823021157262 0
outer loop
vertex 43.66822052001953 -35.99930191040039 1.7000000476837158
vertex 43.66822052001953 -35.99930191040039 0
vertex 43.765769958496094 -36.14529037475586 1.7000000476837158
endloop
endfacet
facet normal -0.9807873630744628 -0.1950798514286955 0
outer loop
vertex 43.765769958496094 -36.14529037475586 1.7000000476837158
vertex 43.765769958496094 -36.14529037475586 0
vertex 43.80002212524414 -36.31749725341797 1.7000000476837158
endloop
endfacet
facet normal -0.9807881898648063 0.19507569459498705 0
outer loop
vertex 43.80002212524414 -36.31749725341797 1.7000000476837158
vertex 43.80002212524414 -36.31749725341797 0
vertex 43.765769958496094 -36.489707946777344 1.7000000476837158
endloop
endfacet
facet normal -0.8314615478636338 0.5555823021157262 0
outer loop
vertex 43.765769958496094 -36.489707946777344 1.7000000476837158
vertex 43.765769958496094 -36.489707946777344 0
vertex 43.66822052001953 -36.63569641113281 1.7000000476837158
endloop
endfacet
facet normal 0.5555823021157262 -0.8314615478636338 0
outer loop
vertex 43.03182601928711 -35.99930191040039 1.7000000476837158
vertex 43.03182601928711 -35.99930191040039 0
vertex 43.17781448364258 -35.90175247192383 1.7000000476837158
endloop
endfacet
facet normal -0.5555823021157262 0.8314615478636338 0
outer loop
vertex 43.66822052001953 -36.63569641113281 1.7000000476837158
vertex 43.66822052001953 -36.63569641113281 0
vertex 43.52223205566406 -36.733245849609375 1.7000000476837158
endloop
endfacet
facet normal -0.1950798514286955 0.9807873630744628 0
outer loop
vertex 43.52223205566406 -36.733245849609375 1.7000000476837158
vertex 43.52223205566406 -36.733245849609375 0
vertex 43.35002517700195 -36.76749801635742 1.7000000476837158
endloop
endfacet
facet normal 0.19507569459498705 0.9807881898648063 0
outer loop
vertex 43.35002517700195 -36.76749801635742 1.7000000476837158
vertex 43.35002517700195 -36.76749801635742 0
vertex 43.17781448364258 -36.733245849609375 1.7000000476837158
endloop
endfacet
facet normal 0.5555823021157262 0.8314615478636338 0
outer loop
vertex 43.17781448364258 -36.733245849609375 1.7000000476837158
vertex 43.17781448364258 -36.733245849609375 0
vertex 43.03182601928711 -36.63569641113281 1.7000000476837158
endloop
endfacet
facet normal 0 0 -1
outer loop
vertex 43.52223205566406 -35.90175247192383 1.7000000476837158
vertex 43.66822052001953 -35.99930191040039 1.7000000476837158
vertex 43.52223205566406 -36.733245849609375 1.7000000476837158
endloop
endfacet
facet normal 0 0 -1
outer loop
vertex 43.35002517700195 -35.86750030517578 1.7000000476837158
vertex 43.17781448364258 -36.733245849609375 1.7000000476837158
vertex 43.17781448364258 -35.90175247192383 1.7000000476837158
endloop
endfacet
facet normal 0.8314615478636338 -0.5555823021157262 0
outer loop
vertex 42.93427658081055 -36.14529037475586 1.7000000476837158
vertex 42.93427658081055 -36.14529037475586 0
vertex 43.03182601928711 -35.99930191040039 1.7000000476837158
endloop
endfacet
facet normal 0.9807873630744628 -0.1950798514286955 0
outer loop
vertex 42.9000244140625 -36.31749725341797 1.7000000476837158
vertex 42.9000244140625 -36.31749725341797 0
vertex 42.93427658081055 -36.14529037475586 1.7000000476837158
endloop
endfacet
facet normal 0.8314615478636338 0.5555823021157262 0
outer loop
vertex 43.03182601928711 -36.63569641113281 1.7000000476837158
vertex 43.03182601928711 -36.63569641113281 0
vertex 42.93427658081055 -36.489707946777344 1.7000000476837158
endloop
endfacet
facet normal 0.9807881898648063 0.19507569459498705 0
outer loop
vertex 42.93427658081055 -36.489707946777344 1.7000000476837158
vertex 42.93427658081055 -36.489707946777344 0
vertex 42.9000244140625 -36.31749725341797 1.7000000476837158
endloop
endfacet
facet normal 0 0 -1
outer loop
vertex 43.17781448364258 -35.90175247192383 1.7000000476837158
vertex 43.03182601928711 -36.63569641113281 1.7000000476837158
vertex 43.03182601928711 -35.99930191040039 1.7000000476837158
endloop
endfacet
facet normal 0 0 -1
outer loop
vertex 43.66822052001953 -36.63569641113281 1.7000000476837158
vertex 43.52223205566406 -36.733245849609375 1.7000000476837158
vertex 43.66822052001953 -35.99930191040039 1.7000000476837158
endloop
endfacet
facet normal 0 0 -1
outer loop
vertex 43.52223205566406 -36.733245849609375 1.7000000476837158
vertex 43.35002517700195 -36.76749801635742 1.7000000476837158
vertex 43.52223205566406 -35.90175247192383 1.7000000476837158
endloop
endfacet
facet normal 0 0 -1
outer loop
vertex 43.35002517700195 -36.76749801635742 1.7000000476837158
vertex 43.17781448364258 -36.733245849609375 1.7000000476837158
vertex 43.35002517700195 -35.86750030517578 1.7000000476837158
endloop
endfacet
facet normal 0 0 -1
outer loop
vertex 43.03182601928711 -36.63569641113281 1.7000000476837158
vertex 42.93427658081055 -36.489707946777344 1.7000000476837158
vertex 43.03182601928711 -35.99930191040039 1.7000000476837158
endloop
endfacet
facet normal 0.19507569459498705 -0.9807881898648063 0
outer loop
vertex 43.17781448364258 -35.90175247192383 1.7000000476837158
vertex 43.17781448364258 -35.90175247192383 0
vertex 43.35002517700195 -35.86750030517578 1.7000000476837158
endloop
endfacet
facet normal 0 0 -1
outer loop
vertex 42.93427658081055 -36.489707946777344 1.7000000476837158
vertex 42.9000244140625 -36.31749725341797 1.7000000476837158
vertex 42.93427658081055 -36.14529037475586 1.7000000476837158
endloop
endfacet
facet normal -0.1950798514286955 -0.9807873630744628 0
outer loop
vertex 43.35002517700195 -35.86750030517578 1.7000000476837158
vertex 43.35002517700195 -35.86750030517578 0
vertex 43.52223205566406 -35.90175247192383 1.7000000476837158
endloop
endfacet
facet normal -0.5555823021157262 -0.8314615478636338 0
outer loop
vertex 43.52223205566406 -35.90175247192383 1.7000000476837158
vertex 43.52223205566406 -35.90175247192383 0
vertex 43.66822052001953 -35.99930191040039 1.7000000476837158
endloop
endfacet
facet normal 0 0 -1
outer loop
vertex 43.17781448364258 -36.733245849609375 1.7000000476837158
vertex 43.03182601928711 -36.63569641113281 1.7000000476837158
vertex 43.17781448364258 -35.90175247192383 1.7000000476837158
endloop
endfacet
facet normal 0 0 -1
outer loop
vertex 43.52223205566406 -35.90175247192383 1.7000000476837158
vertex 43.35002517700195 -36.76749801635742 1.7000000476837158
vertex 43.35002517700195 -35.86750030517578 1.7000000476837158
endloop
endfacet
facet normal 0 0 -1
outer loop
vertex 43.765769958496094 -36.489707946777344 1.7000000476837158
vertex 43.66822052001953 -36.63569641113281 1.7000000476837158
vertex 43.765769958496094 -36.14529037475586 1.7000000476837158
endloop
endfacet
facet normal 0.8314615478636338 0.5555823021157262 0
outer loop
vertex 43.03182601928711 -36.63569641113281 0
vertex 42.93427658081055 -36.489707946777344 0
vertex 42.93427658081055 -36.489707946777344 1.7000000476837158
endloop
endfacet
facet normal 0.9807881898648063 0.19507569459498705 0
outer loop
vertex 42.93427658081055 -36.489707946777344 0
vertex 42.9000244140625 -36.31749725341797 0
vertex 42.9000244140625 -36.31749725341797 1.7000000476837158
endloop
endfacet
facet normal 0.9807873630744628 -0.1950798514286955 0
outer loop
vertex 42.9000244140625 -36.31749725341797 0
vertex 42.93427658081055 -36.14529037475586 0
vertex 42.93427658081055 -36.14529037475586 1.7000000476837158
endloop
endfacet
facet normal 0.8314615478636338 -0.5555823021157262 0
outer loop
vertex 42.93427658081055 -36.14529037475586 0
vertex 43.03182601928711 -35.99930191040039 0
vertex 43.03182601928711 -35.99930191040039 1.7000000476837158
endloop
endfacet
facet normal -0.1950798514286955 -0.9807873630744628 0
outer loop
vertex 43.35002517700195 -35.86750030517578 0
vertex 43.52223205566406 -35.90175247192383 0
vertex 43.52223205566406 -35.90175247192383 1.7000000476837158
endloop
endfacet
facet normal 0.19507569459498705 -0.9807881898648063 0
outer loop
vertex 43.17781448364258 -35.90175247192383 0
vertex 43.35002517700195 -35.86750030517578 0
vertex 43.35002517700195 -35.86750030517578 1.7000000476837158
endloop
endfacet
facet normal 0.5555823021157262 0.8314615478636338 0
outer loop
vertex 43.17781448364258 -36.733245849609375 0
vertex 43.03182601928711 -36.63569641113281 0
vertex 43.03182601928711 -36.63569641113281 1.7000000476837158
endloop
endfacet
facet normal 0.19507569459498705 0.9807881898648063 0
outer loop
vertex 43.35002517700195 -36.76749801635742 0
vertex 43.17781448364258 -36.733245849609375 0
vertex 43.17781448364258 -36.733245849609375 1.7000000476837158
endloop
endfacet
facet normal -0.1950798514286955 0.9807873630744628 0
outer loop
vertex 43.52223205566406 -36.733245849609375 0
vertex 43.35002517700195 -36.76749801635742 0
vertex 43.35002517700195 -36.76749801635742 1.7000000476837158
endloop
endfacet
facet normal -0.5555823021157262 0.8314615478636338 0
outer loop
vertex 43.66822052001953 -36.63569641113281 0
vertex 43.52223205566406 -36.733245849609375 0
vertex 43.52223205566406 -36.733245849609375 1.7000000476837158
endloop
endfacet
facet normal -0.5555823021157262 -0.8314615478636338 0
outer loop
vertex 43.52223205566406 -35.90175247192383 0
vertex 43.66822052001953 -35.99930191040039 0
vertex 43.66822052001953 -35.99930191040039 1.7000000476837158
endloop
endfacet
facet normal -0.8314615478636338 0.5555823021157262 0
outer loop
vertex 43.765769958496094 -36.489707946777344 0
vertex 43.66822052001953 -36.63569641113281 0
vertex 43.66822052001953 -36.63569641113281 1.7000000476837158
endloop
endfacet
facet normal -0.9807881898648063 0.19507569459498705 0
outer loop
vertex 43.80002212524414 -36.31749725341797 0
vertex 43.765769958496094 -36.489707946777344 0
vertex 43.765769958496094 -36.489707946777344 1.7000000476837158
endloop
endfacet
facet normal -0.9807873630744628 -0.1950798514286955 0
outer loop
vertex 43.765769958496094 -36.14529037475586 0
vertex 43.80002212524414 -36.31749725341797 0
vertex 43.80002212524414 -36.31749725341797 1.7000000476837158
endloop
endfacet
facet normal 0.5555823021157262 -0.8314615478636338 0
outer loop
vertex 43.03182601928711 -35.99930191040039 0
vertex 43.17781448364258 -35.90175247192383 0
vertex 43.17781448364258 -35.90175247192383 1.7000000476837158
endloop
endfacet
facet normal -0.8314615478636338 -0.5555823021157262 0
outer loop
vertex 43.66822052001953 -34.72930145263672 0
vertex 43.765769958496094 -34.87528991699219 0
vertex 43.765769958496094 -34.87528991699219 1.7000000476837158
endloop
endfacet
facet normal 0 0 -1
outer loop
vertex 43.03182601928711 -35.36569595336914 1.7000000476837158
vertex 42.93427658081055 -35.21970748901367 1.7000000476837158
vertex 43.03182601928711 -34.72930145263672 1.7000000476837158
endloop
endfacet
facet normal 0.9807873630744628 0.1950798514286955 0
outer loop
vertex 42.93427658081055 -35.21970748901367 0
vertex 42.9000244140625 -35.04750061035156 0
vertex 42.9000244140625 -35.04750061035156 1.7000000476837158
endloop
endfacet
facet normal 0.5555823021157262 0.8314615478636338 0
outer loop
vertex 43.17781448364258 -35.4632453918457 0
vertex 43.03182601928711 -35.36569595336914 0
vertex 43.03182601928711 -35.36569595336914 1.7000000476837158
endloop
endfacet
facet normal 0.19507569459498705 0.9807881898648063 0
outer loop
vertex 43.35002517700195 -35.49749755859375 0
vertex 43.17781448364258 -35.4632453918457 0
vertex 43.17781448364258 -35.4632453918457 1.7000000476837158
endloop
endfacet
facet normal -0.1950798514286955 0.9807873630744628 0
outer loop
vertex 43.52223205566406 -35.4632453918457 0
vertex 43.35002517700195 -35.49749755859375 0
vertex 43.35002517700195 -35.49749755859375 1.7000000476837158
endloop
endfacet
facet normal -0.5555823021157262 0.8314615478636338 0
outer loop
vertex 43.66822052001953 -35.36569595336914 0
vertex 43.52223205566406 -35.4632453918457 0
vertex 43.52223205566406 -35.4632453918457 1.7000000476837158
endloop
endfacet
facet normal -0.8314615478636338 0.5555823021157262 0
outer loop
vertex 43.765769958496094 -35.21970748901367 0
vertex 43.66822052001953 -35.36569595336914 0
vertex 43.66822052001953 -35.36569595336914 1.7000000476837158
endloop
endfacet
facet normal -0.9807873630744628 0.1950798514286955 0
outer loop
vertex 43.80002212524414 -35.04750061035156 0
vertex 43.765769958496094 -35.21970748901367 0
vertex 43.765769958496094 -35.21970748901367 1.7000000476837158
endloop
endfacet
facet normal 0.9807881898648063 -0.19507569459498705 0
outer loop
vertex 42.9000244140625 -35.04750061035156 0
vertex 42.93427658081055 -34.87528991699219 0
vertex 42.93427658081055 -34.87528991699219 1.7000000476837158
endloop
endfacet
facet normal 0.8314615478636338 -0.5555823021157262 0
outer loop
vertex 42.93427658081055 -34.87528991699219 0
vertex 43.03182601928711 -34.72930145263672 0
vertex 43.03182601928711 -34.72930145263672 1.7000000476837158
endloop
endfacet
facet normal -0.9807881898648063 -0.19507569459498705 0
outer loop
vertex 43.765769958496094 -34.87528991699219 0
vertex 43.80002212524414 -35.04750061035156 0
vertex 43.80002212524414 -35.04750061035156 1.7000000476837158
endloop
endfacet
facet normal 0 0 -1
outer loop
vertex 43.17781448364258 -35.4632453918457 1.7000000476837158
vertex 43.03182601928711 -35.36569595336914 1.7000000476837158
vertex 43.17781448364258 -34.631752014160156 1.7000000476837158
endloop
endfacet
facet normal 0 0 -1
outer loop
vertex 43.66822052001953 -34.72930145263672 1.7000000476837158
vertex 43.765769958496094 -34.87528991699219 1.7000000476837158
vertex 43.66822052001953 -35.36569595336914 1.7000000476837158
endloop
endfacet
facet normal 0 0 -1
outer loop
vertex 43.66822052001953 -34.72930145263672 1.7000000476837158
vertex 43.52223205566406 -35.4632453918457 1.7000000476837158
vertex 43.52223205566406 -34.631752014160156 1.7000000476837158
endloop
endfacet
facet normal 0.5555823021157262 -0.8314615478636338 0
outer loop
vertex 43.03182601928711 -34.72930145263672 0
vertex 43.17781448364258 -34.631752014160156 0
vertex 43.17781448364258 -34.631752014160156 1.7000000476837158
endloop
endfacet
facet normal 0.19507569459498705 -0.9807881898648063 0
outer loop
vertex 43.17781448364258 -34.631752014160156 0
vertex 43.35002517700195 -34.59749984741211 0
vertex 43.35002517700195 -34.59749984741211 1.7000000476837158
endloop
endfacet
facet normal -0.1950798514286955 -0.9807873630744628 0
outer loop
vertex 43.35002517700195 -34.59749984741211 0
vertex 43.52223205566406 -34.631752014160156 0
vertex 43.52223205566406 -34.631752014160156 1.7000000476837158
endloop
endfacet
facet normal -0.5555823021157262 -0.8314615478636338 0
outer loop
vertex 43.52223205566406 -34.631752014160156 0
vertex 43.66822052001953 -34.72930145263672 0
vertex 43.66822052001953 -34.72930145263672 1.7000000476837158
endloop
endfacet
facet normal 0 0 -1
outer loop
vertex 43.52223205566406 -34.631752014160156 1.7000000476837158
vertex 43.35002517700195 -35.49749755859375 1.7000000476837158
vertex 43.35002517700195 -34.59749984741211 1.7000000476837158
endloop
endfacet
facet normal 0 0 -1
outer loop
vertex 43.35002517700195 -34.59749984741211 1.7000000476837158
vertex 43.17781448364258 -35.4632453918457 1.7000000476837158
vertex 43.17781448364258 -34.631752014160156 1.7000000476837158
endloop
endfacet
facet normal 0 0 -1
outer loop
vertex 43.17781448364258 -34.631752014160156 1.7000000476837158
vertex 43.03182601928711 -35.36569595336914 1.7000000476837158
vertex 43.03182601928711 -34.72930145263672 1.7000000476837158
endloop
endfacet
facet normal 0 0 -1
outer loop
vertex 43.35002517700195 -35.49749755859375 1.7000000476837158
vertex 43.17781448364258 -35.4632453918457 1.7000000476837158
vertex 43.35002517700195 -34.59749984741211 1.7000000476837158
endloop
endfacet
facet normal 0 0 -1
outer loop
vertex 43.52223205566406 -35.4632453918457 1.7000000476837158
vertex 43.35002517700195 -35.49749755859375 1.7000000476837158
vertex 43.52223205566406 -34.631752014160156 1.7000000476837158
endloop
endfacet
facet normal 0.9807873630744628 0.1950798514286955 0
outer loop
vertex 42.93427658081055 -35.21970748901367 1.7000000476837158
vertex 42.93427658081055 -35.21970748901367 0
vertex 42.9000244140625 -35.04750061035156 1.7000000476837158
endloop
endfacet
facet normal 0.8314615478636338 0.5555823021157262 0
outer loop
vertex 43.03182601928711 -35.36569595336914 1.7000000476837158
vertex 43.03182601928711 -35.36569595336914 0
vertex 42.93427658081055 -35.21970748901367 1.7000000476837158
endloop
endfacet
facet normal 0 0 -1
outer loop
vertex 43.03182601928711 -34.72930145263672 1.7000000476837158
vertex 42.93427658081055 -35.21970748901367 1.7000000476837158
vertex 42.93427658081055 -34.87528991699219 1.7000000476837158
endloop
endfacet
facet normal 0 0 -1
outer loop
vertex 43.80002212524414 -35.04750061035156 1.7000000476837158
vertex 43.765769958496094 -35.21970748901367 1.7000000476837158
vertex 43.765769958496094 -34.87528991699219 1.7000000476837158
endloop
endfacet
facet normal 0 0 -1
outer loop
vertex 43.765769958496094 -35.21970748901367 1.7000000476837158
vertex 43.66822052001953 -35.36569595336914 1.7000000476837158
vertex 43.765769958496094 -34.87528991699219 1.7000000476837158
endloop
endfacet
facet normal 0 0 -1
outer loop
vertex 43.66822052001953 -35.36569595336914 1.7000000476837158
vertex 43.52223205566406 -35.4632453918457 1.7000000476837158
vertex 43.66822052001953 -34.72930145263672 1.7000000476837158
endloop
endfacet
facet normal -0.8314615478636338 -0.5555823021157262 0
outer loop
vertex 43.66822052001953 -34.72930145263672 1.7000000476837158
vertex 43.66822052001953 -34.72930145263672 0
vertex 43.765769958496094 -34.87528991699219 1.7000000476837158
endloop
endfacet
facet normal -0.9807881898648063 -0.19507569459498705 0
outer loop
vertex 43.765769958496094 -34.87528991699219 1.7000000476837158
vertex 43.765769958496094 -34.87528991699219 0
vertex 43.80002212524414 -35.04750061035156 1.7000000476837158
endloop
endfacet
facet normal -0.5555823021157262 -0.8314615478636338 0
outer loop
vertex 43.52223205566406 -34.631752014160156 1.7000000476837158
vertex 43.52223205566406 -34.631752014160156 0
vertex 43.66822052001953 -34.72930145263672 1.7000000476837158
endloop
endfacet
facet normal -0.1950798514286955 -0.9807873630744628 0
outer loop
vertex 43.35002517700195 -34.59749984741211 1.7000000476837158
vertex 43.35002517700195 -34.59749984741211 0
vertex 43.52223205566406 -34.631752014160156 1.7000000476837158
endloop
endfacet
facet normal 0.19507569459498705 -0.9807881898648063 0
outer loop
vertex 43.17781448364258 -34.631752014160156 1.7000000476837158
vertex 43.17781448364258 -34.631752014160156 0
vertex 43.35002517700195 -34.59749984741211 1.7000000476837158
endloop
endfacet
facet normal 0.5555823021157262 -0.8314615478636338 0
outer loop
vertex 43.03182601928711 -34.72930145263672 1.7000000476837158
vertex 43.03182601928711 -34.72930145263672 0
vertex 43.17781448364258 -34.631752014160156 1.7000000476837158
endloop
endfacet
facet normal 0 0 -1
outer loop
vertex 42.93427658081055 -35.21970748901367 1.7000000476837158
vertex 42.9000244140625 -35.04750061035156 1.7000000476837158
vertex 42.93427658081055 -34.87528991699219 1.7000000476837158
endloop
endfacet
facet normal 0.5555823021157262 0.8314615478636338 0
outer loop
vertex 43.17781448364258 -35.4632453918457 1.7000000476837158
vertex 43.17781448364258 -35.4632453918457 0
vertex 43.03182601928711 -35.36569595336914 1.7000000476837158
endloop
endfacet
facet normal 0.19507569459498705 0.9807881898648063 0
outer loop
vertex 43.35002517700195 -35.49749755859375 1.7000000476837158
vertex 43.35002517700195 -35.49749755859375 0
vertex 43.17781448364258 -35.4632453918457 1.7000000476837158
endloop
endfacet
facet normal -0.1950798514286955 0.9807873630744628 0
outer loop
vertex 43.52223205566406 -35.4632453918457 1.7000000476837158
vertex 43.52223205566406 -35.4632453918457 0
vertex 43.35002517700195 -35.49749755859375 1.7000000476837158
endloop
endfacet
facet normal -0.5555823021157262 0.8314615478636338 0
outer loop
vertex 43.66822052001953 -35.36569595336914 1.7000000476837158
vertex 43.66822052001953 -35.36569595336914 0
vertex 43.52223205566406 -35.4632453918457 1.7000000476837158
endloop
endfacet
facet normal -0.8314615478636338 0.5555823021157262 0
outer loop
vertex 43.765769958496094 -35.21970748901367 1.7000000476837158
vertex 43.765769958496094 -35.21970748901367 0
vertex 43.66822052001953 -35.36569595336914 1.7000000476837158
endloop
endfacet
facet normal -0.9807873630744628 0.1950798514286955 0
outer loop
vertex 43.80002212524414 -35.04750061035156 1.7000000476837158
vertex 43.80002212524414 -35.04750061035156 0
vertex 43.765769958496094 -35.21970748901367 1.7000000476837158
endloop
endfacet
facet normal 0.9807881898648063 -0.19507569459498705 0
outer loop
vertex 42.9000244140625 -35.04750061035156 1.7000000476837158
vertex 42.9000244140625 -35.04750061035156 0
vertex 42.93427658081055 -34.87528991699219 1.7000000476837158
endloop
endfacet
facet normal 0.8314615478636338 -0.5555823021157262 0
outer loop
vertex 42.93427658081055 -34.87528991699219 1.7000000476837158
vertex 42.93427658081055 -34.87528991699219 0
vertex 43.03182601928711 -34.72930145263672 1.7000000476837158
endloop
endfacet
facet normal 0.8314615478636338 0.5555823021157262 0
outer loop
vertex 43.03182601928711 -35.36569595336914 0
vertex 42.93427658081055 -35.21970748901367 0
vertex 42.93427658081055 -35.21970748901367 1.7000000476837158
endloop
endfacet
facet normal 0.9807873630744628 0.1950798514286955 0
outer loop
vertex 42.93427658081055 -33.94970703125 1.7000000476837158
vertex 42.93427658081055 -33.94970703125 0
vertex 42.9000244140625 -33.77750015258789 1.7000000476837158
endloop
endfacet
facet normal 0.9807881898648063 -0.19507569459498705 0
outer loop
vertex 42.9000244140625 -33.77750015258789 1.7000000476837158
vertex 42.9000244140625 -33.77750015258789 0
vertex 42.93427658081055 -33.605289459228516 1.7000000476837158
endloop
endfacet
facet normal 0 0 -1
outer loop
vertex 43.52223205566406 -33.361751556396484 1.7000000476837158
vertex 43.35002517700195 -34.22749710083008 1.7000000476837158
vertex 43.35002517700195 -33.32749938964844 1.7000000476837158
endloop
endfacet
facet normal -0.9807881898648063 -0.19507569459498705 0
outer loop
vertex 43.765769958496094 -33.605289459228516 1.7000000476837158
vertex 43.765769958496094 -33.605289459228516 0
vertex 43.80002212524414 -33.77750015258789 1.7000000476837158
endloop
endfacet
facet normal 0 0 -1
outer loop
vertex 43.66822052001953 -34.09569549560547 1.7000000476837158
vertex 43.52223205566406 -34.19324493408203 1.7000000476837158
vertex 43.66822052001953 -33.45930099487305 1.7000000476837158
endloop
endfacet
facet normal 0 0 -1
outer loop
vertex 43.66822052001953 -33.45930099487305 1.7000000476837158
vertex 43.52223205566406 -34.19324493408203 1.7000000476837158
vertex 43.52223205566406 -33.361751556396484 1.7000000476837158
endloop
endfacet
facet normal -0.8314615478636338 -0.5555823021157262 0
outer loop
vertex 43.765769958496094 -33.605289459228516 0
vertex 43.765769958496094 -33.605289459228516 1.7000000476837158
vertex 43.66822052001953 -33.45930099487305 0
endloop
endfacet
facet normal 0.5555823021157262 0.8314615478636338 0
outer loop
vertex 43.17781448364258 -34.19324493408203 1.7000000476837158
vertex 43.17781448364258 -34.19324493408203 0
vertex 43.03182601928711 -34.09569549560547 1.7000000476837158
endloop
endfacet
facet normal 0.19507569459498705 0.9807881898648063 0
outer loop
vertex 43.35002517700195 -34.22749710083008 1.7000000476837158
vertex 43.35002517700195 -34.22749710083008 0
vertex 43.17781448364258 -34.19324493408203 1.7000000476837158
endloop
endfacet
facet normal -0.1950798514286955 0.9807873630744628 0
outer loop
vertex 43.52223205566406 -34.19324493408203 1.7000000476837158
vertex 43.52223205566406 -34.19324493408203 0
vertex 43.35002517700195 -34.22749710083008 1.7000000476837158
endloop
endfacet
facet normal -0.5555823021157262 0.8314615478636338 0
outer loop
vertex 43.66822052001953 -34.09569549560547 1.7000000476837158
vertex 43.66822052001953 -34.09569549560547 0
vertex 43.52223205566406 -34.19324493408203 1.7000000476837158
endloop
endfacet
facet normal -0.9807881898648063 -0.19507569459498705 0
outer loop
vertex 43.80002212524414 -33.77750015258789 0
vertex 43.80002212524414 -33.77750015258789 1.7000000476837158
vertex 43.765769958496094 -33.605289459228516 0
endloop
endfacet
facet normal -0.9807873630744628 0.1950798514286955 0
outer loop
vertex 43.765769958496094 -33.94970703125 0
vertex 43.765769958496094 -33.94970703125 1.7000000476837158
vertex 43.80002212524414 -33.77750015258789 0
endloop
endfacet
facet normal 0.5555823021157262 -0.8314615478636338 0
outer loop
vertex 43.03182601928711 -33.45930099487305 1.7000000476837158
vertex 43.03182601928711 -33.45930099487305 0
vertex 43.17781448364258 -33.361751556396484 1.7000000476837158
endloop
endfacet
facet normal 0.19507569459498705 -0.9807881898648063 0
outer loop
vertex 43.17781448364258 -33.361751556396484 1.7000000476837158
vertex 43.17781448364258 -33.361751556396484 0
vertex 43.35002517700195 -33.32749938964844 1.7000000476837158
endloop
endfacet
facet normal -0.1950798514286955 -0.9807873630744628 0
outer loop
vertex 43.35002517700195 -33.32749938964844 1.7000000476837158
vertex 43.35002517700195 -33.32749938964844 0
vertex 43.52223205566406 -33.361751556396484 1.7000000476837158
endloop
endfacet
facet normal -0.5555823021157262 -0.8314615478636338 0
outer loop
vertex 43.52223205566406 -33.361751556396484 1.7000000476837158
vertex 43.52223205566406 -33.361751556396484 0
vertex 43.66822052001953 -33.45930099487305 1.7000000476837158
endloop
endfacet
facet normal 0 0 -1
outer loop
vertex 43.765769958496094 -33.94970703125 1.7000000476837158
vertex 43.66822052001953 -34.09569549560547 1.7000000476837158
vertex 43.765769958496094 -33.605289459228516 1.7000000476837158
endloop
endfacet
facet normal -0.9807873630744628 0.1950798514286955 0
outer loop
vertex 43.80002212524414 -33.77750015258789 1.7000000476837158
vertex 43.80002212524414 -33.77750015258789 0
vertex 43.765769958496094 -33.94970703125 1.7000000476837158
endloop
endfacet
facet normal -0.8314615478636338 0.5555823021157262 0
outer loop
vertex 43.765769958496094 -33.94970703125 1.7000000476837158
vertex 43.765769958496094 -33.94970703125 0
vertex 43.66822052001953 -34.09569549560547 1.7000000476837158
endloop
endfacet
facet normal 0 0 -1
outer loop
vertex 43.80002212524414 -33.77750015258789 1.7000000476837158
vertex 43.765769958496094 -33.94970703125 1.7000000476837158
vertex 43.765769958496094 -33.605289459228516 1.7000000476837158
endloop
endfacet
facet normal -0.8314615478636338 0.5555823021157262 0
outer loop
vertex 43.765769958496094 -33.94970703125 0
vertex 43.66822052001953 -34.09569549560547 0
vertex 43.66822052001953 -34.09569549560547 1.7000000476837158
endloop
endfacet
facet normal -0.1950798514286955 -0.9807873630744628 0
outer loop
vertex 43.35002517700195 -33.32749938964844 0
vertex 43.52223205566406 -33.361751556396484 0
vertex 43.52223205566406 -33.361751556396484 1.7000000476837158
endloop
endfacet
facet normal -0.5555823021157262 -0.8314615478636338 0
outer loop
vertex 43.52223205566406 -33.361751556396484 0
vertex 43.66822052001953 -33.45930099487305 0
vertex 43.66822052001953 -33.45930099487305 1.7000000476837158
endloop
endfacet
facet normal 0.19507569459498705 -0.9807881898648063 0
outer loop
vertex 43.17781448364258 -33.361751556396484 0
vertex 43.35002517700195 -33.32749938964844 0
vertex 43.35002517700195 -33.32749938964844 1.7000000476837158
endloop
endfacet
facet normal 0 0 -1
outer loop
vertex 43.66822052001953 -33.45930099487305 1.7000000476837158
vertex 43.765769958496094 -33.605289459228516 1.7000000476837158
vertex 43.66822052001953 -34.09569549560547 1.7000000476837158
endloop
endfacet
facet normal -0.8314615478636338 -0.5555823021157262 0
outer loop
vertex 43.66822052001953 -33.45930099487305 1.7000000476837158
vertex 43.66822052001953 -33.45930099487305 0
vertex 43.765769958496094 -33.605289459228516 1.7000000476837158
endloop
endfacet
facet normal 0.5555823021157262 -0.8314615478636338 0
outer loop
vertex 43.03182601928711 -33.45930099487305 0
vertex 43.17781448364258 -33.361751556396484 0
vertex 43.17781448364258 -33.361751556396484 1.7000000476837158
endloop
endfacet
facet normal 0.8314615478636338 0.5555823021157262 0
outer loop
vertex 43.03182601928711 -34.09569549560547 1.7000000476837158
vertex 43.03182601928711 -34.09569549560547 0
vertex 42.93427658081055 -33.94970703125 1.7000000476837158
endloop
endfacet
facet normal 0 0 -1
outer loop
vertex 42.93427658081055 -33.94970703125 1.7000000476837158
vertex 42.9000244140625 -33.77750015258789 1.7000000476837158
vertex 42.93427658081055 -33.605289459228516 1.7000000476837158
endloop
endfacet
facet normal 0 0 -1
outer loop
vertex 43.35002517700195 -33.32749938964844 1.7000000476837158
vertex 43.17781448364258 -34.19324493408203 1.7000000476837158
vertex 43.17781448364258 -33.361751556396484 1.7000000476837158
endloop
endfacet
facet normal 0 0 -1
outer loop
vertex 43.03182601928711 -34.09569549560547 1.7000000476837158
vertex 42.93427658081055 -33.94970703125 1.7000000476837158
vertex 43.03182601928711 -33.45930099487305 1.7000000476837158
endloop
endfacet
facet normal 0 0 -1
outer loop
vertex 43.03182601928711 -33.45930099487305 1.7000000476837158
vertex 42.93427658081055 -33.94970703125 1.7000000476837158
vertex 42.93427658081055 -33.605289459228516 1.7000000476837158
endloop
endfacet
facet normal 0 0 -1
outer loop
vertex 43.17781448364258 -33.361751556396484 1.7000000476837158
vertex 43.03182601928711 -34.09569549560547 1.7000000476837158
vertex 43.03182601928711 -33.45930099487305 1.7000000476837158
endloop
endfacet
facet normal -0.1950798514286955 0.9807873630744628 0
outer loop
vertex 43.52223205566406 -34.19324493408203 0
vertex 43.35002517700195 -34.22749710083008 0
vertex 43.35002517700195 -34.22749710083008 1.7000000476837158
endloop
endfacet
facet normal 0.19507569459498705 0.9807881898648063 0
outer loop
vertex 43.35002517700195 -34.22749710083008 0
vertex 43.17781448364258 -34.19324493408203 0
vertex 43.17781448364258 -34.19324493408203 1.7000000476837158
endloop
endfacet
facet normal 0.5555823021157262 0.8314615478636338 0
outer loop
vertex 43.17781448364258 -34.19324493408203 0
vertex 43.03182601928711 -34.09569549560547 0
vertex 43.03182601928711 -34.09569549560547 1.7000000476837158
endloop
endfacet
facet normal 0.8314615478636338 -0.5555823021157262 0
outer loop
vertex 42.93427658081055 -33.605289459228516 0
vertex 43.03182601928711 -33.45930099487305 0
vertex 43.03182601928711 -33.45930099487305 1.7000000476837158
endloop
endfacet
facet normal 0.9807881898648063 -0.19507569459498705 0
outer loop
vertex 42.9000244140625 -33.77750015258789 0
vertex 42.93427658081055 -33.605289459228516 0
vertex 42.93427658081055 -33.605289459228516 1.7000000476837158
endloop
endfacet
facet normal 0 0 -1
outer loop
vertex 43.35002517700195 -34.22749710083008 1.7000000476837158
vertex 43.17781448364258 -34.19324493408203 1.7000000476837158
vertex 43.35002517700195 -33.32749938964844 1.7000000476837158
endloop
endfacet
facet normal 0 0 -1
outer loop
vertex 43.17781448364258 -34.19324493408203 1.7000000476837158
vertex 43.03182601928711 -34.09569549560547 1.7000000476837158
vertex 43.17781448364258 -33.361751556396484 1.7000000476837158
endloop
endfacet
facet normal 0 0 -1
outer loop
vertex 43.52223205566406 -34.19324493408203 1.7000000476837158
vertex 43.35002517700195 -34.22749710083008 1.7000000476837158
vertex 43.52223205566406 -33.361751556396484 1.7000000476837158
endloop
endfacet
facet normal 0.9807873630744628 0.1950798514286955 0
outer loop
vertex 42.93427658081055 -33.94970703125 0
vertex 42.9000244140625 -33.77750015258789 0
vertex 42.9000244140625 -33.77750015258789 1.7000000476837158
endloop
endfacet
facet normal 0.8314615478636338 -0.5555823021157262 0
outer loop
vertex 42.93427658081055 -33.605289459228516 1.7000000476837158
vertex 42.93427658081055 -33.605289459228516 0
vertex 43.03182601928711 -33.45930099487305 1.7000000476837158
endloop
endfacet
facet normal -0.5555823021157262 0.8314615478636338 0
outer loop
vertex 43.66822052001953 -34.09569549560547 0
vertex 43.52223205566406 -34.19324493408203 0
vertex 43.52223205566406 -34.19324493408203 1.7000000476837158
endloop
endfacet
facet normal 0.8314615478636338 0.5555823021157262 0
outer loop
vertex 43.03182601928711 -34.09569549560547 0
vertex 42.93427658081055 -33.94970703125 0
vertex 42.93427658081055 -33.94970703125 1.7000000476837158
endloop
endfacet
facet normal 0.9807840329128791 -0.19509659346884756 0
outer loop
vertex 23.900060653686523 -33.77750015258789 1.7000000476837158
vertex 23.900060653686523 -33.77750015258789 0
vertex 23.934316635131836 -33.605289459228516 1.7000000476837158
endloop
endfacet
facet normal 0.8314665660174577 0.5555747920803612 0
outer loop
vertex 24.031864166259766 -34.09569549560547 1.7000000476837158
vertex 24.031864166259766 -34.09569549560547 0
vertex 23.934316635131836 -33.94970703125 1.7000000476837158
endloop
endfacet
facet normal 0 0 -1
outer loop
vertex 24.350061416625977 -33.32749938964844 1.7000000476837158
vertex 24.177854537963867 -34.19324493408203 1.7000000476837158
vertex 24.177854537963867 -33.361751556396484 1.7000000476837158
endloop
endfacet
facet normal 0 0 -1
outer loop
vertex 24.177854537963867 -33.361751556396484 1.7000000476837158
vertex 24.031864166259766 -34.09569549560547 1.7000000476837158
vertex 24.031864166259766 -33.45930099487305 1.7000000476837158
endloop
endfacet
facet normal 0 0 -1
outer loop
vertex 24.350061416625977 -34.22749710083008 1.7000000476837158
vertex 24.177854537963867 -34.19324493408203 1.7000000476837158
vertex 24.350061416625977 -33.32749938964844 1.7000000476837158
endloop
endfacet
facet normal 0 0 -1
outer loop
vertex 24.177854537963867 -34.19324493408203 1.7000000476837158
vertex 24.031864166259766 -34.09569549560547 1.7000000476837158
vertex 24.177854537963867 -33.361751556396484 1.7000000476837158
endloop
endfacet
facet normal 0 0 -1
outer loop
vertex 24.031864166259766 -33.45930099487305 1.7000000476837158
vertex 23.934316635131836 -33.94970703125 1.7000000476837158
vertex 23.934316635131836 -33.605289459228516 1.7000000476837158
endloop
endfacet
facet normal 0 0 -1
outer loop
vertex 24.350061416625977 -33.32749938964844 1.7000000476837158
vertex 24.522268295288086 -33.361751556396484 1.7000000476837158
vertex 24.350061416625977 -34.22749710083008 1.7000000476837158
endloop
endfacet
facet normal 0 0 -1
outer loop
vertex 24.031864166259766 -34.09569549560547 1.7000000476837158
vertex 23.934316635131836 -33.94970703125 1.7000000476837158
vertex 24.031864166259766 -33.45930099487305 1.7000000476837158
endloop
endfacet
facet normal 0.5555772839934787 0.8314649009491799 0
outer loop
vertex 24.177854537963867 -34.19324493408203 0
vertex 24.031864166259766 -34.09569549560547 0
vertex 24.031864166259766 -34.09569549560547 1.7000000476837158
endloop
endfacet
facet normal 0 0 -1
outer loop
vertex 23.934316635131836 -33.94970703125 1.7000000476837158
vertex 23.900060653686523 -33.77750015258789 1.7000000476837158
vertex 23.934316635131836 -33.605289459228516 1.7000000476837158
endloop
endfacet
facet normal 0.5555772839934787 0.8314649009491799 0
outer loop
vertex 24.177854537963867 -34.19324493408203 1.7000000476837158
vertex 24.177854537963867 -34.19324493408203 0
vertex 24.031864166259766 -34.09569549560547 1.7000000476837158
endloop
endfacet
facet normal -0.5555772839934787 0.8314649009491799 0
outer loop
vertex 24.668258666992188 -34.09569549560547 0
vertex 24.522268295288086 -34.19324493408203 0
vertex 24.522268295288086 -34.19324493408203 1.7000000476837158
endloop
endfacet
facet normal -0.5555772839934787 -0.8314649009491799 0
outer loop
vertex 24.522268295288086 -33.361751556396484 1.7000000476837158
vertex 24.522268295288086 -33.361751556396484 0
vertex 24.668258666992188 -33.45930099487305 1.7000000476837158
endloop
endfacet
facet normal 0.1950798514286955 0.9807873630744628 0
outer loop
vertex 24.350061416625977 -34.22749710083008 0
vertex 24.177854537963867 -34.19324493408203 0
vertex 24.177854537963867 -34.19324493408203 1.7000000476837158
endloop
endfacet
facet normal -0.8314615478636338 -0.5555823021157262 0
outer loop
vertex 24.668258666992188 -33.45930099487305 1.7000000476837158
vertex 24.668258666992188 -33.45930099487305 0
vertex 24.76580810546875 -33.605289459228516 1.7000000476837158
endloop
endfacet
facet normal -0.19504525694210653 0.9807942433275125 0
outer loop
vertex 24.406169891357422 -34.216339111328125 0
vertex 24.350061416625977 -34.22749710083008 0
vertex 24.350061416625977 -34.22749710083008 1.7000000476837158
endloop
endfacet
facet normal -0.195096570121449 0.98078403755554 -0.0000017605764935901917
outer loop
vertex 24.522268295288086 -34.19324493408203 0
vertex 24.406169891357422 -34.216339111328125 0
vertex 24.350061416625977 -34.22749710083008 1.7000000476837158
endloop
endfacet
facet normal 0.8314665660174577 0.5555747920803612 0
outer loop
vertex 24.031864166259766 -34.09569549560547 0
vertex 23.934316635131836 -33.94970703125 0
vertex 23.934316635131836 -33.94970703125 1.7000000476837158
endloop
endfacet
facet normal 0 0 -1
outer loop
vertex 24.522268295288086 -34.19324493408203 1.7000000476837158
vertex 24.350061416625977 -34.22749710083008 1.7000000476837158
vertex 24.522268295288086 -33.361751556396484 1.7000000476837158
endloop
endfacet
facet normal 0 0 -1
outer loop
vertex 24.668258666992188 -34.09569549560547 1.7000000476837158
vertex 24.522268295288086 -34.19324493408203 1.7000000476837158
vertex 24.668258666992188 -33.45930099487305 1.7000000476837158
endloop
endfacet
facet normal 0.9807832059488795 0.1951007507126451 0
outer loop
vertex 23.934316635131836 -33.94970703125 0
vertex 23.900060653686523 -33.77750015258789 0
vertex 23.900060653686523 -33.77750015258789 1.7000000476837158
endloop
endfacet
facet normal 0.9807840329128791 -0.19509659346884756 0
outer loop
vertex 23.900060653686523 -33.77750015258789 0
vertex 23.934316635131836 -33.605289459228516 0
vertex 23.934316635131836 -33.605289459228516 1.7000000476837158
endloop
endfacet
facet normal 0.8314665660174577 -0.5555747920803612 0
outer loop
vertex 23.934316635131836 -33.605289459228516 0
vertex 24.031864166259766 -33.45930099487305 0
vertex 24.031864166259766 -33.45930099487305 1.7000000476837158
endloop
endfacet
facet normal -0.9807861114401027 -0.19508614406513386 0
outer loop
vertex 24.76580810546875 -33.605289459228516 1.7000000476837158
vertex 24.76580810546875 -33.605289459228516 0
vertex 24.80006217956543 -33.77750015258789 1.7000000476837158
endloop
endfacet
facet normal -0.9807852845629332 0.19509030110388895 0
outer loop
vertex 24.80006217956543 -33.77750015258789 1.7000000476837158
vertex 24.80006217956543 -33.77750015258789 0
vertex 24.76580810546875 -33.94970703125 1.7000000476837158
endloop
endfacet
facet normal -0.8314615478636338 0.5555823021157262 0
outer loop
vertex 24.76580810546875 -33.94970703125 1.7000000476837158
vertex 24.76580810546875 -33.94970703125 0
vertex 24.668258666992188 -34.09569549560547 1.7000000476837158
endloop
endfacet
facet normal -0.5555772839934787 0.8314649009491799 0
outer loop
vertex 24.668258666992188 -34.09569549560547 1.7000000476837158
vertex 24.668258666992188 -34.09569549560547 0
vertex 24.522268295288086 -34.19324493408203 1.7000000476837158
endloop
endfacet
facet normal -0.1950798514286955 0.9807873630744628 0
outer loop
vertex 24.522268295288086 -34.19324493408203 1.7000000476837158
vertex 24.522268295288086 -34.19324493408203 0
vertex 24.350061416625977 -34.22749710083008 1.7000000476837158
endloop
endfacet
facet normal -0.1950798514286955 -0.9807873630744628 0
outer loop
vertex 24.350061416625977 -33.32749938964844 1.7000000476837158
vertex 24.350061416625977 -33.32749938964844 0
vertex 24.522268295288086 -33.361751556396484 1.7000000476837158
endloop
endfacet
facet normal 0.1950798514286955 -0.9807873630744628 0
outer loop
vertex 24.177854537963867 -33.361751556396484 1.7000000476837158
vertex 24.177854537963867 -33.361751556396484 0
vertex 24.350061416625977 -33.32749938964844 1.7000000476837158
endloop
endfacet
facet normal 0.5555772839934787 -0.8314649009491799 0
outer loop
vertex 24.031864166259766 -33.45930099487305 1.7000000476837158
vertex 24.031864166259766 -33.45930099487305 0
vertex 24.177854537963867 -33.361751556396484 1.7000000476837158
endloop
endfacet
facet normal -0.19509480083779393 -0.9807843894995788 0
outer loop
vertex 24.522268295288086 -33.361751556396484 1.7000000476837158
vertex 24.42398452758789 -33.342201232910156 0
vertex 24.522268295288086 -33.361751556396484 0
endloop
endfacet
facet normal -0.5555772839934787 -0.8314649009491799 0
outer loop
vertex 24.668258666992188 -33.45930099487305 0
vertex 24.668258666992188 -33.45930099487305 1.7000000476837158
vertex 24.522268295288086 -33.361751556396484 0
endloop
endfacet
facet normal -0.8314615478636338 -0.5555823021157262 0
outer loop
vertex 24.668258666992188 -33.45930099487305 0
vertex 24.76580810546875 -33.605289459228516 0
vertex 24.76580810546875 -33.605289459228516 1.7000000476837158
endloop
endfacet
facet normal -0.9807861114401027 -0.19508614406513386 0
outer loop
vertex 24.80006217956543 -33.77750015258789 0
vertex 24.80006217956543 -33.77750015258789 1.7000000476837158
vertex 24.76580810546875 -33.605289459228516 0
endloop
endfacet
facet normal -0.9807852845629332 0.19509030110388895 0
outer loop
vertex 24.76580810546875 -33.94970703125 0
vertex 24.76580810546875 -33.94970703125 1.7000000476837158
vertex 24.80006217956543 -33.77750015258789 0
endloop
endfacet
facet normal 0 0 -1
outer loop
vertex 24.522268295288086 -33.361751556396484 1.7000000476837158
vertex 24.668258666992188 -33.45930099487305 1.7000000476837158
vertex 24.522268295288086 -34.19324493408203 1.7000000476837158
endloop
endfacet
facet normal 0.5555772839934787 -0.8314649009491799 0
outer loop
vertex 24.031864166259766 -33.45930099487305 0
vertex 24.177854537963867 -33.361751556396484 0
vertex 24.177854537963867 -33.361751556396484 1.7000000476837158
endloop
endfacet
facet normal 0.1950798514286955 -0.9807873630744628 0
outer loop
vertex 24.177854537963867 -33.361751556396484 0
vertex 24.350061416625977 -33.32749938964844 0
vertex 24.350061416625977 -33.32749938964844 1.7000000476837158
endloop
endfacet
facet normal -0.19505997537330827 -0.9807913162355096 -0.0000020930574646511614
outer loop
vertex 24.42398452758789 -33.342201232910156 0
vertex 24.522268295288086 -33.361751556396484 1.7000000476837158
vertex 24.350061416625977 -33.32749938964844 0
endloop
endfacet
facet normal 0 0 -1
outer loop
vertex 24.76580810546875 -33.94970703125 1.7000000476837158
vertex 24.668258666992188 -34.09569549560547 1.7000000476837158
vertex 24.76580810546875 -33.605289459228516 1.7000000476837158
endloop
endfacet
facet normal 0 0 -1
outer loop
vertex 24.76580810546875 -33.605289459228516 1.7000000476837158
vertex 24.668258666992188 -34.09569549560547 1.7000000476837158
vertex 24.668258666992188 -33.45930099487305 1.7000000476837158
endloop
endfacet
facet normal 0 0 -1
outer loop
vertex 24.80006217956543 -33.77750015258789 1.7000000476837158
vertex 24.76580810546875 -33.94970703125 1.7000000476837158
vertex 24.76580810546875 -33.605289459228516 1.7000000476837158
endloop
endfacet
facet normal 0.8314665660174577 -0.5555747920803612 0
outer loop
vertex 23.934316635131836 -33.605289459228516 1.7000000476837158
vertex 23.934316635131836 -33.605289459228516 0
vertex 24.031864166259766 -33.45930099487305 1.7000000476837158
endloop
endfacet
facet normal 0.1950798514286955 0.9807873630744628 0
outer loop
vertex 24.350061416625977 -34.22749710083008 1.7000000476837158
vertex 24.350061416625977 -34.22749710083008 0
vertex 24.177854537963867 -34.19324493408203 1.7000000476837158
endloop
endfacet
facet normal 0.9807832059488795 0.1951007507126451 0
outer loop
vertex 23.934316635131836 -33.94970703125 1.7000000476837158
vertex 23.934316635131836 -33.94970703125 0
vertex 23.900060653686523 -33.77750015258789 1.7000000476837158
endloop
endfacet
facet normal -0.8314615478636338 0.5555823021157262 0
outer loop
vertex 24.668258666992188 -34.09569549560547 0
vertex 24.668258666992188 -34.09569549560547 1.7000000476837158
vertex 24.76580810546875 -33.94970703125 0
endloop
endfacet
facet normal 0 0 -1
outer loop
vertex 24.350061416625977 -35.49749755859375 1.7000000476837158
vertex 24.177854537963867 -35.4632453918457 1.7000000476837158
vertex 24.350061416625977 -34.59749984741211 1.7000000476837158
endloop
endfacet
facet normal 0 0 -1
outer loop
vertex 24.80006217956543 -35.04750061035156 1.7000000476837158
vertex 24.76580810546875 -35.21970748901367 1.7000000476837158
vertex 24.76580810546875 -34.87528991699219 1.7000000476837158
endloop
endfacet
facet normal 0 0 -1
outer loop
vertex 24.177854537963867 -34.631752014160156 1.7000000476837158
vertex 24.031864166259766 -35.36569595336914 1.7000000476837158
vertex 24.031864166259766 -34.72930145263672 1.7000000476837158
endloop
endfacet
facet normal -0.5555772839934787 -0.8314649009491799 0
outer loop
vertex 24.522268295288086 -34.631752014160156 1.7000000476837158
vertex 24.522268295288086 -34.631752014160156 0
vertex 24.668258666992188 -34.72930145263672 1.7000000476837158
endloop
endfacet
facet normal -0.1950798514286955 -0.9807873630744628 0
outer loop
vertex 24.350061416625977 -34.59749984741211 1.7000000476837158
vertex 24.350061416625977 -34.59749984741211 0
vertex 24.522268295288086 -34.631752014160156 1.7000000476837158
endloop
endfacet
facet normal 0.1950798514286955 -0.9807873630744628 0
outer loop
vertex 24.177854537963867 -34.631752014160156 1.7000000476837158
vertex 24.177854537963867 -34.631752014160156 0
vertex 24.350061416625977 -34.59749984741211 1.7000000476837158
endloop
endfacet
facet normal 0.5555772839934787 -0.8314649009491799 0
outer loop
vertex 24.031864166259766 -34.72930145263672 1.7000000476837158
vertex 24.031864166259766 -34.72930145263672 0
vertex 24.177854537963867 -34.631752014160156 1.7000000476837158
endloop
endfacet
facet normal 0.8314665660174577 -0.5555747920803612 0
outer loop
vertex 23.934316635131836 -34.87528991699219 1.7000000476837158
vertex 23.934316635131836 -34.87528991699219 0
vertex 24.031864166259766 -34.72930145263672 1.7000000476837158
endloop
endfacet
facet normal 0.9807840329128791 -0.19509659346884756 0
outer loop
vertex 23.900060653686523 -35.04750061035156 1.7000000476837158
vertex 23.900060653686523 -35.04750061035156 0
vertex 23.934316635131836 -34.87528991699219 1.7000000476837158
endloop
endfacet
facet normal -0.9807852845629332 0.19509030110388895 0
outer loop
vertex 24.80006217956543 -35.04750061035156 1.7000000476837158
vertex 24.80006217956543 -35.04750061035156 0
vertex 24.76580810546875 -35.21970748901367 1.7000000476837158
endloop
endfacet
facet normal -0.8314615478636338 0.5555823021157262 0
outer loop
vertex 24.76580810546875 -35.21970748901367 1.7000000476837158
vertex 24.76580810546875 -35.21970748901367 0
vertex 24.668258666992188 -35.36569595336914 1.7000000476837158
endloop
endfacet
facet normal -0.5555772839934787 -0.8314649009491799 0
outer loop
vertex 24.522268295288086 -34.631752014160156 0
vertex 24.668258666992188 -34.72930145263672 0
vertex 24.668258666992188 -34.72930145263672 1.7000000476837158
endloop
endfacet
facet normal -0.19509239462967737 -0.9807848681324861 0
outer loop
vertex 24.522268295288086 -34.631752014160156 1.7000000476837158
vertex 24.398208618164062 -34.60707473754883 0
vertex 24.522268295288086 -34.631752014160156 0
endloop
endfacet
facet normal -0.8314615478636338 -0.5555823021157262 0
outer loop
vertex 24.668258666992188 -34.72930145263672 0
vertex 24.76580810546875 -34.87528991699219 0
vertex 24.76580810546875 -34.87528991699219 1.7000000476837158
endloop
endfacet
facet normal 0 0 -1
outer loop
vertex 24.76580810546875 -34.87528991699219 1.7000000476837158
vertex 24.668258666992188 -35.36569595336914 1.7000000476837158
vertex 24.668258666992188 -34.72930145263672 1.7000000476837158
endloop
endfacet
facet normal 0 0 -1
outer loop
vertex 24.668258666992188 -34.72930145263672 1.7000000476837158
vertex 24.522268295288086 -35.4632453918457 1.7000000476837158
vertex 24.522268295288086 -34.631752014160156 1.7000000476837158
endloop
endfacet
facet normal -0.1950475312376035 -0.9807937910419969 -0.000003403488752506547
outer loop
vertex 24.350061416625977 -34.59749984741211 0
vertex 24.398208618164062 -34.60707473754883 0
vertex 24.522268295288086 -34.631752014160156 1.7000000476837158
endloop
endfacet
facet normal 0 0 -1
outer loop
vertex 24.522268295288086 -34.631752014160156 1.7000000476837158
vertex 24.350061416625977 -35.49749755859375 1.7000000476837158
vertex 24.350061416625977 -34.59749984741211 1.7000000476837158
endloop
endfacet
facet normal 0 0 -1
outer loop
vertex 24.350061416625977 -34.59749984741211 1.7000000476837158
vertex 24.177854537963867 -35.4632453918457 1.7000000476837158
vertex 24.177854537963867 -34.631752014160156 1.7000000476837158
endloop
endfacet
facet normal 0 0 -1
outer loop
vertex 24.031864166259766 -34.72930145263672 1.7000000476837158
vertex 23.934316635131836 -35.21970748901367 1.7000000476837158
vertex 23.934316635131836 -34.87528991699219 1.7000000476837158
endloop
endfacet
facet normal -0.5555772839934787 0.8314649009491799 0
outer loop
vertex 24.668258666992188 -35.36569595336914 1.7000000476837158
vertex 24.668258666992188 -35.36569595336914 0
vertex 24.522268295288086 -35.4632453918457 1.7000000476837158
endloop
endfacet
facet normal -0.1950798514286955 0.9807873630744628 0
outer loop
vertex 24.522268295288086 -35.4632453918457 1.7000000476837158
vertex 24.522268295288086 -35.4632453918457 0
vertex 24.350061416625977 -35.49749755859375 1.7000000476837158
endloop
endfacet
facet normal 0.5555772839934787 0.8314649009491799 0
outer loop
vertex 24.177854537963867 -35.4632453918457 0
vertex 24.031864166259766 -35.36569595336914 0
vertex 24.031864166259766 -35.36569595336914 1.7000000476837158
endloop
endfacet
facet normal 0.8314665660174577 0.5555747920803612 0
outer loop
vertex 24.031864166259766 -35.36569595336914 0
vertex 23.934316635131836 -35.21970748901367 0
vertex 23.934316635131836 -35.21970748901367 1.7000000476837158
endloop
endfacet
facet normal 0.9807832059488795 0.1951007507126451 0
outer loop
vertex 23.934316635131836 -35.21970748901367 0
vertex 23.900060653686523 -35.04750061035156 0
vertex 23.900060653686523 -35.04750061035156 1.7000000476837158
endloop
endfacet
facet normal 0.1383438345776848 0.9903842604940478 0
outer loop
vertex 24.380186080932617 -35.49150848388672 0
vertex 24.177854537963867 -35.4632453918457 0
vertex 24.177854537963867 -35.4632453918457 1.7000000476837158
endloop
endfacet
facet normal 0.19507519129657222 0.9807639337009867 0.0069120251715699705
outer loop
vertex 24.350061416625977 -35.49749755859375 1.7000000476837158
vertex 24.380186080932617 -35.49150848388672 0
vertex 24.177854537963867 -35.4632453918457 1.7000000476837158
endloop
endfacet
facet normal 0 0 -1
outer loop
vertex 24.76580810546875 -35.21970748901367 1.7000000476837158
vertex 24.668258666992188 -35.36569595336914 1.7000000476837158
vertex 24.76580810546875 -34.87528991699219 1.7000000476837158
endloop
endfacet
facet normal 0 0 -1
outer loop
vertex 24.668258666992188 -35.36569595336914 1.7000000476837158
vertex 24.522268295288086 -35.4632453918457 1.7000000476837158
vertex 24.668258666992188 -34.72930145263672 1.7000000476837158
endloop
endfacet
facet normal -0.9807861114401027 -0.19508614406513386 0
outer loop
vertex 24.80006217956543 -35.04750061035156 0
vertex 24.80006217956543 -35.04750061035156 1.7000000476837158
vertex 24.76580810546875 -34.87528991699219 0
endloop
endfacet
facet normal 0 0 -1
outer loop
vertex 24.522268295288086 -35.4632453918457 1.7000000476837158
vertex 24.350061416625977 -35.49749755859375 1.7000000476837158
vertex 24.522268295288086 -34.631752014160156 1.7000000476837158
endloop
endfacet
facet normal 0.9807832059488795 0.1951007507126451 0
outer loop
vertex 23.934316635131836 -35.21970748901367 1.7000000476837158
vertex 23.934316635131836 -35.21970748901367 0
vertex 23.900060653686523 -35.04750061035156 1.7000000476837158
endloop
endfacet
facet normal -0.19509817352611059 0.9807837186062242 -0.0000019294247342402273
outer loop
vertex 24.522268295288086 -35.4632453918457 0
vertex 24.380186080932617 -35.49150848388672 0
vertex 24.350061416625977 -35.49749755859375 1.7000000476837158
endloop
endfacet
facet normal 0.5555772839934787 0.8314649009491799 0
outer loop
vertex 24.177854537963867 -35.4632453918457 1.7000000476837158
vertex 24.177854537963867 -35.4632453918457 0
vertex 24.031864166259766 -35.36569595336914 1.7000000476837158
endloop
endfacet
facet normal 0.8314665660174577 0.5555747920803612 0
outer loop
vertex 24.031864166259766 -35.36569595336914 1.7000000476837158
vertex 24.031864166259766 -35.36569595336914 0
vertex 23.934316635131836 -35.21970748901367 1.7000000476837158
endloop
endfacet
facet normal -0.9807861114401027 -0.19508614406513386 0
outer loop
vertex 24.76580810546875 -34.87528991699219 1.7000000476837158
vertex 24.76580810546875 -34.87528991699219 0
vertex 24.80006217956543 -35.04750061035156 1.7000000476837158
endloop
endfacet
facet normal 0.1950798514286955 -0.9807873630744628 0
outer loop
vertex 24.177854537963867 -34.631752014160156 0
vertex 24.350061416625977 -34.59749984741211 0
vertex 24.350061416625977 -34.59749984741211 1.7000000476837158
endloop
endfacet
facet normal 0.5555772839934787 -0.8314649009491799 0
outer loop
vertex 24.031864166259766 -34.72930145263672 0
vertex 24.177854537963867 -34.631752014160156 0
vertex 24.177854537963867 -34.631752014160156 1.7000000476837158
endloop
endfacet
facet normal 0.8314665660174577 -0.5555747920803612 0
outer loop
vertex 23.934316635131836 -34.87528991699219 0
vertex 24.031864166259766 -34.72930145263672 0
vertex 24.031864166259766 -34.72930145263672 1.7000000476837158
endloop
endfacet
facet normal 0 0 -1
outer loop
vertex 23.934316635131836 -35.21970748901367 1.7000000476837158
vertex 23.900060653686523 -35.04750061035156 1.7000000476837158
vertex 23.934316635131836 -34.87528991699219 1.7000000476837158
endloop
endfacet
facet normal 0.9807840329128791 -0.19509659346884756 0
outer loop
vertex 23.900060653686523 -35.04750061035156 0
vertex 23.934316635131836 -34.87528991699219 0
vertex 23.934316635131836 -34.87528991699219 1.7000000476837158
endloop
endfacet
facet normal 0 0 -1
outer loop
vertex 24.031864166259766 -35.36569595336914 1.7000000476837158
vertex 23.934316635131836 -35.21970748901367 1.7000000476837158
vertex 24.031864166259766 -34.72930145263672 1.7000000476837158
endloop
endfacet
facet normal -0.9807852845629332 0.19509030110388895 0
outer loop
vertex 24.76580810546875 -35.21970748901367 0
vertex 24.76580810546875 -35.21970748901367 1.7000000476837158
vertex 24.80006217956543 -35.04750061035156 0
endloop
endfacet
facet normal -0.5555772839934787 0.8314649009491799 0
outer loop
vertex 24.668258666992188 -35.36569595336914 0
vertex 24.522268295288086 -35.4632453918457 0
vertex 24.522268295288086 -35.4632453918457 1.7000000476837158
endloop
endfacet
facet normal 0 0 -1
outer loop
vertex 24.177854537963867 -35.4632453918457 1.7000000476837158
vertex 24.031864166259766 -35.36569595336914 1.7000000476837158
vertex 24.177854537963867 -34.631752014160156 1.7000000476837158
endloop
endfacet
facet normal -0.8314615478636338 0.5555823021157262 0
outer loop
vertex 24.668258666992188 -35.36569595336914 0
vertex 24.668258666992188 -35.36569595336914 1.7000000476837158
vertex 24.76580810546875 -35.21970748901367 0
endloop
endfacet
facet normal -0.8314615478636338 -0.5555823021157262 0
outer loop
vertex 24.668258666992188 -34.72930145263672 1.7000000476837158
vertex 24.668258666992188 -34.72930145263672 0
vertex 24.76580810546875 -34.87528991699219 1.7000000476837158
endloop
endfacet
facet normal 0 0 -1
outer loop
vertex 24.522523880004883 -36.733245849609375 1.7000000476837158
vertex 24.35031509399414 -36.76749801635742 1.7000000476837158
vertex 24.522523880004883 -35.90175247192383 1.7000000476837158
endloop
endfacet
facet normal 0 0 -1
outer loop
vertex 24.668514251708984 -36.63569641113281 1.7000000476837158
vertex 24.522523880004883 -36.733245849609375 1.7000000476837158
vertex 24.668514251708984 -35.99930191040039 1.7000000476837158
endloop
endfacet
facet normal 0 0 -1
outer loop
vertex 24.766061782836914 -36.489707946777344 1.7000000476837158
vertex 24.668514251708984 -36.63569641113281 1.7000000476837158
vertex 24.766061782836914 -36.14529037475586 1.7000000476837158
endloop
endfacet
facet normal -0.19508297129267502 -0.9807867425243987 0
outer loop
vertex 24.522523880004883 -35.90175247192383 1.7000000476837158
vertex 24.372432708740234 -35.87189865112305 0
vertex 24.522523880004883 -35.90175247192383 0
endloop
endfacet
facet normal -0.9807852845629332 -0.19509030110388895 0
outer loop
vertex 24.800315856933594 -36.31749725341797 0
vertex 24.800315856933594 -36.31749725341797 1.7000000476837158
vertex 24.766061782836914 -36.14529037475586 0
endloop
endfacet
facet normal 0 0 -1
outer loop
vertex 24.522523880004883 -35.90175247192383 1.7000000476837158
vertex 24.668514251708984 -35.99930191040039 1.7000000476837158
vertex 24.522523880004883 -36.733245849609375 1.7000000476837158
endloop
endfacet
facet normal -0.5555772839934787 -0.8314649009491799 0
outer loop
vertex 24.522523880004883 -35.90175247192383 0
vertex 24.668514251708984 -35.99930191040039 0
vertex 24.668514251708984 -35.99930191040039 1.7000000476837158
endloop
endfacet
facet normal 0 0 -1
outer loop
vertex 24.766061782836914 -36.14529037475586 1.7000000476837158
vertex 24.668514251708984 -36.63569641113281 1.7000000476837158
vertex 24.668514251708984 -35.99930191040039 1.7000000476837158
endloop
endfacet
facet normal -0.8314665660174577 -0.5555747920803612 0
outer loop
vertex 24.668514251708984 -35.99930191040039 0
vertex 24.766061782836914 -36.14529037475586 0
vertex 24.766061782836914 -36.14529037475586 1.7000000476837158
endloop
endfacet
facet normal 0 0 -1
outer loop
vertex 24.35031509399414 -36.76749801635742 1.7000000476837158
vertex 24.35031509399414 -35.86750030517578 1.7000000476837158
vertex 24.522523880004883 -35.90175247192383 1.7000000476837158
endloop
endfacet
facet normal 0 0 -1
outer loop
vertex 24.35031509399414 -35.86750030517578 1.7000000476837158
vertex 24.17810821533203 -36.733245849609375 1.7000000476837158
vertex 24.17810821533203 -35.90175247192383 1.7000000476837158
endloop
endfacet
facet normal 0 0 -1
outer loop
vertex 24.17810821533203 -35.90175247192383 1.7000000476837158
vertex 24.03211784362793 -36.63569641113281 1.7000000476837158
vertex 24.03211784362793 -35.99930191040039 1.7000000476837158
endloop
endfacet
facet normal 0 0 -1
outer loop
vertex 24.03211784362793 -35.99930191040039 1.7000000476837158
vertex 23.9345703125 -36.489707946777344 1.7000000476837158
vertex 23.9345703125 -36.14529037475586 1.7000000476837158
endloop
endfacet
facet normal 0 0 -1
outer loop
vertex 24.03211784362793 -36.63569641113281 1.7000000476837158
vertex 23.9345703125 -36.489707946777344 1.7000000476837158
vertex 24.03211784362793 -35.99930191040039 1.7000000476837158
endloop
endfacet
facet normal 0 0 -1
outer loop
vertex 23.9345703125 -36.489707946777344 1.7000000476837158
vertex 23.90031623840332 -36.31749725341797 1.7000000476837158
vertex 23.9345703125 -36.14529037475586 1.7000000476837158
endloop
endfacet
facet normal 0 0 -1
outer loop
vertex 24.35031509399414 -36.76749801635742 1.7000000476837158
vertex 24.17810821533203 -36.733245849609375 1.7000000476837158
vertex 24.35031509399414 -35.86750030517578 1.7000000476837158
endloop
endfacet
facet normal 0 0 -1
outer loop
vertex 24.17810821533203 -36.733245849609375 1.7000000476837158
vertex 24.03211784362793 -36.63569641113281 1.7000000476837158
vertex 24.17810821533203 -35.90175247192383 1.7000000476837158
endloop
endfacet
facet normal -0.9807861114401027 0.19508614406513386 0
outer loop
vertex 24.766061782836914 -36.489707946777344 0
vertex 24.766061782836914 -36.489707946777344 1.7000000476837158
vertex 24.800315856933594 -36.31749725341797 0
endloop
endfacet
facet normal 0.5555772839934787 0.8314649009491799 0
outer loop
vertex 24.17810821533203 -36.733245849609375 1.7000000476837158
vertex 24.17810821533203 -36.733245849609375 0
vertex 24.03211784362793 -36.63569641113281 1.7000000476837158
endloop
endfacet
facet normal 0.8314665660174577 0.5555747920803612 0
outer loop
vertex 24.03211784362793 -36.63569641113281 1.7000000476837158
vertex 24.03211784362793 -36.63569641113281 0
vertex 23.9345703125 -36.489707946777344 1.7000000476837158
endloop
endfacet
facet normal 0.9807861114401027 0.19508614406513386 0
outer loop
vertex 23.9345703125 -36.489707946777344 1.7000000476837158
vertex 23.9345703125 -36.489707946777344 0
vertex 23.90031623840332 -36.31749725341797 1.7000000476837158
endloop
endfacet
facet normal 0.19507977413368097 0.9807869744645017 0.0008901936425208956
outer loop
vertex 24.35031509399414 -36.76749801635742 1.7000000476837158
vertex 24.354198455810547 -36.766727447509766 0
vertex 24.17810821533203 -36.733245849609375 1.7000000476837158
endloop
endfacet
facet normal 0.9807852845629332 -0.19509030110388895 0
outer loop
vertex 23.90031623840332 -36.31749725341797 1.7000000476837158
vertex 23.90031623840332 -36.31749725341797 0
vertex 23.9345703125 -36.14529037475586 1.7000000476837158
endloop
endfacet
facet normal 0.8314665660174577 -0.5555747920803612 0
outer loop
vertex 23.9345703125 -36.14529037475586 1.7000000476837158
vertex 23.9345703125 -36.14529037475586 0
vertex 24.03211784362793 -35.99930191040039 1.7000000476837158
endloop
endfacet
facet normal 0.5555772839934787 -0.8314649009491799 0
outer loop
vertex 24.03211784362793 -35.99930191040039 1.7000000476837158
vertex 24.03211784362793 -35.99930191040039 0
vertex 24.17810821533203 -35.90175247192383 1.7000000476837158
endloop
endfacet
facet normal 0.1950798514286955 -0.9807873630744628 0
outer loop
vertex 24.17810821533203 -35.90175247192383 1.7000000476837158
vertex 24.17810821533203 -35.90175247192383 0
vertex 24.35031509399414 -35.86750030517578 1.7000000476837158
endloop
endfacet
facet normal -0.19507777299011303 -0.9807877764761296 -4.7710982767904e-7
outer loop
vertex 24.35031509399414 -35.86750030517578 1.7000000476837158
vertex 24.372432708740234 -35.87189865112305 0
vertex 24.522523880004883 -35.90175247192383 1.7000000476837158
endloop
endfacet
facet normal -0.8314665660174577 0.5555747920803612 0
outer loop
vertex 24.668514251708984 -36.63569641113281 0
vertex 24.668514251708984 -36.63569641113281 1.7000000476837158
vertex 24.766061782836914 -36.489707946777344 0
endloop
endfacet
facet normal -0.5555772839934787 0.8314649009491799 0
outer loop
vertex 24.668514251708984 -36.63569641113281 0
vertex 24.522523880004883 -36.733245849609375 0
vertex 24.522523880004883 -36.733245849609375 1.7000000476837158
endloop
endfacet
facet normal 0 0 -1
outer loop
vertex 24.800315856933594 -36.31749725341797 1.7000000476837158
vertex 24.766061782836914 -36.489707946777344 1.7000000476837158
vertex 24.766061782836914 -36.14529037475586 1.7000000476837158
endloop
endfacet
facet normal -0.19507777299013523 0.9807877764762413 0
outer loop
vertex 24.522523880004883 -36.733245849609375 1.7000000476837158
vertex 24.522523880004883 -36.733245849609375 0
vertex 24.35031509399414 -36.76749801635742 1.7000000476837158
endloop
endfacet
facet normal -0.5555772839934787 0.8314649009491799 0
outer loop
vertex 24.668514251708984 -36.63569641113281 1.7000000476837158
vertex 24.668514251708984 -36.63569641113281 0
vertex 24.522523880004883 -36.733245849609375 1.7000000476837158
endloop
endfacet
facet normal -0.8314665660174577 0.5555747920803612 0
outer loop
vertex 24.766061782836914 -36.489707946777344 1.7000000476837158
vertex 24.766061782836914 -36.489707946777344 0
vertex 24.668514251708984 -36.63569641113281 1.7000000476837158
endloop
endfacet
facet normal -0.8314665660174577 -0.5555747920803612 0
outer loop
vertex 24.668514251708984 -35.99930191040039 1.7000000476837158
vertex 24.668514251708984 -35.99930191040039 0
vertex 24.766061782836914 -36.14529037475586 1.7000000476837158
endloop
endfacet
facet normal -0.9807861114401027 0.19508614406513386 0
outer loop
vertex 24.800315856933594 -36.31749725341797 1.7000000476837158
vertex 24.800315856933594 -36.31749725341797 0
vertex 24.766061782836914 -36.489707946777344 1.7000000476837158
endloop
endfacet
facet normal -0.9807852845629332 -0.19509030110388895 0
outer loop
vertex 24.766061782836914 -36.14529037475586 1.7000000476837158
vertex 24.766061782836914 -36.14529037475586 0
vertex 24.800315856933594 -36.31749725341797 1.7000000476837158
endloop
endfacet
facet normal -0.5555772839934787 -0.8314649009491799 0
outer loop
vertex 24.522523880004883 -35.90175247192383 1.7000000476837158
vertex 24.522523880004883 -35.90175247192383 0
vertex 24.668514251708984 -35.99930191040039 1.7000000476837158
endloop
endfacet
facet normal 0.15184566560725898 -0.988393822092944 0.004532800987252717
outer loop
vertex 24.17810821533203 -35.90175247192383 0
vertex 24.372432708740234 -35.87189865112305 0
vertex 24.35031509399414 -35.86750030517578 1.7000000476837158
endloop
endfacet
facet normal 0.18679230881469713 0.9823994265916867 0
outer loop
vertex 24.354198455810547 -36.766727447509766 0
vertex 24.17810821533203 -36.733245849609375 0
vertex 24.17810821533203 -36.733245849609375 1.7000000476837158
endloop
endfacet
facet normal 0.8314665660174577 0.5555747920803612 0
outer loop
vertex 24.03211784362793 -36.63569641113281 0
vertex 23.9345703125 -36.489707946777344 0
vertex 23.9345703125 -36.489707946777344 1.7000000476837158
endloop
endfacet
facet normal 0.5555772839934787 -0.8314649009491799 0
outer loop
vertex 24.03211784362793 -35.99930191040039 0
vertex 24.17810821533203 -35.90175247192383 0
vertex 24.17810821533203 -35.90175247192383 1.7000000476837158
endloop
endfacet
facet normal 0.8314665660174577 -0.5555747920803612 0
outer loop
vertex 23.9345703125 -36.14529037475586 0
vertex 24.03211784362793 -35.99930191040039 0
vertex 24.03211784362793 -35.99930191040039 1.7000000476837158
endloop
endfacet
facet normal 0.9807852845629332 -0.19509030110388895 0
outer loop
vertex 23.90031623840332 -36.31749725341797 0
vertex 23.9345703125 -36.14529037475586 0
vertex 23.9345703125 -36.14529037475586 1.7000000476837158
endloop
endfacet
facet normal 0.9807861114401027 0.19508614406513386 0
outer loop
vertex 23.9345703125 -36.489707946777344 0
vertex 23.90031623840332 -36.31749725341797 0
vertex 23.90031623840332 -36.31749725341797 1.7000000476837158
endloop
endfacet
facet normal -0.19508801996823746 0.9807857383056241 -0.0000010790772750881776
outer loop
vertex 24.522523880004883 -36.733245849609375 0
vertex 24.354198455810547 -36.766727447509766 0
vertex 24.35031509399414 -36.76749801635742 1.7000000476837158
endloop
endfacet
facet normal 0.5555772839934787 0.8314649009491799 0
outer loop
vertex 24.17810821533203 -36.733245849609375 0
vertex 24.03211784362793 -36.63569641113281 0
vertex 24.03211784362793 -36.63569641113281 1.7000000476837158
endloop
endfacet
facet normal -0.5555772839934787 0.8314649009491799 0
outer loop
vertex 24.668514251708984 -37.905696868896484 0
vertex 24.522523880004883 -38.00324630737305 0
vertex 24.522523880004883 -38.00324630737305 1.7000000476837158
endloop
endfacet
facet normal 0.8314732719568675 0.5555647559208026 0
outer loop
vertex 24.03211784362793 -37.905696868896484 1.7000000476837158
vertex 24.03211784362793 -37.905696868896484 0
vertex 23.9345703125 -37.75970458984375 1.7000000476837158
endloop
endfacet
facet normal 0 0 -1
outer loop
vertex 24.668514251708984 -37.26930236816406 1.7000000476837158
vertex 24.766061782836914 -37.41529083251953 1.7000000476837158
vertex 24.668514251708984 -37.905696868896484 1.7000000476837158
endloop
endfacet
facet normal 0 0 -1
outer loop
vertex 24.668514251708984 -37.26930236816406 1.7000000476837158
vertex 24.522523880004883 -38.00324630737305 1.7000000476837158
vertex 24.522523880004883 -37.1717529296875 1.7000000476837158
endloop
endfacet
facet normal 0 0 -1
outer loop
vertex 24.766061782836914 -37.75970458984375 1.7000000476837158
vertex 24.668514251708984 -37.905696868896484 1.7000000476837158
vertex 24.766061782836914 -37.41529083251953 1.7000000476837158
endloop
endfacet
facet normal 0 0 -1
outer loop
vertex 24.668514251708984 -37.905696868896484 1.7000000476837158
vertex 24.522523880004883 -38.00324630737305 1.7000000476837158
vertex 24.668514251708984 -37.26930236816406 1.7000000476837158
endloop
endfacet
facet normal 0 0 -1
outer loop
vertex 24.522523880004883 -38.00324630737305 1.7000000476837158
vertex 24.35031509399414 -38.037498474121094 1.7000000476837158
vertex 24.522523880004883 -37.1717529296875 1.7000000476837158
endloop
endfacet
facet normal 0 0 -1
outer loop
vertex 24.35031509399414 -37.13749694824219 1.7000000476837158
vertex 24.522523880004883 -37.1717529296875 1.7000000476837158
vertex 24.35031509399414 -38.037498474121094 1.7000000476837158
endloop
endfacet
facet normal 0 0 -1
outer loop
vertex 24.35031509399414 -37.13749694824219 1.7000000476837158
vertex 24.17810821533203 -38.00324630737305 1.7000000476837158
vertex 24.17810821533203 -37.1717529296875 1.7000000476837158
endloop
endfacet
facet normal 0 0 -1
outer loop
vertex 24.35031509399414 -38.037498474121094 1.7000000476837158
vertex 24.17810821533203 -38.00324630737305 1.7000000476837158
vertex 24.35031509399414 -37.13749694824219 1.7000000476837158
endloop
endfacet
facet normal 0 0 -1
outer loop
vertex 24.17810821533203 -37.1717529296875 1.7000000476837158
vertex 24.03211784362793 -37.905696868896484 1.7000000476837158
vertex 24.03211784362793 -37.26930236816406 1.7000000476837158
endloop
endfacet
facet normal 0 0 -1
outer loop
vertex 24.03211784362793 -37.26930236816406 1.7000000476837158
vertex 23.9345703125 -37.75970458984375 1.7000000476837158
vertex 23.9345703125 -37.41529083251953 1.7000000476837158
endloop
endfacet
facet normal 0 0 -1
outer loop
vertex 24.17810821533203 -38.00324630737305 1.7000000476837158
vertex 24.03211784362793 -37.905696868896484 1.7000000476837158
vertex 24.17810821533203 -37.1717529296875 1.7000000476837158
endloop
endfacet
facet normal 0 0 -1
outer loop
vertex 24.03211784362793 -37.905696868896484 1.7000000476837158
vertex 23.9345703125 -37.75970458984375 1.7000000476837158
vertex 24.03211784362793 -37.26930236816406 1.7000000476837158
endloop
endfacet
facet normal 0 0 -1
outer loop
vertex 23.9345703125 -37.75970458984375 1.7000000476837158
vertex 23.90031623840332 -37.58749771118164 1.7000000476837158
vertex 23.9345703125 -37.41529083251953 1.7000000476837158
endloop
endfacet
facet normal 0.1950798514286955 0.9807873630744628 0
outer loop
vertex 24.35031509399414 -38.037498474121094 1.7000000476837158
vertex 24.35031509399414 -38.037498474121094 0
vertex 24.17810821533203 -38.00324630737305 1.7000000476837158
endloop
endfacet
facet normal 0.9807852845629332 0.19509030110388895 0
outer loop
vertex 23.9345703125 -37.75970458984375 1.7000000476837158
vertex 23.9345703125 -37.75970458984375 0
vertex 23.90031623840332 -37.58749771118164 1.7000000476837158
endloop
endfacet
facet normal 0.9807852845629332 -0.19509030110388895 0
outer loop
vertex 23.90031623840332 -37.58749771118164 1.7000000476837158
vertex 23.90031623840332 -37.58749771118164 0
vertex 23.9345703125 -37.41529083251953 1.7000000476837158
endloop
endfacet
facet normal 0.8314665660174577 -0.5555747920803612 0
outer loop
vertex 23.9345703125 -37.41529083251953 1.7000000476837158
vertex 23.9345703125 -37.41529083251953 0
vertex 24.03211784362793 -37.26930236816406 1.7000000476837158
endloop
endfacet
facet normal 0.5555772839934787 -0.8314649009491799 0
outer loop
vertex 24.03211784362793 -37.26930236816406 1.7000000476837158
vertex 24.03211784362793 -37.26930236816406 0
vertex 24.17810821533203 -37.1717529296875 1.7000000476837158
endloop
endfacet
facet normal 0.1951007507126451 -0.9807832059488795 0
outer loop
vertex 24.17810821533203 -37.1717529296875 1.7000000476837158
vertex 24.17810821533203 -37.1717529296875 0
vertex 24.35031509399414 -37.13749694824219 1.7000000476837158
endloop
endfacet
facet normal -0.19509860194052023 -0.9807832668933045 0.0008478814488296564
outer loop
vertex 24.35031509399414 -37.13749694824219 1.7000000476837158
vertex 24.346628189086914 -37.13823318481445 0
vertex 24.522523880004883 -37.1717529296875 1.7000000476837158
endloop
endfacet
facet normal -0.19507777299013523 0.9807877764762413 0
outer loop
vertex 24.522523880004883 -38.00324630737305 1.7000000476837158
vertex 24.522523880004883 -38.00324630737305 0
vertex 24.35031509399414 -38.037498474121094 1.7000000476837158
endloop
endfacet
facet normal -0.5555772839934787 0.8314649009491799 0
outer loop
vertex 24.668514251708984 -37.905696868896484 1.7000000476837158
vertex 24.668514251708984 -37.905696868896484 0
vertex 24.522523880004883 -38.00324630737305 1.7000000476837158
endloop
endfacet
facet normal -0.8314732719568675 0.5555647559208026 0
outer loop
vertex 24.766061782836914 -37.75970458984375 1.7000000476837158
vertex 24.766061782836914 -37.75970458984375 0
vertex 24.668514251708984 -37.905696868896484 1.7000000476837158
endloop
endfacet
facet normal -0.9807852845629332 0.19509030110388895 0
outer loop
vertex 24.800315856933594 -37.58749771118164 1.7000000476837158
vertex 24.800315856933594 -37.58749771118164 0
vertex 24.766061782836914 -37.75970458984375 1.7000000476837158
endloop
endfacet
facet normal 0.19508493594473753 -0.9807863517426536 0.000001665396465808359
outer loop
vertex 24.346628189086914 -37.13823318481445 0
vertex 24.35031509399414 -37.13749694824219 1.7000000476837158
vertex 24.17810821533203 -37.1717529296875 0
endloop
endfacet
facet normal -0.9807852845629332 -0.19509030110388895 0
outer loop
vertex 24.766061782836914 -37.41529083251953 1.7000000476837158
vertex 24.766061782836914 -37.41529083251953 0
vertex 24.800315856933594 -37.58749771118164 1.7000000476837158
endloop
endfacet
facet normal -0.5555772839934787 -0.8314649009491799 0
outer loop
vertex 24.522523880004883 -37.1717529296875 1.7000000476837158
vertex 24.522523880004883 -37.1717529296875 0
vertex 24.668514251708984 -37.26930236816406 1.7000000476837158
endloop
endfacet
facet normal 0.5555772839934787 -0.8314649009491799 0
outer loop
vertex 24.03211784362793 -37.26930236816406 0
vertex 24.17810821533203 -37.1717529296875 0
vertex 24.17810821533203 -37.1717529296875 1.7000000476837158
endloop
endfacet
facet normal 0.8314732719568675 0.5555647559208026 0
outer loop
vertex 24.03211784362793 -37.905696868896484 0
vertex 23.9345703125 -37.75970458984375 0
vertex 23.9345703125 -37.75970458984375 1.7000000476837158
endloop
endfacet
facet normal -0.8314665660174577 -0.5555747920803612 0
outer loop
vertex 24.668514251708984 -37.26930236816406 1.7000000476837158
vertex 24.668514251708984 -37.26930236816406 0
vertex 24.766061782836914 -37.41529083251953 1.7000000476837158
endloop
endfacet
facet normal 0 0 -1
outer loop
vertex 24.800315856933594 -37.58749771118164 1.7000000476837158
vertex 24.766061782836914 -37.75970458984375 1.7000000476837158
vertex 24.766061782836914 -37.41529083251953 1.7000000476837158
endloop
endfacet
facet normal 0.5555772839934787 0.8314649009491799 0
outer loop
vertex 24.17810821533203 -38.00324630737305 0
vertex 24.03211784362793 -37.905696868896484 0
vertex 24.03211784362793 -37.905696868896484 1.7000000476837158
endloop
endfacet
facet normal 0.1950798514286955 0.9807873630744628 0
outer loop
vertex 24.35031509399414 -38.037498474121094 0
vertex 24.17810821533203 -38.00324630737305 0
vertex 24.17810821533203 -38.00324630737305 1.7000000476837158
endloop
endfacet
facet normal -0.19507777299013523 0.9807877764762413 0
outer loop
vertex 24.522523880004883 -38.00324630737305 0
vertex 24.35031509399414 -38.037498474121094 0
vertex 24.35031509399414 -38.037498474121094 1.7000000476837158
endloop
endfacet
facet normal 0.9807852845629332 0.19509030110388895 0
outer loop
vertex 23.9345703125 -37.75970458984375 0
vertex 23.90031623840332 -37.58749771118164 0
vertex 23.90031623840332 -37.58749771118164 1.7000000476837158
endloop
endfacet
facet normal 0.9807852845629332 -0.19509030110388895 0
outer loop
vertex 23.90031623840332 -37.58749771118164 0
vertex 23.9345703125 -37.41529083251953 0
vertex 23.9345703125 -37.41529083251953 1.7000000476837158
endloop
endfacet
facet normal 0.8314665660174577 -0.5555747920803612 0
outer loop
vertex 23.9345703125 -37.41529083251953 0
vertex 24.03211784362793 -37.26930236816406 0
vertex 24.03211784362793 -37.26930236816406 1.7000000476837158
endloop
endfacet
facet normal -0.8314732719568675 0.5555647559208026 0
outer loop
vertex 24.668514251708984 -37.905696868896484 0
vertex 24.668514251708984 -37.905696868896484 1.7000000476837158
vertex 24.766061782836914 -37.75970458984375 0
endloop
endfacet
facet normal -0.8314665660174577 -0.5555747920803612 0
outer loop
vertex 24.766061782836914 -37.41529083251953 0
vertex 24.766061782836914 -37.41529083251953 1.7000000476837158
vertex 24.668514251708984 -37.26930236816406 0
endloop
endfacet
facet normal -0.9807852845629332 0.19509030110388895 0
outer loop
vertex 24.766061782836914 -37.75970458984375 0
vertex 24.766061782836914 -37.75970458984375 1.7000000476837158
vertex 24.800315856933594 -37.58749771118164 0
endloop
endfacet
facet normal -0.9807852845629332 -0.19509030110388895 0
outer loop
vertex 24.800315856933594 -37.58749771118164 0
vertex 24.800315856933594 -37.58749771118164 1.7000000476837158
vertex 24.766061782836914 -37.41529083251953 0
endloop
endfacet
facet normal -0.18719727612750192 -0.9823223400750101 0
outer loop
vertex 24.346628189086914 -37.13823318481445 0
vertex 24.522523880004883 -37.1717529296875 0
vertex 24.522523880004883 -37.1717529296875 1.7000000476837158
endloop
endfacet
facet normal -0.5555772839934787 -0.8314649009491799 0
outer loop
vertex 24.522523880004883 -37.1717529296875 0
vertex 24.668514251708984 -37.26930236816406 0
vertex 24.668514251708984 -37.26930236816406 1.7000000476837158
endloop
endfacet
facet normal 0.5555772839934787 0.8314649009491799 0
outer loop
vertex 24.17810821533203 -38.00324630737305 1.7000000476837158
vertex 24.17810821533203 -38.00324630737305 0
vertex 24.03211784362793 -37.905696868896484 1.7000000476837158
endloop
endfacet
facet normal -0.8314732719568675 0.5555647559208026 0
outer loop
vertex 24.668514251708984 -39.175697326660156 0
vertex 24.668514251708984 -39.175697326660156 1.7000000476837158
vertex 24.766061782836914 -39.02970504760742 0
endloop
endfacet
facet normal -0.9807852845629332 0.19509030110388895 0
outer loop
vertex 24.766061782836914 -39.02970504760742 0
vertex 24.766061782836914 -39.02970504760742 1.7000000476837158
vertex 24.800315856933594 -38.85749816894531 0
endloop
endfacet
facet normal -0.9807852845629332 -0.19509030110388895 0
outer loop
vertex 24.800315856933594 -38.85749816894531 0
vertex 24.800315856933594 -38.85749816894531 1.7000000476837158
vertex 24.766061782836914 -38.6852912902832 0
endloop
endfacet
facet normal 0.8314732719568675 -0.5555647559208026 0
outer loop
vertex 23.9345703125 -38.6852912902832 0
vertex 24.03211784362793 -38.53929901123047 0
vertex 24.03211784362793 -38.53929901123047 1.7000000476837158
endloop
endfacet
facet normal 0 0 -1
outer loop
vertex 24.03211784362793 -39.175697326660156 1.7000000476837158
vertex 23.9345703125 -39.02970504760742 1.7000000476837158
vertex 24.03211784362793 -38.53929901123047 1.7000000476837158
endloop
endfacet
facet normal 0.5555622638012966 -0.8314749371087372 0
outer loop
vertex 24.03211784362793 -38.53929901123047 0
vertex 24.17810821533203 -38.44175338745117 0
vertex 24.17810821533203 -38.44175338745117 1.7000000476837158
endloop
endfacet
facet normal 0.19508372792177775 -0.9807865920254663 0.0000017926088074310011
outer loop
vertex 24.320642471313477 -38.41340255737305 0
vertex 24.35031509399414 -38.40749740600586 1.7000000476837158
vertex 24.17810821533203 -38.44175338745117 0
endloop
endfacet
facet normal 0 0 -1
outer loop
vertex 24.03211784362793 -38.53929901123047 1.7000000476837158
vertex 23.9345703125 -39.02970504760742 1.7000000476837158
vertex 23.9345703125 -38.6852912902832 1.7000000476837158
endloop
endfacet
facet normal 0.9807852845629332 -0.19509030110388895 0
outer loop
vertex 23.90031623840332 -38.85749816894531 0
vertex 23.9345703125 -38.6852912902832 0
vertex 23.9345703125 -38.6852912902832 1.7000000476837158
endloop
endfacet
facet normal 0.9807852845629332 0.19509030110388895 0
outer loop
vertex 23.9345703125 -39.02970504760742 0
vertex 23.90031623840332 -38.85749816894531 0
vertex 23.90031623840332 -38.85749816894531 1.7000000476837158
endloop
endfacet
facet normal 0.8314732719568675 0.5555647559208026 0
outer loop
vertex 24.03211784362793 -39.175697326660156 0
vertex 23.9345703125 -39.02970504760742 0
vertex 23.9345703125 -39.02970504760742 1.7000000476837158
endloop
endfacet
facet normal -0.1950986720690384 0.9807836194374872 0
outer loop
vertex 24.522523880004883 -39.27324295043945 0
vertex 24.35031509399414 -39.307498931884766 0
vertex 24.35031509399414 -39.307498931884766 1.7000000476837158
endloop
endfacet
facet normal 0.19507521323513113 0.9807882856019621 -0.0000026892574500566414
outer loop
vertex 24.302616119384766 -39.298011779785156 0
vertex 24.17810821533203 -39.27324295043945 1.7000000476837158
vertex 24.35031509399414 -39.307498931884766 0
endloop
endfacet
facet normal 0.19511053401418052 0.9807812597703431 0
outer loop
vertex 24.302616119384766 -39.298011779785156 0
vertex 24.17810821533203 -39.27324295043945 0
vertex 24.17810821533203 -39.27324295043945 1.7000000476837158
endloop
endfacet
facet normal 0.5555622638012966 0.8314749371087372 0
outer loop
vertex 24.17810821533203 -39.27324295043945 0
vertex 24.03211784362793 -39.175697326660156 0
vertex 24.03211784362793 -39.175697326660156 1.7000000476837158
endloop
endfacet
facet normal 0.5555622638012966 0.8314749371087372 0
outer loop
vertex 24.17810821533203 -39.27324295043945 1.7000000476837158
vertex 24.17810821533203 -39.27324295043945 0
vertex 24.03211784362793 -39.175697326660156 1.7000000476837158
endloop
endfacet
facet normal 0.1951007507126451 0.9807832059488795 0
outer loop
vertex 24.35031509399414 -39.307498931884766 1.7000000476837158
vertex 24.35031509399414 -39.307498931884766 0
vertex 24.17810821533203 -39.27324295043945 1.7000000476837158
endloop
endfacet
facet normal 0.8314732719568675 0.5555647559208026 0
outer loop
vertex 24.03211784362793 -39.175697326660156 1.7000000476837158
vertex 24.03211784362793 -39.175697326660156 0
vertex 23.9345703125 -39.02970504760742 1.7000000476837158
endloop
endfacet
facet normal 0.9807852845629332 0.19509030110388895 0
outer loop
vertex 23.9345703125 -39.02970504760742 1.7000000476837158
vertex 23.9345703125 -39.02970504760742 0
vertex 23.90031623840332 -38.85749816894531 1.7000000476837158
endloop
endfacet
facet normal 0.9807852845629332 -0.19509030110388895 0
outer loop
vertex 23.90031623840332 -38.85749816894531 1.7000000476837158
vertex 23.90031623840332 -38.85749816894531 0
vertex 23.9345703125 -38.6852912902832 1.7000000476837158
endloop
endfacet
facet normal -0.1950986720690384 0.9807836194374872 0
outer loop
vertex 24.522523880004883 -39.27324295043945 1.7000000476837158
vertex 24.522523880004883 -39.27324295043945 0
vertex 24.35031509399414 -39.307498931884766 1.7000000476837158
endloop
endfacet
facet normal -0.5555622638012966 0.8314749371087372 0
outer loop
vertex 24.668514251708984 -39.175697326660156 1.7000000476837158
vertex 24.668514251708984 -39.175697326660156 0
vertex 24.522523880004883 -39.27324295043945 1.7000000476837158
endloop
endfacet
facet normal -0.8314732719568675 0.5555647559208026 0
outer loop
vertex 24.766061782836914 -39.02970504760742 1.7000000476837158
vertex 24.766061782836914 -39.02970504760742 0
vertex 24.668514251708984 -39.175697326660156 1.7000000476837158
endloop
endfacet
facet normal -0.5555622638012966 -0.8314749371087372 0
outer loop
vertex 24.522523880004883 -38.44175338745117 0
vertex 24.668514251708984 -38.53929901123047 0
vertex 24.668514251708984 -38.53929901123047 1.7000000476837158
endloop
endfacet
facet normal 0 0 -1
outer loop
vertex 24.35031509399414 -39.307498931884766 1.7000000476837158
vertex 24.17810821533203 -39.27324295043945 1.7000000476837158
vertex 24.35031509399414 -38.40749740600586 1.7000000476837158
endloop
endfacet
facet normal -0.9807852845629332 0.19509030110388895 0
outer loop
vertex 24.800315856933594 -38.85749816894531 1.7000000476837158
vertex 24.800315856933594 -38.85749816894531 0
vertex 24.766061782836914 -39.02970504760742 1.7000000476837158
endloop
endfacet
facet normal -0.9807852845629332 -0.19509030110388895 0
outer loop
vertex 24.766061782836914 -38.6852912902832 1.7000000476837158
vertex 24.766061782836914 -38.6852912902832 0
vertex 24.800315856933594 -38.85749816894531 1.7000000476837158
endloop
endfacet
facet normal 0.8314732719568675 -0.5555647559208026 0
outer loop
vertex 23.9345703125 -38.6852912902832 1.7000000476837158
vertex 23.9345703125 -38.6852912902832 0
vertex 24.03211784362793 -38.53929901123047 1.7000000476837158
endloop
endfacet
facet normal 0.5555622638012966 -0.8314749371087372 0
outer loop
vertex 24.03211784362793 -38.53929901123047 1.7000000476837158
vertex 24.03211784362793 -38.53929901123047 0
vertex 24.17810821533203 -38.44175338745117 1.7000000476837158
endloop
endfacet
facet normal 0.1951007507126451 -0.9807832059488795 0
outer loop
vertex 24.17810821533203 -38.44175338745117 1.7000000476837158
vertex 24.17810821533203 -38.44175338745117 0
vertex 24.35031509399414 -38.40749740600586 1.7000000476837158
endloop
endfacet
facet normal -0.19509414532608527 -0.9807608629764065 0.006812056463254426
outer loop
vertex 24.35031509399414 -38.40749740600586 1.7000000476837158
vertex 24.320642471313477 -38.41340255737305 0
vertex 24.522523880004883 -38.44175338745117 1.7000000476837158
endloop
endfacet
facet normal 0 0 -1
outer loop
vertex 23.9345703125 -39.02970504760742 1.7000000476837158
vertex 23.90031623840332 -38.85749816894531 1.7000000476837158
vertex 23.9345703125 -38.6852912902832 1.7000000476837158
endloop
endfacet
facet normal 0 0 -1
outer loop
vertex 24.17810821533203 -39.27324295043945 1.7000000476837158
vertex 24.03211784362793 -39.175697326660156 1.7000000476837158
vertex 24.17810821533203 -38.44175338745117 1.7000000476837158
endloop
endfacet
facet normal -0.1390684693076912 -0.9902827681245472 0
outer loop
vertex 24.320642471313477 -38.41340255737305 0
vertex 24.522523880004883 -38.44175338745117 0
vertex 24.522523880004883 -38.44175338745117 1.7000000476837158
endloop
endfacet
facet normal -0.8314732719568675 -0.5555647559208026 0
outer loop
vertex 24.668514251708984 -38.53929901123047 0
vertex 24.766061782836914 -38.6852912902832 0
vertex 24.766061782836914 -38.6852912902832 1.7000000476837158
endloop
endfacet
facet normal 0 0 -1
outer loop
vertex 24.522523880004883 -39.27324295043945 1.7000000476837158
vertex 24.35031509399414 -39.307498931884766 1.7000000476837158
vertex 24.522523880004883 -38.44175338745117 1.7000000476837158
endloop
endfacet
facet normal 0 0 -1
outer loop
vertex 24.668514251708984 -39.175697326660156 1.7000000476837158
vertex 24.522523880004883 -39.27324295043945 1.7000000476837158
vertex 24.668514251708984 -38.53929901123047 1.7000000476837158
endloop
endfacet
facet normal -0.5555622638012966 -0.8314749371087372 0
outer loop
vertex 24.522523880004883 -38.44175338745117 1.7000000476837158
vertex 24.522523880004883 -38.44175338745117 0
vertex 24.668514251708984 -38.53929901123047 1.7000000476837158
endloop
endfacet
facet normal -0.8314732719568675 -0.5555647559208026 0
outer loop
vertex 24.668514251708984 -38.53929901123047 1.7000000476837158
vertex 24.668514251708984 -38.53929901123047 0
vertex 24.766061782836914 -38.6852912902832 1.7000000476837158
endloop
endfacet
facet normal 0 0 -1
outer loop
vertex 24.766061782836914 -39.02970504760742 1.7000000476837158
vertex 24.668514251708984 -39.175697326660156 1.7000000476837158
vertex 24.766061782836914 -38.6852912902832 1.7000000476837158
endloop
endfacet
facet normal 0 0 -1
outer loop
vertex 24.522523880004883 -38.44175338745117 1.7000000476837158
vertex 24.668514251708984 -38.53929901123047 1.7000000476837158
vertex 24.522523880004883 -39.27324295043945 1.7000000476837158
endloop
endfacet
facet normal 0 0 -1
outer loop
vertex 24.766061782836914 -38.6852912902832 1.7000000476837158
vertex 24.668514251708984 -39.175697326660156 1.7000000476837158
vertex 24.668514251708984 -38.53929901123047 1.7000000476837158
endloop
endfacet
facet normal 0 0 -1
outer loop
vertex 24.800315856933594 -38.85749816894531 1.7000000476837158
vertex 24.766061782836914 -39.02970504760742 1.7000000476837158
vertex 24.766061782836914 -38.6852912902832 1.7000000476837158
endloop
endfacet
facet normal 0 0 -1
outer loop
vertex 24.17810821533203 -38.44175338745117 1.7000000476837158
vertex 24.03211784362793 -39.175697326660156 1.7000000476837158
vertex 24.03211784362793 -38.53929901123047 1.7000000476837158
endloop
endfacet
facet normal 0 0 -1
outer loop
vertex 24.35031509399414 -38.40749740600586 1.7000000476837158
vertex 24.17810821533203 -39.27324295043945 1.7000000476837158
vertex 24.17810821533203 -38.44175338745117 1.7000000476837158
endloop
endfacet
facet normal 0 0 -1
outer loop
vertex 24.522523880004883 -38.44175338745117 1.7000000476837158
vertex 24.35031509399414 -39.307498931884766 1.7000000476837158
vertex 24.35031509399414 -38.40749740600586 1.7000000476837158
endloop
endfacet
facet normal -0.5555622638012966 0.8314749371087372 0
outer loop
vertex 24.668514251708984 -39.175697326660156 0
vertex 24.522523880004883 -39.27324295043945 0
vertex 24.522523880004883 -39.27324295043945 1.7000000476837158
endloop
endfacet
facet normal 0.9807852845629332 0.19509030110388895 0
outer loop
vertex 23.9345703125 -40.299705505371094 0
vertex 23.90031623840332 -40.127498626708984 0
vertex 23.90031623840332 -40.127498626708984 1.7000000476837158
endloop
endfacet
facet normal 0 0 -1
outer loop
vertex 24.17810821533203 -39.711753845214844 1.7000000476837158
vertex 24.03211784362793 -40.44569778442383 1.7000000476837158
vertex 24.03211784362793 -39.80929946899414 1.7000000476837158
endloop
endfacet
facet normal 0 0 -1
outer loop
vertex 23.9345703125 -40.299705505371094 1.7000000476837158
vertex 23.90031623840332 -40.127498626708984 1.7000000476837158
vertex 23.9345703125 -39.955291748046875 1.7000000476837158
endloop
endfacet
facet normal 0 0 -1
outer loop
vertex 24.17810821533203 -40.543243408203125 1.7000000476837158
vertex 24.03211784362793 -40.44569778442383 1.7000000476837158
vertex 24.17810821533203 -39.711753845214844 1.7000000476837158
endloop
endfacet
facet normal 0 0 -1
outer loop
vertex 24.35031509399414 -40.57749938964844 1.7000000476837158
vertex 24.17810821533203 -40.543243408203125 1.7000000476837158
vertex 24.35031509399414 -39.67749786376953 1.7000000476837158
endloop
endfacet
facet normal 0 0 -1
outer loop
vertex 24.03211784362793 -39.80929946899414 1.7000000476837158
vertex 23.9345703125 -40.299705505371094 1.7000000476837158
vertex 23.9345703125 -39.955291748046875 1.7000000476837158
endloop
endfacet
facet normal 0.5555622638012966 0.8314749371087372 0
outer loop
vertex 24.17810821533203 -40.543243408203125 0
vertex 24.03211784362793 -40.44569778442383 0
vertex 24.03211784362793 -40.44569778442383 1.7000000476837158
endloop
endfacet
facet normal 0.1951176648717036 0.9807798411748753 0
outer loop
vertex 24.276840209960938 -40.56288528442383 0
vertex 24.17810821533203 -40.543243408203125 0
vertex 24.17810821533203 -40.543243408203125 1.7000000476837158
endloop
endfacet
facet normal 0.19507802200929186 0.9807877269436102 -0.0000023934765046923625
outer loop
vertex 24.276840209960938 -40.56288528442383 0
vertex 24.17810821533203 -40.543243408203125 1.7000000476837158
vertex 24.35031509399414 -40.57749938964844 0
endloop
endfacet
facet normal -0.1950986720690384 0.9807836194374872 0
outer loop
vertex 24.522523880004883 -40.543243408203125 0
vertex 24.35031509399414 -40.57749938964844 0
vertex 24.35031509399414 -40.57749938964844 1.7000000476837158
endloop
endfacet
facet normal -0.9807852845629332 -0.19509030110388895 0
outer loop
vertex 24.766061782836914 -39.955291748046875 1.7000000476837158
vertex 24.766061782836914 -39.955291748046875 0
vertex 24.800315856933594 -40.127498626708984 1.7000000476837158
endloop
endfacet
facet normal -0.8314732719568675 -0.5555647559208026 0
outer loop
vertex 24.668514251708984 -39.80929946899414 1.7000000476837158
vertex 24.668514251708984 -39.80929946899414 0
vertex 24.766061782836914 -39.955291748046875 1.7000000476837158
endloop
endfacet
facet normal -0.5555622638012966 -0.8314749371087372 0
outer loop
vertex 24.522523880004883 -39.711753845214844 1.7000000476837158
vertex 24.522523880004883 -39.711753845214844 0
vertex 24.668514251708984 -39.80929946899414 1.7000000476837158
endloop
endfacet
facet normal -0.9807852845629332 0.19509030110388895 0
outer loop
vertex 24.800315856933594 -40.127498626708984 1.7000000476837158
vertex 24.800315856933594 -40.127498626708984 0
vertex 24.766061782836914 -40.299705505371094 1.7000000476837158
endloop
endfacet
facet normal -0.8314732719568675 0.5555647559208026 0
outer loop
vertex 24.766061782836914 -40.299705505371094 1.7000000476837158
vertex 24.766061782836914 -40.299705505371094 0
vertex 24.668514251708984 -40.44569778442383 1.7000000476837158
endloop
endfacet
facet normal -0.5555622638012966 0.8314749371087372 0
outer loop
vertex 24.668514251708984 -40.44569778442383 1.7000000476837158
vertex 24.668514251708984 -40.44569778442383 0
vertex 24.522523880004883 -40.543243408203125 1.7000000476837158
endloop
endfacet
facet normal -0.1950986720690384 0.9807836194374872 0
outer loop
vertex 24.522523880004883 -40.543243408203125 1.7000000476837158
vertex 24.522523880004883 -40.543243408203125 0
vertex 24.35031509399414 -40.57749938964844 1.7000000476837158
endloop
endfacet
facet normal 0.9807852845629332 -0.19509030110388895 0
outer loop
vertex 23.90031623840332 -40.127498626708984 0
vertex 23.9345703125 -39.955291748046875 0
vertex 23.9345703125 -39.955291748046875 1.7000000476837158
endloop
endfacet
facet normal 0.8314732719568675 -0.5555647559208026 0
outer loop
vertex 23.9345703125 -39.955291748046875 0
vertex 24.03211784362793 -39.80929946899414 0
vertex 24.03211784362793 -39.80929946899414 1.7000000476837158
endloop
endfacet
facet normal 0.5555622638012966 -0.8314749371087372 0
outer loop
vertex 24.03211784362793 -39.80929946899414 0
vertex 24.17810821533203 -39.711753845214844 0
vertex 24.17810821533203 -39.711753845214844 1.7000000476837158
endloop
endfacet
facet normal 0.19511286092302177 -0.9807807968658477 -0.000001275286453960379
outer loop
vertex 24.17810821533203 -39.711753845214844 0
vertex 24.29465675354004 -39.688568115234375 0
vertex 24.35031509399414 -39.67749786376953 1.7000000476837158
endloop
endfacet
facet normal 0.19507539164852672 -0.9807882501198584 0
outer loop
vertex 24.35031509399414 -39.67749786376953 1.7000000476837158
vertex 24.29465675354004 -39.688568115234375 0
vertex 24.35031509399414 -39.67749786376953 0
endloop
endfacet
facet normal -0.1950986720690384 -0.9807836194374872 0
outer loop
vertex 24.35031509399414 -39.67749786376953 1.7000000476837158
vertex 24.35031509399414 -39.67749786376953 0
vertex 24.522523880004883 -39.711753845214844 1.7000000476837158
endloop
endfacet
facet normal 0.1951007507126451 -0.9807832059488795 0
outer loop
vertex 24.17810821533203 -39.711753845214844 1.7000000476837158
vertex 24.17810821533203 -39.711753845214844 0
vertex 24.35031509399414 -39.67749786376953 1.7000000476837158
endloop
endfacet
facet normal 0.5555622638012966 -0.8314749371087372 0
outer loop
vertex 24.03211784362793 -39.80929946899414 1.7000000476837158
vertex 24.03211784362793 -39.80929946899414 0
vertex 24.17810821533203 -39.711753845214844 1.7000000476837158
endloop
endfacet
facet normal 0.8314732719568675 -0.5555647559208026 0
outer loop
vertex 23.9345703125 -39.955291748046875 1.7000000476837158
vertex 23.9345703125 -39.955291748046875 0
vertex 24.03211784362793 -39.80929946899414 1.7000000476837158
endloop
endfacet
facet normal 0.9807852845629332 -0.19509030110388895 0
outer loop
vertex 23.90031623840332 -40.127498626708984 1.7000000476837158
vertex 23.90031623840332 -40.127498626708984 0
vertex 23.9345703125 -39.955291748046875 1.7000000476837158
endloop
endfacet
facet normal 0.1951007507126451 0.9807832059488795 0
outer loop
vertex 24.35031509399414 -40.57749938964844 1.7000000476837158
vertex 24.35031509399414 -40.57749938964844 0
vertex 24.17810821533203 -40.543243408203125 1.7000000476837158
endloop
endfacet
facet normal 0.9807852845629332 0.19509030110388895 0
outer loop
vertex 23.9345703125 -40.299705505371094 1.7000000476837158
vertex 23.9345703125 -40.299705505371094 0
vertex 23.90031623840332 -40.127498626708984 1.7000000476837158
endloop
endfacet
facet normal 0.5555622638012966 0.8314749371087372 0
outer loop
vertex 24.17810821533203 -40.543243408203125 1.7000000476837158
vertex 24.17810821533203 -40.543243408203125 0
vertex 24.03211784362793 -40.44569778442383 1.7000000476837158
endloop
endfacet
facet normal 0.8314732719568675 0.5555647559208026 0
outer loop
vertex 24.03211784362793 -40.44569778442383 1.7000000476837158
vertex 24.03211784362793 -40.44569778442383 0
vertex 23.9345703125 -40.299705505371094 1.7000000476837158
endloop
endfacet
facet normal -0.5555622638012966 0.8314749371087372 0
outer loop
vertex 24.668514251708984 -40.44569778442383 0
vertex 24.522523880004883 -40.543243408203125 0
vertex 24.522523880004883 -40.543243408203125 1.7000000476837158
endloop
endfacet
facet normal -0.8314732719568675 0.5555647559208026 0
outer loop
vertex 24.668514251708984 -40.44569778442383 0
vertex 24.668514251708984 -40.44569778442383 1.7000000476837158
vertex 24.766061782836914 -40.299705505371094 0
endloop
endfacet
facet normal -0.9807852845629332 0.19509030110388895 0
outer loop
vertex 24.766061782836914 -40.299705505371094 0
vertex 24.766061782836914 -40.299705505371094 1.7000000476837158
vertex 24.800315856933594 -40.127498626708984 0
endloop
endfacet
facet normal -0.8314732719568675 -0.5555647559208026 0
outer loop
vertex 24.668514251708984 -39.80929946899414 0
vertex 24.766061782836914 -39.955291748046875 0
vertex 24.766061782836914 -39.955291748046875 1.7000000476837158
endloop
endfacet
facet normal -0.1950986720690384 -0.9807836194374872 0
outer loop
vertex 24.35031509399414 -39.67749786376953 0
vertex 24.522523880004883 -39.711753845214844 0
vertex 24.522523880004883 -39.711753845214844 1.7000000476837158
endloop
endfacet
facet normal -0.5555622638012966 -0.8314749371087372 0
outer loop
vertex 24.522523880004883 -39.711753845214844 0
vertex 24.668514251708984 -39.80929946899414 0
vertex 24.668514251708984 -39.80929946899414 1.7000000476837158
endloop
endfacet
facet normal -0.9807852845629332 -0.19509030110388895 0
outer loop
vertex 24.800315856933594 -40.127498626708984 0
vertex 24.800315856933594 -40.127498626708984 1.7000000476837158
vertex 24.766061782836914 -39.955291748046875 0
endloop
endfacet
facet normal 0 0 -1
outer loop
vertex 24.522523880004883 -40.543243408203125 1.7000000476837158
vertex 24.35031509399414 -40.57749938964844 1.7000000476837158
vertex 24.522523880004883 -39.711753845214844 1.7000000476837158
endloop
endfacet
facet normal 0 0 -1
outer loop
vertex 24.668514251708984 -40.44569778442383 1.7000000476837158
vertex 24.522523880004883 -40.543243408203125 1.7000000476837158
vertex 24.668514251708984 -39.80929946899414 1.7000000476837158
endloop
endfacet
facet normal 0 0 -1
outer loop
vertex 24.766061782836914 -40.299705505371094 1.7000000476837158
vertex 24.668514251708984 -40.44569778442383 1.7000000476837158
vertex 24.766061782836914 -39.955291748046875 1.7000000476837158
endloop
endfacet
facet normal 0 0 -1
outer loop
vertex 24.35031509399414 -40.57749938964844 1.7000000476837158
vertex 24.35031509399414 -39.67749786376953 1.7000000476837158
vertex 24.522523880004883 -39.711753845214844 1.7000000476837158
endloop
endfacet
facet normal 0 0 -1
outer loop
vertex 24.800315856933594 -40.127498626708984 1.7000000476837158
vertex 24.766061782836914 -40.299705505371094 1.7000000476837158
vertex 24.766061782836914 -39.955291748046875 1.7000000476837158
endloop
endfacet
facet normal 0 0 -1
outer loop
vertex 24.668514251708984 -39.80929946899414 1.7000000476837158
vertex 24.522523880004883 -40.543243408203125 1.7000000476837158
vertex 24.522523880004883 -39.711753845214844 1.7000000476837158
endloop
endfacet
facet normal 0 0 -1
outer loop
vertex 24.766061782836914 -39.955291748046875 1.7000000476837158
vertex 24.668514251708984 -40.44569778442383 1.7000000476837158
vertex 24.668514251708984 -39.80929946899414 1.7000000476837158
endloop
endfacet
facet normal 0.8314732719568675 0.5555647559208026 0
outer loop
vertex 24.03211784362793 -40.44569778442383 0
vertex 23.9345703125 -40.299705505371094 0
vertex 23.9345703125 -40.299705505371094 1.7000000476837158
endloop
endfacet
facet normal 0 0 -1
outer loop
vertex 24.35031509399414 -39.67749786376953 1.7000000476837158
vertex 24.17810821533203 -40.543243408203125 1.7000000476837158
vertex 24.17810821533203 -39.711753845214844 1.7000000476837158
endloop
endfacet
facet normal 0 0 -1
outer loop
vertex 24.03211784362793 -40.44569778442383 1.7000000476837158
vertex 23.9345703125 -40.299705505371094 1.7000000476837158
vertex 24.03211784362793 -39.80929946899414 1.7000000476837158
endloop
endfacet
facet normal 0 0 -1
outer loop
vertex 24.35031509399414 -41.84749984741211 1.7000000476837158
vertex 24.17810821533203 -41.8132438659668 1.7000000476837158
vertex 24.35031509399414 -40.9474983215332 1.7000000476837158
endloop
endfacet
facet normal 0.9807852845629332 -0.19509030110388895 0
outer loop
vertex 23.90031623840332 -41.397499084472656 0
vertex 23.9345703125 -41.22529220581055 0
vertex 23.9345703125 -41.22529220581055 1.7000000476837158
endloop
endfacet
facet normal 0 0 -1
outer loop
vertex 24.522523880004883 -40.981754302978516 1.7000000476837158
vertex 24.668514251708984 -41.07929992675781 1.7000000476837158
vertex 24.522523880004883 -41.8132438659668 1.7000000476837158
endloop
endfacet
facet normal 0 0 -1
outer loop
vertex 24.766061782836914 -41.569705963134766 1.7000000476837158
vertex 24.668514251708984 -41.7156982421875 1.7000000476837158
vertex 24.766061782836914 -41.22529220581055 1.7000000476837158
endloop
endfacet
facet normal 0 0 -1
outer loop
vertex 24.668514251708984 -41.7156982421875 1.7000000476837158
vertex 24.522523880004883 -41.8132438659668 1.7000000476837158
vertex 24.668514251708984 -41.07929992675781 1.7000000476837158
endloop
endfacet
facet normal 0 0 -1
outer loop
vertex 24.522523880004883 -41.8132438659668 1.7000000476837158
vertex 24.35031509399414 -41.84749984741211 1.7000000476837158
vertex 24.522523880004883 -40.981754302978516 1.7000000476837158
endloop
endfacet
facet normal 0 0 -1
outer loop
vertex 24.35031509399414 -41.84749984741211 1.7000000476837158
vertex 24.35031509399414 -40.9474983215332 1.7000000476837158
vertex 24.522523880004883 -40.981754302978516 1.7000000476837158
endloop
endfacet
facet normal 0 0 -1
outer loop
vertex 24.35031509399414 -40.9474983215332 1.7000000476837158
vertex 24.17810821533203 -41.8132438659668 1.7000000476837158
vertex 24.17810821533203 -40.981754302978516 1.7000000476837158
endloop
endfacet
facet normal 0 0 -1
outer loop
vertex 24.17810821533203 -40.981754302978516 1.7000000476837158
vertex 24.03211784362793 -41.7156982421875 1.7000000476837158
vertex 24.03211784362793 -41.07929992675781 1.7000000476837158
endloop
endfacet
facet normal 0 0 -1
outer loop
vertex 24.03211784362793 -41.07929992675781 1.7000000476837158
vertex 23.9345703125 -41.569705963134766 1.7000000476837158
vertex 23.9345703125 -41.22529220581055 1.7000000476837158
endloop
endfacet
facet normal 0 0 -1
outer loop
vertex 23.9345703125 -41.569705963134766 1.7000000476837158
vertex 23.90031623840332 -41.397499084472656 1.7000000476837158
vertex 23.9345703125 -41.22529220581055 1.7000000476837158
endloop
endfacet
facet normal 0 0 -1
outer loop
vertex 24.03211784362793 -41.7156982421875 1.7000000476837158
vertex 23.9345703125 -41.569705963134766 1.7000000476837158
vertex 24.03211784362793 -41.07929992675781 1.7000000476837158
endloop
endfacet
facet normal 0 0 -1
outer loop
vertex 24.17810821533203 -41.8132438659668 1.7000000476837158
vertex 24.03211784362793 -41.7156982421875 1.7000000476837158
vertex 24.17810821533203 -40.981754302978516 1.7000000476837158
endloop
endfacet
facet normal -0.5555622638012966 -0.8314749371087372 0
outer loop
vertex 24.522523880004883 -40.981754302978516 1.7000000476837158
vertex 24.522523880004883 -40.981754302978516 0
vertex 24.668514251708984 -41.07929992675781 1.7000000476837158
endloop
endfacet
facet normal -0.9807852845629332 -0.19509030110388895 0
outer loop
vertex 24.766061782836914 -41.22529220581055 1.7000000476837158
vertex 24.766061782836914 -41.22529220581055 0
vertex 24.800315856933594 -41.397499084472656 1.7000000476837158
endloop
endfacet
facet normal -0.9807852845629332 0.19509030110388895 0
outer loop
vertex 24.800315856933594 -41.397499084472656 1.7000000476837158
vertex 24.800315856933594 -41.397499084472656 0
vertex 24.766061782836914 -41.569705963134766 1.7000000476837158
endloop
endfacet
facet normal -0.8314732719568675 -0.5555647559208026 0
outer loop
vertex 24.668514251708984 -41.07929992675781 1.7000000476837158
vertex 24.668514251708984 -41.07929992675781 0
vertex 24.766061782836914 -41.22529220581055 1.7000000476837158
endloop
endfacet
facet normal -0.8314732719568675 0.5555647559208026 0
outer loop
vertex 24.766061782836914 -41.569705963134766 1.7000000476837158
vertex 24.766061782836914 -41.569705963134766 0
vertex 24.668514251708984 -41.7156982421875 1.7000000476837158
endloop
endfacet
facet normal -0.5555622638012966 0.8314749371087372 0
outer loop
vertex 24.668514251708984 -41.7156982421875 1.7000000476837158
vertex 24.668514251708984 -41.7156982421875 0
vertex 24.522523880004883 -41.8132438659668 1.7000000476837158
endloop
endfacet
facet normal -0.1950986720690384 0.9807836194374872 0
outer loop
vertex 24.522523880004883 -41.8132438659668 1.7000000476837158
vertex 24.522523880004883 -41.8132438659668 0
vertex 24.35031509399414 -41.84749984741211 1.7000000476837158
endloop
endfacet
facet normal -0.1950986720690384 -0.9807836194374872 0
outer loop
vertex 24.35031509399414 -40.9474983215332 1.7000000476837158
vertex 24.35031509399414 -40.9474983215332 0
vertex 24.522523880004883 -40.981754302978516 1.7000000476837158
endloop
endfacet
facet normal 0.1951007507126451 -0.9807832059488795 0
outer loop
vertex 24.17810821533203 -40.981754302978516 1.7000000476837158
vertex 24.17810821533203 -40.981754302978516 0
vertex 24.35031509399414 -40.9474983215332 1.7000000476837158
endloop
endfacet
facet normal 0.5555622638012966 -0.8314749371087372 0
outer loop
vertex 24.03211784362793 -41.07929992675781 1.7000000476837158
vertex 24.03211784362793 -41.07929992675781 0
vertex 24.17810821533203 -40.981754302978516 1.7000000476837158
endloop
endfacet
facet normal 0.8314732719568675 -0.5555647559208026 0
outer loop
vertex 23.9345703125 -41.22529220581055 1.7000000476837158
vertex 23.9345703125 -41.22529220581055 0
vertex 24.03211784362793 -41.07929992675781 1.7000000476837158
endloop
endfacet
facet normal 0.9807852845629332 -0.19509030110388895 0
outer loop
vertex 23.90031623840332 -41.397499084472656 1.7000000476837158
vertex 23.90031623840332 -41.397499084472656 0
vertex 23.9345703125 -41.22529220581055 1.7000000476837158
endloop
endfacet
facet normal 0.1951007507126451 0.9807832059488795 0
outer loop
vertex 24.35031509399414 -41.84749984741211 1.7000000476837158
vertex 24.35031509399414 -41.84749984741211 0
vertex 24.17810821533203 -41.8132438659668 1.7000000476837158
endloop
endfacet
facet normal 0.9807852845629332 0.19509030110388895 0
outer loop
vertex 23.9345703125 -41.569705963134766 1.7000000476837158
vertex 23.9345703125 -41.569705963134766 0
vertex 23.90031623840332 -41.397499084472656 1.7000000476837158
endloop
endfacet
facet normal 0.8314732719568675 0.5555647559208026 0
outer loop
vertex 24.03211784362793 -41.7156982421875 1.7000000476837158
vertex 24.03211784362793 -41.7156982421875 0
vertex 23.9345703125 -41.569705963134766 1.7000000476837158
endloop
endfacet
facet normal 0.5555622638012966 0.8314749371087372 0
outer loop
vertex 24.17810821533203 -41.8132438659668 1.7000000476837158
vertex 24.17810821533203 -41.8132438659668 0
vertex 24.03211784362793 -41.7156982421875 1.7000000476837158
endloop
endfacet
facet normal 0 0 -1
outer loop
vertex 24.800315856933594 -41.397499084472656 1.7000000476837158
vertex 24.766061782836914 -41.569705963134766 1.7000000476837158
vertex 24.766061782836914 -41.22529220581055 1.7000000476837158
endloop
endfacet
facet normal 0 0 -1
outer loop
vertex 24.766061782836914 -41.22529220581055 1.7000000476837158
vertex 24.668514251708984 -41.7156982421875 1.7000000476837158
vertex 24.668514251708984 -41.07929992675781 1.7000000476837158
endloop
endfacet
facet normal -0.1950986720690384 -0.9807836194374872 0
outer loop
vertex 24.35031509399414 -40.9474983215332 0
vertex 24.522523880004883 -40.981754302978516 0
vertex 24.522523880004883 -40.981754302978516 1.7000000476837158
endloop
endfacet
facet normal -0.9807852845629332 -0.19509030110388895 0
outer loop
vertex 24.766061782836914 -41.22529220581055 0
vertex 24.800315856933594 -41.397499084472656 0
vertex 24.800315856933594 -41.397499084472656 1.7000000476837158
endloop
endfacet
facet normal -0.5555622638012966 -0.8314749371087372 0
outer loop
vertex 24.522523880004883 -40.981754302978516 0
vertex 24.668514251708984 -41.07929992675781 0
vertex 24.668514251708984 -41.07929992675781 1.7000000476837158
endloop
endfacet
facet normal -0.8314732719568675 -0.5555647559208026 0
outer loop
vertex 24.668514251708984 -41.07929992675781 0
vertex 24.766061782836914 -41.22529220581055 0
vertex 24.766061782836914 -41.22529220581055 1.7000000476837158
endloop
endfacet
facet normal -0.9807852845629332 0.19509030110388895 0
outer loop
vertex 24.800315856933594 -41.397499084472656 0
vertex 24.766061782836914 -41.569705963134766 0
vertex 24.766061782836914 -41.569705963134766 1.7000000476837158
endloop
endfacet
facet normal -0.8314732719568675 0.5555647559208026 0
outer loop
vertex 24.766061782836914 -41.569705963134766 0
vertex 24.668514251708984 -41.7156982421875 0
vertex 24.668514251708984 -41.7156982421875 1.7000000476837158
endloop
endfacet
facet normal -0.5555622638012966 0.8314749371087372 0
outer loop
vertex 24.668514251708984 -41.7156982421875 0
vertex 24.522523880004883 -41.8132438659668 0
vertex 24.522523880004883 -41.8132438659668 1.7000000476837158
endloop
endfacet
facet normal 0.195080538392212 -0.9807872264362973 0
outer loop
vertex 24.35031509399414 -40.9474983215332 1.7000000476837158
vertex 24.2686710357666 -40.96373748779297 0
vertex 24.35031509399414 -40.9474983215332 0
endloop
endfacet
facet normal 0.19511897228006592 -0.9807795810745088 -0.0000019188545809157624
outer loop
vertex 24.17810821533203 -40.981754302978516 0
vertex 24.2686710357666 -40.96373748779297 0
vertex 24.35031509399414 -40.9474983215332 1.7000000476837158
endloop
endfacet
facet normal 0.5555622638012966 -0.8314749371087372 0
outer loop
vertex 24.03211784362793 -41.07929992675781 0
vertex 24.17810821533203 -40.981754302978516 0
vertex 24.17810821533203 -40.981754302978516 1.7000000476837158
endloop
endfacet
facet normal 0.5555622638012966 0.8314749371087372 0
outer loop
vertex 24.17810821533203 -41.8132438659668 0
vertex 24.03211784362793 -41.7156982421875 0
vertex 24.03211784362793 -41.7156982421875 1.7000000476837158
endloop
endfacet
facet normal 0.8314732719568675 0.5555647559208026 0
outer loop
vertex 24.03211784362793 -41.7156982421875 0
vertex 23.9345703125 -41.569705963134766 0
vertex 23.9345703125 -41.569705963134766 1.7000000476837158
endloop
endfacet
facet normal 0.19508050381820488 0.9807872333131357 0
outer loop
vertex 24.25106430053711 -41.827754974365234 0
vertex 24.17810821533203 -41.8132438659668 0
vertex 24.17810821533203 -41.8132438659668 1.7000000476837158
endloop
endfacet
facet normal 0.19511563339815344 0.9807802453155248 0.0000015672471435495965
outer loop
vertex 24.35031509399414 -41.84749984741211 0
vertex 24.25106430053711 -41.827754974365234 0
vertex 24.17810821533203 -41.8132438659668 1.7000000476837158
endloop
endfacet
facet normal -0.1950986720690384 0.9807836194374872 0
outer loop
vertex 24.522523880004883 -41.8132438659668 0
vertex 24.35031509399414 -41.84749984741211 0
vertex 24.35031509399414 -41.84749984741211 1.7000000476837158
endloop
endfacet
facet normal 0.9807852845629332 0.19509030110388895 0
outer loop
vertex 23.9345703125 -41.569705963134766 0
vertex 23.90031623840332 -41.397499084472656 0
vertex 23.90031623840332 -41.397499084472656 1.7000000476837158
endloop
endfacet
facet normal 0.8314732719568675 -0.5555647559208026 0
outer loop
vertex 23.9345703125 -41.22529220581055 0
vertex 24.03211784362793 -41.07929992675781 0
vertex 24.03211784362793 -41.07929992675781 1.7000000476837158
endloop
endfacet
facet normal 0.9807852845629332 0.19509030110388895 0
outer loop
vertex 23.9345703125 -42.83970642089844 1.7000000476837158
vertex 23.9345703125 -42.83970642089844 0
vertex 23.90031623840332 -42.66749954223633 1.7000000476837158
endloop
endfacet
facet normal 0.5555772839934787 0.8314649009491799 0
outer loop
vertex 24.17810821533203 -43.08324432373047 0
vertex 24.03211784362793 -42.985694885253906 0
vertex 24.03211784362793 -42.985694885253906 1.7000000476837158
endloop
endfacet
facet normal 0.19512445822000213 -0.9807784896693634 -0.0000024965626513883914
outer loop
vertex 24.17810821533203 -42.25175476074219 0
vertex 24.242687225341797 -42.23890686035156 0
vertex 24.35031509399414 -42.217498779296875 1.7000000476837158
endloop
endfacet
facet normal 0.5555622638012966 -0.8314749371087372 0
outer loop
vertex 24.03211784362793 -42.349300384521484 0
vertex 24.17810821533203 -42.25175476074219 0
vertex 24.17810821533203 -42.25175476074219 1.7000000476837158
endloop
endfacet
facet normal -0.1950986720690384 -0.9807836194374872 0
outer loop
vertex 24.35031509399414 -42.217498779296875 0
vertex 24.522523880004883 -42.25175476074219 0
vertex 24.522523880004883 -42.25175476074219 1.7000000476837158
endloop
endfacet
facet normal -0.5555622638012966 -0.8314749371087372 0
outer loop
vertex 24.522523880004883 -42.25175476074219 0
vertex 24.668514251708984 -42.349300384521484 0
vertex 24.668514251708984 -42.349300384521484 1.7000000476837158
endloop
endfacet
facet normal 0.8314732719568675 -0.5555647559208026 0
outer loop
vertex 23.9345703125 -42.49529266357422 0
vertex 24.03211784362793 -42.349300384521484 0
vertex 24.03211784362793 -42.349300384521484 1.7000000476837158
endloop
endfacet
facet normal -0.9807852845629332 -0.19509030110388895 0
outer loop
vertex 24.766061782836914 -42.49529266357422 0
vertex 24.800315856933594 -42.66749954223633 0
vertex 24.800315856933594 -42.66749954223633 1.7000000476837158
endloop
endfacet
facet normal -0.9807852845629332 0.19509030110388895 0
outer loop
vertex 24.800315856933594 -42.66749954223633 0
vertex 24.766061782836914 -42.83970642089844 0
vertex 24.766061782836914 -42.83970642089844 1.7000000476837158
endloop
endfacet
facet normal -0.8314732719568675 -0.5555647559208026 0
outer loop
vertex 24.668514251708984 -42.349300384521484 0
vertex 24.766061782836914 -42.49529266357422 0
vertex 24.766061782836914 -42.49529266357422 1.7000000476837158
endloop
endfacet
facet normal -0.8314665660174577 0.5555747920803612 0
outer loop
vertex 24.766061782836914 -42.83970642089844 0
vertex 24.668514251708984 -42.985694885253906 0
vertex 24.668514251708984 -42.985694885253906 1.7000000476837158
endloop
endfacet
facet normal -0.5555772839934787 0.8314649009491799 0
outer loop
vertex 24.668514251708984 -42.985694885253906 0
vertex 24.522523880004883 -43.08324432373047 0
vertex 24.522523880004883 -43.08324432373047 1.7000000476837158
endloop
endfacet
facet normal 0.9807852845629332 -0.19509030110388895 0
outer loop
vertex 23.90031623840332 -42.66749954223633 1.7000000476837158
vertex 23.90031623840332 -42.66749954223633 0
vertex 23.9345703125 -42.49529266357422 1.7000000476837158
endloop
endfacet
facet normal 0 0 -1
outer loop
vertex 24.800315856933594 -42.66749954223633 1.7000000476837158
vertex 24.766061782836914 -42.83970642089844 1.7000000476837158
vertex 24.766061782836914 -42.49529266357422 1.7000000476837158
endloop
endfacet
facet normal 0 0 -1
outer loop
vertex 24.668514251708984 -42.349300384521484 1.7000000476837158
vertex 24.766061782836914 -42.49529266357422 1.7000000476837158
vertex 24.668514251708984 -42.985694885253906 1.7000000476837158
endloop
endfacet
facet normal 0 0 -1
outer loop
vertex 24.668514251708984 -42.349300384521484 1.7000000476837158
vertex 24.522523880004883 -43.08324432373047 1.7000000476837158
vertex 24.522523880004883 -42.25175476074219 1.7000000476837158
endloop
endfacet
facet normal 0 0 -1
outer loop
vertex 24.766061782836914 -42.83970642089844 1.7000000476837158
vertex 24.668514251708984 -42.985694885253906 1.7000000476837158
vertex 24.766061782836914 -42.49529266357422 1.7000000476837158
endloop
endfacet
facet normal 0 0 -1
outer loop
vertex 24.668514251708984 -42.985694885253906 1.7000000476837158
vertex 24.522523880004883 -43.08324432373047 1.7000000476837158
vertex 24.668514251708984 -42.349300384521484 1.7000000476837158
endloop
endfacet
facet normal 0 0 -1
outer loop
vertex 24.522523880004883 -43.08324432373047 1.7000000476837158
vertex 24.35031509399414 -43.11750030517578 1.7000000476837158
vertex 24.522523880004883 -42.25175476074219 1.7000000476837158
endloop
endfacet
facet normal 0 0 -1
outer loop
vertex 24.35031509399414 -42.217498779296875 1.7000000476837158
vertex 24.522523880004883 -42.25175476074219 1.7000000476837158
vertex 24.35031509399414 -43.11750030517578 1.7000000476837158
endloop
endfacet
facet normal 0.8314665660174577 0.5555747920803612 0
outer loop
vertex 24.03211784362793 -42.985694885253906 1.7000000476837158
vertex 24.03211784362793 -42.985694885253906 0
vertex 23.9345703125 -42.83970642089844 1.7000000476837158
endloop
endfacet
facet normal 0.5555772839934787 0.8314649009491799 0
outer loop
vertex 24.17810821533203 -43.08324432373047 1.7000000476837158
vertex 24.17810821533203 -43.08324432373047 0
vertex 24.03211784362793 -42.985694885253906 1.7000000476837158
endloop
endfacet
facet normal 0.1951007507126451 0.9807832059488795 0
outer loop
vertex 24.35031509399414 -43.11750030517578 1.7000000476837158
vertex 24.35031509399414 -43.11750030517578 0
vertex 24.17810821533203 -43.08324432373047 1.7000000476837158
endloop
endfacet
facet normal 0 0 -1
outer loop
vertex 24.35031509399414 -42.217498779296875 1.7000000476837158
vertex 24.17810821533203 -43.08324432373047 1.7000000476837158
vertex 24.17810821533203 -42.25175476074219 1.7000000476837158
endloop
endfacet
facet normal 0 0 -1
outer loop
vertex 24.35031509399414 -43.11750030517578 1.7000000476837158
vertex 24.17810821533203 -43.08324432373047 1.7000000476837158
vertex 24.35031509399414 -42.217498779296875 1.7000000476837158
endloop
endfacet
facet normal 0.8314732719568675 -0.5555647559208026 0
outer loop
vertex 23.9345703125 -42.49529266357422 1.7000000476837158
vertex 23.9345703125 -42.49529266357422 0
vertex 24.03211784362793 -42.349300384521484 1.7000000476837158
endloop
endfacet
facet normal 0 0 -1
outer loop
vertex 24.17810821533203 -42.25175476074219 1.7000000476837158
vertex 24.03211784362793 -42.985694885253906 1.7000000476837158
vertex 24.03211784362793 -42.349300384521484 1.7000000476837158
endloop
endfacet
facet normal 0 0 -1
outer loop
vertex 24.03211784362793 -42.349300384521484 1.7000000476837158
vertex 23.9345703125 -42.83970642089844 1.7000000476837158
vertex 23.9345703125 -42.49529266357422 1.7000000476837158
endloop
endfacet
facet normal 0 0 -1
outer loop
vertex 24.17810821533203 -43.08324432373047 1.7000000476837158
vertex 24.03211784362793 -42.985694885253906 1.7000000476837158
vertex 24.17810821533203 -42.25175476074219 1.7000000476837158
endloop
endfacet
facet normal 0 0 -1
outer loop
vertex 23.9345703125 -42.83970642089844 1.7000000476837158
vertex 23.90031623840332 -42.66749954223633 1.7000000476837158
vertex 23.9345703125 -42.49529266357422 1.7000000476837158
endloop
endfacet
facet normal 0 0 -1
outer loop
vertex 24.03211784362793 -42.985694885253906 1.7000000476837158
vertex 23.9345703125 -42.83970642089844 1.7000000476837158
vertex 24.03211784362793 -42.349300384521484 1.7000000476837158
endloop
endfacet
facet normal -0.1950986720690384 0.9807836194374872 0
outer loop
vertex 24.522523880004883 -43.08324432373047 1.7000000476837158
vertex 24.522523880004883 -43.08324432373047 0
vertex 24.35031509399414 -43.11750030517578 1.7000000476837158
endloop
endfacet
facet normal -0.5555772839934787 0.8314649009491799 0
outer loop
vertex 24.668514251708984 -42.985694885253906 1.7000000476837158
vertex 24.668514251708984 -42.985694885253906 0
vertex 24.522523880004883 -43.08324432373047 1.7000000476837158
endloop
endfacet
facet normal -0.8314665660174577 0.5555747920803612 0
outer loop
vertex 24.766061782836914 -42.83970642089844 1.7000000476837158
vertex 24.766061782836914 -42.83970642089844 0
vertex 24.668514251708984 -42.985694885253906 1.7000000476837158
endloop
endfacet
facet normal -0.9807852845629332 0.19509030110388895 0
outer loop
vertex 24.800315856933594 -42.66749954223633 1.7000000476837158
vertex 24.800315856933594 -42.66749954223633 0
vertex 24.766061782836914 -42.83970642089844 1.7000000476837158
endloop
endfacet
facet normal -0.9807852845629332 -0.19509030110388895 0
outer loop
vertex 24.766061782836914 -42.49529266357422 1.7000000476837158
vertex 24.766061782836914 -42.49529266357422 0
vertex 24.800315856933594 -42.66749954223633 1.7000000476837158
endloop
endfacet
facet normal 0.5555622638012966 -0.8314749371087372 0
outer loop
vertex 24.03211784362793 -42.349300384521484 1.7000000476837158
vertex 24.03211784362793 -42.349300384521484 0
vertex 24.17810821533203 -42.25175476074219 1.7000000476837158
endloop
endfacet
facet normal 0.1951007507126451 -0.9807832059488795 0
outer loop
vertex 24.17810821533203 -42.25175476074219 1.7000000476837158
vertex 24.17810821533203 -42.25175476074219 0
vertex 24.35031509399414 -42.217498779296875 1.7000000476837158
endloop
endfacet
facet normal -0.1950986720690384 -0.9807836194374872 0
outer loop
vertex 24.35031509399414 -42.217498779296875 1.7000000476837158
vertex 24.35031509399414 -42.217498779296875 0
vertex 24.522523880004883 -42.25175476074219 1.7000000476837158
endloop
endfacet
facet normal 0.8314665660174577 0.5555747920803612 0
outer loop
vertex 24.03211784362793 -42.985694885253906 0
vertex 23.9345703125 -42.83970642089844 0
vertex 23.9345703125 -42.83970642089844 1.7000000476837158
endloop
endfacet
facet normal -0.8314732719568675 -0.5555647559208026 0
outer loop
vertex 24.668514251708984 -42.349300384521484 1.7000000476837158
vertex 24.668514251708984 -42.349300384521484 0
vertex 24.766061782836914 -42.49529266357422 1.7000000476837158
endloop
endfacet
facet normal -0.5555622638012966 -0.8314749371087372 0
outer loop
vertex 24.522523880004883 -42.25175476074219 1.7000000476837158
vertex 24.522523880004883 -42.25175476074219 0
vertex 24.668514251708984 -42.349300384521484 1.7000000476837158
endloop
endfacet
facet normal 0.9807852845629332 -0.19509030110388895 0
outer loop
vertex 23.90031623840332 -42.66749954223633 0
vertex 23.9345703125 -42.49529266357422 0
vertex 23.9345703125 -42.49529266357422 1.7000000476837158
endloop
endfacet
facet normal 0.9807852845629332 0.19509030110388895 0
outer loop
vertex 23.9345703125 -42.83970642089844 0
vertex 23.90031623840332 -42.66749954223633 0
vertex 23.90031623840332 -42.66749954223633 1.7000000476837158
endloop
endfacet
facet normal -0.1950986720690384 0.9807836194374872 0
outer loop
vertex 24.522523880004883 -43.08324432373047 0
vertex 24.35031509399414 -43.11750030517578 0
vertex 24.35031509399414 -43.11750030517578 1.7000000476837158
endloop
endfacet
facet normal 0.19511181416277543 0.9807810051039698 0.0000011650554476545366
outer loop
vertex 24.225290298461914 -43.092628479003906 0
vertex 24.17810821533203 -43.08324432373047 1.7000000476837158
vertex 24.35031509399414 -43.11750030517578 0
endloop
endfacet
facet normal 0.1950714340206448 0.9807890372700591 0
outer loop
vertex 24.225290298461914 -43.092628479003906 0
vertex 24.17810821533203 -43.08324432373047 0
vertex 24.17810821533203 -43.08324432373047 1.7000000476837158
endloop
endfacet
facet normal 0.1950865255395363 -0.9807860355617386 0
outer loop
vertex 24.35031509399414 -42.217498779296875 1.7000000476837158
vertex 24.242687225341797 -42.23890686035156 0
vertex 24.35031509399414 -42.217498779296875 0
endloop
endfacet
facet normal -0.8314665660174577 0.5555747920803612 0
outer loop
vertex 24.766061782836914 -44.10970687866211 0
vertex 24.668514251708984 -44.25569534301758 0
vertex 24.668514251708984 -44.25569534301758 1.7000000476837158
endloop
endfacet
facet normal -0.9807852845629332 0.19509030110388895 0
outer loop
vertex 24.800315856933594 -43.9375 0
vertex 24.766061782836914 -44.10970687866211 0
vertex 24.766061782836914 -44.10970687866211 1.7000000476837158
endloop
endfacet
facet normal -0.9807861114401027 -0.19508614406513386 0
outer loop
vertex 24.766061782836914 -43.765289306640625 0
vertex 24.800315856933594 -43.9375 0
vertex 24.800315856933594 -43.9375 1.7000000476837158
endloop
endfacet
facet normal 0.19508750506300807 -0.9807858407258391 0
outer loop
vertex 24.35031509399414 -43.48749923706055 1.7000000476837158
vertex 24.21670150756836 -43.514076232910156 0
vertex 24.35031509399414 -43.48749923706055 0
endloop
endfacet
facet normal 0.19505335355501668 -0.9807926331590973 0.0000027903692953154254
outer loop
vertex 24.17810821533203 -43.521751403808594 0
vertex 24.21670150756836 -43.514076232910156 0
vertex 24.35031509399414 -43.48749923706055 1.7000000476837158
endloop
endfacet
facet normal 0.5555772839934787 -0.8314649009491799 0
outer loop
vertex 24.03211784362793 -43.619300842285156 0
vertex 24.17810821533203 -43.521751403808594 0
vertex 24.17810821533203 -43.521751403808594 1.7000000476837158
endloop
endfacet
facet normal 0.8314665660174577 -0.5555747920803612 0
outer loop
vertex 23.9345703125 -43.765289306640625 0
vertex 24.03211784362793 -43.619300842285156 0
vertex 24.03211784362793 -43.619300842285156 1.7000000476837158
endloop
endfacet
facet normal 0.9807861114401027 -0.19508614406513386 0
outer loop
vertex 23.90031623840332 -43.9375 0
vertex 23.9345703125 -43.765289306640625 0
vertex 23.9345703125 -43.765289306640625 1.7000000476837158
endloop
endfacet
facet normal 0.9807852845629332 0.19509030110388895 0
outer loop
vertex 23.9345703125 -44.10970687866211 0
vertex 23.90031623840332 -43.9375 0
vertex 23.90031623840332 -43.9375 1.7000000476837158
endloop
endfacet
facet normal 0 0 -1
outer loop
vertex 24.17810821533203 -44.35324478149414 1.7000000476837158
vertex 24.03211784362793 -44.25569534301758 1.7000000476837158
vertex 24.17810821533203 -43.521751403808594 1.7000000476837158
endloop
endfacet
facet normal 0 0 -1
outer loop
vertex 24.03211784362793 -44.25569534301758 1.7000000476837158
vertex 23.9345703125 -44.10970687866211 1.7000000476837158
vertex 24.03211784362793 -43.619300842285156 1.7000000476837158
endloop
endfacet
facet normal 0 0 -1
outer loop
vertex 23.9345703125 -44.10970687866211 1.7000000476837158
vertex 23.90031623840332 -43.9375 1.7000000476837158
vertex 23.9345703125 -43.765289306640625 1.7000000476837158
endloop
endfacet
facet normal 0 0 -1
outer loop
vertex 24.03211784362793 -43.619300842285156 1.7000000476837158
vertex 23.9345703125 -44.10970687866211 1.7000000476837158
vertex 23.9345703125 -43.765289306640625 1.7000000476837158
endloop
endfacet
facet normal 0 0 -1
outer loop
vertex 24.35031509399414 -44.38749694824219 1.7000000476837158
vertex 24.17810821533203 -44.35324478149414 1.7000000476837158
vertex 24.35031509399414 -43.48749923706055 1.7000000476837158
endloop
endfacet
facet normal 0 0 -1
outer loop
vertex 24.17810821533203 -43.521751403808594 1.7000000476837158
vertex 24.03211784362793 -44.25569534301758 1.7000000476837158
vertex 24.03211784362793 -43.619300842285156 1.7000000476837158
endloop
endfacet
facet normal 0 0 -1
outer loop
vertex 24.35031509399414 -43.48749923706055 1.7000000476837158
vertex 24.17810821533203 -44.35324478149414 1.7000000476837158
vertex 24.17810821533203 -43.521751403808594 1.7000000476837158
endloop
endfacet
facet normal 0 0 -1
outer loop
vertex 24.35031509399414 -44.38749694824219 1.7000000476837158
vertex 24.35031509399414 -43.48749923706055 1.7000000476837158
vertex 24.522523880004883 -43.521751403808594 1.7000000476837158
endloop
endfacet
facet normal -0.5555772839934787 -0.8314649009491799 0
outer loop
vertex 24.522523880004883 -43.521751403808594 1.7000000476837158
vertex 24.522523880004883 -43.521751403808594 0
vertex 24.668514251708984 -43.619300842285156 1.7000000476837158
endloop
endfacet
facet normal -0.8314665660174577 -0.5555747920803612 0
outer loop
vertex 24.668514251708984 -43.619300842285156 1.7000000476837158
vertex 24.668514251708984 -43.619300842285156 0
vertex 24.766061782836914 -43.765289306640625 1.7000000476837158
endloop
endfacet
facet normal -0.9807861114401027 -0.19508614406513386 0
outer loop
vertex 24.766061782836914 -43.765289306640625 1.7000000476837158
vertex 24.766061782836914 -43.765289306640625 0
vertex 24.800315856933594 -43.9375 1.7000000476837158
endloop
endfacet
facet normal -0.9807852845629332 0.19509030110388895 0
outer loop
vertex 24.800315856933594 -43.9375 1.7000000476837158
vertex 24.800315856933594 -43.9375 0
vertex 24.766061782836914 -44.10970687866211 1.7000000476837158
endloop
endfacet
facet normal -0.8314665660174577 0.5555747920803612 0
outer loop
vertex 24.766061782836914 -44.10970687866211 1.7000000476837158
vertex 24.766061782836914 -44.10970687866211 0
vertex 24.668514251708984 -44.25569534301758 1.7000000476837158
endloop
endfacet
facet normal -0.8314665660174577 -0.5555747920803612 0
outer loop
vertex 24.668514251708984 -43.619300842285156 0
vertex 24.766061782836914 -43.765289306640625 0
vertex 24.766061782836914 -43.765289306640625 1.7000000476837158
endloop
endfacet
facet normal -0.5555772839934787 -0.8314649009491799 0
outer loop
vertex 24.522523880004883 -43.521751403808594 0
vertex 24.668514251708984 -43.619300842285156 0
vertex 24.668514251708984 -43.619300842285156 1.7000000476837158
endloop
endfacet
facet normal -0.19507777299013523 -0.9807877764762413 0
outer loop
vertex 24.35031509399414 -43.48749923706055 1.7000000476837158
vertex 24.35031509399414 -43.48749923706055 0
vertex 24.522523880004883 -43.521751403808594 1.7000000476837158
endloop
endfacet
facet normal 0 0 -1
outer loop
vertex 24.522523880004883 -44.35324478149414 1.7000000476837158
vertex 24.35031509399414 -44.38749694824219 1.7000000476837158
vertex 24.522523880004883 -43.521751403808594 1.7000000476837158
endloop
endfacet
facet normal 0 0 -1
outer loop
vertex 24.668514251708984 -44.25569534301758 1.7000000476837158
vertex 24.522523880004883 -44.35324478149414 1.7000000476837158
vertex 24.668514251708984 -43.619300842285156 1.7000000476837158
endloop
endfacet
facet normal 0 0 -1
outer loop
vertex 24.766061782836914 -44.10970687866211 1.7000000476837158
vertex 24.668514251708984 -44.25569534301758 1.7000000476837158
vertex 24.766061782836914 -43.765289306640625 1.7000000476837158
endloop
endfacet
facet normal 0 0 -1
outer loop
vertex 24.522523880004883 -43.521751403808594 1.7000000476837158
vertex 24.668514251708984 -43.619300842285156 1.7000000476837158
vertex 24.522523880004883 -44.35324478149414 1.7000000476837158
endloop
endfacet
facet normal 0 0 -1
outer loop
vertex 24.766061782836914 -43.765289306640625 1.7000000476837158
vertex 24.668514251708984 -44.25569534301758 1.7000000476837158
vertex 24.668514251708984 -43.619300842285156 1.7000000476837158
endloop
endfacet
facet normal 0 0 -1
outer loop
vertex 24.800315856933594 -43.9375 1.7000000476837158
vertex 24.766061782836914 -44.10970687866211 1.7000000476837158
vertex 24.766061782836914 -43.765289306640625 1.7000000476837158
endloop
endfacet
facet normal 0.1950798514286955 -0.9807873630744628 0
outer loop
vertex 24.17810821533203 -43.521751403808594 1.7000000476837158
vertex 24.17810821533203 -43.521751403808594 0
vertex 24.35031509399414 -43.48749923706055 1.7000000476837158
endloop
endfacet
facet normal 0.5555772839934787 -0.8314649009491799 0
outer loop
vertex 24.03211784362793 -43.619300842285156 1.7000000476837158
vertex 24.03211784362793 -43.619300842285156 0
vertex 24.17810821533203 -43.521751403808594 1.7000000476837158
endloop
endfacet
facet normal 0.8314665660174577 -0.5555747920803612 0
outer loop
vertex 23.9345703125 -43.765289306640625 1.7000000476837158
vertex 23.9345703125 -43.765289306640625 0
vertex 24.03211784362793 -43.619300842285156 1.7000000476837158
endloop
endfacet
facet normal 0.9807861114401027 -0.19508614406513386 0
outer loop
vertex 23.90031623840332 -43.9375 1.7000000476837158
vertex 23.90031623840332 -43.9375 0
vertex 23.9345703125 -43.765289306640625 1.7000000476837158
endloop
endfacet
facet normal 0.9807852845629332 0.19509030110388895 0
outer loop
vertex 23.9345703125 -44.10970687866211 1.7000000476837158
vertex 23.9345703125 -44.10970687866211 0
vertex 23.90031623840332 -43.9375 1.7000000476837158
endloop
endfacet
facet normal 0.8314665660174577 0.5555747920803612 0
outer loop
vertex 24.03211784362793 -44.25569534301758 0
vertex 23.9345703125 -44.10970687866211 0
vertex 23.9345703125 -44.10970687866211 1.7000000476837158
endloop
endfacet
facet normal -0.5555772839934787 0.8314649009491799 0
outer loop
vertex 24.668514251708984 -44.25569534301758 0
vertex 24.522523880004883 -44.35324478149414 1.7000000476837158
vertex 24.668514251708984 -44.25569534301758 1.7000000476837158
endloop
endfacet
facet normal -0.19507777299013523 0.9807877764762413 0
outer loop
vertex 24.522523880004883 -44.35324478149414 1.7000000476837158
vertex 24.522523880004883 -44.35324478149414 0
vertex 24.35031509399414 -44.38749694824219 1.7000000476837158
endloop
endfacet
facet normal 0.1950798514286955 0.9807873630744628 0
outer loop
vertex 24.35031509399414 -44.38749694824219 1.7000000476837158
vertex 24.35031509399414 -44.38749694824219 0
vertex 24.17810821533203 -44.35324478149414 1.7000000476837158
endloop
endfacet
facet normal 0.5555705774157442 0.8314548640305505 0.004913510951976703
outer loop
vertex 24.17810821533203 -44.35324478149414 1.7000000476837158
vertex 24.199514389038086 -44.35750198364258 0
vertex 24.03211784362793 -44.25569534301758 1.7000000476837158
endloop
endfacet
facet normal -0.5555772839934787 0.8314649009491799 0
outer loop
vertex 24.668514251708984 -44.25569534301758 0
vertex 24.522523880004883 -44.35324478149414 0
vertex 24.522523880004883 -44.35324478149414 1.7000000476837158
endloop
endfacet
facet normal -0.19507777299013523 0.9807877764762413 0
outer loop
vertex 24.522523880004883 -44.35324478149414 0
vertex 24.35031509399414 -44.38749694824219 0
vertex 24.35031509399414 -44.38749694824219 1.7000000476837158
endloop
endfacet
facet normal 0.19508306076265752 0.9807867247283475 3.3796123861972343e-7
outer loop
vertex 24.35031509399414 -44.38749694824219 0
vertex 24.199514389038086 -44.35750198364258 0
vertex 24.17810821533203 -44.35324478149414 1.7000000476837158
endloop
endfacet
facet normal 0.8314665660174577 0.5555747920803612 0
outer loop
vertex 24.03211784362793 -44.25569534301758 1.7000000476837158
vertex 24.03211784362793 -44.25569534301758 0
vertex 23.9345703125 -44.10970687866211 1.7000000476837158
endloop
endfacet
facet normal 0.5196232461207948 0.8543955068297631 0
outer loop
vertex 24.199514389038086 -44.35750198364258 0
vertex 24.03211784362793 -44.25569534301758 0
vertex 24.03211784362793 -44.25569534301758 1.7000000476837158
endloop
endfacet
facet normal -0.19507777299013523 -0.9807877764762413 0
outer loop
vertex 24.35031509399414 -43.48749923706055 0
vertex 24.522523880004883 -43.521751403808594 0
vertex 24.522523880004883 -43.521751403808594 1.7000000476837158
endloop
endfacet
facet normal 0.9807861114401027 -0.19508614406513386 0
outer loop
vertex 23.90031623840332 -45.20750045776367 1.7000000476837158
vertex 23.90031623840332 -45.20750045776367 0
vertex 23.9345703125 -45.0352897644043 1.7000000476837158
endloop
endfacet
facet normal -0.5555772839934787 0.8314649009491799 0
outer loop
vertex 24.668514251708984 -45.52569580078125 1.7000000476837158
vertex 24.668514251708984 -45.52569580078125 0
vertex 24.522523880004883 -45.62324523925781 1.7000000476837158
endloop
endfacet
facet normal -0.9807852845629332 0.19509030110388895 0
outer loop
vertex 24.800315856933594 -45.20750045776367 1.7000000476837158
vertex 24.800315856933594 -45.20750045776367 0
vertex 24.766061782836914 -45.37970733642578 1.7000000476837158
endloop
endfacet
facet normal 0 0 -1
outer loop
vertex 24.766061782836914 -45.0352897644043 1.7000000476837158
vertex 24.668514251708984 -45.52569580078125 1.7000000476837158
vertex 24.668514251708984 -44.88930130004883 1.7000000476837158
endloop
endfacet
facet normal 0 0 -1
outer loop
vertex 24.668514251708984 -44.88930130004883 1.7000000476837158
vertex 24.522523880004883 -45.62324523925781 1.7000000476837158
vertex 24.522523880004883 -44.791751861572266 1.7000000476837158
endloop
endfacet
facet normal 0 0 -1
outer loop
vertex 24.800315856933594 -45.20750045776367 1.7000000476837158
vertex 24.766061782836914 -45.37970733642578 1.7000000476837158
vertex 24.766061782836914 -45.0352897644043 1.7000000476837158
endloop
endfacet
facet normal 0 0 -1
outer loop
vertex 24.766061782836914 -45.37970733642578 1.7000000476837158
vertex 24.668514251708984 -45.52569580078125 1.7000000476837158
vertex 24.766061782836914 -45.0352897644043 1.7000000476837158
endloop
endfacet
facet normal 0 0 -1
outer loop
vertex 24.668514251708984 -45.52569580078125 1.7000000476837158
vertex 24.522523880004883 -45.62324523925781 1.7000000476837158
vertex 24.668514251708984 -44.88930130004883 1.7000000476837158
endloop
endfacet
facet normal 0 0 -1
outer loop
vertex 24.522523880004883 -45.62324523925781 1.7000000476837158
vertex 24.35031509399414 -45.65749740600586 1.7000000476837158
vertex 24.522523880004883 -44.791751861572266 1.7000000476837158
endloop
endfacet
facet normal 0 0 -1
outer loop
vertex 24.35031509399414 -44.75749969482422 1.7000000476837158
vertex 24.522523880004883 -44.791751861572266 1.7000000476837158
vertex 24.35031509399414 -45.65749740600586 1.7000000476837158
endloop
endfacet
facet normal 0 0 -1
outer loop
vertex 24.35031509399414 -44.75749969482422 1.7000000476837158
vertex 24.17810821533203 -45.62324523925781 1.7000000476837158
vertex 24.17810821533203 -44.791751861572266 1.7000000476837158
endloop
endfacet
facet normal 0 0 -1
outer loop
vertex 24.17810821533203 -44.791751861572266 1.7000000476837158
vertex 24.03211784362793 -45.52569580078125 1.7000000476837158
vertex 24.03211784362793 -44.88930130004883 1.7000000476837158
endloop
endfacet
facet normal 0 0 -1
outer loop
vertex 24.03211784362793 -44.88930130004883 1.7000000476837158
vertex 23.9345703125 -45.37970733642578 1.7000000476837158
vertex 23.9345703125 -45.0352897644043 1.7000000476837158
endloop
endfacet
facet normal 0 0 -1
outer loop
vertex 24.35031509399414 -45.65749740600586 1.7000000476837158
vertex 24.17810821533203 -45.62324523925781 1.7000000476837158
vertex 24.35031509399414 -44.75749969482422 1.7000000476837158
endloop
endfacet
facet normal 0 0 -1
outer loop
vertex 24.17810821533203 -45.62324523925781 1.7000000476837158
vertex 24.03211784362793 -45.52569580078125 1.7000000476837158
vertex 24.17810821533203 -44.791751861572266 1.7000000476837158
endloop
endfacet
facet normal 0 0 -1
outer loop
vertex 23.9345703125 -45.37970733642578 1.7000000476837158
vertex 23.90031623840332 -45.20750045776367 1.7000000476837158
vertex 23.9345703125 -45.0352897644043 1.7000000476837158
endloop
endfacet
facet normal 0 0 -1
outer loop
vertex 24.03211784362793 -45.52569580078125 1.7000000476837158
vertex 23.9345703125 -45.37970733642578 1.7000000476837158
vertex 24.03211784362793 -44.88930130004883 1.7000000476837158
endloop
endfacet
facet normal -0.9807861114401027 -0.19508614406513386 0
outer loop
vertex 24.766061782836914 -45.0352897644043 1.7000000476837158
vertex 24.766061782836914 -45.0352897644043 0
vertex 24.800315856933594 -45.20750045776367 1.7000000476837158
endloop
endfacet
facet normal -0.8314665660174577 -0.5555747920803612 0
outer loop
vertex 24.668514251708984 -44.88930130004883 1.7000000476837158
vertex 24.668514251708984 -44.88930130004883 0
vertex 24.766061782836914 -45.0352897644043 1.7000000476837158
endloop
endfacet
facet normal -0.5555772839934787 -0.8314649009491799 0
outer loop
vertex 24.522523880004883 -44.791751861572266 1.7000000476837158
vertex 24.522523880004883 -44.791751861572266 0
vertex 24.668514251708984 -44.88930130004883 1.7000000476837158
endloop
endfacet
facet normal -0.8314665660174577 0.5555747920803612 0
outer loop
vertex 24.766061782836914 -45.37970733642578 1.7000000476837158
vertex 24.766061782836914 -45.37970733642578 0
vertex 24.668514251708984 -45.52569580078125 1.7000000476837158
endloop
endfacet
facet normal -0.19507777299013523 0.9807877764762413 0
outer loop
vertex 24.522523880004883 -45.62324523925781 1.7000000476837158
vertex 24.522523880004883 -45.62324523925781 0
vertex 24.35031509399414 -45.65749740600586 1.7000000476837158
endloop
endfacet
facet normal -0.19507777299013523 -0.9807877764762413 0
outer loop
vertex 24.35031509399414 -44.75749969482422 1.7000000476837158
vertex 24.35031509399414 -44.75749969482422 0
vertex 24.522523880004883 -44.791751861572266 1.7000000476837158
endloop
endfacet
facet normal 0.1950798514286313 -0.9807873630741399 8.114341775637459e-7
outer loop
vertex 24.17810821533203 -44.791751861572266 1.7000000476837158
vertex 24.190715789794922 -44.78924560546875 0
vertex 24.35031509399414 -44.75749969482422 1.7000000476837158
endloop
endfacet
facet normal 0.5555772839934787 -0.8314649009491799 0
outer loop
vertex 24.03211784362793 -44.88930130004883 1.7000000476837158
vertex 24.03211784362793 -44.88930130004883 0
vertex 24.17810821533203 -44.791751861572266 1.7000000476837158
endloop
endfacet
facet normal 0.8314665660174577 -0.5555747920803612 0
outer loop
vertex 23.9345703125 -45.0352897644043 1.7000000476837158
vertex 23.9345703125 -45.0352897644043 0
vertex 24.03211784362793 -44.88930130004883 1.7000000476837158
endloop
endfacet
facet normal 0.1950798514286955 0.9807873630744628 0
outer loop
vertex 24.35031509399414 -45.65749740600586 1.7000000476837158
vertex 24.35031509399414 -45.65749740600586 0
vertex 24.17810821533203 -45.62324523925781 1.7000000476837158
endloop
endfacet
facet normal 0.9807852845629332 0.19509030110388895 0
outer loop
vertex 23.9345703125 -45.37970733642578 1.7000000476837158
vertex 23.9345703125 -45.37970733642578 0
vertex 23.90031623840332 -45.20750045776367 1.7000000476837158
endloop
endfacet
facet normal 0.5555772839933265 0.8314649009489521 -7.401015424586004e-7
outer loop
vertex 24.17810821533203 -45.62324523925781 1.7000000476837158
vertex 24.173778533935547 -45.62035369873047 0
vertex 24.03211784362793 -45.52569580078125 1.7000000476837158
endloop
endfacet
facet normal 0.8314665660174577 0.5555747920803612 0
outer loop
vertex 24.03211784362793 -45.52569580078125 1.7000000476837158
vertex 24.03211784362793 -45.52569580078125 0
vertex 23.9345703125 -45.37970733642578 1.7000000476837158
endloop
endfacet
facet normal -0.9807861114401027 -0.19508614406513386 0
outer loop
vertex 24.800315856933594 -45.20750045776367 0
vertex 24.800315856933594 -45.20750045776367 1.7000000476837158
vertex 24.766061782836914 -45.0352897644043 0
endloop
endfacet
facet normal -0.5555772839934787 -0.8314649009491799 0
outer loop
vertex 24.522523880004883 -44.791751861572266 0
vertex 24.668514251708984 -44.88930130004883 0
vertex 24.668514251708984 -44.88930130004883 1.7000000476837158
endloop
endfacet
facet normal -0.19507777299013523 -0.9807877764762413 0
outer loop
vertex 24.35031509399414 -44.75749969482422 0
vertex 24.522523880004883 -44.791751861572266 0
vertex 24.522523880004883 -44.791751861572266 1.7000000476837158
endloop
endfacet
facet normal -0.8314665660174577 -0.5555747920803612 0
outer loop
vertex 24.668514251708984 -44.88930130004883 0
vertex 24.766061782836914 -45.0352897644043 0
vertex 24.766061782836914 -45.0352897644043 1.7000000476837158
endloop
endfacet
facet normal -0.9807852845629332 0.19509030110388895 0
outer loop
vertex 24.766061782836914 -45.37970733642578 0
vertex 24.766061782836914 -45.37970733642578 1.7000000476837158
vertex 24.800315856933594 -45.20750045776367 0
endloop
endfacet
facet normal -0.8314665660174577 0.5555747920803612 0
outer loop
vertex 24.668514251708984 -45.52569580078125 0
vertex 24.668514251708984 -45.52569580078125 1.7000000476837158
vertex 24.766061782836914 -45.37970733642578 0
endloop
endfacet
facet normal -0.5555772839934787 0.8314649009491799 0
outer loop
vertex 24.668514251708984 -45.52569580078125 0
vertex 24.522523880004883 -45.62324523925781 0
vertex 24.522523880004883 -45.62324523925781 1.7000000476837158
endloop
endfacet
facet normal 0.5555834240944973 0.8314607981567343 0
outer loop
vertex 24.173778533935547 -45.62035369873047 0
vertex 24.03211784362793 -45.52569580078125 0
vertex 24.03211784362793 -45.52569580078125 1.7000000476837158
endloop
endfacet
facet normal 0.9807852845629332 0.19509030110388895 0
outer loop
vertex 23.9345703125 -45.37970733642578 0
vertex 23.90031623840332 -45.20750045776367 0
vertex 23.90031623840332 -45.20750045776367 1.7000000476837158
endloop
endfacet
facet normal 0.19508816561708436 -0.9807857093352049 0
outer loop
vertex 24.190715789794922 -44.78924560546875 0
vertex 24.35031509399414 -44.75749969482422 0
vertex 24.35031509399414 -44.75749969482422 1.7000000476837158
endloop
endfacet
facet normal 0.5335661851269723 -0.8457539719297891 0.00271017601553877
outer loop
vertex 24.03211784362793 -44.88930130004883 0
vertex 24.190715789794922 -44.78924560546875 0
vertex 24.17810821533203 -44.791751861572266 1.7000000476837158
endloop
endfacet
facet normal 0.8314665660174577 -0.5555747920803612 0
outer loop
vertex 23.9345703125 -45.0352897644043 0
vertex 24.03211784362793 -44.88930130004883 0
vertex 24.03211784362793 -44.88930130004883 1.7000000476837158
endloop
endfacet
facet normal 0.9807861114401027 -0.19508614406513386 0
outer loop
vertex 23.90031623840332 -45.20750045776367 0
vertex 23.9345703125 -45.0352897644043 0
vertex 23.9345703125 -45.0352897644043 1.7000000476837158
endloop
endfacet
facet normal -0.19507777299013523 0.9807877764762413 0
outer loop
vertex 24.522523880004883 -45.62324523925781 0
vertex 24.35031509399414 -45.65749740600586 0
vertex 24.35031509399414 -45.65749740600586 1.7000000476837158
endloop
endfacet
facet normal 0.2058941854320815 0.9785735969421657 0.0011400758446318707
outer loop
vertex 24.35031509399414 -45.65749740600586 0
vertex 24.173778533935547 -45.62035369873047 0
vertex 24.17810821533203 -45.62324523925781 1.7000000476837158
endloop
endfacet
facet normal 0.8314665660174577 0.5555747920803612 0
outer loop
vertex 24.03211784362793 -45.52569580078125 0
vertex 23.9345703125 -45.37970733642578 0
vertex 23.9345703125 -45.37970733642578 1.7000000476837158
endloop
endfacet
facet normal -0.9807852845629332 -0.19509030110388895 0
outer loop
vertex 24.80006217956543 -46.47749710083008 0
vertex 24.80006217956543 -46.47749710083008 1.7000000476837158
vertex 24.76580810546875 -46.30529022216797 0
endloop
endfacet
facet normal -0.1950798514286955 0.9807873630744628 0
outer loop
vertex 24.522268295288086 -46.893245697021484 1.7000000476837158
vertex 24.522268295288086 -46.893245697021484 0
vertex 24.350061416625977 -46.92749786376953 1.7000000476837158
endloop
endfacet
facet normal 0.8314665660174577 -0.5555747920803612 0
outer loop
vertex 23.934316635131836 -46.30529022216797 1.7000000476837158
vertex 23.934316635131836 -46.30529022216797 0
vertex 24.031864166259766 -46.1593017578125 1.7000000476837158
endloop
endfacet
facet normal 0.9807832059488795 -0.1951007507126451 0
outer loop
vertex 23.900060653686523 -46.47749710083008 1.7000000476837158
vertex 23.900060653686523 -46.47749710083008 0
vertex 23.934316635131836 -46.30529022216797 1.7000000476837158
endloop
endfacet
facet normal 0.1950798514286955 0.9807873630744628 0
outer loop
vertex 24.350061416625977 -46.92749786376953 1.7000000476837158
vertex 24.350061416625977 -46.92749786376953 0
vertex 24.177854537963867 -46.893245697021484 1.7000000476837158
endloop
endfacet
facet normal 0.9807840329128791 0.19509659346884756 0
outer loop
vertex 23.934316635131836 -46.64970779418945 1.7000000476837158
vertex 23.934316635131836 -46.64970779418945 0
vertex 23.900060653686523 -46.47749710083008 1.7000000476837158
endloop
endfacet
facet normal 0.8314665660174577 0.5555747920803612 0
outer loop
vertex 24.031864166259766 -46.79569625854492 1.7000000476837158
vertex 24.031864166259766 -46.79569625854492 0
vertex 23.934316635131836 -46.64970779418945 1.7000000476837158
endloop
endfacet
facet normal 0.5555772839934787 0.8314649009491799 0
outer loop
vertex 24.177854537963867 -46.893245697021484 1.7000000476837158
vertex 24.177854537963867 -46.893245697021484 0
vertex 24.031864166259766 -46.79569625854492 1.7000000476837158
endloop
endfacet
facet normal -0.5555772839934787 0.8314649009491799 0
outer loop
vertex 24.668258666992188 -46.79569625854492 1.7000000476837158
vertex 24.668258666992188 -46.79569625854492 0
vertex 24.522268295288086 -46.893245697021484 1.7000000476837158
endloop
endfacet
facet normal -0.8314615478636338 0.5555823021157262 0
outer loop
vertex 24.76580810546875 -46.64970779418945 1.7000000476837158
vertex 24.76580810546875 -46.64970779418945 0
vertex 24.668258666992188 -46.79569625854492 1.7000000476837158
endloop
endfacet
facet normal -0.8314615478636338 -0.5555823021157262 0
outer loop
vertex 24.668258666992188 -46.1593017578125 1.7000000476837158
vertex 24.668258666992188 -46.1593017578125 0
vertex 24.76580810546875 -46.30529022216797 1.7000000476837158
endloop
endfacet
facet normal -0.9807861114401027 0.19508614406513386 0
outer loop
vertex 24.80006217956543 -46.47749710083008 1.7000000476837158
vertex 24.80006217956543 -46.47749710083008 0
vertex 24.76580810546875 -46.64970779418945 1.7000000476837158
endloop
endfacet
facet normal -0.9807852845629332 -0.19509030110388895 0
outer loop
vertex 24.76580810546875 -46.30529022216797 1.7000000476837158
vertex 24.76580810546875 -46.30529022216797 0
vertex 24.80006217956543 -46.47749710083008 1.7000000476837158
endloop
endfacet
facet normal 0.19507859601316876 -0.9807810513222495 0.0035875820205294082
outer loop
vertex 24.177854537963867 -46.06175231933594 1.7000000476837158
vertex 24.16460418701172 -46.07060623168945 0
vertex 24.350061416625977 -46.02750015258789 1.7000000476837158
endloop
endfacet
facet normal -0.1950798514286955 -0.9807873630744628 0
outer loop
vertex 24.350061416625977 -46.02750015258789 1.7000000476837158
vertex 24.350061416625977 -46.02750015258789 0
vertex 24.522268295288086 -46.06175231933594 1.7000000476837158
endloop
endfacet
facet normal -0.1950798514286955 -0.9807873630744628 0
outer loop
vertex 24.350061416625977 -46.02750015258789 0
vertex 24.522268295288086 -46.06175231933594 0
vertex 24.522268295288086 -46.06175231933594 1.7000000476837158
endloop
endfacet
facet normal -0.5555772839934787 -0.8314649009491799 0
outer loop
vertex 24.522268295288086 -46.06175231933594 1.7000000476837158
vertex 24.522268295288086 -46.06175231933594 0
vertex 24.668258666992188 -46.1593017578125 1.7000000476837158
endloop
endfacet
facet normal 0 0 -1
outer loop
vertex 24.177854537963867 -46.893245697021484 1.7000000476837158
vertex 24.031864166259766 -46.79569625854492 1.7000000476837158
vertex 24.177854537963867 -46.06175231933594 1.7000000476837158
endloop
endfacet
facet normal 0 0 -1
outer loop
vertex 24.350061416625977 -46.92749786376953 1.7000000476837158
vertex 24.177854537963867 -46.893245697021484 1.7000000476837158
vertex 24.350061416625977 -46.02750015258789 1.7000000476837158
endloop
endfacet
facet normal 0 0 -1
outer loop
vertex 24.031864166259766 -46.79569625854492 1.7000000476837158
vertex 23.934316635131836 -46.64970779418945 1.7000000476837158
vertex 24.031864166259766 -46.1593017578125 1.7000000476837158
endloop
endfacet
facet normal 0.2263963561887864 -0.9740352611196579 0
outer loop
vertex 24.16460418701172 -46.07060623168945 0
vertex 24.350061416625977 -46.02750015258789 0
vertex 24.350061416625977 -46.02750015258789 1.7000000476837158
endloop
endfacet
facet normal 0 0 -1
outer loop
vertex 23.934316635131836 -46.64970779418945 1.7000000476837158
vertex 23.900060653686523 -46.47749710083008 1.7000000476837158
vertex 23.934316635131836 -46.30529022216797 1.7000000476837158
endloop
endfacet
facet normal 0.5555766414907157 -0.8314653302633193 7.981092153480124e-8
outer loop
vertex 24.16460418701172 -46.07060623168945 0
vertex 24.177854537963867 -46.06175231933594 1.7000000476837158
vertex 24.031864166259766 -46.1593017578125 0
endloop
endfacet
facet normal -0.5555772839934787 -0.8314649009491799 0
outer loop
vertex 24.522268295288086 -46.06175231933594 0
vertex 24.668258666992188 -46.1593017578125 0
vertex 24.668258666992188 -46.1593017578125 1.7000000476837158
endloop
endfacet
facet normal -0.8314615478636338 -0.5555823021157262 0
outer loop
vertex 24.668258666992188 -46.1593017578125 0
vertex 24.76580810546875 -46.30529022216797 0
vertex 24.76580810546875 -46.30529022216797 1.7000000476837158
endloop
endfacet
facet normal -0.9807861114401027 0.19508614406513386 0
outer loop
vertex 24.76580810546875 -46.64970779418945 0
vertex 24.76580810546875 -46.64970779418945 1.7000000476837158
vertex 24.80006217956543 -46.47749710083008 0
endloop
endfacet
facet normal -0.8314615478636338 0.5555823021157262 0
outer loop
vertex 24.668258666992188 -46.79569625854492 0
vertex 24.668258666992188 -46.79569625854492 1.7000000476837158
vertex 24.76580810546875 -46.64970779418945 0
endloop
endfacet
facet normal 0.5555741165939189 0.8314670173680292 0
outer loop
vertex 24.148242950439453 -46.87345886230469 0
vertex 24.031864166259766 -46.79569625854492 0
vertex 24.031864166259766 -46.79569625854492 1.7000000476837158
endloop
endfacet
facet normal 0.5555897321998104 0.8314565830347076 0.00000154630945984952
outer loop
vertex 24.177854537963867 -46.893245697021484 0
vertex 24.148242950439453 -46.87345886230469 0
vertex 24.031864166259766 -46.79569625854492 1.7000000476837158
endloop
endfacet
facet normal -0.5555772839934787 0.8314649009491799 0
outer loop
vertex 24.522268295288086 -46.893245697021484 0
vertex 24.522268295288086 -46.893245697021484 1.7000000476837158
vertex 24.668258666992188 -46.79569625854492 0
endloop
endfacet
facet normal 0.8314665660174577 -0.5555747920803612 0
outer loop
vertex 23.934316635131836 -46.30529022216797 0
vertex 24.031864166259766 -46.1593017578125 0
vertex 24.031864166259766 -46.1593017578125 1.7000000476837158
endloop
endfacet
facet normal 0 0 -1
outer loop
vertex 24.031864166259766 -46.1593017578125 1.7000000476837158
vertex 23.934316635131836 -46.64970779418945 1.7000000476837158
vertex 23.934316635131836 -46.30529022216797 1.7000000476837158
endloop
endfacet
facet normal 0.8314665660174577 0.5555747920803612 0
outer loop
vertex 24.031864166259766 -46.79569625854492 0
vertex 23.934316635131836 -46.64970779418945 0
vertex 23.934316635131836 -46.64970779418945 1.7000000476837158
endloop
endfacet
facet normal 0.1950798514286955 0.9807873630744628 0
outer loop
vertex 24.350061416625977 -46.92749786376953 0
vertex 24.177854537963867 -46.893245697021484 0
vertex 24.177854537963867 -46.893245697021484 1.7000000476837158
endloop
endfacet
facet normal -0.1950798514286955 0.9807873630744628 0
outer loop
vertex 24.350061416625977 -46.92749786376953 0
vertex 24.350061416625977 -46.92749786376953 1.7000000476837158
vertex 24.522268295288086 -46.893245697021484 0
endloop
endfacet
facet normal 0.9807840329128791 0.19509659346884756 0
outer loop
vertex 23.934316635131836 -46.64970779418945 0
vertex 23.900060653686523 -46.47749710083008 0
vertex 23.900060653686523 -46.47749710083008 1.7000000476837158
endloop
endfacet
facet normal 0.9807832059488795 -0.1951007507126451 0
outer loop
vertex 23.900060653686523 -46.47749710083008 0
vertex 23.934316635131836 -46.30529022216797 0
vertex 23.934316635131836 -46.30529022216797 1.7000000476837158
endloop
endfacet
facet normal 0 0 -1
outer loop
vertex 24.177854537963867 -46.06175231933594 1.7000000476837158
vertex 24.031864166259766 -46.79569625854492 1.7000000476837158
vertex 24.031864166259766 -46.1593017578125 1.7000000476837158
endloop
endfacet
facet normal 0 0 -1
outer loop
vertex 24.350061416625977 -46.02750015258789 1.7000000476837158
vertex 24.177854537963867 -46.893245697021484 1.7000000476837158
vertex 24.177854537963867 -46.06175231933594 1.7000000476837158
endloop
endfacet
facet normal 0 0 -1
outer loop
vertex 24.350061416625977 -46.02750015258789 1.7000000476837158
vertex 24.522268295288086 -46.06175231933594 1.7000000476837158
vertex 24.350061416625977 -46.92749786376953 1.7000000476837158
endloop
endfacet
facet normal 0 0 -1
outer loop
vertex 24.522268295288086 -46.893245697021484 1.7000000476837158
vertex 24.350061416625977 -46.92749786376953 1.7000000476837158
vertex 24.522268295288086 -46.06175231933594 1.7000000476837158
endloop
endfacet
facet normal 0 0 -1
outer loop
vertex 24.668258666992188 -46.79569625854492 1.7000000476837158
vertex 24.522268295288086 -46.893245697021484 1.7000000476837158
vertex 24.668258666992188 -46.1593017578125 1.7000000476837158
endloop
endfacet
facet normal 0 0 -1
outer loop
vertex 24.76580810546875 -46.64970779418945 1.7000000476837158
vertex 24.668258666992188 -46.79569625854492 1.7000000476837158
vertex 24.76580810546875 -46.30529022216797 1.7000000476837158
endloop
endfacet
facet normal 0 0 -1
outer loop
vertex 24.522268295288086 -46.06175231933594 1.7000000476837158
vertex 24.668258666992188 -46.1593017578125 1.7000000476837158
vertex 24.522268295288086 -46.893245697021484 1.7000000476837158
endloop
endfacet
facet normal 0 0 -1
outer loop
vertex 24.76580810546875 -46.30529022216797 1.7000000476837158
vertex 24.668258666992188 -46.79569625854492 1.7000000476837158
vertex 24.668258666992188 -46.1593017578125 1.7000000476837158
endloop
endfacet
facet normal 0 0 -1
outer loop
vertex 24.80006217956543 -46.47749710083008 1.7000000476837158
vertex 24.76580810546875 -46.64970779418945 1.7000000476837158
vertex 24.76580810546875 -46.30529022216797 1.7000000476837158
endloop
endfacet
facet normal 0.5555772839934787 -0.8314649009491799 0
outer loop
vertex 24.031864166259766 -46.1593017578125 1.7000000476837158
vertex 24.031864166259766 -46.1593017578125 0
vertex 24.177854537963867 -46.06175231933594 1.7000000476837158
endloop
endfacet
facet normal 0.5555823021157262 0.8314615478636338 0
outer loop
vertex 43.17781448364258 -43.08324432373047 0
vertex 43.03182601928711 -42.985694885253906 0
vertex 43.03182601928711 -42.985694885253906 1.7000000476837158
endloop
endfacet
facet normal 0.19509659346884756 0.9807840329128791 0
outer loop
vertex 43.35002517700195 -43.11750030517578 0
vertex 43.17781448364258 -43.08324432373047 0
vertex 43.17781448364258 -43.08324432373047 1.7000000476837158
endloop
endfacet
facet normal -0.1951007507126451 0.9807832059488795 0
outer loop
vertex 43.52223205566406 -43.08324432373047 0
vertex 43.35002517700195 -43.11750030517578 0
vertex 43.35002517700195 -43.11750030517578 1.7000000476837158
endloop
endfacet
facet normal -0.5555823021157262 0.8314615478636338 0
outer loop
vertex 43.66822052001953 -42.985694885253906 0
vertex 43.52223205566406 -43.08324432373047 0
vertex 43.52223205566406 -43.08324432373047 1.7000000476837158
endloop
endfacet
facet normal -0.8314615478636338 0.5555823021157262 0
outer loop
vertex 43.765769958496094 -42.83970642089844 0
vertex 43.66822052001953 -42.985694885253906 0
vertex 43.66822052001953 -42.985694885253906 1.7000000476837158
endloop
endfacet
facet normal -0.9807873630744628 0.1950798514286955 0
outer loop
vertex 43.80002212524414 -42.66749954223633 0
vertex 43.765769958496094 -42.83970642089844 0
vertex 43.765769958496094 -42.83970642089844 1.7000000476837158
endloop
endfacet
facet normal -0.9807873630744628 -0.1950798514286955 0
outer loop
vertex 43.765769958496094 -42.49529266357422 0
vertex 43.80002212524414 -42.66749954223633 0
vertex 43.80002212524414 -42.66749954223633 1.7000000476837158
endloop
endfacet
facet normal -0.8314682539438699 -0.5555722659416437 0
outer loop
vertex 43.66822052001953 -42.349300384521484 0
vertex 43.765769958496094 -42.49529266357422 0
vertex 43.765769958496094 -42.49529266357422 1.7000000476837158
endloop
endfacet
facet normal 0.8314682539438699 -0.5555722659416437 0
outer loop
vertex 42.93427658081055 -42.49529266357422 0
vertex 43.03182601928711 -42.349300384521484 0
vertex 43.03182601928711 -42.349300384521484 1.7000000476837158
endloop
endfacet
facet normal 0.5555672819090188 -0.8314715841640199 0
outer loop
vertex 43.03182601928711 -42.349300384521484 0
vertex 43.17781448364258 -42.25175476074219 0
vertex 43.17781448364258 -42.25175476074219 1.7000000476837158
endloop
endfacet
facet normal 0.19509659346884756 -0.9807840329128791 0
outer loop
vertex 43.17781448364258 -42.25175476074219 0
vertex 43.35002517700195 -42.217498779296875 0
vertex 43.35002517700195 -42.217498779296875 1.7000000476837158
endloop
endfacet
facet normal 0 0 -1
outer loop
vertex 43.66822052001953 -42.985694885253906 1.7000000476837158
vertex 43.52223205566406 -43.08324432373047 1.7000000476837158
vertex 43.66822052001953 -42.349300384521484 1.7000000476837158
endloop
endfacet
facet normal 0 0 -1
outer loop
vertex 43.52223205566406 -43.08324432373047 1.7000000476837158
vertex 43.35002517700195 -43.11750030517578 1.7000000476837158
vertex 43.52223205566406 -42.25175476074219 1.7000000476837158
endloop
endfacet
facet normal 0 0 -1
outer loop
vertex 43.35002517700195 -42.217498779296875 1.7000000476837158
vertex 43.17781448364258 -43.08324432373047 1.7000000476837158
vertex 43.17781448364258 -42.25175476074219 1.7000000476837158
endloop
endfacet
facet normal 0 0 -1
outer loop
vertex 43.17781448364258 -42.25175476074219 1.7000000476837158
vertex 43.03182601928711 -42.985694885253906 1.7000000476837158
vertex 43.03182601928711 -42.349300384521484 1.7000000476837158
endloop
endfacet
facet normal 0 0 -1
outer loop
vertex 43.35002517700195 -43.11750030517578 1.7000000476837158
vertex 43.17781448364258 -43.08324432373047 1.7000000476837158
vertex 43.35002517700195 -42.217498779296875 1.7000000476837158
endloop
endfacet
facet normal 0 0 -1
outer loop
vertex 43.17781448364258 -43.08324432373047 1.7000000476837158
vertex 43.03182601928711 -42.985694885253906 1.7000000476837158
vertex 43.17781448364258 -42.25175476074219 1.7000000476837158
endloop
endfacet
facet normal 0 0 -1
outer loop
vertex 43.03182601928711 -42.349300384521484 1.7000000476837158
vertex 42.93427658081055 -42.83970642089844 1.7000000476837158
vertex 42.93427658081055 -42.49529266357422 1.7000000476837158
endloop
endfacet
facet normal 0 0 -1
outer loop
vertex 43.03182601928711 -42.985694885253906 1.7000000476837158
vertex 42.93427658081055 -42.83970642089844 1.7000000476837158
vertex 43.03182601928711 -42.349300384521484 1.7000000476837158
endloop
endfacet
facet normal 0 0 -1
outer loop
vertex 42.93427658081055 -42.83970642089844 1.7000000476837158
vertex 42.9000244140625 -42.66749954223633 1.7000000476837158
vertex 42.93427658081055 -42.49529266357422 1.7000000476837158
endloop
endfacet
facet normal 0.9807873630744628 -0.1950798514286955 0
outer loop
vertex 42.9000244140625 -42.66749954223633 0
vertex 42.93427658081055 -42.49529266357422 0
vertex 42.93427658081055 -42.49529266357422 1.7000000476837158
endloop
endfacet
facet normal 0.9807873630744628 0.1950798514286955 0
outer loop
vertex 42.93427658081055 -42.83970642089844 0
vertex 42.9000244140625 -42.66749954223633 0
vertex 42.9000244140625 -42.66749954223633 1.7000000476837158
endloop
endfacet
facet normal 0.8314615478636338 0.5555823021157262 0
outer loop
vertex 43.03182601928711 -42.985694885253906 0
vertex 42.93427658081055 -42.83970642089844 0
vertex 42.93427658081055 -42.83970642089844 1.7000000476837158
endloop
endfacet
facet normal -0.8314682539438699 -0.5555722659416437 0
outer loop
vertex 43.66822052001953 -42.349300384521484 1.7000000476837158
vertex 43.66822052001953 -42.349300384521484 0
vertex 43.765769958496094 -42.49529266357422 1.7000000476837158
endloop
endfacet
facet normal -0.5555672819090188 -0.8314715841640199 0
outer loop
vertex 43.52223205566406 -42.25175476074219 1.7000000476837158
vertex 43.52223205566406 -42.25175476074219 0
vertex 43.66822052001953 -42.349300384521484 1.7000000476837158
endloop
endfacet
facet normal 0 0 -1
outer loop
vertex 43.66822052001953 -42.349300384521484 1.7000000476837158
vertex 43.52223205566406 -43.08324432373047 1.7000000476837158
vertex 43.52223205566406 -42.25175476074219 1.7000000476837158
endloop
endfacet
facet normal 0 0 -1
outer loop
vertex 43.765769958496094 -42.83970642089844 1.7000000476837158
vertex 43.66822052001953 -42.985694885253906 1.7000000476837158
vertex 43.765769958496094 -42.49529266357422 1.7000000476837158
endloop
endfacet
facet normal -0.1951007507126451 -0.9807832059488795 0
outer loop
vertex 43.35002517700195 -42.217498779296875 0
vertex 43.52223205566406 -42.25175476074219 0
vertex 43.52223205566406 -42.25175476074219 1.7000000476837158
endloop
endfacet
facet normal -0.1951007507126451 -0.9807832059488795 0
outer loop
vertex 43.35002517700195 -42.217498779296875 1.7000000476837158
vertex 43.35002517700195 -42.217498779296875 0
vertex 43.52223205566406 -42.25175476074219 1.7000000476837158
endloop
endfacet
facet normal 0 0 -1
outer loop
vertex 43.80002212524414 -42.66749954223633 1.7000000476837158
vertex 43.765769958496094 -42.83970642089844 1.7000000476837158
vertex 43.765769958496094 -42.49529266357422 1.7000000476837158
endloop
endfacet
facet normal 0.19509659346884756 -0.9807840329128791 0
outer loop
vertex 43.17781448364258 -42.25175476074219 1.7000000476837158
vertex 43.17781448364258 -42.25175476074219 0
vertex 43.35002517700195 -42.217498779296875 1.7000000476837158
endloop
endfacet
facet normal 0.5555672819090188 -0.8314715841640199 0
outer loop
vertex 43.03182601928711 -42.349300384521484 1.7000000476837158
vertex 43.03182601928711 -42.349300384521484 0
vertex 43.17781448364258 -42.25175476074219 1.7000000476837158
endloop
endfacet
facet normal -0.9807873630744628 -0.1950798514286955 0
outer loop
vertex 43.765769958496094 -42.49529266357422 1.7000000476837158
vertex 43.765769958496094 -42.49529266357422 0
vertex 43.80002212524414 -42.66749954223633 1.7000000476837158
endloop
endfacet
facet normal -0.5555672819090188 -0.8314715841640199 0
outer loop
vertex 43.52223205566406 -42.25175476074219 0
vertex 43.66822052001953 -42.349300384521484 0
vertex 43.66822052001953 -42.349300384521484 1.7000000476837158
endloop
endfacet
facet normal 0.8314615478636338 0.5555823021157262 0
outer loop
vertex 43.03182601928711 -42.985694885253906 1.7000000476837158
vertex 43.03182601928711 -42.985694885253906 0
vertex 42.93427658081055 -42.83970642089844 1.7000000476837158
endloop
endfacet
facet normal 0.9807873630744628 0.1950798514286955 0
outer loop
vertex 42.93427658081055 -42.83970642089844 1.7000000476837158
vertex 42.93427658081055 -42.83970642089844 0
vertex 42.9000244140625 -42.66749954223633 1.7000000476837158
endloop
endfacet
facet normal 0.9807873630744628 -0.1950798514286955 0
outer loop
vertex 42.9000244140625 -42.66749954223633 1.7000000476837158
vertex 42.9000244140625 -42.66749954223633 0
vertex 42.93427658081055 -42.49529266357422 1.7000000476837158
endloop
endfacet
facet normal 0.8314682539438699 -0.5555722659416437 0
outer loop
vertex 42.93427658081055 -42.49529266357422 1.7000000476837158
vertex 42.93427658081055 -42.49529266357422 0
vertex 43.03182601928711 -42.349300384521484 1.7000000476837158
endloop
endfacet
facet normal 0 0 -1
outer loop
vertex 43.66822052001953 -42.349300384521484 1.7000000476837158
vertex 43.765769958496094 -42.49529266357422 1.7000000476837158
vertex 43.66822052001953 -42.985694885253906 1.7000000476837158
endloop
endfacet
facet normal -0.9807873630744628 0.1950798514286955 0
outer loop
vertex 43.80002212524414 -42.66749954223633 1.7000000476837158
vertex 43.80002212524414 -42.66749954223633 0
vertex 43.765769958496094 -42.83970642089844 1.7000000476837158
endloop
endfacet
facet normal -0.8314615478636338 0.5555823021157262 0
outer loop
vertex 43.765769958496094 -42.83970642089844 1.7000000476837158
vertex 43.765769958496094 -42.83970642089844 0
vertex 43.66822052001953 -42.985694885253906 1.7000000476837158
endloop
endfacet
facet normal -0.5555823021157262 0.8314615478636338 0
outer loop
vertex 43.66822052001953 -42.985694885253906 1.7000000476837158
vertex 43.66822052001953 -42.985694885253906 0
vertex 43.52223205566406 -43.08324432373047 1.7000000476837158
endloop
endfacet
facet normal -0.1951007507126451 0.9807832059488795 0
outer loop
vertex 43.52223205566406 -43.08324432373047 1.7000000476837158
vertex 43.52223205566406 -43.08324432373047 0
vertex 43.35002517700195 -43.11750030517578 1.7000000476837158
endloop
endfacet
facet normal 0.19509659346884756 0.9807840329128791 0
outer loop
vertex 43.35002517700195 -43.11750030517578 1.7000000476837158
vertex 43.35002517700195 -43.11750030517578 0
vertex 43.17781448364258 -43.08324432373047 1.7000000476837158
endloop
endfacet
facet normal 0.5555823021157262 0.8314615478636338 0
outer loop
vertex 43.17781448364258 -43.08324432373047 1.7000000476837158
vertex 43.17781448364258 -43.08324432373047 0
vertex 43.03182601928711 -42.985694885253906 1.7000000476837158
endloop
endfacet
facet normal 0 0 -1
outer loop
vertex 43.52223205566406 -42.25175476074219 1.7000000476837158
vertex 43.35002517700195 -43.11750030517578 1.7000000476837158
vertex 43.35002517700195 -42.217498779296875 1.7000000476837158
endloop
endfacet
facet normal -0.8314615478636338 0.5555823021157262 0
outer loop
vertex 43.765769958496094 -44.10970687866211 1.7000000476837158
vertex 43.765769958496094 -44.10970687866211 0
vertex 43.66822052001953 -44.25569534301758 1.7000000476837158
endloop
endfacet
facet normal -0.9807881898648063 -0.19507569459498705 0
outer loop
vertex 43.765769958496094 -43.765289306640625 1.7000000476837158
vertex 43.765769958496094 -43.765289306640625 0
vertex 43.80002212524414 -43.9375 1.7000000476837158
endloop
endfacet
facet normal -0.9807873630744628 0.1950798514286955 0
outer loop
vertex 43.80002212524414 -43.9375 0
vertex 43.765769958496094 -44.10970687866211 0
vertex 43.765769958496094 -44.10970687866211 1.7000000476837158
endloop
endfacet
facet normal -0.8314615478636338 0.5555823021157262 0
outer loop
vertex 43.765769958496094 -44.10970687866211 0
vertex 43.66822052001953 -44.25569534301758 0
vertex 43.66822052001953 -44.25569534301758 1.7000000476837158
endloop
endfacet
facet normal -0.8314615478636338 -0.5555823021157262 0
outer loop
vertex 43.66822052001953 -43.619300842285156 1.7000000476837158
vertex 43.66822052001953 -43.619300842285156 0
vertex 43.765769958496094 -43.765289306640625 1.7000000476837158
endloop
endfacet
facet normal 0.19507569459498705 0.9807881898648063 0
outer loop
vertex 43.35002517700195 -44.38749694824219 1.7000000476837158
vertex 43.35002517700195 -44.38749694824219 0
vertex 43.17781448364258 -44.35324478149414 1.7000000476837158
endloop
endfacet
facet normal -0.5555823021157262 0.8314615478636338 0
outer loop
vertex 43.66822052001953 -44.25569534301758 0
vertex 43.52223205566406 -44.35324478149414 1.7000000476837158
vertex 43.66822052001953 -44.25569534301758 1.7000000476837158
endloop
endfacet
facet normal -0.1950798514286955 -0.9807873630744628 0
outer loop
vertex 43.35002517700195 -43.48749923706055 0
vertex 43.52223205566406 -43.521751403808594 0
vertex 43.52223205566406 -43.521751403808594 1.7000000476837158
endloop
endfacet
facet normal -0.5555823021157262 -0.8314615478636338 0
outer loop
vertex 43.52223205566406 -43.521751403808594 0
vertex 43.66822052001953 -43.619300842285156 0
vertex 43.66822052001953 -43.619300842285156 1.7000000476837158
endloop
endfacet
facet normal 0.19507569459498705 -0.9807881898648063 0
outer loop
vertex 43.17781448364258 -43.521751403808594 0
vertex 43.35002517700195 -43.48749923706055 0
vertex 43.35002517700195 -43.48749923706055 1.7000000476837158
endloop
endfacet
facet normal -0.1950798514286955 -0.9807873630744628 0
outer loop
vertex 43.35002517700195 -43.48749923706055 1.7000000476837158
vertex 43.35002517700195 -43.48749923706055 0
vertex 43.52223205566406 -43.521751403808594 1.7000000476837158
endloop
endfacet
facet normal 0.19507569459498705 -0.9807881898648063 0
outer loop
vertex 43.17781448364258 -43.521751403808594 1.7000000476837158
vertex 43.17781448364258 -43.521751403808594 0
vertex 43.35002517700195 -43.48749923706055 1.7000000476837158
endloop
endfacet
facet normal -0.9807881898648063 -0.19507569459498705 0
outer loop
vertex 43.765769958496094 -43.765289306640625 0
vertex 43.80002212524414 -43.9375 0
vertex 43.80002212524414 -43.9375 1.7000000476837158
endloop
endfacet
facet normal 0.5555823021157262 -0.8314615478636338 0
outer loop
vertex 43.03182601928711 -43.619300842285156 0
vertex 43.17781448364258 -43.521751403808594 0
vertex 43.17781448364258 -43.521751403808594 1.7000000476837158
endloop
endfacet
facet normal 0.5555823021157262 -0.8314615478636338 0
outer loop
vertex 43.03182601928711 -43.619300842285156 1.7000000476837158
vertex 43.03182601928711 -43.619300842285156 0
vertex 43.17781448364258 -43.521751403808594 1.7000000476837158
endloop
endfacet
facet normal 0.5555823021157262 0.8314615478636338 0
outer loop
vertex 43.17781448364258 -44.35324478149414 0
vertex 43.03182601928711 -44.25569534301758 0
vertex 43.03182601928711 -44.25569534301758 1.7000000476837158
endloop
endfacet
facet normal 0.8314615478636338 -0.5555823021157262 0
outer loop
vertex 42.93427658081055 -43.765289306640625 1.7000000476837158
vertex 42.93427658081055 -43.765289306640625 0
vertex 43.03182601928711 -43.619300842285156 1.7000000476837158
endloop
endfacet
facet normal 0.9807881898648063 -0.19507569459498705 0
outer loop
vertex 42.9000244140625 -43.9375 1.7000000476837158
vertex 42.9000244140625 -43.9375 0
vertex 42.93427658081055 -43.765289306640625 1.7000000476837158
endloop
endfacet
facet normal 0.8314615478636338 0.5555823021157262 0
outer loop
vertex 43.03182601928711 -44.25569534301758 1.7000000476837158
vertex 43.03182601928711 -44.25569534301758 0
vertex 42.93427658081055 -44.10970687866211 1.7000000476837158
endloop
endfacet
facet normal 0.9807873630744628 0.1950798514286955 0
outer loop
vertex 42.93427658081055 -44.10970687866211 1.7000000476837158
vertex 42.93427658081055 -44.10970687866211 0
vertex 42.9000244140625 -43.9375 1.7000000476837158
endloop
endfacet
facet normal 0 0 -1
outer loop
vertex 42.93427658081055 -44.10970687866211 1.7000000476837158
vertex 42.9000244140625 -43.9375 1.7000000476837158
vertex 42.93427658081055 -43.765289306640625 1.7000000476837158
endloop
endfacet
facet normal -0.5555823021157262 -0.8314615478636338 0
outer loop
vertex 43.52223205566406 -43.521751403808594 1.7000000476837158
vertex 43.52223205566406 -43.521751403808594 0
vertex 43.66822052001953 -43.619300842285156 1.7000000476837158
endloop
endfacet
facet normal 0 0 -1
outer loop
vertex 43.03182601928711 -44.25569534301758 1.7000000476837158
vertex 42.93427658081055 -44.10970687866211 1.7000000476837158
vertex 43.03182601928711 -43.619300842285156 1.7000000476837158
endloop
endfacet
facet normal 0 0 -1
outer loop
vertex 43.03182601928711 -43.619300842285156 1.7000000476837158
vertex 42.93427658081055 -44.10970687866211 1.7000000476837158
vertex 42.93427658081055 -43.765289306640625 1.7000000476837158
endloop
endfacet
facet normal 0 0 -1
outer loop
vertex 43.17781448364258 -44.35324478149414 1.7000000476837158
vertex 43.03182601928711 -44.25569534301758 1.7000000476837158
vertex 43.17781448364258 -43.521751403808594 1.7000000476837158
endloop
endfacet
facet normal 0 0 -1
outer loop
vertex 43.35002517700195 -44.38749694824219 1.7000000476837158
vertex 43.17781448364258 -44.35324478149414 1.7000000476837158
vertex 43.35002517700195 -43.48749923706055 1.7000000476837158
endloop
endfacet
facet normal 0 0 -1
outer loop
vertex 43.52223205566406 -44.35324478149414 1.7000000476837158
vertex 43.35002517700195 -44.38749694824219 1.7000000476837158
vertex 43.52223205566406 -43.521751403808594 1.7000000476837158
endloop
endfacet
facet normal 0.19507569459498705 0.9807881898648063 0
outer loop
vertex 43.35002517700195 -44.38749694824219 0
vertex 43.17781448364258 -44.35324478149414 0
vertex 43.17781448364258 -44.35324478149414 1.7000000476837158
endloop
endfacet
facet normal -0.1950798514286955 0.9807873630744628 0
outer loop
vertex 43.52223205566406 -44.35324478149414 0
vertex 43.35002517700195 -44.38749694824219 0
vertex 43.35002517700195 -44.38749694824219 1.7000000476837158
endloop
endfacet
facet normal 0 0 -1
outer loop
vertex 43.66822052001953 -44.25569534301758 1.7000000476837158
vertex 43.52223205566406 -44.35324478149414 1.7000000476837158
vertex 43.66822052001953 -43.619300842285156 1.7000000476837158
endloop
endfacet
facet normal 0 0 -1
outer loop
vertex 43.66822052001953 -43.619300842285156 1.7000000476837158
vertex 43.52223205566406 -44.35324478149414 1.7000000476837158
vertex 43.52223205566406 -43.521751403808594 1.7000000476837158
endloop
endfacet
facet normal 0.8314615478636338 -0.5555823021157262 0
outer loop
vertex 42.93427658081055 -43.765289306640625 0
vertex 43.03182601928711 -43.619300842285156 0
vertex 43.03182601928711 -43.619300842285156 1.7000000476837158
endloop
endfacet
facet normal 0.9807881898648063 -0.19507569459498705 0
outer loop
vertex 42.9000244140625 -43.9375 0
vertex 42.93427658081055 -43.765289306640625 0
vertex 42.93427658081055 -43.765289306640625 1.7000000476837158
endloop
endfacet
facet normal 0.9807873630744628 0.1950798514286955 0
outer loop
vertex 42.93427658081055 -44.10970687866211 0
vertex 42.9000244140625 -43.9375 0
vertex 42.9000244140625 -43.9375 1.7000000476837158
endloop
endfacet
facet normal -0.5555823021157262 0.8314615478636338 0
outer loop
vertex 43.66822052001953 -44.25569534301758 0
vertex 43.52223205566406 -44.35324478149414 0
vertex 43.52223205566406 -44.35324478149414 1.7000000476837158
endloop
endfacet
facet normal 0.8314615478636338 0.5555823021157262 0
outer loop
vertex 43.03182601928711 -44.25569534301758 0
vertex 42.93427658081055 -44.10970687866211 0
vertex 42.93427658081055 -44.10970687866211 1.7000000476837158
endloop
endfacet
facet normal -0.8314615478636338 -0.5555823021157262 0
outer loop
vertex 43.66822052001953 -43.619300842285156 0
vertex 43.765769958496094 -43.765289306640625 0
vertex 43.765769958496094 -43.765289306640625 1.7000000476837158
endloop
endfacet
facet normal 0 0 -1
outer loop
vertex 43.66822052001953 -43.619300842285156 1.7000000476837158
vertex 43.765769958496094 -43.765289306640625 1.7000000476837158
vertex 43.66822052001953 -44.25569534301758 1.7000000476837158
endloop
endfacet
facet normal 0 0 -1
outer loop
vertex 43.80002212524414 -43.9375 1.7000000476837158
vertex 43.765769958496094 -44.10970687866211 1.7000000476837158
vertex 43.765769958496094 -43.765289306640625 1.7000000476837158
endloop
endfacet
facet normal 0 0 -1
outer loop
vertex 43.765769958496094 -44.10970687866211 1.7000000476837158
vertex 43.66822052001953 -44.25569534301758 1.7000000476837158
vertex 43.765769958496094 -43.765289306640625 1.7000000476837158
endloop
endfacet
facet normal 0 0 -1
outer loop
vertex 43.52223205566406 -43.521751403808594 1.7000000476837158
vertex 43.35002517700195 -44.38749694824219 1.7000000476837158
vertex 43.35002517700195 -43.48749923706055 1.7000000476837158
endloop
endfacet
facet normal 0 0 -1
outer loop
vertex 43.35002517700195 -43.48749923706055 1.7000000476837158
vertex 43.17781448364258 -44.35324478149414 1.7000000476837158
vertex 43.17781448364258 -43.521751403808594 1.7000000476837158
endloop
endfacet
facet normal 0.5555823021157262 0.8314615478636338 0
outer loop
vertex 43.17781448364258 -44.35324478149414 1.7000000476837158
vertex 43.17781448364258 -44.35324478149414 0
vertex 43.03182601928711 -44.25569534301758 1.7000000476837158
endloop
endfacet
facet normal -0.9807873630744628 0.1950798514286955 0
outer loop
vertex 43.80002212524414 -43.9375 1.7000000476837158
vertex 43.80002212524414 -43.9375 0
vertex 43.765769958496094 -44.10970687866211 1.7000000476837158
endloop
endfacet
facet normal -0.1950798514286955 0.9807873630744628 0
outer loop
vertex 43.52223205566406 -44.35324478149414 1.7000000476837158
vertex 43.52223205566406 -44.35324478149414 0
vertex 43.35002517700195 -44.38749694824219 1.7000000476837158
endloop
endfacet
facet normal 0 0 -1
outer loop
vertex 43.17781448364258 -43.521751403808594 1.7000000476837158
vertex 43.03182601928711 -44.25569534301758 1.7000000476837158
vertex 43.03182601928711 -43.619300842285156 1.7000000476837158
endloop
endfacet
facet normal 0.8314615478636338 -0.5555823021157262 0
outer loop
vertex 42.93427658081055 -45.0352897644043 1.7000000476837158
vertex 42.93427658081055 -45.0352897644043 0
vertex 43.03182601928711 -44.88930130004883 1.7000000476837158
endloop
endfacet
facet normal -0.1950798514286955 -0.9807873630744628 0
outer loop
vertex 43.35002517700195 -44.75749969482422 0
vertex 43.52223205566406 -44.791751861572266 0
vertex 43.52223205566406 -44.791751861572266 1.7000000476837158
endloop
endfacet
facet normal -0.9807881898648063 -0.19507569459498705 0
outer loop
vertex 43.765769958496094 -45.0352897644043 1.7000000476837158
vertex 43.765769958496094 -45.0352897644043 0
vertex 43.80002212524414 -45.20750045776367 1.7000000476837158
endloop
endfacet
facet normal -0.5555823021157262 -0.8314615478636338 0
outer loop
vertex 43.52223205566406 -44.791751861572266 1.7000000476837158
vertex 43.52223205566406 -44.791751861572266 0
vertex 43.66822052001953 -44.88930130004883 1.7000000476837158
endloop
endfacet
facet normal -0.1950798514286955 -0.9807873630744628 0
outer loop
vertex 43.35002517700195 -44.75749969482422 1.7000000476837158
vertex 43.35002517700195 -44.75749969482422 0
vertex 43.52223205566406 -44.791751861572266 1.7000000476837158
endloop
endfacet
facet normal 0.19507569459498705 -0.9807881898648063 0
outer loop
vertex 43.17781448364258 -44.791751861572266 1.7000000476837158
vertex 43.17781448364258 -44.791751861572266 0
vertex 43.35002517700195 -44.75749969482422 1.7000000476837158
endloop
endfacet
facet normal 0.5555823021157262 -0.8314615478636338 0
outer loop
vertex 43.03182601928711 -44.88930130004883 1.7000000476837158
vertex 43.03182601928711 -44.88930130004883 0
vertex 43.17781448364258 -44.791751861572266 1.7000000476837158
endloop
endfacet
facet normal -0.9807873630744628 0.1950798514286955 0
outer loop
vertex 43.80002212524414 -45.20750045776367 1.7000000476837158
vertex 43.80002212524414 -45.20750045776367 0
vertex 43.765769958496094 -45.37970733642578 1.7000000476837158
endloop
endfacet
facet normal -0.1950798514286955 0.9807873630744628 0
outer loop
vertex 43.52223205566406 -45.62324523925781 0
vertex 43.35002517700195 -45.65749740600586 0
vertex 43.35002517700195 -45.65749740600586 1.7000000476837158
endloop
endfacet
facet normal 0.19507569459498705 0.9807881898648063 0
outer loop
vertex 43.35002517700195 -45.65749740600586 0
vertex 43.17781448364258 -45.62324523925781 0
vertex 43.17781448364258 -45.62324523925781 1.7000000476837158
endloop
endfacet
facet normal 0.5555823021157262 0.8314615478636338 0
outer loop
vertex 43.17781448364258 -45.62324523925781 0
vertex 43.03182601928711 -45.52569580078125 0
vertex 43.03182601928711 -45.52569580078125 1.7000000476837158
endloop
endfacet
facet normal 0.8314615478636338 -0.5555823021157262 0
outer loop
vertex 42.93427658081055 -45.0352897644043 0
vertex 43.03182601928711 -44.88930130004883 0
vertex 43.03182601928711 -44.88930130004883 1.7000000476837158
endloop
endfacet
facet normal 0.9807881898648063 -0.19507569459498705 0
outer loop
vertex 42.9000244140625 -45.20750045776367 0
vertex 42.93427658081055 -45.0352897644043 0
vertex 42.93427658081055 -45.0352897644043 1.7000000476837158
endloop
endfacet
facet normal 0.9807873630744628 0.1950798514286955 0
outer loop
vertex 42.93427658081055 -45.37970733642578 0
vertex 42.9000244140625 -45.20750045776367 0
vertex 42.9000244140625 -45.20750045776367 1.7000000476837158
endloop
endfacet
facet normal 0.8314615478636338 0.5555823021157262 0
outer loop
vertex 43.03182601928711 -45.52569580078125 0
vertex 42.93427658081055 -45.37970733642578 0
vertex 42.93427658081055 -45.37970733642578 1.7000000476837158
endloop
endfacet
facet normal -0.8314615478636338 0.5555823021157262 0
outer loop
vertex 43.765769958496094 -45.37970733642578 1.7000000476837158
vertex 43.765769958496094 -45.37970733642578 0
vertex 43.66822052001953 -45.52569580078125 1.7000000476837158
endloop
endfacet
facet normal 0 0 -1
outer loop
vertex 42.93427658081055 -45.37970733642578 1.7000000476837158
vertex 42.9000244140625 -45.20750045776367 1.7000000476837158
vertex 42.93427658081055 -45.0352897644043 1.7000000476837158
endloop
endfacet
facet normal 0 0 -1
outer loop
vertex 43.03182601928711 -45.52569580078125 1.7000000476837158
vertex 42.93427658081055 -45.37970733642578 1.7000000476837158
vertex 43.03182601928711 -44.88930130004883 1.7000000476837158
endloop
endfacet
facet normal 0 0 -1
outer loop
vertex 43.03182601928711 -44.88930130004883 1.7000000476837158
vertex 42.93427658081055 -45.37970733642578 1.7000000476837158
vertex 42.93427658081055 -45.0352897644043 1.7000000476837158
endloop
endfacet
facet normal 0 0 -1
outer loop
vertex 43.17781448364258 -45.62324523925781 1.7000000476837158
vertex 43.03182601928711 -45.52569580078125 1.7000000476837158
vertex 43.17781448364258 -44.791751861572266 1.7000000476837158
endloop
endfacet
facet normal 0 0 -1
outer loop
vertex 43.35002517700195 -45.65749740600586 1.7000000476837158
vertex 43.17781448364258 -45.62324523925781 1.7000000476837158
vertex 43.35002517700195 -44.75749969482422 1.7000000476837158
endloop
endfacet
facet normal 0 0 -1
outer loop
vertex 43.52223205566406 -45.62324523925781 1.7000000476837158
vertex 43.35002517700195 -45.65749740600586 1.7000000476837158
vertex 43.52223205566406 -44.791751861572266 1.7000000476837158
endloop
endfacet
facet normal 0 0 -1
outer loop
vertex 43.66822052001953 -45.52569580078125 1.7000000476837158
vertex 43.52223205566406 -45.62324523925781 1.7000000476837158
vertex 43.66822052001953 -44.88930130004883 1.7000000476837158
endloop
endfacet
facet normal 0 0 -1
outer loop
vertex 43.765769958496094 -45.37970733642578 1.7000000476837158
vertex 43.66822052001953 -45.52569580078125 1.7000000476837158
vertex 43.765769958496094 -45.0352897644043 1.7000000476837158
endloop
endfacet
facet normal 0 0 -1
outer loop
vertex 43.80002212524414 -45.20750045776367 1.7000000476837158
vertex 43.765769958496094 -45.37970733642578 1.7000000476837158
vertex 43.765769958496094 -45.0352897644043 1.7000000476837158
endloop
endfacet
facet normal 0 0 -1
outer loop
vertex 43.17781448364258 -44.791751861572266 1.7000000476837158
vertex 43.03182601928711 -45.52569580078125 1.7000000476837158
vertex 43.03182601928711 -44.88930130004883 1.7000000476837158
endloop
endfacet
facet normal 0 0 -1
outer loop
vertex 43.35002517700195 -44.75749969482422 1.7000000476837158
vertex 43.17781448364258 -45.62324523925781 1.7000000476837158
vertex 43.17781448364258 -44.791751861572266 1.7000000476837158
endloop
endfacet
facet normal 0 0 -1
outer loop
vertex 43.52223205566406 -44.791751861572266 1.7000000476837158
vertex 43.35002517700195 -45.65749740600586 1.7000000476837158
vertex 43.35002517700195 -44.75749969482422 1.7000000476837158
endloop
endfacet
facet normal 0 0 -1
outer loop
vertex 43.66822052001953 -44.88930130004883 1.7000000476837158
vertex 43.52223205566406 -45.62324523925781 1.7000000476837158
vertex 43.52223205566406 -44.791751861572266 1.7000000476837158
endloop
endfacet
facet normal 0 0 -1
outer loop
vertex 43.66822052001953 -44.88930130004883 1.7000000476837158
vertex 43.765769958496094 -45.0352897644043 1.7000000476837158
vertex 43.66822052001953 -45.52569580078125 1.7000000476837158
endloop
endfacet
facet normal -0.5555823021157262 0.8314615478636338 0
outer loop
vertex 43.66822052001953 -45.52569580078125 1.7000000476837158
vertex 43.66822052001953 -45.52569580078125 0
vertex 43.52223205566406 -45.62324523925781 1.7000000476837158
endloop
endfacet
facet normal -0.1950798514286955 0.9807873630744628 0
outer loop
vertex 43.52223205566406 -45.62324523925781 1.7000000476837158
vertex 43.52223205566406 -45.62324523925781 0
vertex 43.35002517700195 -45.65749740600586 1.7000000476837158
endloop
endfacet
facet normal 0.19507569459498705 0.9807881898648063 0
outer loop
vertex 43.35002517700195 -45.65749740600586 1.7000000476837158
vertex 43.35002517700195 -45.65749740600586 0
vertex 43.17781448364258 -45.62324523925781 1.7000000476837158
endloop
endfacet
facet normal 0.5555823021157262 0.8314615478636338 0
outer loop
vertex 43.17781448364258 -45.62324523925781 1.7000000476837158
vertex 43.17781448364258 -45.62324523925781 0
vertex 43.03182601928711 -45.52569580078125 1.7000000476837158
endloop
endfacet
facet normal -0.9807881898648063 -0.19507569459498705 0
outer loop
vertex 43.765769958496094 -45.0352897644043 0
vertex 43.80002212524414 -45.20750045776367 0
vertex 43.80002212524414 -45.20750045776367 1.7000000476837158
endloop
endfacet
facet normal -0.8314615478636338 -0.5555823021157262 0
outer loop
vertex 43.66822052001953 -44.88930130004883 0
vertex 43.765769958496094 -45.0352897644043 0
vertex 43.765769958496094 -45.0352897644043 1.7000000476837158
endloop
endfacet
facet normal 0.9807881898648063 -0.19507569459498705 0
outer loop
vertex 42.9000244140625 -45.20750045776367 1.7000000476837158
vertex 42.9000244140625 -45.20750045776367 0
vertex 42.93427658081055 -45.0352897644043 1.7000000476837158
endloop
endfacet
facet normal 0.9807873630744628 0.1950798514286955 0
outer loop
vertex 42.93427658081055 -45.37970733642578 1.7000000476837158
vertex 42.93427658081055 -45.37970733642578 0
vertex 42.9000244140625 -45.20750045776367 1.7000000476837158
endloop
endfacet
facet normal -0.5555823021157262 -0.8314615478636338 0
outer loop
vertex 43.52223205566406 -44.791751861572266 0
vertex 43.66822052001953 -44.88930130004883 0
vertex 43.66822052001953 -44.88930130004883 1.7000000476837158
endloop
endfacet
facet normal 0.8314615478636338 0.5555823021157262 0
outer loop
vertex 43.03182601928711 -45.52569580078125 1.7000000476837158
vertex 43.03182601928711 -45.52569580078125 0
vertex 42.93427658081055 -45.37970733642578 1.7000000476837158
endloop
endfacet
facet normal -0.5555823021157262 0.8314615478636338 0
outer loop
vertex 43.66822052001953 -45.52569580078125 0
vertex 43.52223205566406 -45.62324523925781 0
vertex 43.52223205566406 -45.62324523925781 1.7000000476837158
endloop
endfacet
facet normal -0.8314615478636338 0.5555823021157262 0
outer loop
vertex 43.765769958496094 -45.37970733642578 0
vertex 43.66822052001953 -45.52569580078125 0
vertex 43.66822052001953 -45.52569580078125 1.7000000476837158
endloop
endfacet
facet normal -0.9807873630744628 0.1950798514286955 0
outer loop
vertex 43.80002212524414 -45.20750045776367 0
vertex 43.765769958496094 -45.37970733642578 0
vertex 43.765769958496094 -45.37970733642578 1.7000000476837158
endloop
endfacet
facet normal 0.5555823021157262 -0.8314615478636338 0
outer loop
vertex 43.03182601928711 -44.88930130004883 0
vertex 43.17781448364258 -44.791751861572266 0
vertex 43.17781448364258 -44.791751861572266 1.7000000476837158
endloop
endfacet
facet normal 0.19507569459498705 -0.9807881898648063 0
outer loop
vertex 43.17781448364258 -44.791751861572266 0
vertex 43.35002517700195 -44.75749969482422 0
vertex 43.35002517700195 -44.75749969482422 1.7000000476837158
endloop
endfacet
facet normal -0.8314615478636338 -0.5555823021157262 0
outer loop
vertex 43.66822052001953 -44.88930130004883 1.7000000476837158
vertex 43.66822052001953 -44.88930130004883 0
vertex 43.765769958496094 -45.0352897644043 1.7000000476837158
endloop
endfacet
facet normal 0.5555823021157262 -0.8314615478636338 0
outer loop
vertex 43.03182601928711 -46.1593017578125 1.7000000476837158
vertex 43.03182601928711 -46.1593017578125 0
vertex 43.17781448364258 -46.06175231933594 1.7000000476837158
endloop
endfacet
facet normal 0 0 -1
outer loop
vertex 43.17781448364258 -46.893245697021484 1.7000000476837158
vertex 43.03182601928711 -46.79569625854492 1.7000000476837158
vertex 43.17781448364258 -46.06175231933594 1.7000000476837158
endloop
endfacet
facet normal 0.5555823021157262 0.8314615478636338 0
outer loop
vertex 43.17781448364258 -46.893245697021484 0
vertex 43.03182601928711 -46.79569625854492 0
vertex 43.03182601928711 -46.79569625854492 1.7000000476837158
endloop
endfacet
facet normal 0.19507569459498705 0.9807881898648063 0
outer loop
vertex 43.35002517700195 -46.92749786376953 0
vertex 43.17781448364258 -46.893245697021484 0
vertex 43.17781448364258 -46.893245697021484 1.7000000476837158
endloop
endfacet
facet normal -0.1950798514286955 0.9807873630744628 0
outer loop
vertex 43.52223205566406 -46.893245697021484 0
vertex 43.35002517700195 -46.92749786376953 0
vertex 43.35002517700195 -46.92749786376953 1.7000000476837158
endloop
endfacet
facet normal -0.5555823021157262 0.8314615478636338 0
outer loop
vertex 43.66822052001953 -46.79569625854492 0
vertex 43.52223205566406 -46.893245697021484 0
vertex 43.52223205566406 -46.893245697021484 1.7000000476837158
endloop
endfacet
facet normal -0.5555823021157262 -0.8314615478636338 0
outer loop
vertex 43.52223205566406 -46.06175231933594 0
vertex 43.66822052001953 -46.1593017578125 0
vertex 43.66822052001953 -46.1593017578125 1.7000000476837158
endloop
endfacet
facet normal -0.8314615478636338 0.5555823021157262 0
outer loop
vertex 43.765769958496094 -46.64970779418945 0
vertex 43.66822052001953 -46.79569625854492 0
vertex 43.66822052001953 -46.79569625854492 1.7000000476837158
endloop
endfacet
facet normal 0.9807881898648063 0.19507569459498705 0
outer loop
vertex 42.93427658081055 -46.64970779418945 0
vertex 42.9000244140625 -46.47749710083008 0
vertex 42.9000244140625 -46.47749710083008 1.7000000476837158
endloop
endfacet
facet normal 0.8314615478636338 0.5555823021157262 0
outer loop
vertex 43.03182601928711 -46.79569625854492 0
vertex 42.93427658081055 -46.64970779418945 0
vertex 42.93427658081055 -46.64970779418945 1.7000000476837158
endloop
endfacet
facet normal 0.9807873630744628 -0.1950798514286955 0
outer loop
vertex 42.9000244140625 -46.47749710083008 0
vertex 42.93427658081055 -46.30529022216797 0
vertex 42.93427658081055 -46.30529022216797 1.7000000476837158
endloop
endfacet
facet normal 0.19507569459498705 0.9807881898648063 0
outer loop
vertex 43.35002517700195 -46.92749786376953 1.7000000476837158
vertex 43.35002517700195 -46.92749786376953 0
vertex 43.17781448364258 -46.893245697021484 1.7000000476837158
endloop
endfacet
facet normal 0.5555823021157262 0.8314615478636338 0
outer loop
vertex 43.17781448364258 -46.893245697021484 1.7000000476837158
vertex 43.17781448364258 -46.893245697021484 0
vertex 43.03182601928711 -46.79569625854492 1.7000000476837158
endloop
endfacet
facet normal -0.1950798514286955 0.9807873630744628 0
outer loop
vertex 43.52223205566406 -46.893245697021484 1.7000000476837158
vertex 43.52223205566406 -46.893245697021484 0
vertex 43.35002517700195 -46.92749786376953 1.7000000476837158
endloop
endfacet
facet normal 0.19507569459498705 -0.9807881898648063 0
outer loop
vertex 43.17781448364258 -46.06175231933594 1.7000000476837158
vertex 43.17781448364258 -46.06175231933594 0
vertex 43.35002517700195 -46.02750015258789 1.7000000476837158
endloop
endfacet
facet normal 0.8314615478636338 -0.5555823021157262 0
outer loop
vertex 42.93427658081055 -46.30529022216797 1.7000000476837158
vertex 42.93427658081055 -46.30529022216797 0
vertex 43.03182601928711 -46.1593017578125 1.7000000476837158
endloop
endfacet
facet normal 0.9807873630744628 -0.1950798514286955 0
outer loop
vertex 42.9000244140625 -46.47749710083008 1.7000000476837158
vertex 42.9000244140625 -46.47749710083008 0
vertex 42.93427658081055 -46.30529022216797 1.7000000476837158
endloop
endfacet
facet normal -0.8314615478636338 0.5555823021157262 0
outer loop
vertex 43.765769958496094 -46.64970779418945 1.7000000476837158
vertex 43.765769958496094 -46.64970779418945 0
vertex 43.66822052001953 -46.79569625854492 1.7000000476837158
endloop
endfacet
facet normal -0.9807881898648063 0.19507569459498705 0
outer loop
vertex 43.80002212524414 -46.47749710083008 1.7000000476837158
vertex 43.80002212524414 -46.47749710083008 0
vertex 43.765769958496094 -46.64970779418945 1.7000000476837158
endloop
endfacet
facet normal -0.9807873630744628 -0.1950798514286955 0
outer loop
vertex 43.765769958496094 -46.30529022216797 1.7000000476837158
vertex 43.765769958496094 -46.30529022216797 0
vertex 43.80002212524414 -46.47749710083008 1.7000000476837158
endloop
endfacet
facet normal -0.8314615478636338 -0.5555823021157262 0
outer loop
vertex 43.66822052001953 -46.1593017578125 1.7000000476837158
vertex 43.66822052001953 -46.1593017578125 0
vertex 43.765769958496094 -46.30529022216797 1.7000000476837158
endloop
endfacet
facet normal 0.8314615478636338 0.5555823021157262 0
outer loop
vertex 43.03182601928711 -46.79569625854492 1.7000000476837158
vertex 43.03182601928711 -46.79569625854492 0
vertex 42.93427658081055 -46.64970779418945 1.7000000476837158
endloop
endfacet
facet normal -0.9807881898648063 0.19507569459498705 0
outer loop
vertex 43.80002212524414 -46.47749710083008 0
vertex 43.765769958496094 -46.64970779418945 0
vertex 43.765769958496094 -46.64970779418945 1.7000000476837158
endloop
endfacet
facet normal -0.5555823021157262 0.8314615478636338 0
outer loop
vertex 43.66822052001953 -46.79569625854492 1.7000000476837158
vertex 43.66822052001953 -46.79569625854492 0
vertex 43.52223205566406 -46.893245697021484 1.7000000476837158
endloop
endfacet
facet normal 0.9807881898648063 0.19507569459498705 0
outer loop
vertex 42.93427658081055 -46.64970779418945 1.7000000476837158
vertex 42.93427658081055 -46.64970779418945 0
vertex 42.9000244140625 -46.47749710083008 1.7000000476837158
endloop
endfacet
facet normal 0 0 -1
outer loop
vertex 43.66822052001953 -46.1593017578125 1.7000000476837158
vertex 43.765769958496094 -46.30529022216797 1.7000000476837158
vertex 43.66822052001953 -46.79569625854492 1.7000000476837158
endloop
endfacet
facet normal -0.9807873630744628 -0.1950798514286955 0
outer loop
vertex 43.765769958496094 -46.30529022216797 0
vertex 43.80002212524414 -46.47749710083008 0
vertex 43.80002212524414 -46.47749710083008 1.7000000476837158
endloop
endfacet
facet normal -0.8314615478636338 -0.5555823021157262 0
outer loop
vertex 43.66822052001953 -46.1593017578125 0
vertex 43.765769958496094 -46.30529022216797 0
vertex 43.765769958496094 -46.30529022216797 1.7000000476837158
endloop
endfacet
facet normal 0 0 -1
outer loop
vertex 43.80002212524414 -46.47749710083008 1.7000000476837158
vertex 43.765769958496094 -46.64970779418945 1.7000000476837158
vertex 43.765769958496094 -46.30529022216797 1.7000000476837158
endloop
endfacet
facet normal 0 0 -1
outer loop
vertex 43.765769958496094 -46.64970779418945 1.7000000476837158
vertex 43.66822052001953 -46.79569625854492 1.7000000476837158
vertex 43.765769958496094 -46.30529022216797 1.7000000476837158
endloop
endfacet
facet normal 0 0 -1
outer loop
vertex 43.52223205566406 -46.06175231933594 1.7000000476837158
vertex 43.35002517700195 -46.92749786376953 1.7000000476837158
vertex 43.35002517700195 -46.02750015258789 1.7000000476837158
endloop
endfacet
facet normal 0 0 -1
outer loop
vertex 43.52223205566406 -46.06175231933594 1.7000000476837158
vertex 43.66822052001953 -46.1593017578125 1.7000000476837158
vertex 43.52223205566406 -46.893245697021484 1.7000000476837158
endloop
endfacet
facet normal 0.5555823021157262 -0.8314615478636338 0
outer loop
vertex 43.03182601928711 -46.1593017578125 0
vertex 43.17781448364258 -46.06175231933594 0
vertex 43.17781448364258 -46.06175231933594 1.7000000476837158
endloop
endfacet
facet normal 0.19507569459498705 -0.9807881898648063 0
outer loop
vertex 43.17781448364258 -46.06175231933594 0
vertex 43.35002517700195 -46.02750015258789 0
vertex 43.35002517700195 -46.02750015258789 1.7000000476837158
endloop
endfacet
facet normal -0.1950798514286955 -0.9807873630744628 0
outer loop
vertex 43.35002517700195 -46.02750015258789 0
vertex 43.52223205566406 -46.06175231933594 0
vertex 43.52223205566406 -46.06175231933594 1.7000000476837158
endloop
endfacet
facet normal 0 0 -1
outer loop
vertex 43.35002517700195 -46.02750015258789 1.7000000476837158
vertex 43.17781448364258 -46.893245697021484 1.7000000476837158
vertex 43.17781448364258 -46.06175231933594 1.7000000476837158
endloop
endfacet
facet normal 0 0 -1
outer loop
vertex 43.17781448364258 -46.06175231933594 1.7000000476837158
vertex 43.03182601928711 -46.79569625854492 1.7000000476837158
vertex 43.03182601928711 -46.1593017578125 1.7000000476837158
endloop
endfacet
facet normal 0 0 -1
outer loop
vertex 43.66822052001953 -46.79569625854492 1.7000000476837158
vertex 43.52223205566406 -46.893245697021484 1.7000000476837158
vertex 43.66822052001953 -46.1593017578125 1.7000000476837158
endloop
endfacet
facet normal -0.1950798514286955 -0.9807873630744628 0
outer loop
vertex 43.35002517700195 -46.02750015258789 1.7000000476837158
vertex 43.35002517700195 -46.02750015258789 0
vertex 43.52223205566406 -46.06175231933594 1.7000000476837158
endloop
endfacet
facet normal -0.5555823021157262 -0.8314615478636338 0
outer loop
vertex 43.52223205566406 -46.06175231933594 1.7000000476837158
vertex 43.52223205566406 -46.06175231933594 0
vertex 43.66822052001953 -46.1593017578125 1.7000000476837158
endloop
endfacet
facet normal 0 0 -1
outer loop
vertex 42.93427658081055 -46.64970779418945 1.7000000476837158
vertex 42.9000244140625 -46.47749710083008 1.7000000476837158
vertex 42.93427658081055 -46.30529022216797 1.7000000476837158
endloop
endfacet
facet normal 0 0 -1
outer loop
vertex 43.03182601928711 -46.79569625854492 1.7000000476837158
vertex 42.93427658081055 -46.64970779418945 1.7000000476837158
vertex 43.03182601928711 -46.1593017578125 1.7000000476837158
endloop
endfacet
facet normal 0 0 -1
outer loop
vertex 43.03182601928711 -46.1593017578125 1.7000000476837158
vertex 42.93427658081055 -46.64970779418945 1.7000000476837158
vertex 42.93427658081055 -46.30529022216797 1.7000000476837158
endloop
endfacet
facet normal 0 0 -1
outer loop
vertex 43.52223205566406 -46.893245697021484 1.7000000476837158
vertex 43.35002517700195 -46.92749786376953 1.7000000476837158
vertex 43.52223205566406 -46.06175231933594 1.7000000476837158
endloop
endfacet
facet normal 0 0 -1
outer loop
vertex 43.35002517700195 -46.92749786376953 1.7000000476837158
vertex 43.17781448364258 -46.893245697021484 1.7000000476837158
vertex 43.35002517700195 -46.02750015258789 1.7000000476837158
endloop
endfacet
facet normal 0.8314615478636338 -0.5555823021157262 0
outer loop
vertex 42.93427658081055 -46.30529022216797 0
vertex 43.03182601928711 -46.1593017578125 0
vertex 43.03182601928711 -46.1593017578125 1.7000000476837158
endloop
endfacet
facet normal 0.653516441299697 -0.610668518281157 0.44721384340299225
outer loop
vertex -52.915218353271484 -31.089746475219727 11.5
vertex -52.66552734375 -31.55487060546875 10.5
vertex -52.549888610839844 -31.43111801147461 10.5
endloop
endfacet
facet normal 0.6558640334621529 -0.6089983020729781 0.44605317808865064
outer loop
vertex -53.26431655883789 -31.465709686279297 11.5
vertex -52.900169372558594 -31.80597686767578 10.5
vertex -52.915218353271484 -31.089746475219727 11.5
endloop
endfacet
facet normal 0.6535170068317986 -0.6106679897035203 0.4472137387570601
outer loop
vertex -52.66552734375 -31.55487060546875 10.5
vertex -52.915218353271484 -31.089746475219727 11.5
vertex -52.900169372558594 -31.80597686767578 10.5
endloop
endfacet
facet normal 0.7619439177318141 -0.4758156879087921 0.4393641967336181
outer loop
vertex -53.37001419067383 -31.634967803955078 11.5
vertex -52.900169372558594 -31.80597686767578 10.5
vertex -53.26431655883789 -31.465709686279297 11.5
endloop
endfacet
facet normal 0.8915829088314007 -0.07913163653522233 0.4458902340027149
outer loop
vertex -53.40016555786133 -31.804685592651367 11.5
vertex -52.900169372558594 -31.80597686767578 10.5
vertex -53.392574310302734 -31.719154357910156 11.5
endloop
endfacet
facet normal 0.8646013634036044 -0.23169389021563808 0.4458502255661338
outer loop
vertex -53.37001419067383 -31.634967803955078 11.5
vertex -53.392574310302734 -31.719154357910156 11.5
vertex -52.900169372558594 -31.80597686767578 10.5
endloop
endfacet
facet normal 0.8944645600648201 -0.002306692218052667 0.4471328996607822
outer loop
vertex -53.449825286865234 -51.06120681762695 11.5
vertex -52.9499397277832 -51.0625 10.5
vertex -53.40016555786133 -31.804685592651367 11.5
endloop
endfacet
facet normal 0.8944249718014817 -0.002311728252417289 0.4472120590172022
outer loop
vertex -53.40016555786133 -31.804685592651367 11.5
vertex -52.9499397277832 -51.0625 10.5
vertex -52.900169372558594 -31.80597686767578 10.5
endloop
endfacet
facet normal 0.890171684199051 0.09847311640620568 0.4448566263364805
outer loop
vertex -53.449825286865234 -51.06120681762695 11.5
vertex -53.437347412109375 -51.17400360107422 11.5
vertex -52.9499397277832 -51.0625 10.5
endloop
endfacet
facet normal 0.8719020060596813 0.19946763498054781 0.447213097330982
outer loop
vertex -53.437347412109375 -51.17400360107422 11.5
vertex -52.91493225097656 -51.21552276611328 10.5
vertex -52.9499397277832 -51.0625 10.5
endloop
endfacet
facet normal 0.8718999377684483 0.19948027447335046 0.44721149204309657
outer loop
vertex -52.881317138671875 -51.362449645996094 10.5
vertex -52.91493225097656 -51.21552276611328 10.5
vertex -53.437347412109375 -51.17400360107422 11.5
endloop
endfacet
facet normal 0.8714230774451611 0.2040225562849237 0.44609036822483616
outer loop
vertex -53.437347412109375 -51.17400360107422 11.5
vertex -53.36720275878906 -51.47360610961914 11.5
vertex -52.881317138671875 -51.362449645996094 10.5
endloop
endfacet
facet normal 0.8112398317143498 0.3782939013393423 0.44585161169332277
outer loop
vertex -53.351165771484375 -51.5334587097168 11.5
vertex -53.3143310546875 -51.612449645996094 11.5
vertex -52.881317138671875 -51.362449645996094 10.5
endloop
endfacet
facet normal 0.7332302653873112 0.5134100570581702 0.44585142282107815
outer loop
vertex -53.3143310546875 -51.612449645996094 11.5
vertex -53.264339447021484 -51.68384552001953 11.5
vertex -52.881317138671875 -51.362449645996094 10.5
endloop
endfacet
facet normal 0.6329361160792808 0.6329361160792808 0.44585170844682276
outer loop
vertex -52.881317138671875 -51.362449645996094 10.5
vertex -53.264339447021484 -51.68384552001953 11.5
vertex -53.221588134765625 -51.72659683227539 11.5
endloop
endfacet
facet normal 0.8646084574892033 0.23166436936167054 0.44585180857141316
outer loop
vertex -53.36720275878906 -51.47360610961914 11.5
vertex -53.351165771484375 -51.5334587097168 11.5
vertex -52.881317138671875 -51.362449645996094 10.5
endloop
endfacet
facet normal 0.6110607839420792 0.653941197136006 0.4460556344408384
outer loop
vertex -53.221588134765625 -51.72659683227539 11.5
vertex -52.5064582824707 -51.712730407714844 10.5
vertex -52.757659912109375 -51.47800064086914 10.5
endloop
endfacet
facet normal 0.6110667461711297 0.6539348203718378 0.4460568152478791
outer loop
vertex -52.757659912109375 -51.47800064086914 10.5
vertex -52.881317138671875 -51.362449645996094 10.5
vertex -53.221588134765625 -51.72659683227539 11.5
endloop
endfacet
facet normal 0.6110624815084602 0.6539388054363986 0.4460568152569116
outer loop
vertex -52.84672927856445 -52.07687759399414 11.5
vertex -52.5064582824707 -51.712730407714844 10.5
vertex -53.221588134765625 -51.72659683227539 11.5
endloop
endfacet
facet normal 0.4758153084517358 0.7619433100910754 0.4393656614375259
outer loop
vertex -52.67747116088867 -52.18257522583008 11.5
vertex -52.5064582824707 -51.712730407714844 10.5
vertex -52.84672927856445 -52.07687759399414 11.5
endloop
endfacet
facet normal 0.1559275090307851 0.8834773286151004 0.4417628569159934
outer loop
vertex -52.50678634643555 -52.21269989013672 11.5
vertex -52.5064582824707 -51.712730407714844 10.5
vertex -52.67747116088867 -52.18257522583008 11.5
endloop
endfacet
facet normal 0.0005837281771020954 0.8944378801852184 0.4471918355149029
outer loop
vertex 23.75006103515625 -51.76249694824219 10.5
vertex -52.5064582824707 -51.712730407714844 10.5
vertex -52.50678634643555 -52.21269989013672 11.5
endloop
endfacet
facet normal 0.0005837720158798905 0.8944365158454832 0.44719456429212806
outer loop
vertex 23.75006103515625 -51.76249694824219 10.5
vertex -52.50678634643555 -52.21269989013672 11.5
vertex 23.74973487854004 -52.26247024536133 11.5
endloop
endfacet
facet normal -0.112313617484054 0.8887921240624793 0.444335696891609
outer loop
vertex 23.75006103515625 -51.76249694824219 10.5
vertex 23.74973487854004 -52.26247024536133 11.5
vertex 23.861217498779297 -52.248382568359375 11.5
endloop
endfacet
facet normal -0.19958266035264915 0.8724482949446305 0.44609498353463484
outer loop
vertex 23.903091430664062 -51.72748947143555 10.5
vertex 23.75006103515625 -51.76249694824219 10.5
vertex 23.861217498779297 -52.248382568359375 11.5
endloop
endfacet
facet normal -0.1995864739073623 0.8724474225357379 0.4460949835449548
outer loop
vertex 24.050012588500977 -51.693878173828125 10.5
vertex 23.861217498779297 -52.248382568359375 11.5
vertex 24.161169052124023 -52.17976379394531 11.5
endloop
endfacet
facet normal -0.19959055765830555 0.8724470018080591 0.44609397925748234
outer loop
vertex 24.050012588500977 -51.693878173828125 10.5
vertex 23.903091430664062 -51.72748947143555 10.5
vertex 23.861217498779297 -52.248382568359375 11.5
endloop
endfacet
facet normal -0.378301343560686 0.8112362024067259 0.44585190070795205
outer loop
vertex 24.050012588500977 -51.693878173828125 10.5
vertex 24.221023559570312 -52.163726806640625 11.5
vertex 24.300012588500977 -52.12689208984375 11.5
endloop
endfacet
facet normal -0.23165746798234735 0.8646102524683684 0.4458519135930582
outer loop
vertex 24.050012588500977 -51.693878173828125 10.5
vertex 24.161169052124023 -52.17976379394531 11.5
vertex 24.221023559570312 -52.163726806640625 11.5
endloop
endfacet
facet normal -0.6329220921818449 0.6329503299837627 0.4458514382634673
outer loop
vertex 24.050012588500977 -51.693878173828125 10.5
vertex 24.37140655517578 -52.076900482177734 11.5
vertex 24.414159774780273 -52.034149169921875 11.5
endloop
endfacet
facet normal -0.5134193727503318 0.7332239809774006 0.4458510305071733
outer loop
vertex 24.050012588500977 -51.693878173828125 10.5
vertex 24.300012588500977 -52.12689208984375 11.5
vertex 24.37140655517578 -52.076900482177734 11.5
endloop
endfacet
facet normal -0.6515931887519529 0.6127215830011195 0.4472120057608741
outer loop
vertex 24.7656192779541 -51.66039276123047 11.5
vertex 24.400291442871094 -51.31901931762695 10.5
vertex 24.414159774780273 -52.034149169921875 11.5
endloop
endfacet
facet normal -0.6539447943378213 0.6110576325093146 0.4460546779382279
outer loop
vertex 24.400291442871094 -51.31901931762695 10.5
vertex 24.165599822998047 -51.57018280029297 10.5
vertex 24.414159774780273 -52.034149169921875 11.5
endloop
endfacet
facet normal -0.6539332555827347 0.6110684207359729 0.4460568152401774
outer loop
vertex 24.165599822998047 -51.57018280029297 10.5
vertex 24.050012588500977 -51.693878173828125 10.5
vertex 24.414159774780273 -52.034149169921875 11.5
endloop
endfacet
facet normal -0.891701247896654 0.07801043654383331 0.44585115934557207
outer loop
vertex 24.400291442871094 -51.31901931762695 10.5
vertex 24.892696380615234 -51.40584182739258 11.5
vertex 24.900178909301758 -51.3203125 11.5
endloop
endfacet
facet normal -0.8646059429182688 0.2316755287256868 0.4458508863511264
outer loop
vertex 24.892696380615234 -51.40584182739258 11.5
vertex 24.400291442871094 -51.31901931762695 10.5
vertex 24.87013816833496 -51.490028381347656 11.5
endloop
endfacet
facet normal -0.7654502028733129 0.46960524201804527 0.439951024081519
outer loop
vertex 24.87013816833496 -51.490028381347656 11.5
vertex 24.400291442871094 -51.31901931762695 10.5
vertex 24.7656192779541 -51.66039276123047 11.5
endloop
endfacet
facet normal -0.894424277890328 0.0023168648100753784 0.4472134202568357
outer loop
vertex 24.450061798095703 -32.0625 10.5
vertex 24.900178909301758 -51.3203125 11.5
vertex 24.95005989074707 -32.06378936767578 11.5
endloop
endfacet
facet normal -0.8944638644643612 0.002311829232254741 0.4471342646376831
outer loop
vertex 24.450061798095703 -32.0625 10.5
vertex 24.400291442871094 -51.31901931762695 10.5
vertex 24.900178909301758 -51.3203125 11.5
endloop
endfacet
facet normal -0.8889004964452851 -0.11157620642696188 0.4443046900255428
outer loop
vertex 24.935945510864258 -31.951343536376953 11.5
vertex 24.450061798095703 -32.0625 10.5
vertex 24.95005989074707 -32.06378936767578 11.5
endloop
endfacet
facet normal -0.8729065685751728 -0.19503510625579526 0.4472084859057438
outer loop
vertex 24.381441116333008 -31.76254653930664 10.5
vertex 24.935945510864258 -31.951343536376953 11.5
vertex 24.86884880065918 -31.651042938232422 11.5
endloop
endfacet
facet normal -0.8724467251254943 -0.19959471512971885 0.4460926602288887
outer loop
vertex 24.381441116333008 -31.76254653930664 10.5
vertex 24.415050506591797 -31.909456253051758 10.5
vertex 24.935945510864258 -31.951343536376953 11.5
endloop
endfacet
facet normal -0.8724480002567585 -0.19958692771237252 0.4460936506321508
outer loop
vertex 24.935945510864258 -31.951343536376953 11.5
vertex 24.415050506591797 -31.909456253051758 10.5
vertex 24.450061798095703 -32.0625 10.5
endloop
endfacet
facet normal -0.632936456754101 -0.632936456754101 0.445850741193875
outer loop
vertex 24.381441116333008 -31.76254653930664 10.5
vertex 24.764463424682617 -31.441152572631836 11.5
vertex 24.721710205078125 -31.398399353027344 11.5
endloop
endfacet
facet normal -0.8581811206837165 -0.25326218277245266 0.4465237181599348
outer loop
vertex 24.381441116333008 -31.76254653930664 10.5
vertex 24.86884880065918 -31.651042938232422 11.5
vertex 24.851287841796875 -31.591537475585938 11.5
endloop
endfacet
facet normal -0.7332239809774006 -0.5134193727503318 0.4458510305071733
outer loop
vertex 24.764463424682617 -31.441152572631836 11.5
vertex 24.381441116333008 -31.76254653930664 10.5
vertex 24.814455032348633 -31.51254653930664 11.5
endloop
endfacet
facet normal -0.8112476143886054 -0.3782779417940396 0.4458509918132536
outer loop
vertex 24.381441116333008 -31.76254653930664 10.5
vertex 24.851287841796875 -31.591537475585938 11.5
vertex 24.814455032348633 -31.51254653930664 11.5
endloop
endfacet
facet normal -0.6110599137595831 -0.6539418416379171 0.44605588164639226
outer loop
vertex 24.721710205078125 -31.398399353027344 11.5
vertex 24.25767707824707 -31.64689826965332 10.5
vertex 24.381441116333008 -31.76254653930664 10.5
endloop
endfacet
facet normal -0.6110614648954377 -0.6539401824802444 0.44605618912592887
outer loop
vertex 24.25767707824707 -31.64689826965332 10.5
vertex 24.721710205078125 -31.398399353027344 11.5
vertex 24.006582260131836 -31.412267684936523 10.5
endloop
endfacet
facet normal -0.6127232434468854 -0.6515916293273551 0.4472120028917509
outer loop
vertex 24.34795570373535 -31.046939849853516 11.5
vertex 24.006582260131836 -31.412267684936523 10.5
vertex 24.721710205078125 -31.398399353027344 11.5
endloop
endfacet
facet normal -0.1557503962101315 -0.8835150100804101 0.44174997571363817
outer loop
vertex 24.006555557250977 -30.91227149963379 11.5
vertex 24.006582260131836 -31.412267684936523 10.5
vertex 24.177593231201172 -30.94242286682129 11.5
endloop
endfacet
facet normal -0.4696028938331411 -0.7654517742628671 0.439950796545896
outer loop
vertex 24.177593231201172 -30.94242286682129 11.5
vertex 24.006582260131836 -31.412267684936523 10.5
vertex 24.34795570373535 -31.046939849853516 11.5
endloop
endfacet
facet normal 0.00004739490969712732 -0.89442855427462 0.44721086642873037
outer loop
vertex 24.006555557250977 -30.91227149963379 11.5
vertex -52.51911544799805 -31.416322708129883 10.5
vertex 24.006582260131836 -31.412267684936523 10.5
endloop
endfacet
facet normal 0.00004737258055879498 -0.8944278718835744 0.44721223122099296
outer loop
vertex -52.519142150878906 -30.916324615478516 11.5
vertex -52.51911544799805 -31.416322708129883 10.5
vertex 24.006555557250977 -30.91227149963379 11.5
endloop
endfacet
facet normal 0.2070229244977797 -0.8750488589007385 0.4375282885356126
outer loop
vertex -52.734962463378906 -30.967384338378906 11.5
vertex -52.51911544799805 -31.416322708129883 10.5
vertex -52.519142150878906 -30.916324615478516 11.5
endloop
endfacet
facet normal 0.901010683312286 0.4337968154570702 -0.00026731335952562816
outer loop
vertex -52.549888610839844 -31.43111801147461 10.5
vertex -52.745670318603516 -31.023914337158203 11.406228065490723
vertex -52.73234176635742 -31.0516357421875 11.345291137695312
endloop
endfacet
facet normal -0.43914128960266763 0.7802103458437357 -0.4454511690460632
outer loop
vertex -52.745670318603516 -31.023914337158203 11.406228065490723
vertex -52.549888610839844 -31.43111801147461 10.5
vertex -52.771018981933594 -30.984643936157227 11.5
endloop
endfacet
facet normal 0.38784001827630465 -0.8066792387353229 0.4459245743585296
outer loop
vertex -52.549888610839844 -31.43111801147461 10.5
vertex -52.51911544799805 -31.416322708129883 10.5
vertex -52.771018981933594 -30.984643936157227 11.5
endloop
endfacet
facet normal 0.3864702899828125 -0.8073637265814 0.4458750138336922
outer loop
vertex -52.771018981933594 -30.984643936157227 11.5
vertex -52.51911544799805 -31.416322708129883 10.5
vertex -52.734962463378906 -30.967384338378906 11.5
endloop
endfacet
facet normal 0.5271255100557777 -0.7241304020643677 0.4447177278392818
outer loop
vertex -52.73234176635742 -31.0516357421875 11.345291137695312
vertex -52.745670318603516 -31.023914337158203 11.406228065490723
vertex -52.915218353271484 -31.089746475219727 11.5
endloop
endfacet
facet normal 0.5244008507000932 -0.7287589716402324 0.440356797425553
outer loop
vertex -52.549888610839844 -31.43111801147461 10.5
vertex -52.73234176635742 -31.0516357421875 11.345291137695312
vertex -52.915218353271484 -31.089746475219727 11.5
endloop
endfacet
facet normal 0.52732522216807 -0.7234836209050237 0.445532894798523
outer loop
vertex -52.915218353271484 -31.089746475219727 11.5
vertex -52.745670318603516 -31.023914337158203 11.406228065490723
vertex -52.771018981933594 -30.984643936157227 11.5
endloop
endfacet
facet normal 0.8719030778251889 0.19946226768228875 0.44721340168872586
outer loop
vertex -48.687347412109375 -25.04900360107422 11.5
vertex -48.1649284362793 -25.09054183959961 10.5
vertex -48.1999397277832 -24.937498092651367 10.5
endloop
endfacet
facet normal 0.8714230774451611 0.2040225562849237 0.44609036822483616
outer loop
vertex -48.61720275878906 -25.34860610961914 11.5
vertex -48.131317138671875 -25.237449645996094 10.5
vertex -48.687347412109375 -25.04900360107422 11.5
endloop
endfacet
facet normal 0.871899610421628 0.19948345842551388 0.44721071002516216
outer loop
vertex -48.131317138671875 -25.237449645996094 10.5
vertex -48.1649284362793 -25.09054183959961 10.5
vertex -48.687347412109375 -25.04900360107422 11.5
endloop
endfacet
facet normal 0.8112362024067259 0.378301343560686 0.44585190070795205
outer loop
vertex -48.5643310546875 -25.487449645996094 11.5
vertex -48.131317138671875 -25.237449645996094 10.5
vertex -48.601165771484375 -25.40846061706543 11.5
endloop
endfacet
facet normal 0.7332239809774006 0.5134193727503318 0.4458510305071733
outer loop
vertex -48.5643310546875 -25.487449645996094 11.5
vertex -48.514339447021484 -25.5588436126709 11.5
vertex -48.131317138671875 -25.237449645996094 10.5
endloop
endfacet
facet normal 0.6329503299837627 0.6329220921818449 0.4458514382634673
outer loop
vertex -48.471588134765625 -25.60159683227539 11.5
vertex -48.131317138671875 -25.237449645996094 10.5
vertex -48.514339447021484 -25.5588436126709 11.5
endloop
endfacet
facet normal 0.8646102524683684 0.23165746798234735 0.4458519135930582
outer loop
vertex -48.601165771484375 -25.40846061706543 11.5
vertex -48.131317138671875 -25.237449645996094 10.5
vertex -48.61720275878906 -25.34860610961914 11.5
endloop
endfacet
facet normal 0.6110586159722526 0.653943408754721 0.44605536202620727
outer loop
vertex -48.00751876831055 -25.353132247924805 10.5
vertex -48.471588134765625 -25.60159683227539 11.5
vertex -47.7564582824707 -25.58772850036621 10.5
endloop
endfacet
facet normal 0.6110607051743766 0.6539404652988665 0.44605681525619084
outer loop
vertex -48.471588134765625 -25.60159683227539 11.5
vertex -48.09672927856445 -25.951875686645508 11.5
vertex -47.7564582824707 -25.58772850036621 10.5
endloop
endfacet
facet normal 0.6110659447570953 0.6539355692470697 0.446056815250736
outer loop
vertex -48.00751876831055 -25.353132247924805 10.5
vertex -48.131317138671875 -25.237449645996094 10.5
vertex -48.471588134765625 -25.60159683227539 11.5
endloop
endfacet
facet normal 0.1558775917934139 0.8834872355676334 0.4417606602740297
outer loop
vertex -47.92747116088867 -26.057575225830078 11.5
vertex -47.756675720214844 -26.087709426879883 11.5
vertex -47.7564582824707 -25.58772850036621 10.5
endloop
endfacet
facet normal 0.475821339932281 0.7619392191130991 0.4393662240572998
outer loop
vertex -47.7564582824707 -25.58772850036621 10.5
vertex -48.09672927856445 -25.951875686645508 11.5
vertex -47.92747116088867 -26.057575225830078 11.5
endloop
endfacet
facet normal 0.0003896170988434931 0.894433913111351 0.44719998130012545
outer loop
vertex -47.7564582824707 -25.58772850036621 10.5
vertex -47.756675720214844 -26.087709426879883 11.5
vertex 66.50006103515625 -25.63749885559082 10.5
endloop
endfacet
facet normal 0.00038976271111387816 0.894427123061473 0.4472135615307365
outer loop
vertex 66.50006103515625 -25.63749885559082 10.5
vertex -47.756675720214844 -26.087709426879883 11.5
vertex 66.50006103515625 -26.13749885559082 11.5
endloop
endfacet
facet normal -0.11286563526700623 0.8887120336197886 0.4443560168098943
outer loop
vertex 66.50006103515625 -26.13749885559082 11.5
vertex 66.61121368408203 -26.123382568359375 11.5
vertex 66.50006103515625 -25.63749885559082 10.5
endloop
endfacet
facet normal -0.1995921834699696 0.8724469859594199 0.446093282832205
outer loop
vertex 66.80001068115234 -25.568878173828125 10.5
vertex 66.6530990600586 -25.602487564086914 10.5
vertex 66.61121368408203 -26.123382568359375 11.5
endloop
endfacet
facet normal -0.1995827881108018 0.8724479538986305 0.4460955933743482
outer loop
vertex 66.61121368408203 -26.123382568359375 11.5
vertex 66.91117095947266 -26.054763793945312 11.5
vertex 66.80001068115234 -25.568878173828125 10.5
endloop
endfacet
facet normal -0.19959408685916857 0.8724466742880937 0.446093040759996
outer loop
vertex 66.6530990600586 -25.602487564086914 10.5
vertex 66.50006103515625 -25.63749885559082 10.5
vertex 66.61121368408203 -26.123382568359375 11.5
endloop
endfacet
facet normal -0.45032595363735056 0.7823856767366321 0.4302083080531719
outer loop
vertex 66.80001068115234 -25.568878173828125 10.5
vertex 66.91117095947266 -26.054763793945312 11.5
vertex 67.1641616821289 -25.909147262573242 11.5
endloop
endfacet
facet normal -0.6515953082025536 0.6127200524132344 0.4472110147336963
outer loop
vertex 67.1502914428711 -25.194019317626953 10.5
vertex 67.1641616821289 -25.909147262573242 11.5
vertex 67.51561737060547 -25.53539276123047 11.5
endloop
endfacet
facet normal -0.6539387297858963 0.611061897774145 0.44605772583228404
outer loop
vertex 67.1502914428711 -25.194019317626953 10.5
vertex 66.91559600830078 -25.44518280029297 10.5
vertex 67.1641616821289 -25.909147262573242 11.5
endloop
endfacet
facet normal -0.6539378980837007 0.6110626753819814 0.44605787988206913
outer loop
vertex 66.91559600830078 -25.44518280029297 10.5
vertex 66.80001068115234 -25.568878173828125 10.5
vertex 67.1641616821289 -25.909147262573242 11.5
endloop
endfacet
facet normal -0.8917013998115969 0.07802141465165197 0.4458489345392603
outer loop
vertex 67.1502914428711 -25.194019317626953 10.5
vertex 67.64269256591797 -25.28084373474121 11.5
vertex 67.65026092529297 -25.194345474243164 11.5
endloop
endfacet
facet normal -0.8646207810458267 0.23162073757501145 0.4458505791281561
outer loop
vertex 67.64269256591797 -25.28084373474121 11.5
vertex 67.1502914428711 -25.194019317626953 10.5
vertex 67.6201400756836 -25.36503028869629 11.5
endloop
endfacet
facet normal -0.7654400687859217 0.46962142175201815 0.43995138518774607
outer loop
vertex 67.1502914428711 -25.194019317626953 10.5
vertex 67.51561737060547 -25.53539276123047 11.5
vertex 67.6201400756836 -25.36503028869629 11.5
endloop
endfacet
facet normal -0.8944269626788772 0.0005840789838840729 0.4472136707266213
outer loop
vertex 67.20005798339844 51.0625 10.5
vertex 67.65026092529297 -25.194345474243164 11.5
vertex 67.70005798339844 51.06217575073242 11.5
endloop
endfacet
facet normal -0.8944378806305515 0.0005837281773927287 0.44719183462418277
outer loop
vertex 67.20005798339844 51.0625 10.5
vertex 67.1502914428711 -25.194019317626953 10.5
vertex 67.65026092529297 -25.194345474243164 11.5
endloop
endfacet
facet normal -0.8887612316131204 -0.11252451946922205 0.4443441298135377
outer loop
vertex 67.68594360351562 51.17365646362305 11.5
vertex 67.20005798339844 51.0625 10.5
vertex 67.70005798339844 51.06217575073242 11.5
endloop
endfacet
facet normal -0.8724476984323194 -0.199585267889262 0.4460949835424293
outer loop
vertex 67.61732482910156 51.473609924316406 11.5
vertex 67.13143920898438 51.36245346069336 10.5
vertex 67.68594360351562 51.17365646362305 11.5
endloop
endfacet
facet normal -0.8724541038372392 -0.1995572664159959 0.4460949832918264
outer loop
vertex 67.16505432128906 51.21553421020508 10.5
vertex 67.20005798339844 51.0625 10.5
vertex 67.68594360351562 51.17365646362305 11.5
endloop
endfacet
facet normal -0.8724446088026645 -0.19961525400553254 0.44608760904050254
outer loop
vertex 67.13143920898438 51.36245346069336 10.5
vertex 67.16505432128906 51.21553421020508 10.5
vertex 67.68594360351562 51.17365646362305 11.5
endloop
endfacet
facet normal -0.8112398317143498 -0.3782939013393423 0.44585161169332277
outer loop
vertex 67.13143920898438 51.36245346069336 10.5
vertex 67.60128784179688 51.53346252441406 11.5
vertex 67.564453125 51.61245346069336 11.5
endloop
endfacet
facet normal -0.8646084574892033 -0.23166436936167054 0.44585180857141316
outer loop
vertex 67.60128784179688 51.53346252441406 11.5
vertex 67.13143920898438 51.36245346069336 10.5
vertex 67.61732482910156 51.473609924316406 11.5
endloop
endfacet
facet normal -0.7332356469736245 -0.5134020795053367 0.44585175873463373
outer loop
vertex 67.13143920898438 51.36245346069336 10.5
vertex 67.564453125 51.61245346069336 11.5
vertex 67.51446533203125 51.68384552001953 11.5
endloop
endfacet
facet normal -0.6329361160792807 -0.6329361160792807 0.4458517084468227
outer loop
vertex 67.47171020507812 51.726600646972656 11.5
vertex 67.13143920898438 51.36245346069336 10.5
vertex 67.51446533203125 51.68384552001953 11.5
endloop
endfacet
facet normal -0.6110645353580547 -0.653935801241298 0.4460584059095247
outer loop
vertex 66.75658416748047 51.712730407714844 10.5
vertex 67.00772094726562 51.478057861328125 10.5
vertex 67.47171020507812 51.726600646972656 11.5
endloop
endfacet
facet normal -0.6110622485716326 -0.6539390231003132 0.4460568152569672
outer loop
vertex 67.09685516357422 52.07687759399414 11.5
vertex 66.75658416748047 51.712730407714844 10.5
vertex 67.47171020507812 51.726600646972656 11.5
endloop
endfacet
facet normal -0.6110565078009941 -0.6539443874278779 0.4460568152440127
outer loop
vertex 67.00772094726562 51.478057861328125 10.5
vertex 67.13143920898438 51.36245346069336 10.5
vertex 67.47171020507812 51.726600646972656 11.5
endloop
endfacet
facet normal -0.47581230545524067 -0.7619453469147187 0.43936538130851593
outer loop
vertex 66.9275894165039 52.182579040527344 11.5
vertex 66.75658416748047 51.712730407714844 10.5
vertex 67.09685516357422 52.07687759399414 11.5
endloop
endfacet
facet normal -0.155863578724281 -0.8834900069966207 0.4417600619842981
outer loop
vertex 66.75676727294922 52.21271514892578 11.5
vertex 66.75658416748047 51.712730407714844 10.5
vertex 66.9275894165039 52.182579040527344 11.5
endloop
endfacet
facet normal -0.0003340641487707575 -0.8944325747214924 0.44720270312043764
outer loop
vertex -66.49974822998047 52.26248550415039 11.5
vertex -66.49993896484375 51.76250076293945 10.5
vertex 66.75658416748047 51.712730407714844 10.5
endloop
endfacet
facet normal -0.0003340641682778407 -0.8944325757409496 0.44720270108144705
outer loop
vertex -66.49974822998047 52.26248550415039 11.5
vertex 66.75658416748047 51.712730407714844 10.5
vertex 66.75676727294922 52.21271514892578 11.5
endloop
endfacet
facet normal 0.10020921486111402 -0.8899380682843246 0.4449363413740037
outer loop
vertex -66.61144256591797 52.249908447265625 11.5
vertex -66.49993896484375 51.76250076293945 10.5
vertex -66.49974822998047 52.26248550415039 11.5
endloop
endfacet
facet normal 0.2040203247116079 -0.8714246412252383 0.44608833404386933
outer loop
vertex -66.91104888916016 52.17976379394531 11.5
vertex -66.79988861083984 51.69388198852539 10.5
vertex -66.61144256591797 52.249908447265625 11.5
endloop
endfacet
facet normal 0.19946169349958895 -0.8719033652878861 0.44721309733273124
outer loop
vertex -66.61144256591797 52.249908447265625 11.5
vertex -66.65299987792969 51.72748565673828 10.5
vertex -66.49993896484375 51.76250076293945 10.5
endloop
endfacet
facet normal 0.1994648169917558 -0.8719028542495799 0.44721270055073464
outer loop
vertex -66.79988861083984 51.69388198852539 10.5
vertex -66.65299987792969 51.72748565673828 10.5
vertex -66.61144256591797 52.249908447265625 11.5
endloop
endfacet
facet normal 0.6329361160792807 -0.6329361160792807 0.4458517084468227
outer loop
vertex -67.1640396118164 52.034149169921875 11.5
vertex -66.79988861083984 51.69388198852539 10.5
vertex -67.12128448486328 52.076904296875 11.5
endloop
endfacet
facet normal 0.3783093080148497 -0.8112336921867728 0.4458497102503736
outer loop
vertex -66.97090148925781 52.163726806640625 11.5
vertex -67.04988861083984 52.12689208984375 11.5
vertex -66.79988861083984 51.69388198852539 10.5
endloop
endfacet
facet normal 0.23166461874919658 -0.8646093882433146 0.44584987403980564
outer loop
vertex -66.91104888916016 52.17976379394531 11.5
vertex -66.97090148925781 52.163726806640625 11.5
vertex -66.79988861083984 51.69388198852539 10.5
endloop
endfacet
facet normal 0.5133840882278304 -0.7332491296758298 0.4458503019894875
outer loop
vertex -67.04988861083984 52.12689208984375 11.5
vertex -67.12128448486328 52.076904296875 11.5
vertex -66.79988861083984 51.69388198852539 10.5
endloop
endfacet
facet normal 0.6539402189172153 -0.6110608731995184 0.44605694628281106
outer loop
vertex -67.1640396118164 52.034149169921875 11.5
vertex -66.91567993164062 51.56996536254883 10.5
vertex -66.79988861083984 51.69388198852539 10.5
endloop
endfacet
facet normal 0.6539378780286681 -0.6110630613140512 0.44605738058781497
outer loop
vertex -66.91567993164062 51.56996536254883 10.5
vertex -67.1640396118164 52.034149169921875 11.5
vertex -67.1501693725586 51.31902313232422 10.5
endloop
endfacet
facet normal 0.6539468525213463 -0.6110566913838325 0.44605294976321846
outer loop
vertex -67.51431274414062 51.6592903137207 11.5
vertex -67.1501693725586 51.31902313232422 10.5
vertex -67.1640396118164 52.034149169921875 11.5
endloop
endfacet
facet normal 0.8832653633581857 -0.15691907017269274 0.4418356066546351
outer loop
vertex -67.6501693725586 51.320316314697266 11.5
vertex -67.1501693725586 51.31902313232422 10.5
vertex -67.6200180053711 51.49003219604492 11.5
endloop
endfacet
facet normal 0.7619285268620719 -0.47584042099048934 0.4393641015210355
outer loop
vertex -67.6200180053711 51.49003219604492 11.5
vertex -67.1501693725586 51.31902313232422 10.5
vertex -67.51431274414062 51.6592903137207 11.5
endloop
endfacet
facet normal 0.8944618307463884 -0.0023066849510668787 0.4471383595067144
outer loop
vertex -67.6998291015625 32.06379318237305 11.5
vertex -67.19993591308594 32.0625 10.5
vertex -67.6501693725586 51.320316314697266 11.5
endloop
endfacet
facet normal 0.8944236057175688 -0.0023115475372517975 0.44721479211131404
outer loop
vertex -67.6501693725586 51.320316314697266 11.5
vertex -67.19993591308594 32.0625 10.5
vertex -67.1501693725586 51.31902313232422 10.5
endloop
endfacet
facet normal 0.889020692863349 0.11074494052053999 0.444272175372117
outer loop
vertex -67.68582153320312 31.951345443725586 11.5
vertex -67.19993591308594 32.0625 10.5
vertex -67.6998291015625 32.06379318237305 11.5
endloop
endfacet
facet normal 0.8724458784840868 0.19959390479901662 0.4460946786089373
outer loop
vertex -67.68582153320312 31.951345443725586 11.5
vertex -67.16492462158203 31.909461975097656 10.5
vertex -67.19993591308594 32.0625 10.5
endloop
endfacet
facet normal 0.8724474225357379 0.1995864739073623 0.4460949835449548
outer loop
vertex -67.68582153320312 31.951345443725586 11.5
vertex -67.61720275878906 31.65139389038086 11.5
vertex -67.13131713867188 31.762550354003906 10.5
endloop
endfacet
facet normal 0.8724479778644263 0.19958108342816774 0.4460963091731562
outer loop
vertex -67.13131713867188 31.762550354003906 10.5
vertex -67.16492462158203 31.909461975097656 10.5
vertex -67.68582153320312 31.951345443725586 11.5
endloop
endfacet
facet normal 0.7823885538703037 0.4503217110726362 0.43020751656537576
outer loop
vertex -67.61720275878906 31.65139389038086 11.5
vertex -67.47158813476562 31.39840316772461 11.5
vertex -67.13131713867188 31.762550354003906 10.5
endloop
endfacet
facet normal 0.6110565078009941 0.6539443874278779 0.4460568152440127
outer loop
vertex -67.00759887695312 31.64694595336914 10.5
vertex -67.13131713867188 31.762550354003906 10.5
vertex -67.47158813476562 31.39840316772461 11.5
endloop
endfacet
facet normal 0.6110586561602767 0.6539449272088089 0.4460530808205034
outer loop
vertex -67.09672546386719 31.048124313354492 11.5
vertex -66.75646209716797 31.41227149963379 10.5
vertex -67.47158813476562 31.39840316772461 11.5
endloop
endfacet
facet normal 0.6110670192666626 0.6539331444427525 0.4460588980883248
outer loop
vertex -66.75646209716797 31.41227149963379 10.5
vertex -67.00759887695312 31.64694595336914 10.5
vertex -67.47158813476562 31.39840316772461 11.5
endloop
endfacet
facet normal 0.15641540802152773 0.8833735022638567 0.44179800320004503
outer loop
vertex -66.9274673461914 30.942424774169922 11.5
vertex -66.75787353515625 30.912395477294922 11.5
vertex -66.75646209716797 31.41227149963379 10.5
endloop
endfacet
facet normal 0.47582209886594584 0.7619404344039561 0.439363294610641
outer loop
vertex -66.9274673461914 30.942424774169922 11.5
vertex -66.75646209716797 31.41227149963379 10.5
vertex -67.09672546386719 31.048124313354492 11.5
endloop
endfacet
facet normal 0.00254187814582873 0.8944672198641697 0.4471263036815827
outer loop
vertex -66.75646209716797 31.41227149963379 10.5
vertex -66.75787353515625 30.912395477294922 11.5
vertex -49.229305267333984 30.86258316040039 11.5
endloop
endfacet
facet normal 0.002535570146370803 0.8944238752769037 0.4472130389631753
outer loop
vertex -49.1999397277832 31.36250114440918 10.5
vertex -66.75646209716797 31.41227149963379 10.5
vertex -49.229305267333984 30.86258316040039 11.5
endloop
endfacet
facet normal 0.1022134929914471 0.8885680594499403 0.44721270730587986
outer loop
vertex -49.09211349487305 30.8468017578125 11.5
vertex -49.1999397277832 31.36250114440918 10.5
vertex -49.229305267333984 30.86258316040039 11.5
endloop
endfacet
facet normal 0.10220500575956198 0.8885684688582194 0.4472138335837202
outer loop
vertex -48.97289276123047 31.33638572692871 10.5
vertex -49.1999397277832 31.36250114440918 10.5
vertex -49.09211349487305 30.8468017578125 11.5
endloop
endfacet
facet normal 0.317786067244059 0.8360689366997036 0.4472144324050618
outer loop
vertex -48.722801208496094 31.241329193115234 10.5
vertex -49.09211349487305 30.8468017578125 11.5
vertex -48.96353530883789 30.797929763793945 11.5
endloop
endfacet
facet normal 0.31777998853247286 0.8360718361132861 0.44721333136039226
outer loop
vertex -48.722801208496094 31.241329193115234 10.5
vertex -48.97289276123047 31.33638572692871 10.5
vertex -49.09211349487305 30.8468017578125 11.5
endloop
endfacet
facet normal 0.5280723798055348 0.7218992535961707 0.4472147463398437
outer loop
vertex -48.856544494628906 30.71966552734375 11.5
vertex -48.722801208496094 31.241329193115234 10.5
vertex -48.96353530883789 30.797929763793945 11.5
endloop
endfacet
facet normal 0.5280744754807126 0.7218979637885143 0.4472143537765385
outer loop
vertex -48.50686264038086 31.0833683013916 10.5
vertex -48.722801208496094 31.241329193115234 10.5
vertex -48.856544494628906 30.71966552734375 11.5
endloop
endfacet
facet normal 0.700588302892946 0.5560352154222248 0.44721456713745555
outer loop
vertex -48.340538024902344 30.873804092407227 10.5
vertex -48.50686264038086 31.0833683013916 10.5
vertex -48.856544494628906 30.71966552734375 11.5
endloop
endfacet
facet normal 0.7005824378884172 0.5560439556075271 0.4472128879567946
outer loop
vertex -48.77413558959961 30.615835189819336 11.5
vertex -48.340538024902344 30.873804092407227 10.5
vertex -48.856544494628906 30.71966552734375 11.5
endloop
endfacet
facet normal 0.8229399010008724 0.35038541175926524 0.44721357600923134
outer loop
vertex -48.2357292175293 30.627643585205078 10.5
vertex -48.314781188964844 30.813310623168945 10.5
vertex -48.77413558959961 30.615835189819336 11.5
endloop
endfacet
facet normal 0.8229400539279398 0.3503849543864585 0.4472136529452999
outer loop
vertex -48.722206115722656 30.49386978149414 11.5
vertex -48.2357292175293 30.627643585205078 10.5
vertex -48.77413558959961 30.615835189819336 11.5
endloop
endfacet
facet normal 0.8229381172384778 0.35038959311352014 0.44721358234486913
outer loop
vertex -48.314781188964844 30.813310623168945 10.5
vertex -48.340538024902344 30.873804092407227 10.5
vertex -48.77413558959961 30.615835189819336 11.5
endloop
endfacet
facet normal 0.8863884207371611 0.1196486294033773 0.4472133417788146
outer loop
vertex -48.2357292175293 30.627643585205078 10.5
vertex -48.722206115722656 30.49386978149414 11.5
vertex -48.225894927978516 30.55478858947754 10.5
endloop
endfacet
facet normal 0.8863889296569846 0.11964323796151649 0.44721377549403524
outer loop
vertex -48.722206115722656 30.49386978149414 11.5
vertex -48.6999397277832 30.328907012939453 11.5
vertex -48.1999397277832 30.36250114440918 10.5
endloop
endfacet
facet normal 0.8863887866164241 0.11964586871145177 0.44721335519072486
outer loop
vertex -48.1999397277832 30.36250114440918 10.5
vertex -48.225894927978516 30.55478858947754 10.5
vertex -48.722206115722656 30.49386978149414 11.5
endloop
endfacet
facet normal 0.8944271909999159 0 0.4472135954999579
outer loop
vertex -48.6999397277832 30.328907012939453 11.5
vertex -48.6999397277832 -24.937498092651367 11.5
vertex -48.1999397277832 30.36250114440918 10.5
endloop
endfacet
facet normal 0.8944271909999159 0 0.4472135954999579
outer loop
vertex -48.6999397277832 -24.937498092651367 11.5
vertex -48.1999397277832 -24.937498092651367 10.5
vertex -48.1999397277832 30.36250114440918 10.5
endloop
endfacet
facet normal 0.8898990931548206 0.10049629347784209 0.4449495465774103
outer loop
vertex -48.687347412109375 -25.04900360107422 11.5
vertex -48.1999397277832 -24.937498092651367 10.5
vertex -48.6999397277832 -24.937498092651367 11.5
endloop
endfacet
facet normal 0.6535178486678287 -0.6106673926737425 0.44721332381496215
outer loop
vertex 47.08449172973633 -31.55484962463379 10.5
vertex 46.834781646728516 -31.089746475219727 11.5
vertex 46.849830627441406 -31.80597686767578 10.5
endloop
endfacet
facet normal 0.6535150402833417 -0.6106700176025591 0.4472138433956984
outer loop
vertex 46.834781646728516 -31.089746475219727 11.5
vertex 47.08449172973633 -31.55484962463379 10.5
vertex 47.200111389160156 -31.43111801147461 10.5
endloop
endfacet
facet normal 0.6558640334621529 -0.6089983020729781 0.44605317808865064
outer loop
vertex 46.834781646728516 -31.089746475219727 11.5
vertex 46.48568344116211 -31.465709686279297 11.5
vertex 46.849830627441406 -31.80597686767578 10.5
endloop
endfacet
facet normal 0.7619439177318141 -0.4758156879087921 0.4393641967336181
outer loop
vertex 46.48568344116211 -31.465709686279297 11.5
vertex 46.37998580932617 -31.634967803955078 11.5
vertex 46.849830627441406 -31.80597686767578 10.5
endloop
endfacet
facet normal 0.8646013634036044 -0.23169389021563808 0.4458502255661338
outer loop
vertex 46.37998580932617 -31.634967803955078 11.5
vertex 46.357425689697266 -31.719154357910156 11.5
vertex 46.849830627441406 -31.80597686767578 10.5
endloop
endfacet
facet normal 0.8917034983760712 -0.07798900877797987 0.44585040708033935
outer loop
vertex 46.349945068359375 -31.804685592651367 11.5
vertex 46.849830627441406 -31.80597686767578 10.5
vertex 46.357425689697266 -31.719154357910156 11.5
endloop
endfacet
facet normal 0.8944645485572594 -0.0023118305423883373 0.44713289614364243
outer loop
vertex 46.349945068359375 -31.804685592651367 11.5
vertex 46.8000602722168 -51.0625 10.5
vertex 46.849830627441406 -31.80597686767578 10.5
endloop
endfacet
facet normal 0.8944645467931254 -0.0023118307668144 0.4471328996715343
outer loop
vertex 46.349945068359375 -31.804685592651367 11.5
vertex 46.300174713134766 -51.06120681762695 11.5
vertex 46.8000602722168 -51.0625 10.5
endloop
endfacet
facet normal 0.890171684199051 0.09847311640620568 0.4448566263364805
outer loop
vertex 46.312652587890625 -51.17400360107422 11.5
vertex 46.8000602722168 -51.0625 10.5
vertex 46.300174713134766 -51.06120681762695 11.5
endloop
endfacet
facet normal 0.8714230774451611 0.2040225562849237 0.44609036822483616
outer loop
vertex 46.312652587890625 -51.17400360107422 11.5
vertex 46.38279724121094 -51.47360610961914 11.5
vertex 46.868682861328125 -51.362449645996094 10.5
endloop
endfacet
facet normal 0.871901884417687 0.19946133836357982 0.4472161428739976
outer loop
vertex 46.868682861328125 -51.362449645996094 10.5
vertex 46.83507537841797 -51.21554183959961 10.5
vertex 46.312652587890625 -51.17400360107422 11.5
endloop
endfacet
facet normal 0.8718979610315993 0.19948531579324136 0.4472130972274968
outer loop
vertex 46.8000602722168 -51.0625 10.5
vertex 46.312652587890625 -51.17400360107422 11.5
vertex 46.83507537841797 -51.21554183959961 10.5
endloop
endfacet
facet normal 0.8646084574892033 0.23166436936167054 0.44585180857141316
outer loop
vertex 46.398834228515625 -51.5334587097168 11.5
vertex 46.868682861328125 -51.362449645996094 10.5
vertex 46.38279724121094 -51.47360610961914 11.5
endloop
endfacet
facet normal 0.7332302653873112 0.5134100570581702 0.44585142282107815
outer loop
vertex 46.4356689453125 -51.612449645996094 11.5
vertex 46.485660552978516 -51.68384552001953 11.5
vertex 46.868682861328125 -51.362449645996094 10.5
endloop
endfacet
facet normal 0.6329361160792808 0.6329361160792808 0.44585170844682276
outer loop
vertex 46.868682861328125 -51.362449645996094 10.5
vertex 46.485660552978516 -51.68384552001953 11.5
vertex 46.528411865234375 -51.72659683227539 11.5
endloop
endfacet
facet normal 0.8112398317143498 0.3782939013393423 0.44585161169332277
outer loop
vertex 46.868682861328125 -51.362449645996094 10.5
vertex 46.398834228515625 -51.5334587097168 11.5
vertex 46.4356689453125 -51.612449645996094 11.5
endloop
endfacet
facet normal 0.6110624815084602 0.6539388054363986 0.4460568152569116
outer loop
vertex 46.90327072143555 -52.07687759399414 11.5
vertex 47.2435417175293 -51.712730407714844 10.5
vertex 46.528411865234375 -51.72659683227539 11.5
endloop
endfacet
facet normal 0.6110727332626035 0.6539292257332431 0.44605681520955615
outer loop
vertex 46.992488861083984 -51.47814178466797 10.5
vertex 46.868682861328125 -51.362449645996094 10.5
vertex 46.528411865234375 -51.72659683227539 11.5
endloop
endfacet
facet normal 0.6110583933447418 0.6539445652205695 0.4460539715566081
outer loop
vertex 46.992488861083984 -51.47814178466797 10.5
vertex 46.528411865234375 -51.72659683227539 11.5
vertex 47.2435417175293 -51.712730407714844 10.5
endloop
endfacet
facet normal 0.4758153084517358 0.7619433100910754 0.4393656614375259
outer loop
vertex 47.07252883911133 -52.18257522583008 11.5
vertex 47.2435417175293 -51.712730407714844 10.5
vertex 46.90327072143555 -52.07687759399414 11.5
endloop
endfacet
facet normal 0.156361037685244 0.8833852606545005 0.4417937382448668
outer loop
vertex 47.24224853515625 -52.212615966796875 11.5
vertex 47.2435417175293 -51.712730407714844 10.5
vertex 47.07252883911133 -52.18257522583008 11.5
endloop
endfacet
facet normal 0.0023116538044479474 0.8944645472505715 0.4471328996713604
outer loop
vertex 66.50006103515625 -51.76249694824219 10.5
vertex 47.2435417175293 -51.712730407714844 10.5
vertex 47.24224853515625 -52.212615966796875 11.5
endloop
endfacet
facet normal 0.0023168630424529085 0.8944235955007279 0.44721478503868006
outer loop
vertex 66.50006103515625 -51.76249694824219 10.5
vertex 47.24224853515625 -52.212615966796875 11.5
vertex 66.49877166748047 -52.26249694824219 11.5
endloop
endfacet
facet normal -0.11157986081356043 0.8888994533352722 0.4443058592018349
outer loop
vertex 66.61121368408203 -52.248382568359375 11.5
vertex 66.50006103515625 -51.76249694824219 10.5
vertex 66.49877166748047 -52.26249694824219 11.5
endloop
endfacet
facet normal -0.19503510625579526 0.8729065685751728 0.4472084859057438
outer loop
vertex 66.80001068115234 -51.693878173828125 10.5
vertex 66.61121368408203 -52.248382568359375 11.5
vertex 66.91151428222656 -52.1812858581543 11.5
endloop
endfacet
facet normal -0.19958272813753716 0.8724485912569947 0.44609437369559285
outer loop
vertex 66.65309143066406 -51.72748947143555 10.5
vertex 66.50006103515625 -51.76249694824219 10.5
vertex 66.61121368408203 -52.248382568359375 11.5
endloop
endfacet
facet normal -0.19959312302992352 0.8724468891583786 0.4460930517695043
outer loop
vertex 66.80001068115234 -51.693878173828125 10.5
vertex 66.65309143066406 -51.72748947143555 10.5
vertex 66.61121368408203 -52.248382568359375 11.5
endloop
endfacet
facet normal -0.4541737957328525 0.7798587148735273 0.43075114405584997
outer loop
vertex 66.80001068115234 -51.693878173828125 10.5
vertex 66.91151428222656 -52.1812858581543 11.5
vertex 67.1641616821289 -52.034149169921875 11.5
endloop
endfacet
facet normal -0.6515968676206456 0.6127183919617192 0.4472110175955058
outer loop
vertex 67.51561737060547 -51.66039276123047 11.5
vertex 67.1502914428711 -51.31901931762695 10.5
vertex 67.1641616821289 -52.034149169921875 11.5
endloop
endfacet
facet normal -0.6539456190548267 0.6110564489239184 0.44605509026071
outer loop
vertex 67.1502914428711 -51.31901931762695 10.5
vertex 66.91561126708984 -51.57017135620117 10.5
vertex 67.1641616821289 -52.034149169921875 11.5
endloop
endfacet
facet normal -0.6539255201456927 0.6110752401398463 0.4460588133757863
outer loop
vertex 66.91561126708984 -51.57017135620117 10.5
vertex 66.80001068115234 -51.693878173828125 10.5
vertex 67.1641616821289 -52.034149169921875 11.5
endloop
endfacet
facet normal -0.7654425631992624 0.4696176943945318 0.43995102404075326
outer loop
vertex 67.6201400756836 -51.490028381347656 11.5
vertex 67.1502914428711 -51.31901931762695 10.5
vertex 67.51561737060547 -51.66039276123047 11.5
endloop
endfacet
facet normal -0.8833875259673137 0.15634509731325305 0.44179485002822083
outer loop
vertex 67.65017700195312 -51.3203125 11.5
vertex 67.1502914428711 -51.31901931762695 10.5
vertex 67.6201400756836 -51.490028381347656 11.5
endloop
endfacet
facet normal -0.8944645472505715 0.0023116538044479474 0.4471328996713604
outer loop
vertex 67.20005798339844 -32.0625 10.5
vertex 67.1502914428711 -51.31901931762695 10.5
vertex 67.65017700195312 -51.3203125 11.5
endloop
endfacet
facet normal -0.8944618205440901 0.002312000683532407 0.44713835246128375
outer loop
vertex 67.20005798339844 -32.0625 10.5
vertex 67.65017700195312 -51.3203125 11.5
vertex 67.699951171875 -32.06378936767578 11.5
endloop
endfacet
facet normal -0.8890203420147349 -0.11074677531221314 0.44427242007798534
outer loop
vertex 67.20005798339844 -32.0625 10.5
vertex 67.699951171875 -32.06378936767578 11.5
vertex 67.68594360351562 -31.951343536376953 11.5
endloop
endfacet
facet normal -0.8724440869812542 -0.19962031767140478 0.44608636368332655
outer loop
vertex 67.13143920898438 -31.76254653930664 10.5
vertex 67.16505432128906 -31.909461975097656 10.5
vertex 67.68594360351562 -31.951343536376953 11.5
endloop
endfacet
facet normal -0.8724551850646032 -0.19955253946240586 0.44609498321320984
outer loop
vertex 67.16505432128906 -31.909461975097656 10.5
vertex 67.20005798339844 -32.0625 10.5
vertex 67.68594360351562 -31.951343536376953 11.5
endloop
endfacet
facet normal -0.8724475706946282 -0.19958650780110737 0.4460946786196852
outer loop
vertex 67.13143920898438 -31.76254653930664 10.5
vertex 67.68594360351562 -31.951343536376953 11.5
vertex 67.61732482910156 -31.651391983032227 11.5
endloop
endfacet
facet normal -0.6329219025607979 -0.6329501390944835 0.44585197844025987
outer loop
vertex 67.47171020507812 -31.398399353027344 11.5
vertex 67.13143920898438 -31.76254653930664 10.5
vertex 67.51446533203125 -31.441152572631836 11.5
endloop
endfacet
facet normal -0.8112398317143498 -0.3782939013393423 0.44585161169332277
outer loop
vertex 67.13143920898438 -31.76254653930664 10.5
vertex 67.60128784179688 -31.591537475585938 11.5
vertex 67.564453125 -31.51254653930664 11.5
endloop
endfacet
facet normal -0.8646104227968665 -0.2316575136189431 0.44585155957438677
outer loop
vertex 67.60128784179688 -31.591537475585938 11.5
vertex 67.13143920898438 -31.76254653930664 10.5
vertex 67.61732482910156 -31.651391983032227 11.5
endloop
endfacet
facet normal -0.7332419312676436 -0.513392763609372 0.4458521509474051
outer loop
vertex 67.51446533203125 -31.441152572631836 11.5
vertex 67.13143920898438 -31.76254653930664 10.5
vertex 67.564453125 -31.51254653930664 11.5
endloop
endfacet
facet normal -0.6110565078009941 -0.6539443874278779 0.4460568152440127
outer loop
vertex 67.00772094726562 -31.646942138671875 10.5
vertex 67.13143920898438 -31.76254653930664 10.5
vertex 67.47171020507812 -31.398399353027344 11.5
endloop
endfacet
facet normal -0.612722223472068 -0.6515938698549518 0.4472101358767409
outer loop
vertex 67.09795379638672 -31.046939849853516 11.5
vertex 66.75658416748047 -31.412267684936523 10.5
vertex 67.47171020507812 -31.398399353027344 11.5
endloop
endfacet
facet normal -0.6110670192666626 -0.6539331444427525 0.4460588980883248
outer loop
vertex 67.00772094726562 -31.646942138671875 10.5
vertex 67.47171020507812 -31.398399353027344 11.5
vertex 66.75658416748047 -31.412267684936523 10.5
endloop
endfacet
facet normal -0.15565670455803093 -0.8835352280487233 0.44174256204606827
outer loop
vertex 66.75647735595703 -30.912277221679688 11.5
vertex 66.75658416748047 -31.412267684936523 10.5
vertex 66.9275894165039 -30.94242286682129 11.5
endloop
endfacet
facet normal -0.4695995366152488 -0.7654548718082015 0.43994899072032595
outer loop
vertex 66.9275894165039 -30.94242286682129 11.5
vertex 66.75658416748047 -31.412267684936523 10.5
vertex 67.09795379638672 -31.046939849853516 11.5
endloop
endfacet
facet normal 0.00018575194827890858 -0.8944305795891497 0.4472067796803078
outer loop
vertex 66.75647735595703 -30.912277221679688 11.5
vertex 47.23088455200195 -31.416322708129883 10.5
vertex 66.75658416748047 -31.412267684936523 10.5
endloop
endfacet
facet normal 0.00018566447139957258 -0.8944298975016035 0.44720814391508446
outer loop
vertex 66.75647735595703 -30.912277221679688 11.5
vertex 47.23078155517578 -30.916330337524414 11.5
vertex 47.23088455200195 -31.416322708129883 10.5
endloop
endfacet
facet normal 0.2070698044779512 -0.8750356679534508 0.4375324855170429
outer loop
vertex 47.015037536621094 -30.967384338378906 11.5
vertex 47.23088455200195 -31.416322708129883 10.5
vertex 47.23078155517578 -30.916330337524414 11.5
endloop
endfacet
facet normal 0.3864702899828125 -0.8073637265814 0.4458750138336922
outer loop
vertex 46.978981018066406 -30.984643936157227 11.5
vertex 47.23088455200195 -31.416322708129883 10.5
vertex 47.015037536621094 -30.967384338378906 11.5
endloop
endfacet
facet normal 0.38784001827630465 -0.8066792387353229 0.4459245743585296
outer loop
vertex 47.200111389160156 -31.43111801147461 10.5
vertex 47.23088455200195 -31.416322708129883 10.5
vertex 46.978981018066406 -30.984643936157227 11.5
endloop
endfacet
facet normal -0.43914128960266763 0.7802103458437357 -0.4454511690460632
outer loop
vertex 47.004329681396484 -31.023914337158203 11.406228065490723
vertex 47.200111389160156 -31.43111801147461 10.5
vertex 46.978981018066406 -30.984643936157227 11.5
endloop
endfacet
facet normal 0.901010683312286 0.4337968154570702 -0.00026731335952562816
outer loop
vertex 47.200111389160156 -31.43111801147461 10.5
vertex 47.004329681396484 -31.023914337158203 11.406228065490723
vertex 47.01765823364258 -31.0516357421875 11.345291137695312
endloop
endfacet
facet normal 0.47859708893958897 -0.756271733891734 0.446091796578845
outer loop
vertex 46.978981018066406 -30.984643936157227 11.5
vertex 46.87871551513672 -31.048095703125 11.5
vertex 47.004329681396484 -31.023914337158203 11.406228065490723
endloop
endfacet
facet normal 0.4746906115686059 -0.7601258770095722 0.4437087720442898
outer loop
vertex 47.200111389160156 -31.43111801147461 10.5
vertex 47.01765823364258 -31.0516357421875 11.345291137695312
vertex 46.87871551513672 -31.048095703125 11.5
endloop
endfacet
facet normal 0.47973134151727537 -0.7543611431070071 0.44810390060378297
outer loop
vertex 47.01765823364258 -31.0516357421875 11.345291137695312
vertex 47.004329681396484 -31.023914337158203 11.406228065490723
vertex 46.87871551513672 -31.048095703125 11.5
endloop
endfacet
facet normal 0.6155903697961957 -0.649334092498309 0.4465576479398605
outer loop
vertex 46.834781646728516 -31.089746475219727 11.5
vertex 47.200111389160156 -31.43111801147461 10.5
vertex 46.87871551513672 -31.048095703125 11.5
endloop
endfacet
facet normal 0.1982746675534352 -0.8430225619469252 0.5000001162550041
outer loop
vertex 67.3858642578125 -57.84837341308594 11.5
vertex 69.06083679199219 -58.6406364440918 9.5
vertex 68.68950653076172 -57.54176330566406 11.5
endloop
endfacet
facet normal 0.19827476056435517 -0.8430225068224884 0.5000001723138455
outer loop
vertex 67.3858642578125 -57.84837341308594 11.5
vertex 67.58557891845703 -58.98760986328125 9.5
vertex 69.06083679199219 -58.6406364440918 9.5
endloop
endfacet
facet normal 0.3537175811294893 -0.7904957045794871 0.5000004138411124
outer loop
vertex 69.06083679199219 -58.6406364440918 9.5
vertex 70.10736083984375 -58.17235565185547 9.5
vertex 69.87225341796875 -57.01252746582031 11.5
endloop
endfacet
facet normal 0.3537178132970173 -0.7904956753311341 0.5000002958390631
outer loop
vertex 68.68950653076172 -57.54176330566406 11.5
vertex 69.06083679199219 -58.6406364440918 9.5
vertex 69.87225341796875 -57.01252746582031 11.5
endloop
endfacet
facet normal 0.353715300050802 -0.7904965754451126 0.500000650719097
outer loop
vertex 69.87225341796875 -57.01252746582031 11.5
vertex 70.10736083984375 -58.17235565185547 9.5
vertex 70.44417572021484 -58.021644592285156 9.5
endloop
endfacet
facet normal 0.49646571788882743 -0.7095940401581997 0.49999808912944316
outer loop
vertex 70.9339599609375 -56.269718170166016 11.5
vertex 70.80496215820312 -57.769222259521484 9.5
vertex 71.6859359741211 -57.15285110473633 9.5
endloop
endfacet
facet normal 0.4964641928231181 -0.7095946929746394 0.4999986769449664
outer loop
vertex 70.44417572021484 -58.021644592285156 9.5
vertex 70.80496215820312 -57.769222259521484 9.5
vertex 70.9339599609375 -56.269718170166016 11.5
endloop
endfacet
facet normal 0.4964597843440384 -0.709596129777339 0.5000010151330622
outer loop
vertex 69.87225341796875 -57.01252746582031 11.5
vertex 70.44417572021484 -58.021644592285156 9.5
vertex 70.9339599609375 -56.269718170166016 11.5
endloop
endfacet
facet normal 0.6213901424865541 -0.6032217943055972 0.49999775769024785
outer loop
vertex 70.9339599609375 -56.269718170166016 11.5
vertex 71.6859359741211 -57.15285110473633 9.5
vertex 71.83650207519531 -55.33999252319336 11.5
endloop
endfacet
facet normal 0.6213840893757888 -0.6032251390149725 0.5000012451294384
outer loop
vertex 71.6859359741211 -57.15285110473633 9.5
vertex 72.04037475585938 -56.787742614746094 9.5
vertex 71.83650207519531 -55.33999252319336 11.5
endloop
endfacet
facet normal 0.6213874293766515 -0.6032228122935505 0.49999990134132716
outer loop
vertex 71.83650207519531 -55.33999252319336 11.5
vertex 72.04037475585938 -56.787742614746094 9.5
vertex 72.7415542602539 -56.06544876098633 9.5
endloop
endfacet
facet normal 0.7240086940077071 -0.47519603865264953 0.5000001358500656
outer loop
vertex 72.7415542602539 -56.06544876098633 9.5
vertex 73.3510971069336 -55.136749267578125 9.5
vertex 72.54749298095703 -54.2567253112793 11.5
endloop
endfacet
facet normal 0.7240015121998489 -0.4752055933593189 0.5000014543702345
outer loop
vertex 72.54749298095703 -54.2567253112793 11.5
vertex 73.3510971069336 -55.136749267578125 9.5
vertex 73.57313537597656 -54.7984619140625 9.5
endloop
endfacet
facet normal 0.7240091221610424 -0.47519568199195483 0.4999998548437767
outer loop
vertex 71.83650207519531 -55.33999252319336 11.5
vertex 72.7415542602539 -56.06544876098633 9.5
vertex 72.54749298095703 -54.2567253112793 11.5
endloop
endfacet
facet normal 0.8006416821469672 -0.33011234750374535 0.4999987348328404
outer loop
vertex 74.15081787109375 -53.39737319946289 9.5
vertex 73.04141998291016 -53.058799743652344 11.5
vertex 73.57313537597656 -54.7984619140625 9.5
endloop
endfacet
facet normal 0.8006373235096155 -0.3301176663557347 0.5000022025583519
outer loop
vertex 72.54749298095703 -54.2567253112793 11.5
vertex 73.57313537597656 -54.7984619140625 9.5
vertex 73.04141998291016 -53.058799743652344 11.5
endloop
endfacet
facet normal 0.8485328539454249 -0.17318215968470327 0.49999993534217
outer loop
vertex 74.15081787109375 -53.39737319946289 9.5
vertex 74.4538803100586 -51.912471771240234 9.5
vertex 73.29923248291016 -51.79558181762695 11.5
endloop
endfacet
facet normal 0.8485345617497412 -0.17317899959623279 0.49999813161153195
outer loop
vertex 73.04141998291016 -53.058799743652344 11.5
vertex 74.15081787109375 -53.39737319946289 9.5
vertex 73.29923248291016 -51.79558181762695 11.5
endloop
endfacet
facet normal 0.8660256391711888 -0.000388371974963983 0.49999944146503095
outer loop
vertex 74.50006103515625 51.052181243896484 9.5
vertex 73.34534454345703 51.013031005859375 11.5
vertex 73.33956909179688 38.13442611694336 11.5
endloop
endfacet
facet normal 0.8660257778549221 -0.0003884216301755773 0.49999920121877645
outer loop
vertex 73.33956909179688 38.13442611694336 11.5
vertex 74.4538803100586 -51.912471771240234 9.5
vertex 74.50006103515625 51.052181243896484 9.5
endloop
endfacet
facet normal 0.8660253913586339 -0.00038844128116408426 0.4999998706354793
outer loop
vertex 73.29923248291016 -51.79558181762695 11.5
vertex 74.4538803100586 -51.912471771240234 9.5
vertex 73.33956909179688 38.13442611694336 11.5
endloop
endfacet
facet normal 0.8640103760161503 0.059048124293959156 0.49999938915342257
outer loop
vertex 73.34534454345703 51.013031005859375 11.5
vertex 74.50006103515625 51.052181243896484 9.5
vertex 73.27957916259766 51.9753303527832 11.5
endloop
endfacet
facet normal 0.8640101772173716 0.0590467709564986 0.49999989250440513
outer loop
vertex 73.27957916259766 51.9753303527832 11.5
vertex 74.50006103515625 51.052181243896484 9.5
vertex 74.4251708984375 52.14802169799805 9.5
endloop
endfacet
facet normal 0.8430219686764914 0.19827483327614054 0.5000010508170273
outer loop
vertex 73.27957916259766 51.9753303527832 11.5
vertex 74.07820129394531 53.62327575683594 9.5
vertex 72.97932434082031 53.251949310302734 11.5
endloop
endfacet
facet normal 0.8430229289039295 0.19827319265269944 0.5000000824175391
outer loop
vertex 73.27957916259766 51.9753303527832 11.5
vertex 74.4251708984375 52.14802169799805 9.5
vertex 74.07820129394531 53.62327575683594 9.5
endloop
endfacet
facet normal 0.7904952489059798 0.3537176224874053 0.5000011049977097
outer loop
vertex 72.97932434082031 53.251949310302734 11.5
vertex 73.60993957519531 54.66975784301758 9.5
vertex 72.45008850097656 54.434696197509766 11.5
endloop
endfacet
facet normal 0.7904930532954765 0.3537233736245678 0.5000005076429919
outer loop
vertex 73.60993957519531 54.66975784301758 9.5
vertex 73.4592056274414 55.006614685058594 9.5
vertex 72.45008850097656 54.434696197509766 11.5
endloop
endfacet
facet normal 0.7904955118737574 0.3537172704071661 0.5000009383222696
outer loop
vertex 72.97932434082031 53.251949310302734 11.5
vertex 74.07820129394531 53.62327575683594 9.5
vertex 73.60993957519531 54.66975784301758 9.5
endloop
endfacet
facet normal 0.709596237570892 0.49645999706712024 0.5000006509369255
outer loop
vertex 73.4592056274414 55.006614685058594 9.5
vertex 73.2068099975586 55.367366790771484 9.5
vertex 71.70728302001953 55.496395111083984 11.5
endloop
endfacet
facet normal 0.7095948552287528 0.49646322650283514 0.49999940616292754
outer loop
vertex 71.70728302001953 55.496395111083984 11.5
vertex 73.2068099975586 55.367366790771484 9.5
vertex 72.59041595458984 56.24837875366211 9.5
endloop
endfacet
facet normal 0.7095960038392503 0.49646071421750115 0.5000002705739424
outer loop
vertex 72.45008850097656 54.434696197509766 11.5
vertex 73.4592056274414 55.006614685058594 9.5
vertex 71.70728302001953 55.496395111083984 11.5
endloop
endfacet
facet normal 0.603222231744567 0.6213879667335146 0.499999933927888
outer loop
vertex 71.70728302001953 55.496395111083984 11.5
vertex 71.50301361083984 57.303993225097656 9.5
vertex 70.77755737304688 56.39894104003906 11.5
endloop
endfacet
facet normal 0.6032217834316644 0.6213886892293717 0.4999995768911464
outer loop
vertex 71.70728302001953 55.496395111083984 11.5
vertex 72.59041595458984 56.24837875366211 9.5
vertex 72.22533416748047 56.602787017822266 9.5
endloop
endfacet
facet normal 0.603223414680199 0.6213873581688584 0.4999992630889443
outer loop
vertex 72.22533416748047 56.602787017822266 9.5
vertex 71.50301361083984 57.303993225097656 9.5
vertex 71.70728302001953 55.496395111083984 11.5
endloop
endfacet
facet normal 0.475197453973493 0.7240079374179016 0.4999998862929729
outer loop
vertex 70.77755737304688 56.39894104003906 11.5
vertex 70.5740966796875 57.91368103027344 9.5
vertex 69.69429016113281 57.10993576049805 11.5
endloop
endfacet
facet normal 0.4751973247616734 0.7240079871404846 0.4999999370961285
outer loop
vertex 71.50301361083984 57.303993225097656 9.5
vertex 70.5740966796875 57.91368103027344 9.5
vertex 70.77755737304688 56.39894104003906 11.5
endloop
endfacet
facet normal 0.4751934531686936 0.7240109442402445 0.49999933468551944
outer loop
vertex 70.5740966796875 57.91368103027344 9.5
vertex 70.23602294921875 58.13557052612305 9.5
vertex 69.69429016113281 57.10993576049805 11.5
endloop
endfacet
facet normal 0.3301125728747409 0.8006398867750111 0.5000014609327819
outer loop
vertex 69.69429016113281 57.10993576049805 11.5
vertex 68.8349380493164 58.713260650634766 9.5
vertex 68.4963607788086 57.60385513305664 11.5
endloop
endfacet
facet normal 0.3301167024373058 0.8006394905597557 0.49999936892773594
outer loop
vertex 70.23602294921875 58.13557052612305 9.5
vertex 68.8349380493164 58.713260650634766 9.5
vertex 69.69429016113281 57.10993576049805 11.5
endloop
endfacet
facet normal 0.17318473652423033 0.848531663817755 0.5000010625325764
outer loop
vertex 68.4963607788086 57.60385513305664 11.5
vertex 68.8349380493164 58.713260650634766 9.5
vertex 67.23320770263672 57.861663818359375 11.5
endloop
endfacet
facet normal 0.17318219689774367 0.8485330362764885 0.4999996130249248
outer loop
vertex 68.8349380493164 58.713260650634766 9.5
vertex 67.35003662109375 59.01632308959961 9.5
vertex 67.23320770263672 57.861663818359375 11.5
endloop
endfacet
facet normal 0.00029879324321339197 0.8660255449790648 0.4999996661662003
outer loop
vertex 67.35003662109375 59.01632308959961 9.5
vertex -66.48961639404297 59.0625 9.5
vertex 67.23320770263672 57.861663818359375 11.5
endloop
endfacet
facet normal 0.0002987960526504263 0.8660256255122314 0.4999995266768433
outer loop
vertex -66.48961639404297 59.0625 9.5
vertex -66.45040893554688 57.90778732299805 11.5
vertex 67.23320770263672 57.861663818359375 11.5
endloop
endfacet
facet normal -0.05904379331185717 0.8640106167342767 0.4999994846415359
outer loop
vertex -66.48961639404297 59.0625 9.5
vertex -67.58545684814453 58.987613677978516 9.5
vertex -66.45040893554688 57.90778732299805 11.5
endloop
endfacet
facet normal -0.059044612888478155 0.8640103689706332 0.4999998160000463
outer loop
vertex -66.45040893554688 57.90778732299805 11.5
vertex -67.58545684814453 58.987613677978516 9.5
vertex -67.41276550292969 57.84202194213867 11.5
endloop
endfacet
facet normal -0.19827496976412237 0.8430225489940498 0.500000018252611
outer loop
vertex -67.41276550292969 57.84202194213867 11.5
vertex -67.58545684814453 58.987613677978516 9.5
vertex -68.68938446044922 57.54176712036133 11.5
endloop
endfacet
facet normal -0.19827476741250377 0.8430225359393734 0.5000001205058511
outer loop
vertex -67.58545684814453 58.987613677978516 9.5
vertex -69.06071472167969 58.64064025878906 9.5
vertex -68.68938446044922 57.54176712036133 11.5
endloop
endfacet
facet normal -0.3537178132970173 0.7904956753311341 0.5000002958390631
outer loop
vertex -68.68938446044922 57.54176712036133 11.5
vertex -69.06071472167969 58.64064025878906 9.5
vertex -69.87213134765625 57.01253128051758 11.5
endloop
endfacet
facet normal -0.3537184409359862 0.7904955962611931 0.4999999768334755
outer loop
vertex -69.06071472167969 58.64064025878906 9.5
vertex -70.10726165771484 58.17234802246094 9.5
vertex -69.87213134765625 57.01253128051758 11.5
endloop
endfacet
facet normal -0.35371297338144325 0.7904976836830999 0.5000005445530156
outer loop
vertex -70.10726165771484 58.17234802246094 9.5
vertex -70.44405364990234 58.02164840698242 9.5
vertex -69.87213134765625 57.01253128051758 11.5
endloop
endfacet
facet normal -0.49646152453190306 0.7095949729243404 0.5000009290591002
outer loop
vertex -69.87213134765625 57.01253128051758 11.5
vertex -70.44405364990234 58.02164840698242 9.5
vertex -70.933837890625 56.269718170166016 11.5
endloop
endfacet
facet normal -0.4964639653234363 0.7095941774254014 0.4999996344991641
outer loop
vertex -70.44405364990234 58.02164840698242 9.5
vertex -70.8050308227539 57.76909255981445 9.5
vertex -70.933837890625 56.269718170166016 11.5
endloop
endfacet
facet normal -0.4964653461639165 0.7095935862679226 0.4999991023849653
outer loop
vertex -70.8050308227539 57.76909255981445 9.5
vertex -71.6858139038086 57.152854919433594 9.5
vertex -70.933837890625 56.269718170166016 11.5
endloop
endfacet
facet normal -0.6213897850165152 0.6032214472873496 0.4999986206077816
outer loop
vertex -70.933837890625 56.269718170166016 11.5
vertex -71.6858139038086 57.152854919433594 9.5
vertex -71.83638000488281 55.33999252319336 11.5
endloop
endfacet
facet normal -0.621387279279562 0.603222974455127 0.4999998922390414
outer loop
vertex -72.04036712646484 56.78762435913086 9.5
vertex -72.7414321899414 56.06544876098633 9.5
vertex -71.83638000488281 55.33999252319336 11.5
endloop
endfacet
facet normal -0.621388268705619 0.6032222851443453 0.4999994942200119
outer loop
vertex -71.6858139038086 57.152854919433594 9.5
vertex -72.04036712646484 56.78762435913086 9.5
vertex -71.83638000488281 55.33999252319336 11.5
endloop
endfacet
facet normal -0.7240138836713097 0.4751887336051697 0.4999995637057121
outer loop
vertex -73.35107421875 55.13660430908203 9.5
vertex -73.57300567626953 54.7984619140625 9.5
vertex -72.54737091064453 54.25672912597656 11.5
endloop
endfacet
facet normal -0.7240069077249409 0.47519801533179346 0.5000008437905815
outer loop
vertex -73.35107421875 55.13660430908203 9.5
vertex -72.54737091064453 54.25672912597656 11.5
vertex -72.7414321899414 56.06544876098633 9.5
endloop
endfacet
facet normal -0.7240083267041337 0.4751968332955473 0.49999991248895637
outer loop
vertex -71.83638000488281 55.33999252319336 11.5
vertex -72.7414321899414 56.06544876098633 9.5
vertex -72.54737091064453 54.25672912597656 11.5
endloop
endfacet
facet normal -0.8006392637996472 0.3301157101429971 0.5000003871789935
outer loop
vertex -73.57300567626953 54.7984619140625 9.5
vertex -74.15069580078125 53.39737319946289 9.5
vertex -73.04129028320312 53.05880355834961 11.5
endloop
endfacet
facet normal -0.8006406988648948 0.3301139589261783 0.49999924544264884
outer loop
vertex -72.54737091064453 54.25672912597656 11.5
vertex -73.57300567626953 54.7984619140625 9.5
vertex -73.04129028320312 53.05880355834961 11.5
endloop
endfacet
facet normal -0.848532463660625 0.17318252493335254 0.5000004711715171
outer loop
vertex -74.15069580078125 53.39737319946289 9.5
vertex -74.4537582397461 51.9124755859375 9.5
vertex -73.04129028320312 53.05880355834961 11.5
endloop
endfacet
facet normal -0.8485326858420394 0.17318487932817458 0.4999992786292601
outer loop
vertex -73.04129028320312 53.05880355834961 11.5
vertex -74.4537582397461 51.9124755859375 9.5
vertex -73.29933166503906 51.79450988769531 11.5
endloop
endfacet
facet normal -0.8660229618584058 0.0020158401106777357 0.5000001659226148
outer loop
vertex -74.4537582397461 51.9124755859375 9.5
vertex -74.49993896484375 32.07282257080078 9.5
vertex -73.34514617919922 32.11088943481445 11.5
endloop
endfacet
facet normal -0.8660235306399366 0.0020157088175171 0.4999991812952316
outer loop
vertex -74.4537582397461 51.9124755859375 9.5
vertex -73.34514617919922 32.11088943481445 11.5
vertex -73.29933166503906 51.79450988769531 11.5
endloop
endfacet
facet normal -0.8640102015441727 -0.05904677261900106 0.49999985027085564
outer loop
vertex -74.49993896484375 32.07282257080078 9.5
vertex -74.425048828125 30.97698211669922 9.5
vertex -73.27945709228516 31.14967155456543 11.5
endloop
endfacet
facet normal -0.8640100823080781 -0.05904596091851497 0.5000001521691739
outer loop
vertex -73.34514617919922 32.11088943481445 11.5
vertex -74.49993896484375 32.07282257080078 9.5
vertex -73.27945709228516 31.14967155456543 11.5
endloop
endfacet
facet normal -0.8430219686764914 -0.19827483327614054 0.5000010508170273
outer loop
vertex -73.27945709228516 31.14967155456543 11.5
vertex -74.07807922363281 29.501726150512695 9.5
vertex -72.97920227050781 29.8730525970459 11.5
endloop
endfacet
facet normal -0.8430230607844541 -0.1982729673239585 0.4999999494141605
outer loop
vertex -74.425048828125 30.97698211669922 9.5
vertex -74.07807922363281 29.501726150512695 9.5
vertex -73.27945709228516 31.14967155456543 11.5
endloop
endfacet
facet normal -0.7904953460547752 -0.3537176659579271 0.5000009206541698
outer loop
vertex -72.44996643066406 28.690305709838867 11.5
vertex -72.97920227050781 29.8730525970459 11.5
vertex -74.07807922363281 29.501726150512695 9.5
endloop
endfacet
facet normal -0.7904951387189568 -0.3537193117511277 0.5000000841559985
outer loop
vertex -74.07807922363281 29.501726150512695 9.5
vertex -73.60987091064453 28.45536994934082 9.5
vertex -72.44996643066406 28.690305709838867 11.5
endloop
endfacet
facet normal -0.7904957466683733 -0.35371771915039346 0.5000002496581921
outer loop
vertex -73.60987091064453 28.45536994934082 9.5
vertex -73.4590835571289 28.11838722229004 9.5
vertex -72.44996643066406 28.690305709838867 11.5
endloop
endfacet
facet normal -0.7095940948141802 -0.49646358585073014 0.5000001285290624
outer loop
vertex -72.44996643066406 28.690305709838867 11.5
vertex -73.4590835571289 28.11838722229004 9.5
vertex -71.7071533203125 27.628604888916016 11.5
endloop
endfacet
facet normal -0.7095933825613018 -0.49646359676049384 0.5000011285155701
outer loop
vertex -73.20673370361328 27.75769805908203 9.5
vertex -72.59029388427734 26.876623153686523 9.5
vertex -71.7071533203125 27.628604888916016 11.5
endloop
endfacet
facet normal -0.7095963533575923 -0.4964566560092165 0.500003803991283
outer loop
vertex -73.20673370361328 27.75769805908203 9.5
vertex -71.7071533203125 27.628604888916016 11.5
vertex -73.4590835571289 28.11838722229004 9.5
endloop
endfacet
facet normal -0.6032209100960001 -0.6213888404948815 0.5000004425311844
outer loop
vertex -72.22511291503906 26.522119522094727 9.5
vertex -71.50288391113281 25.821006774902344 9.5
vertex -70.77742767333984 26.72606086730957 11.5
endloop
endfacet
facet normal -0.6032206858194206 -0.621389162426888 0.5000003130178605
outer loop
vertex -72.59029388427734 26.876623153686523 9.5
vertex -72.22511291503906 26.522119522094727 9.5
vertex -70.77742767333984 26.72606086730957 11.5
endloop
endfacet
facet normal -0.6032212052085516 -0.6213882224624566 0.5000008545709604
outer loop
vertex -71.7071533203125 27.628604888916016 11.5
vertex -72.59029388427734 26.876623153686523 9.5
vertex -70.77742767333984 26.72606086730957 11.5
endloop
endfacet
facet normal -0.47520004312977865 -0.7240067830626358 0.49999909708793483
outer loop
vertex -70.77742767333984 26.72606086730957 11.5
vertex -70.57405853271484 25.211380004882812 9.5
vertex -69.69416809082031 26.015066146850586 11.5
endloop
endfacet
facet normal -0.47519960220495455 -0.7240071144598531 0.4999990362748412
outer loop
vertex -70.57405853271484 25.211380004882812 9.5
vertex -70.23590087890625 24.989431381225586 9.5
vertex -69.69416809082031 26.015066146850586 11.5
endloop
endfacet
facet normal -0.4751966538099803 -0.7240080874136591 0.5000004295672286
outer loop
vertex -70.77742767333984 26.72606086730957 11.5
vertex -71.50288391113281 25.821006774902344 9.5
vertex -70.57405853271484 25.211380004882812 9.5
endloop
endfacet
facet normal -0.3301142586795659 -0.8006405668470516 0.4999992589347233
outer loop
vertex -69.69416809082031 26.015066146850586 11.5
vertex -70.23590087890625 24.989431381225586 9.5
vertex -68.83480834960938 24.4117431640625 9.5
endloop
endfacet
facet normal -0.33011290675622773 -0.8006406965558488 0.4999999438115161
outer loop
vertex -69.69416809082031 26.015066146850586 11.5
vertex -68.83480834960938 24.4117431640625 9.5
vertex -68.4962387084961 25.521146774291992 11.5
endloop
endfacet
facet normal -0.17318400530261288 -0.8485324840310404 0.49999992385145076
outer loop
vertex -68.4962387084961 25.521146774291992 11.5
vertex -68.83480834960938 24.4117431640625 9.5
vertex -67.22754669189453 25.262208938598633 11.5
endloop
endfacet
facet normal -0.1731840580997901 -0.8485324554221003 0.49999995411542775
outer loop
vertex -68.83480834960938 24.4117431640625 9.5
vertex -67.34991455078125 24.108678817749023 9.5
vertex -67.22754669189453 25.262208938598633 11.5
endloop
endfacet
facet normal -0.008877468073843412 -0.8659755233630604 0.5000075834391631
outer loop
vertex -67.22754669189453 25.262208938598633 11.5
vertex -67.34991455078125 24.108678817749023 9.5
vertex -62.73835754394531 25.216188430786133 11.5
endloop
endfacet
facet normal -0.008694967370387848 -0.8661609726052383 0.49968947064949787
outer loop
vertex -62.73835754394531 25.216188430786133 11.5
vertex -67.34991455078125 24.108678817749023 9.5
vertex -62.74993896484375 24.062501907348633 9.5
endloop
endfacet
facet normal -0.07554284185707857 -0.8635509501547625 0.49857099347130435
outer loop
vertex -62.73835754394531 25.216188430786133 11.5
vertex -62.74993896484375 24.062501907348633 9.5
vertex -62.659996032714844 25.209333419799805 11.5
endloop
endfacet
facet normal -0.06777716893911294 -0.86418639377764 0.49858613316075745
outer loop
vertex -62.36019515991211 24.03193473815918 9.5
vertex -62.2702522277832 25.17876625061035 11.5
vertex -62.74993896484375 24.062501907348633 9.5
endloop
endfacet
facet normal -0.06777716893911294 -0.86418639377764 0.49858613316075745
outer loop
vertex -62.659996032714844 25.209333419799805 11.5
vertex -62.74993896484375 24.062501907348633 9.5
vertex -62.2702522277832 25.17876625061035 11.5
endloop
endfacet
facet normal -0.1371888119617296 -0.8566224067454646 0.4973703671652916
outer loop
vertex -62.2702522277832 25.17876625061035 11.5
vertex -62.36019515991211 24.03193473815918 9.5
vertex -62.08515167236328 25.14912223815918 11.5
endloop
endfacet
facet normal -0.20721299208927263 -0.841672082305075 0.4986490567299311
outer loop
vertex -62.08515167236328 25.14912223815918 11.5
vertex -62.36019515991211 24.03193473815918 9.5
vertex -61.67367172241211 25.047819137573242 11.5
endloop
endfacet
facet normal -0.2072112217164197 -0.841672694084454 0.4986487597772663
outer loop
vertex -62.36019515991211 24.03193473815918 9.5
vertex -61.94871139526367 23.930631637573242 9.5
vertex -61.67367172241211 25.047819137573242 11.5
endloop
endfacet
facet normal -0.27751833244175794 -0.8219836783945973 0.49731922103577825
outer loop
vertex -61.67367172241211 25.047819137573242 11.5
vertex -61.94871139526367 23.930631637573242 9.5
vertex -61.4888801574707 24.985429763793945 11.5
endloop
endfacet
facet normal -0.34638055448756794 -0.7945615526126305 0.4986907364115468
outer loop
vertex -61.4888801574707 24.985429763793945 11.5
vertex -61.56025314331055 23.76128387451172 9.5
vertex -61.10041809082031 24.816083908081055 11.5
endloop
endfacet
facet normal -0.3463869360815269 -0.7945594394461811 0.49868967073624326
outer loop
vertex -61.94871139526367 23.930631637573242 9.5
vertex -61.56025314331055 23.76128387451172 9.5
vertex -61.4888801574707 24.985429763793945 11.5
endloop
endfacet
facet normal -0.41224161007394505 -0.7633374977548332 0.4973657803317711
outer loop
vertex -61.10041809082031 24.816083908081055 11.5
vertex -61.56025314331055 23.76128387451172 9.5
vertex -60.92878723144531 24.7233943939209 11.5
endloop
endfacet
facet normal -0.47518995576057765 -0.7240128550213089 0.49999989170814185
outer loop
vertex -61.56025314331055 23.76128387451172 9.5
vertex -61.20597457885742 23.52876091003418 9.5
vertex -60.572383880615234 24.494108200073242 11.5
endloop
endfacet
facet normal -0.46895276805732067 -0.72894200523787 0.49872522929080887
outer loop
vertex -60.92878723144531 24.7233943939209 11.5
vertex -61.56025314331055 23.76128387451172 9.5
vertex -60.572383880615234 24.494108200073242 11.5
endloop
endfacet
facet normal -0.5483067727556045 -0.6718433554924595 0.4979821167782701
outer loop
vertex -61.20597457885742 23.52876091003418 9.5
vertex -60.42095947265625 24.370527267456055 11.5
vertex -60.572383880615234 24.494108200073242 11.5
endloop
endfacet
facet normal -0.591117106402325 -0.6338616641714033 0.49879851364293554
outer loop
vertex -61.069297790527344 23.40129852294922 9.5
vertex -60.89605712890625 23.2397403717041 9.5
vertex -60.111045837402344 24.081506729125977 11.5
endloop
endfacet
facet normal -0.5911228195074052 -0.6338557618965633 0.49879924355209565
outer loop
vertex -61.20597457885742 23.52876091003418 9.5
vertex -61.069297790527344 23.40129852294922 9.5
vertex -60.111045837402344 24.081506729125977 11.5
endloop
endfacet
facet normal -0.5911233114034468 -0.6338552110478297 0.4987993606079853
outer loop
vertex -61.20597457885742 23.52876091003418 9.5
vertex -60.111045837402344 24.081506729125977 11.5
vertex -60.42095947265625 24.370527267456055 11.5
endloop
endfacet
facet normal -0.6319926138077925 -0.5938010702275703 0.49798155095242874
outer loop
vertex -60.111045837402344 24.081506729125977 11.5
vertex -60.89605712890625 23.2397403717041 9.5
vertex -59.977210998535156 23.939064025878906 11.5
endloop
endfacet
facet normal -0.6891355610861875 -0.5244925130439725 0.49999978220719654
outer loop
vertex -59.977210998535156 23.939064025878906 11.5
vertex -60.89605712890625 23.2397403717041 9.5
vertex -59.72056198120117 23.601850509643555 11.5
endloop
endfacet
facet normal -0.6891388651920377 -0.5244872319370794 0.5000007680162211
outer loop
vertex -60.89605712890625 23.2397403717041 9.5
vertex -60.63941192626953 22.90252685546875 9.5
vertex -59.72056198120117 23.601850509643555 11.5
endloop
endfacet
facet normal -0.7317684964179308 -0.4646111641999707 0.4986495099275527
outer loop
vertex -60.63941192626953 22.90252685546875 9.5
vertex -59.61565017700195 23.436613082885742 11.5
vertex -59.72056198120117 23.601850509643555 11.5
endloop
endfacet
facet normal -0.7683602439103928 -0.40084765158850866 0.498942577651917
outer loop
vertex -60.63941192626953 22.90252685546875 9.5
vertex -60.44340515136719 22.526813507080078 9.5
vertex -59.42252731323242 23.05939292907715 11.5
endloop
endfacet
facet normal -0.7708781395591535 -0.39466129374554243 0.4999893570556407
outer loop
vertex -59.61565017700195 23.436613082885742 11.5
vertex -60.63941192626953 22.90252685546875 9.5
vertex -59.42252731323242 23.05939292907715 11.5
endloop
endfacet
facet normal -0.7998147489575638 -0.3356426759658091 0.4976347670937593
outer loop
vertex -59.42252731323242 23.05939292907715 11.5
vertex -60.44340515136719 22.526813507080078 9.5
vertex -59.34699249267578 22.879398345947266 11.5
endloop
endfacet
facet normal -0.8249774055386747 -0.26529862970984625 0.4990279725874643
outer loop
vertex -60.44340515136719 22.526813507080078 9.5
vertex -59.21725845336914 22.475975036621094 11.5
vertex -59.34699249267578 22.879398345947266 11.5
endloop
endfacet
facet normal -0.8249784549650546 -0.2652953663717226 0.4990279725878747
outer loop
vertex -60.40540313720703 22.408645629882812 9.5
vertex -60.31367111206055 22.123390197753906 9.5
vertex -59.21725845336914 22.475975036621094 11.5
endloop
endfacet
facet normal -0.8249755940322994 -0.2653067394437733 0.4990266558579497
outer loop
vertex -60.44340515136719 22.526813507080078 9.5
vertex -60.40540313720703 22.408645629882812 9.5
vertex -59.21725845336914 22.475975036621094 11.5
endloop
endfacet
facet normal -0.8373156471873303 -0.2243413627896118 0.4985714190734984
outer loop
vertex -60.31367111206055 22.123390197753906 9.5
vertex -59.176513671875 22.323902130126953 11.5
vertex -59.21725845336914 22.475975036621094 11.5
endloop
endfacet
facet normal -0.8635460271829034 -0.07559051358393762 0.4985722948507477
outer loop
vertex -60.31367111206055 22.123390197753906 9.5
vertex -59.17317581176758 22.285770416259766 11.5
vertex -59.176513671875 22.323902130126953 11.5
endloop
endfacet
facet normal -0.8578812709710518 -0.12213826159297624 0.4991211976786184
outer loop
vertex -60.31367111206055 22.123390197753906 9.5
vertex -59.11344528198242 21.86623191833496 11.5
vertex -59.17317581176758 22.285770416259766 11.5
endloop
endfacet
facet normal -0.8578808830770508 -0.12214600673856071 0.4991199690342625
outer loop
vertex -60.31367111206055 22.123390197753906 9.5
vertex -60.253936767578125 21.7038516998291 9.5
vertex -59.11344528198242 21.86623191833496 11.5
endloop
endfacet
facet normal -0.863550109734068 -0.0755572098692127 0.4985702718925977
outer loop
vertex -60.253936767578125 21.7038516998291 9.5
vertex -59.0992431640625 21.703914642333984 11.5
vertex -59.11344528198242 21.86623191833496 11.5
endloop
endfacet
facet normal -0.8660267023992335 -0.00004835015212116171 0.4999977483887022
outer loop
vertex -60.253936767578125 21.7038516998291 9.5
vertex -59.0987434387207 12.753053665161133 11.5
vertex -59.0992431640625 21.703914642333984 11.5
endloop
endfacet
facet normal -0.8660255814925603 -0.00004758642657077477 0.49999968993590893
outer loop
vertex -60.24993896484375 -51.05217742919922 9.5
vertex -59.09524154663086 -51.01273727416992 11.5
vertex -60.253936767578125 21.7038516998291 9.5
endloop
endfacet
facet normal -0.8660251721392127 -0.00004756040276839537 0.5000003989590958
outer loop
vertex -60.253936767578125 21.7038516998291 9.5
vertex -59.09524154663086 -51.01273727416992 11.5
vertex -59.0987434387207 12.753053665161133 11.5
endloop
endfacet
facet normal -0.8640102913888812 -0.059047220295798716 0.49999964214931186
outer loop
vertex -60.24993896484375 -51.05217742919922 9.5
vertex -59.029457092285156 -51.9753303527832 11.5
vertex -59.09524154663086 -51.01273727416992 11.5
endloop
endfacet
facet normal -0.864010225870973 -0.059046774281503484 0.49999980803730254
outer loop
vertex -60.24993896484375 -51.05217742919922 9.5
vertex -60.175048828125 -52.14801788330078 9.5
vertex -59.029457092285156 -51.9753303527832 11.5
endloop
endfacet
facet normal -0.8430227489636888 -0.19827481751477838 0.4999997414691198
outer loop
vertex -60.175048828125 -52.14801788330078 9.5
vertex -59.82807540893555 -53.62327575683594 9.5
vertex -59.029457092285156 -51.9753303527832 11.5
endloop
endfacet
facet normal -0.8430226464406665 -0.19827499268311188 0.4999998448646631
outer loop
vertex -59.029457092285156 -51.9753303527832 11.5
vertex -59.82807540893555 -53.62327575683594 9.5
vertex -58.72920227050781 -53.251949310302734 11.5
endloop
endfacet
facet normal -0.7904943524266059 -0.3537206462351194 0.5000003832085038
outer loop
vertex -59.35983657836914 -54.669708251953125 9.5
vertex -59.209083557128906 -55.00661087036133 9.5
vertex -58.19996643066406 -54.4346923828125 11.5
endloop
endfacet
facet normal -0.7904962939464242 -0.3537170930487022 0.49999982734211446
outer loop
vertex -58.72920227050781 -53.251949310302734 11.5
vertex -59.82807540893555 -53.62327575683594 9.5
vertex -59.35983657836914 -54.669708251953125 9.5
endloop
endfacet
facet normal -0.7904950971591896 -0.35371869543032664 0.5000005858700078
outer loop
vertex -58.72920227050781 -53.251949310302734 11.5
vertex -59.35983657836914 -54.669708251953125 9.5
vertex -58.19996643066406 -54.4346923828125 11.5
endloop
endfacet
facet normal -0.7095964157917994 -0.49646009453926204 0.5000003012254081
outer loop
vertex -59.209083557128906 -55.00661087036133 9.5
vertex -58.95671463012695 -55.36732482910156 9.5
vertex -58.19996643066406 -54.4346923828125 11.5
endloop
endfacet
facet normal -0.7095955492642213 -0.49646116197376733 0.5000004711158428
outer loop
vertex -58.19996643066406 -54.4346923828125 11.5
vertex -58.95671463012695 -55.36732482910156 9.5
vertex -57.457157135009766 -55.496395111083984 11.5
endloop
endfacet
facet normal -0.7095947056740327 -0.4964631328295244 0.49999971142039357
outer loop
vertex -58.95671463012695 -55.36732482910156 9.5
vertex -58.340293884277344 -56.248374938964844 9.5
vertex -57.457157135009766 -55.496395111083984 11.5
endloop
endfacet
facet normal -0.6032220239323753 -0.6213887414344235 0.49999922186086654
outer loop
vertex -58.340293884277344 -56.248374938964844 9.5
vertex -57.9752082824707 -56.602787017822266 9.5
vertex -56.52743148803711 -56.39894104003906 11.5
endloop
endfacet
facet normal -0.6032231659921384 -0.6213871019924349 0.49999988148785035
outer loop
vertex -57.9752082824707 -56.602787017822266 9.5
vertex -57.25288772583008 -57.303993225097656 9.5
vertex -56.52743148803711 -56.39894104003906 11.5
endloop
endfacet
facet normal -0.6032223721076255 -0.6213881113235363 0.49999958489444546
outer loop
vertex -57.457157135009766 -55.496395111083984 11.5
vertex -58.340293884277344 -56.248374938964844 9.5
vertex -56.52743148803711 -56.39894104003906 11.5
endloop
endfacet
facet normal -0.47519543694980676 -0.7240087488143196 0.5000006283420109
outer loop
vertex -56.52743148803711 -56.39894104003906 11.5
vertex -56.32423782348633 -57.91350555419922 9.5
vertex -55.44416427612305 -57.10993194580078 11.5
endloop
endfacet
facet normal -0.4751970406191258 -0.7240075433946391 0.5000008496937629
outer loop
vertex -56.32423782348633 -57.91350555419922 9.5
vertex -55.98590087890625 -58.13557052612305 9.5
vertex -55.44416427612305 -57.10993194580078 11.5
endloop
endfacet
facet normal -0.475197210147088 -0.7240080663299981 0.49999993135751664
outer loop
vertex -57.25288772583008 -57.303993225097656 9.5
vertex -56.32423782348633 -57.91350555419922 9.5
vertex -56.52743148803711 -56.39894104003906 11.5
endloop
endfacet
facet normal -0.330113740922867 -0.8006397747072185 0.5000008692099293
outer loop
vertex -55.44416427612305 -57.10993194580078 11.5
vertex -55.98590087890625 -58.13557052612305 9.5
vertex -54.58481216430664 -58.7132568359375 9.5
endloop
endfacet
facet normal -0.3301170478646409 -0.8006394574165498 0.4999991939362175
outer loop
vertex -55.44416427612305 -57.10993194580078 11.5
vertex -54.58481216430664 -58.7132568359375 9.5
vertex -54.24624252319336 -57.60385513305664 11.5
endloop
endfacet
facet normal -0.17318238721030974 -0.8485332139443313 0.4999992455928728
outer loop
vertex -54.24624252319336 -57.60385513305664 11.5
vertex -54.58481216430664 -58.7132568359375 9.5
vertex -52.983238220214844 -57.861629486083984 11.5
endloop
endfacet
facet normal -0.17318224846141994 -0.8485332889207186 0.49999916641054043
outer loop
vertex -54.58481216430664 -58.7132568359375 9.5
vertex -53.099910736083984 -59.016319274902344 9.5
vertex -52.983238220214844 -57.861629486083984 11.5
endloop
endfacet
facet normal -0.00006060219341792242 -0.866024709031495 0.5000011996728496
outer loop
vertex 7.016587257385254 -57.865821838378906 11.5
vertex -53.099910736083984 -59.016319274902344 9.5
vertex -7.635866165161133 -59.019500732421875 9.5
endloop
endfacet
facet normal -0.00006051160307789318 -0.866025889198574 0.4999991555754519
outer loop
vertex -52.983238220214844 -57.861629486083984 11.5
vertex -53.099910736083984 -59.016319274902344 9.5
vertex 7.016587257385254 -57.865821838378906 11.5
endloop
endfacet
facet normal -0.000060601252628504336 -0.8660247120167243 0.5000011945024111
outer loop
vertex 7.016587257385254 -57.865821838378906 11.5
vertex -7.635866165161133 -59.019500732421875 9.5
vertex 67.20014190673828 -57.870033264160156 11.5
endloop
endfacet
facet normal -0.00006055662216539246 -0.8660254359639014 0.4999999405964266
outer loop
vertex 67.20014190673828 -57.870033264160156 11.5
vertex -7.635866165161133 -59.019500732421875 9.5
vertex 67.26720428466797 -59.02473831176758 9.5
endloop
endfacet
facet normal 0.10032019696771409 -0.8601953345491595 0.4999998445001944
outer loop
vertex 67.20014190673828 -57.870033264160156 11.5
vertex 67.44756317138672 -59.00370407104492 9.5
vertex 67.3858642578125 -57.84837341308594 11.5
endloop
endfacet
facet normal 0.10030870645646024 -0.8601964919636719 0.500000158622399
outer loop
vertex 67.44756317138672 -59.00370407104492 9.5
vertex 67.58557891845703 -58.98760986328125 9.5
vertex 67.3858642578125 -57.84837341308594 11.5
endloop
endfacet
facet normal 0.10031974259715858 -0.8601953989832531 0.49999982481325106
outer loop
vertex 67.20014190673828 -57.870033264160156 11.5
vertex 67.26720428466797 -59.02473831176758 9.5
vertex 67.44756317138672 -59.00370407104492 9.5
endloop
endfacet
facet normal 0.19827475465530195 -0.8430224816984391 -0.5000002170173375
outer loop
vertex 67.58557891845703 -58.98760986328125 -3.700000047683716
vertex 67.3858642578125 -57.84837341308594 -5.699999809265137
vertex 69.06083679199219 -58.6406364440918 -3.700000047683716
endloop
endfacet
facet normal 0.1982746616443861 -0.8430225368228799 -0.5000001609584944
outer loop
vertex 67.3858642578125 -57.84837341308594 -5.699999809265137
vertex 68.68950653076172 -57.54176330566406 -5.699999809265137
vertex 69.06083679199219 -58.6406364440918 -3.700000047683716
endloop
endfacet
facet normal 0.3537175962390192 -0.7904957383465915 -0.5000003497666448
outer loop
vertex 69.06083679199219 -58.6406364440918 -3.700000047683716
vertex 68.68950653076172 -57.54176330566406 -5.699999809265137
vertex 70.10736083984375 -58.17235565185547 -3.700000047683716
endloop
endfacet
facet normal 0.35371559449231504 -0.790497233474346 -0.499999402081996
outer loop
vertex 70.10736083984375 -58.17235565185547 -3.700000047683716
vertex 68.68950653076172 -57.54176330566406 -5.699999809265137
vertex 70.44417572021484 -58.021644592285156 -3.700000047683716
endloop
endfacet
facet normal 0.35371769320701174 -0.7904954069515769 -0.5000008051001229
outer loop
vertex 68.68950653076172 -57.54176330566406 -5.699999809265137
vertex 69.87225341796875 -57.01252746582031 -5.699999809265137
vertex 70.44417572021484 -58.021644592285156 -3.700000047683716
endloop
endfacet
facet normal 0.4964597695483218 -0.7095961086296376 -0.5000010598365794
outer loop
vertex 70.44417572021484 -58.021644592285156 -3.700000047683716
vertex 69.87225341796875 -57.01252746582031 -5.699999809265137
vertex 70.9339599609375 -56.269718170166016 -5.699999809265137
endloop
endfacet
facet normal 0.49646570309310717 -0.7095940190108081 -0.4999981338328731
outer loop
vertex 70.80496215820312 -57.769222259521484 -3.700000047683716
vertex 70.9339599609375 -56.269718170166016 -5.699999809265137
vertex 71.6859359741211 -57.15285110473633 -3.700000047683716
endloop
endfacet
facet normal 0.4964641780274086 -0.7095946718271788 -0.49999872164841397
outer loop
vertex 70.44417572021484 -58.021644592285156 -3.700000047683716
vertex 70.9339599609375 -56.269718170166016 -5.699999809265137
vertex 70.80496215820312 -57.769222259521484 -3.700000047683716
endloop
endfacet
facet normal 0.6213879382827954 -0.60322330632317 -0.4999986728634387
outer loop
vertex 72.04037475585938 -56.787742614746094 -3.700000047683716
vertex 70.9339599609375 -56.269718170166016 -5.699999809265137
vertex 72.7415542602539 -56.06544876098633 -3.700000047683716
endloop
endfacet
facet normal 0.6213854026171591 -0.6032264138789765 -0.49999807500931526
outer loop
vertex 71.6859359741211 -57.15285110473633 -3.700000047683716
vertex 70.9339599609375 -56.269718170166016 -5.699999809265137
vertex 72.04037475585938 -56.787742614746094 -3.700000047683716
endloop
endfacet
facet normal 0.6213891912175968 -0.6032208708500609 -0.5000000540088322
outer loop
vertex 70.9339599609375 -56.269718170166016 -5.699999809265137
vertex 71.83650207519531 -55.33999252319336 -5.699999809265137
vertex 72.7415542602539 -56.06544876098633 -3.700000047683716
endloop
endfacet
facet normal 0.7240087974618206 -0.4751961065537471 -0.49999992151404227
outer loop
vertex 72.7415542602539 -56.06544876098633 -3.700000047683716
vertex 71.83650207519531 -55.33999252319336 -5.699999809265137
vertex 73.3510971069336 -55.136749267578125 -3.700000047683716
endloop
endfacet
facet normal 0.7240044132882572 -0.4752074975175496 -0.4999954438214758
outer loop
vertex 73.3510971069336 -55.136749267578125 -3.700000047683716
vertex 71.83650207519531 -55.33999252319336 -5.699999809265137
vertex 73.57313537597656 -54.7984619140625 -3.700000047683716
endloop
endfacet
facet normal 0.7240080806714468 -0.475194998421343 -0.500002012593737
outer loop
vertex 71.83650207519531 -55.33999252319336 -5.699999809265137
vertex 72.54749298095703 -54.2567253112793 -5.699999809265137
vertex 73.57313537597656 -54.7984619140625 -3.700000047683716
endloop
endfacet
facet normal 0.8006372996485503 -0.3301176565173735 -0.5000022472619045
outer loop
vertex 72.54749298095703 -54.2567253112793 -5.699999809265137
vertex 73.04141998291016 -53.058799743652344 -5.699999809265137
vertex 73.57313537597656 -54.7984619140625 -3.700000047683716
endloop
endfacet
facet normal 0.8006416582861033 -0.33011233766567927 -0.4999987795362897
outer loop
vertex 73.57313537597656 -54.7984619140625 -3.700000047683716
vertex 73.04141998291016 -53.058799743652344 -5.699999809265137
vertex 74.15081787109375 -53.39737319946289 -3.700000047683716
endloop
endfacet
facet normal 0.8485337688679264 -0.17318234641672434 -0.49999831797756067
outer loop
vertex 74.15081787109375 -53.39737319946289 -3.700000047683716
vertex 73.04141998291016 -53.058799743652344 -5.699999809265137
vertex 74.4538803100586 -51.912471771240234 -3.700000047683716
endloop
endfacet
facet normal 0.8485334312504664 -0.1731787688705296 -0.5000001300627805
outer loop
vertex 73.04141998291016 -53.058799743652344 -5.699999809265137
vertex 73.29923248291016 -51.79558181762695 -5.699999809265137
vertex 74.4538803100586 -51.912471771240234 -3.700000047683716
endloop
endfacet
facet normal 0.8660253660574473 -0.00038842144548009765 -0.49999991447383774
outer loop
vertex 74.4538803100586 -51.912471771240234 -3.700000047683716
vertex 73.29923248291016 -51.79558181762695 -5.699999809265137
vertex 74.50006103515625 51.052181243896484 -3.700000047683716
endloop
endfacet
facet normal 0.8660256138559356 -0.00038843268520540367 -0.49999948526523397
outer loop
vertex 73.29923248291016 -51.79558181762695 -5.699999809265137
vertex 73.34534454345703 51.013031005859375 -5.699999809265137
vertex 74.50006103515625 51.052181243896484 -3.700000047683716
endloop
endfacet
facet normal 0.8640104299472887 0.0590467882281534 -0.49999945374194255
outer loop
vertex 74.50006103515625 51.052181243896484 -3.700000047683716
vertex 73.34534454345703 51.013031005859375 -5.699999809265137
vertex 74.4251708984375 52.14802169799805 -3.700000047683716
endloop
endfacet
facet normal 0.8640100331419317 0.05904810086127821 -0.4999999844147541
outer loop
vertex 73.34534454345703 51.013031005859375 -5.699999809265137
vertex 73.27957916259766 51.9753303527832 -5.699999809265137
vertex 74.4251708984375 52.14802169799805 -3.700000047683716
endloop
endfacet
facet normal 0.8430229037798767 0.1982731867436951 -0.5000001271210285
outer loop
vertex 74.4251708984375 52.14802169799805 -3.700000047683716
vertex 73.27957916259766 51.9753303527832 -5.699999809265137
vertex 74.07820129394531 53.62327575683594 -3.700000047683716
endloop
endfacet
facet normal 0.8430219435523699 0.1982748273670644 -0.5000010955205455
outer loop
vertex 73.27957916259766 51.9753303527832 -5.699999809265137
vertex 72.97932434082031 53.251949310302734 -5.699999809265137
vertex 74.07820129394531 53.62327575683594 -3.700000047683716
endloop
endfacet
facet normal 0.7904914558350807 0.3537226588060402 -0.5000035388863965
outer loop
vertex 73.60993957519531 54.66975784301758 -3.700000047683716
vertex 72.97932434082031 53.251949310302734 -5.699999809265137
vertex 73.4592056274414 55.006614685058594 -3.700000047683716
endloop
endfacet
facet normal 0.7904954883150638 0.35371725986552904 -0.5000009830257843
outer loop
vertex 74.07820129394531 53.62327575683594 -3.700000047683716
vertex 72.97932434082031 53.251949310302734 -5.699999809265137
vertex 73.60993957519531 54.66975784301758 -3.700000047683716
endloop
endfacet
facet normal 0.7904956736109782 0.35371781252731066 -0.5000002991031308
outer loop
vertex 72.45008850097656 54.434696197509766 -5.699999809265137
vertex 73.4592056274414 55.006614685058594 -3.700000047683716
vertex 72.97932434082031 53.251949310302734 -5.699999809265137
endloop
endfacet
facet normal 0.7095962164232181 0.4964599822714188 -0.5000006956404317
outer loop
vertex 73.4592056274414 55.006614685058594 -3.700000047683716
vertex 71.70728302001953 55.496395111083984 -5.699999809265137
vertex 73.2068099975586 55.367366790771484 -3.700000047683716
endloop
endfacet
facet normal 0.7095948340812255 0.49646321170711116 -0.4999994508663968
outer loop
vertex 73.2068099975586 55.367366790771484 -3.700000047683716
vertex 71.70728302001953 55.496395111083984 -5.699999809265137
vertex 72.59041595458984 56.24837875366211 -3.700000047683716
endloop
endfacet
facet normal 0.7095959826916156 0.4964606994218009 -0.5000003152774373
outer loop
vertex 73.4592056274414 55.006614685058594 -3.700000047683716
vertex 72.45008850097656 54.434696197509766 -5.699999809265137
vertex 71.70728302001953 55.496395111083984 -5.699999809265137
endloop
endfacet
facet normal 0.6032222137671459 0.6213879482147124 -0.49999997863137297
outer loop
vertex 71.70728302001953 55.496395111083984 -5.699999809265137
vertex 70.77755737304688 56.39894104003906 -5.699999809265137
vertex 71.50301361083984 57.303993225097656 -3.700000047683716
endloop
endfacet
facet normal 0.6032217654542824 0.6213886707105746 -0.4999996215946207
outer loop
vertex 72.59041595458984 56.24837875366211 -3.700000047683716
vertex 71.70728302001953 55.496395111083984 -5.699999809265137
vertex 72.22533416748047 56.602787017822266 -3.700000047683716
endloop
endfacet
facet normal 0.603223396702791 0.6213873396501242 -0.4999993077924093
outer loop
vertex 71.70728302001953 55.496395111083984 -5.699999809265137
vertex 71.50301361083984 57.303993225097656 -3.700000047683716
vertex 72.22533416748047 56.602787017822266 -3.700000047683716
endloop
endfacet
facet normal 0.4751976797563614 0.7240082814193003 -0.49999917358975887
outer loop
vertex 70.77755737304688 56.39894104003906 -5.699999809265137
vertex 69.69429016113281 57.10993576049805 -5.699999809265137
vertex 70.23602294921875 58.13557052612305 -3.700000047683716
endloop
endfacet
facet normal 0.4751926701708138 0.7240097512544604 -0.5000018063011237
outer loop
vertex 70.5740966796875 57.91368103027344 -3.700000047683716
vertex 70.77755737304688 56.39894104003906 -5.699999809265137
vertex 70.23602294921875 58.13557052612305 -3.700000047683716
endloop
endfacet
facet normal 0.4751973105996913 0.7240079655633678 -0.49999998179961364
outer loop
vertex 71.50301361083984 57.303993225097656 -3.700000047683716
vertex 70.77755737304688 56.39894104003906 -5.699999809265137
vertex 70.5740966796875 57.91368103027344 -3.700000047683716
endloop
endfacet
facet normal 0.3301166925990849 0.8006394666988965 -0.49999941363120404
outer loop
vertex 68.8349380493164 58.713260650634766 -3.700000047683716
vertex 70.23602294921875 58.13557052612305 -3.700000047683716
vertex 69.69429016113281 57.10993576049805 -5.699999809265137
endloop
endfacet
facet normal 0.3301125630365608 0.8006398629139405 -0.5000015056363123
outer loop
vertex 69.69429016113281 57.10993576049805 -5.699999809265137
vertex 68.4963607788086 57.60385513305664 -5.699999809265137
vertex 68.8349380493164 58.713260650634766 -3.700000047683716
endloop
endfacet
facet normal 0.17318203752781103 0.8485322554187834 -0.5000009933906416
outer loop
vertex 68.4963607788086 57.60385513305664 -5.699999809265137
vertex 67.35003662109375 59.01632308959961 -3.700000047683716
vertex 68.8349380493164 58.713260650634766 -3.700000047683716
endloop
endfacet
facet normal 0.17318491264588584 0.8485325267390746 -0.49999953709742406
outer loop
vertex 68.4963607788086 57.60385513305664 -5.699999809265137
vertex 67.23320770263672 57.861663818359375 -5.699999809265137
vertex 67.35003662109375 59.01632308959961 -3.700000047683716
endloop
endfacet
facet normal 0.0002987932343086701 0.8660255191695233 -0.49999971086967726
outer loop
vertex 67.23320770263672 57.861663818359375 -5.699999809265137
vertex -66.48961639404297 59.0625 -3.700000047683716
vertex 67.35003662109375 59.01632308959961 -3.700000047683716
endloop
endfacet
facet normal 0.0002987960437456257 0.8660255997027018 -0.49999957138031603
outer loop
vertex 67.23320770263672 57.861663818359375 -5.699999809265137
vertex -66.45040893554688 57.90778732299805 -5.699999809265137
vertex -66.48961639404297 59.0625 -3.700000047683716
endloop
endfacet
facet normal -0.0590437915522184 0.8640105909848034 -0.4999995293450074
outer loop
vertex -66.45040893554688 57.90778732299805 -5.699999809265137
vertex -67.58545684814453 58.987613677978516 -3.700000047683716
vertex -66.48961639404297 59.0625 -3.700000047683716
endloop
endfacet
facet normal -0.05904461112881263 0.8640103432211331 -0.4999998607035277
outer loop
vertex -66.45040893554688 57.90778732299805 -5.699999809265137
vertex -67.41276550292969 57.84202194213867 -5.699999809265137
vertex -67.58545684814453 58.987613677978516 -3.700000047683716
endloop
endfacet
facet normal -0.19827477411403777 0.8430225644328839 -0.5000000698070264
outer loop
vertex -67.58545684814453 58.987613677978516 -3.700000047683716
vertex -67.41276550292969 57.84202194213867 -5.699999809265137
vertex -69.06071472167969 58.64064025878906 -3.700000047683716
endloop
endfacet
facet normal -0.19827494928228961 0.8430224619096999 -0.5000001732027842
outer loop
vertex -67.41276550292969 57.84202194213867 -5.699999809265137
vertex -68.68938446044922 57.54176712036133 -5.699999809265137
vertex -69.06071472167969 58.64064025878906 -3.700000047683716
endloop
endfacet
facet normal -0.35371296283995085 0.7904976601243787 -0.5000005892565187
outer loop
vertex -70.10726165771484 58.17234802246094 -3.700000047683716
vertex -69.87213134765625 57.01253128051758 -5.699999809265137
vertex -70.44405364990234 58.02164840698242 -3.700000047683716
endloop
endfacet
facet normal -0.3537183610491949 0.7904954177289216 -0.5000003156061493
outer loop
vertex -69.06071472167969 58.64064025878906 -3.700000047683716
vertex -68.68938446044922 57.54176712036133 -5.699999809265137
vertex -70.10726165771484 58.17234802246094 -3.700000047683716
endloop
endfacet
facet normal -0.3537178641149911 0.7904957889001628 -0.5000000803370312
outer loop
vertex -68.68938446044922 57.54176712036133 -5.699999809265137
vertex -69.87213134765625 57.01253128051758 -5.699999809265137
vertex -70.10726165771484 58.17234802246094 -3.700000047683716
endloop
endfacet
facet normal -0.49646533136814724 0.7095935651204587 -0.49999914708842536
outer loop
vertex -70.933837890625 56.269718170166016 -5.699999809265137
vertex -71.6858139038086 57.152854919433594 -3.700000047683716
vertex -70.8050308227539 57.76909255981445 -3.700000047683716
endloop
endfacet
facet normal -0.4964615097361396 0.7095949517766807 -0.5000009737626148
outer loop
vertex -69.87213134765625 57.01253128051758 -5.699999809265137
vertex -70.933837890625 56.269718170166016 -5.699999809265137
vertex -70.44405364990234 58.02164840698242 -3.700000047683716
endloop
endfacet
facet normal -0.4964639505276768 0.7095941562778751 -0.49999967920264016
outer loop
vertex -70.44405364990234 58.02164840698242 -3.700000047683716
vertex -70.933837890625 56.269718170166016 -5.699999809265137
vertex -70.8050308227539 57.76909255981445 -3.700000047683716
endloop
endfacet
facet normal -0.6213885837960887 0.6032225910232986 -0.49999873360542574
outer loop
vertex -72.04036712646484 56.78762435913086 -3.700000047683716
vertex -71.6858139038086 57.152854919433594 -3.700000047683716
vertex -70.933837890625 56.269718170166016 -5.699999809265137
endloop
endfacet
facet normal -0.6213872607607834 0.6032229564776868 -0.49999993694252504
outer loop
vertex -72.04036712646484 56.78762435913086 -3.700000047683716
vertex -71.83638000488281 55.33999252319336 -5.699999809265137
vertex -72.7414321899414 56.06544876098633 -3.700000047683716
endloop
endfacet
facet normal -0.6213896354432668 0.6032213020873584 -0.4999989816706792
outer loop
vertex -70.933837890625 56.269718170166016 -5.699999809265137
vertex -71.83638000488281 55.33999252319336 -5.699999809265137
vertex -72.04036712646484 56.78762435913086 -3.700000047683716
endloop
endfacet
facet normal -0.724007300522534 0.47519827314236773 -0.5000000299925839
outer loop
vertex -73.35107421875 55.13660430908203 -3.700000047683716
vertex -72.7414321899414 56.06544876098633 -3.700000047683716
vertex -71.83638000488281 55.33999252319336 -5.699999809265137
endloop
endfacet
facet normal -0.7240138620940492 0.47518871944346464 -0.49999960840918595
outer loop
vertex -73.35107421875 55.13660430908203 -3.700000047683716
vertex -72.54737091064453 54.25672912597656 -5.699999809265137
vertex -73.57300567626953 54.7984619140625 -3.700000047683716
endloop
endfacet
facet normal -0.7240079498203581 0.4751965859310211 -0.5000006933159429
outer loop
vertex -71.83638000488281 55.33999252319336 -5.699999809265137
vertex -72.54737091064453 54.25672912597656 -5.699999809265137
vertex -73.35107421875 55.13660430908203 -3.700000047683716
endloop
endfacet
facet normal -0.8006400179522121 0.3301136781775457 -0.5000005211333018
outer loop
vertex -72.54737091064453 54.25672912597656 -5.699999809265137
vertex -73.04129028320312 53.05880355834961 -5.699999809265137
vertex -74.15069580078125 53.39737319946289 -3.700000047683716
endloop
endfacet
facet normal -0.8006398017143498 0.33011593193338645 -0.4999993793941731
outer loop
vertex -74.15069580078125 53.39737319946289 -3.700000047683716
vertex -73.57300567626953 54.7984619140625 -3.700000047683716
vertex -72.54737091064453 54.25672912597656 -5.699999809265137
endloop
endfacet
facet normal -0.8485319332134014 0.17318472571723886 -0.5000006090950014
outer loop
vertex -73.04129028320312 53.05880355834961 -5.699999809265137
vertex -73.29933166503906 51.79450988769531 -5.699999809265137
vertex -74.15069580078125 53.39737319946289 -3.700000047683716
endloop
endfacet
facet normal -0.848533057656061 0.17318264616575532 -0.4999994211315475
outer loop
vertex -74.15069580078125 53.39737319946289 -3.700000047683716
vertex -73.29933166503906 51.79450988769531 -5.699999809265137
vertex -74.4537582397461 51.9124755859375 -3.700000047683716
endloop
endfacet
facet normal -0.8660235012119228 0.00201584136612996 -0.499999231731639
outer loop
vertex -73.29933166503906 51.79450988769531 -5.699999809265137
vertex -74.49993896484375 32.07282257080078 -3.700000047683716
vertex -74.4537582397461 51.9124755859375 -3.700000047683716
endloop
endfacet
facet normal -0.8660229351874106 0.002015707431574496 -0.5000002126528872
outer loop
vertex -73.29933166503906 51.79450988769531 -5.699999809265137
vertex -73.34514617919922 32.11088943481445 -5.699999809265137
vertex -74.49993896484375 32.07282257080078 -3.700000047683716
endloop
endfacet
facet normal -0.8640102467627953 -0.05904597215725743 -0.4999998666608804
outer loop
vertex -73.34514617919922 32.11088943481445 -5.699999809265137
vertex -73.27945709228516 31.14967155456543 -5.699999809265137
vertex -74.425048828125 30.97698211669922 -3.700000047683716
endloop
endfacet
facet normal -0.8640100089567949 -0.059046759457509354 -0.5000001846200121
outer loop
vertex -74.425048828125 30.97698211669922 -3.700000047683716
vertex -74.49993896484375 32.07282257080078 -3.700000047683716
vertex -73.34514617919922 32.11088943481445 -5.699999809265137
endloop
endfacet
facet normal -0.8430230356604108 -0.198272961414964 -0.49999999411764584
outer loop
vertex -74.425048828125 30.97698211669922 -3.700000047683716
vertex -73.27945709228516 31.14967155456543 -5.699999809265137
vertex -74.07807922363281 29.501726150512695 -3.700000047683716
endloop
endfacet
facet normal -0.8430219435523699 -0.1982748273670644 -0.5000010955205455
outer loop
vertex -72.97920227050781 29.8730525970459 -5.699999809265137
vertex -74.07807922363281 29.501726150512695 -3.700000047683716
vertex -73.27945709228516 31.14967155456543 -5.699999809265137
endloop
endfacet
facet normal -0.7904970066192213 -0.3537162808701142 -0.4999992751729398
outer loop
vertex -72.97920227050781 29.8730525970459 -5.699999809265137
vertex -73.4590835571289 28.11838722229004 -3.700000047683716
vertex -73.60987091064453 28.455371856689453 -3.700000047683716
endloop
endfacet
facet normal -0.7904956736109782 -0.35371781252731066 -0.5000002991031308
outer loop
vertex -72.97920227050781 29.8730525970459 -5.699999809265137
vertex -72.44996643066406 28.690305709838867 -5.699999809265137
vertex -73.4590835571289 28.11838722229004 -3.700000047683716
endloop
endfacet
facet normal -0.7904944811850089 -0.35371966230465185 -0.5000008757143598
outer loop
vertex -72.97920227050781 29.8730525970459 -5.699999809265137
vertex -73.60987091064453 28.455371856689453 -3.700000047683716
vertex -74.07807922363281 29.501726150512695 -3.700000047683716
endloop
endfacet
facet normal -0.7095940736666146 -0.49646357105495276 -0.5000001732325532
outer loop
vertex -72.44996643066406 28.690305709838867 -5.699999809265137
vertex -71.7071533203125 27.628604888916016 -5.699999809265137
vertex -73.4590835571289 28.11838722229004 -3.700000047683716
endloop
endfacet
facet normal -0.7095933614136728 -0.4964635819646569 -0.5000011732190907
outer loop
vertex -71.7071533203125 27.628604888916016 -5.699999809265137
vertex -72.59029388427734 26.876623153686523 -3.700000047683716
vertex -73.20673370361328 27.75769805908203 -3.700000047683716
endloop
endfacet
facet normal -0.7095963322096485 -0.49645664121342814 -0.5000038486948833
outer loop
vertex -73.4590835571289 28.11838722229004 -3.700000047683716
vertex -71.7071533203125 27.628604888916016 -5.699999809265137
vertex -73.20673370361328 27.75769805908203 -3.700000047683716
endloop
endfacet
facet normal -0.6032207666220719 -0.6213886926997763 -0.500000799300104
outer loop
vertex -72.22511291503906 26.522119522094727 -3.700000047683716
vertex -71.7071533203125 27.628604888916016 -5.699999809265137
vertex -71.50288391113281 25.821006774902344 -3.700000047683716
endloop
endfacet
facet normal -0.6032213635742318 -0.6213883855975846 -0.5000004607718599
outer loop
vertex -71.7071533203125 27.628604888916016 -5.699999809265137
vertex -70.77742767333984 26.72606086730957 -5.699999809265137
vertex -71.50288391113281 25.821006774902344 -3.700000047683716
endloop
endfacet
facet normal -0.6032204670826448 -0.621388937101953 -0.5000008569391668
outer loop
vertex -71.7071533203125 27.628604888916016 -5.699999809265137
vertex -72.22511291503906 26.522119522094727 -3.700000047683716
vertex -72.59029388427734 26.876623153686523 -3.700000047683716
endloop
endfacet
facet normal -0.47519950330815336 -0.7240069637821435 -0.49999934845022187
outer loop
vertex -70.77742767333984 26.72606086730957 -5.699999809265137
vertex -70.23590087890625 24.989431381225586 -3.700000047683716
vertex -70.57405853271484 25.211380004882812 -3.700000047683716
endloop
endfacet
facet normal -0.47520005541916577 -0.724006801786539 -0.49999905829556224
outer loop
vertex -70.77742767333984 26.72606086730957 -5.699999809265137
vertex -69.69416809082031 26.015066146850586 -5.699999809265137
vertex -70.23590087890625 24.989431381225586 -3.700000047683716
endloop
endfacet
facet normal -0.4751966396479902 -0.7240080658364967 -0.5000004742707284
outer loop
vertex -71.50288391113281 25.821006774902344 -3.700000047683716
vertex -70.77742767333984 26.72606086730957 -5.699999809265137
vertex -70.57405853271484 25.211380004882812 -3.700000047683716
endloop
endfacet
facet normal -0.33011424884142215 -0.8006405429861709 -0.4999993036381881
outer loop
vertex -70.23590087890625 24.989431381225586 -3.700000047683716
vertex -69.69416809082031 26.015066146850586 -5.699999809265137
vertex -68.83480834960938 24.4117431640625 -3.700000047683716
endloop
endfacet
facet normal -0.33011289691809736 -0.8006406726948989 -0.4999999885150013
outer loop
vertex -68.4962387084961 25.521146774291992 -5.699999809265137
vertex -68.83480834960938 24.4117431640625 -3.700000047683716
vertex -69.69416809082031 26.015066146850586 -5.699999809265137
endloop
endfacet
facet normal -0.1731839963716081 -0.8485324402726827 -0.5000000012056451
outer loop
vertex -68.4962387084961 25.521146774291992 -5.699999809265137
vertex -67.22754669189453 25.262208938598633 -5.699999809265137
vertex -67.34991455078125 24.108678817749023 -3.700000047683716
endloop
endfacet
facet normal -0.17318405615934993 -0.8485324459147213 -0.49999997092217463
outer loop
vertex -68.83480834960938 24.4117431640625 -3.700000047683716
vertex -68.4962387084961 25.521146774291992 -5.699999809265137
vertex -67.34991455078125 24.108678817749023 -3.700000047683716
endloop
endfacet
facet normal -0.008693168586919457 -0.865981784349306 -0.49999997799511103
outer loop
vertex -67.34991455078125 24.108678817749023 -3.700000047683716
vertex -67.22754669189453 25.262208938598633 -5.699999809265137
vertex -62.74993896484375 24.062501907348633 -3.700000047683716
endloop
endfacet
facet normal -0.008879349799686135 -0.866159081164443 -0.49968950685751123
outer loop
vertex -62.74993896484375 24.062501907348633 -3.700000047683716
vertex -67.22754669189453 25.262208938598633 -5.699999809265137
vertex -62.73835754394531 25.216188430786133 -5.699999809265137
endloop
endfacet
facet normal -0.07554283961857654 -0.8635509245658315 -0.4985710381318387
outer loop
vertex -62.74993896484375 24.062501907348633 -3.700000047683716
vertex -62.73835754394531 25.216188430786133 -5.699999809265137
vertex -62.659996032714844 25.209333419799805 -5.699999809265137
endloop
endfacet
facet normal -0.06777716693060305 -0.8641863681683244 -0.49858617782175074
outer loop
vertex -62.659996032714844 25.209333419799805 -5.699999809265137
vertex -62.2702522277832 25.17876625061035 -5.699999809265137
vertex -62.36019515991211 24.03193473815918 -3.700000047683716
endloop
endfacet
facet normal -0.06777716693060305 -0.8641863681683244 -0.49858617782175074
outer loop
vertex -62.74993896484375 24.062501907348633 -3.700000047683716
vertex -62.659996032714844 25.209333419799805 -5.699999809265137
vertex -62.36019515991211 24.03193473815918 -3.700000047683716
endloop
endfacet
facet normal -0.13718880791607627 -0.8566223814839491 -0.49737041178917507
outer loop
vertex -62.36019515991211 24.03193473815918 -3.700000047683716
vertex -62.2702522277832 25.17876625061035 -5.699999809265137
vertex -62.08515167236328 25.14912223815918 -5.699999809265137
endloop
endfacet
facet normal -0.20721117473759706 -0.8416725032608495 -0.4986491013914295
outer loop
vertex -62.36019515991211 24.03193473815918 -3.700000047683716
vertex -62.08515167236328 25.14912223815918 -5.699999809265137
vertex -61.94871139526367 23.930631637573242 -3.700000047683716
endloop
endfacet
facet normal -0.20721302678466158 -0.8416722232332088 -0.4986488044389626
outer loop
vertex -61.67367172241211 25.047819137573242 -5.699999809265137
vertex -61.94871139526367 23.930631637573242 -3.700000047683716
vertex -62.08515167236328 25.14912223815918 -5.699999809265137
endloop
endfacet
facet normal -0.27751832425951584 -0.8219836541595517 -0.4973192656580889
outer loop
vertex -61.67367172241211 25.047819137573242 -5.699999809265137
vertex -61.4888801574707 24.985429763793945 -5.699999809265137
vertex -61.94871139526367 23.930631637573242 -3.700000047683716
endloop
endfacet
facet normal -0.3463869258124263 -0.7945594158904117 -0.4986897154003726
outer loop
vertex -61.94871139526367 23.930631637573242 -3.700000047683716
vertex -61.4888801574707 24.985429763793945 -5.699999809265137
vertex -61.56025314331055 23.76128387451172 -3.700000047683716
endloop
endfacet
facet normal -0.3463805442186127 -0.7945615290566977 -0.4986907810757084
outer loop
vertex -61.10041809082031 24.816083908081055 -5.699999809265137
vertex -61.56025314331055 23.76128387451172 -3.700000047683716
vertex -61.4888801574707 24.985429763793945 -5.699999809265137
endloop
endfacet
facet normal -0.36635498394011107 -0.785627484964607 -0.4985714398262573
outer loop
vertex -61.56025314331055 23.76128387451172 -3.700000047683716
vertex -61.10041809082031 24.816083908081055 -5.699999809265137
vertex -60.98290252685547 24.76128387451172 -5.699999809265137
endloop
endfacet
facet normal -0.4971820910736015 -0.7100956601027043 -0.49857208287166027
outer loop
vertex -61.56025314331055 23.76128387451172 -3.700000047683716
vertex -60.98290252685547 24.76128387451172 -5.699999809265137
vertex -60.92878723144531 24.7233943939209 -5.699999809265137
endloop
endfacet
facet normal -0.47558811832164516 -0.7246195067594325 -0.4987409268698465
outer loop
vertex -61.56025314331055 23.76128387451172 -3.700000047683716
vertex -60.92878723144531 24.7233943939209 -5.699999809265137
vertex -61.20597457885742 23.52876091003418 -3.700000047683716
endloop
endfacet
facet normal -0.4685601576674702 -0.728331730122019 -0.4999842692966469
outer loop
vertex -60.92878723144531 24.7233943939209 -5.699999809265137
vertex -60.572383880615234 24.494108200073242 -5.699999809265137
vertex -61.20597457885742 23.52876091003418 -3.700000047683716
endloop
endfacet
facet normal -0.5170338183681529 -0.6952127532250532 -0.4993548421882874
outer loop
vertex -61.20597457885742 23.52876091003418 -3.700000047683716
vertex -60.572383880615234 24.494108200073242 -5.699999809265137
vertex -60.4637451171875 24.413312911987305 -5.699999809265137
endloop
endfacet
facet normal -0.6129544854996894 -0.6129544854996894 -0.49857155696210936
outer loop
vertex -60.4637451171875 24.413312911987305 -5.699999809265137
vertex -60.42095947265625 24.370527267456055 -5.699999809265137
vertex -61.20597457885742 23.52876091003418 -3.700000047683716
endloop
endfacet
facet normal -0.5911170888702231 -0.633861645371529 -0.4987985583103574
outer loop
vertex -60.89605712890625 23.2397403717041 -3.700000047683716
vertex -61.069297790527344 23.40129852294922 -3.700000047683716
vertex -60.111045837402344 24.081506729125977 -5.699999809265137
endloop
endfacet
facet normal -0.5911228019750825 -0.633855743096809 -0.4987992882195396
outer loop
vertex -61.20597457885742 23.52876091003418 -3.700000047683716
vertex -60.111045837402344 24.081506729125977 -5.699999809265137
vertex -61.069297790527344 23.40129852294922 -3.700000047683716
endloop
endfacet
facet normal -0.5911232938711013 -0.633855192248083 -0.4987994052754328
outer loop
vertex -60.42095947265625 24.370527267456055 -5.699999809265137
vertex -60.111045837402344 24.081506729125977 -5.699999809265137
vertex -61.20597457885742 23.52876091003418 -3.700000047683716
endloop
endfacet
facet normal -0.6426682104807412 -0.5826573523671336 -0.49748163882700613
outer loop
vertex -60.111045837402344 24.081506729125977 -5.699999809265137
vertex -59.97998809814453 23.93695068359375 -5.699999809265137
vertex -60.89605712890625 23.2397403717041 -3.700000047683716
endloop
endfacet
facet normal -0.6896597841046604 -0.5248836909562192 -0.49886520539810075
outer loop
vertex -60.89605712890625 23.2397403717041 -3.700000047683716
vertex -59.97998809814453 23.93695068359375 -5.699999809265137
vertex -60.63941192626953 22.90252685546875 -3.700000047683716
endloop
endfacet
facet normal -0.6896539686739891 -0.5248900355032615 -0.49886656945680513
outer loop
vertex -59.97998809814453 23.93695068359375 -5.699999809265137
vertex -59.72333908081055 23.59973907470703 -5.699999809265137
vertex -60.63941192626953 22.90252685546875 -3.700000047683716
endloop
endfacet
facet normal -0.7317393434621638 -0.46582956929998587 -0.497554364462167
outer loop
vertex -59.72333908081055 23.59973907470703 -5.699999809265137
vertex -59.618534088134766 23.435108184814453 -5.699999809265137
vertex -60.63941192626953 22.90252685546875 -3.700000047683716
endloop
endfacet
facet normal -0.7683610555986979 -0.4008460401026718 -0.49894262232571585
outer loop
vertex -59.618534088134766 23.435108184814453 -5.699999809265137
vertex -59.42252731323242 23.05939292907715 -5.699999809265137
vertex -60.44340515136719 22.526813507080078 -3.700000047683716
endloop
endfacet
facet normal -0.7683600745551297 -0.4008475632371656 -0.49894290943600156
outer loop
vertex -60.63941192626953 22.90252685546875 -3.700000047683716
vertex -59.618534088134766 23.435108184814453 -5.699999809265137
vertex -60.44340515136719 22.526813507080078 -3.700000047683716
endloop
endfacet
facet normal -0.7998147253462042 -0.3356426660572898 -0.4976348117257581
outer loop
vertex -59.34699249267578 22.879398345947266 -5.699999809265137
vertex -60.44340515136719 22.526813507080078 -3.700000047683716
vertex -59.42252731323242 23.05939292907715 -5.699999809265137
endloop
endfacet
facet normal -0.8249755695417376 -0.2653067315677693 -0.49902670053225934
outer loop
vertex -60.44340515136719 22.526813507080078 -3.700000047683716
vertex -59.21725845336914 22.475975036621094 -5.699999809265137
vertex -60.40540313720703 22.408645629882812 -3.700000047683716
endloop
endfacet
facet normal -0.82497738104793 -0.2652986218340414 -0.49902801726181373
outer loop
vertex -59.34699249267578 22.879398345947266 -5.699999809265137
vertex -59.21725845336914 22.475975036621094 -5.699999809265137
vertex -60.44340515136719 22.526813507080078 -3.700000047683716
endloop
endfacet
facet normal -0.8249784304742788 -0.26529535849601465 -0.4990280172622242
outer loop
vertex -59.21725845336914 22.475975036621094 -5.699999809265137
vertex -60.31367111206055 22.123390197753906 -3.700000047683716
vertex -60.40540313720703 22.408645629882812 -3.700000047683716
endloop
endfacet
facet normal -0.844939455725157 -0.19582680552656215 -0.4977239982119983
outer loop
vertex -59.21725845336914 22.475975036621094 -5.699999809265137
vertex -59.17317581176758 22.285770416259766 -5.699999809265137
vertex -60.31367111206055 22.123390197753906 -3.700000047683716
endloop
endfacet
facet normal -0.8578812454939881 -0.12213825796575603 -0.49912124235577693
outer loop
vertex -59.11344528198242 21.86623191833496 -5.699999809265137
vertex -60.31367111206055 22.123390197753906 -3.700000047683716
vertex -59.17317581176758 22.285770416259766 -5.699999809265137
endloop
endfacet
facet normal -0.8578808576001239 -0.12214600311112835 -0.499120013711384
outer loop
vertex -59.11344528198242 21.86623191833496 -5.699999809265137
vertex -60.253936767578125 21.7038516998291 -3.700000047683716
vertex -60.31367111206055 22.123390197753906 -3.700000047683716
endloop
endfacet
facet normal -0.8635460162736304 -0.07559744093769223 -0.4985712634133812
outer loop
vertex -59.11344528198242 21.86623191833496 -5.699999809265137
vertex -59.09923553466797 21.703914642333984 -5.699999809265137
vertex -60.253936767578125 21.7038516998291 -3.700000047683716
endloop
endfacet
facet normal -0.8660255558517259 -0.00004756676247793186 -0.499999734349042
outer loop
vertex -59.09923553466797 21.703914642333984 -5.699999809265137
vertex -59.09524154663086 -51.01273727416992 -5.699999809265137
vertex -60.24993896484375 -51.05217742919922 -3.700000047683716
endloop
endfacet
facet normal -0.8660252461212689 -0.000047586408142772564 -0.5000002708160562
outer loop
vertex -59.09923553466797 21.703914642333984 -5.699999809265137
vertex -60.24993896484375 -51.05217742919922 -3.700000047683716
vertex -60.253936767578125 21.7038516998291 -3.700000047683716
endloop
endfacet
facet normal -0.864010161125775 -0.05904721139350391 -0.4999998682980457
outer loop
vertex -60.175048828125 -52.14801788330078 -3.700000047683716
vertex -59.09524154663086 -51.01273727416992 -5.699999809265137
vertex -59.029457092285156 -51.9753303527832 -5.699999809265137
endloop
endfacet
facet normal -0.8640102919269043 -0.05904677879578994 -0.49999969335813266
outer loop
vertex -59.09524154663086 -51.01273727416992 -5.699999809265137
vertex -60.175048828125 -52.14801788330078 -3.700000047683716
vertex -60.24993896484375 -51.05217742919922 -3.700000047683716
endloop
endfacet
facet normal -0.843022621316646 -0.1982749867740595 -0.4999998895681454
outer loop
vertex -59.029457092285156 -51.9753303527832 -5.699999809265137
vertex -58.72920227050781 -53.251949310302734 -5.699999809265137
vertex -59.82807540893555 -53.62327575683594 -3.700000047683716
endloop
endfacet
facet normal -0.8430227238396756 -0.19827481160573365 -0.499999786172599
outer loop
vertex -60.175048828125 -52.14801788330078 -3.700000047683716
vertex -59.029457092285156 -51.9753303527832 -5.699999809265137
vertex -59.82807540893555 -53.62327575683594 -3.700000047683716
endloop
endfacet
facet normal -0.7904937949990585 -0.35372039680432754 -0.5000014409504993
outer loop
vertex -58.72920227050781 -53.251949310302734 -5.699999809265137
vertex -59.209083557128906 -55.00661087036133 -3.700000047683716
vertex -59.35983657836914 -54.669708251953125 -3.700000047683716
endloop
endfacet
facet normal -0.7904952256726036 -0.35371875293554994 -0.5000003420104221
outer loop
vertex -58.19996643066406 -54.4346923828125 -5.699999809265137
vertex -59.209083557128906 -55.00661087036133 -3.700000047683716
vertex -58.72920227050781 -53.251949310302734 -5.699999809265137
endloop
endfacet
facet normal -0.7904962703878119 -0.3537170825071172 -0.49999987204559626
outer loop
vertex -59.82807540893555 -53.62327575683594 -3.700000047683716
vertex -58.72920227050781 -53.251949310302734 -5.699999809265137
vertex -59.35983657836914 -54.669708251953125 -3.700000047683716
endloop
endfacet
facet normal -0.7095960794122227 -0.49645985919557545 -0.5000010122892871
outer loop
vertex -59.209083557128906 -55.00661087036133 -3.700000047683716
vertex -57.457157135009766 -55.496395111083984 -5.699999809265137
vertex -58.95671463012695 -55.36732482910156 -3.700000047683716
endloop
endfacet
facet normal -0.7095946845264841 -0.4964631180337851 -0.4999997561238718
outer loop
vertex -57.457157135009766 -55.496395111083984 -5.699999809265137
vertex -58.340293884277344 -56.248374938964844 -3.700000047683716
vertex -58.95671463012695 -55.36732482910156 -3.700000047683716
endloop
endfacet
facet normal -0.7095956352165091 -0.4964612221093936 -0.5000002894232425
outer loop
vertex -58.19996643066406 -54.4346923828125 -5.699999809265137
vertex -57.457157135009766 -55.496395111083984 -5.699999809265137
vertex -59.209083557128906 -55.00661087036133 -3.700000047683716
endloop
endfacet
facet normal -0.6032224069773953 -0.6213881472433916 -0.49999949818557105
outer loop
vertex -57.457157135009766 -55.496395111083984 -5.699999809265137
vertex -56.52743148803711 -56.39894104003906 -5.699999809265137
vertex -57.9752082824707 -56.602787017822266 -3.700000047683716
endloop
endfacet
facet normal -0.6032218713746218 -0.6213885842822197 -0.49999960121887876
outer loop
vertex -57.457157135009766 -55.496395111083984 -5.699999809265137
vertex -57.9752082824707 -56.602787017822266 -3.700000047683716
vertex -58.340293884277344 -56.248374938964844 -3.700000047683716
endloop
endfacet
facet normal -0.6032231480146932 -0.6213870834736623 -0.4999999261913337
outer loop
vertex -57.9752082824707 -56.602787017822266 -3.700000047683716
vertex -56.52743148803711 -56.39894104003906 -5.699999809265137
vertex -57.25288772583008 -57.303993225097656 -3.700000047683716
endloop
endfacet
facet normal -0.47519719598510957 -0.7240080447528794 -0.49999997606100155
outer loop
vertex -56.52743148803711 -56.39894104003906 -5.699999809265137
vertex -56.32423782348633 -57.91350555419922 -3.700000047683716
vertex -57.25288772583008 -57.303993225097656 -3.700000047683716
endloop
endfacet
facet normal -0.4751953265294876 -0.7240085805776934 -0.500000976893453
outer loop
vertex -56.52743148803711 -56.39894104003906 -5.699999809265137
vertex -55.44416427612305 -57.10993194580078 -5.699999809265137
vertex -55.98590087890625 -58.13557052612305 -3.700000047683716
endloop
endfacet
facet normal -0.47519733465193564 -0.7240079913813775 -0.49999992155559336
outer loop
vertex -56.32423782348633 -57.91350555419922 -3.700000047683716
vertex -56.52743148803711 -56.39894104003906 -5.699999809265137
vertex -55.98590087890625 -58.13557052612305 -3.700000047683716
endloop
endfacet
facet normal -0.3301170380264166 -0.8006394335557083 -0.4999992386396804
outer loop
vertex -55.44416427612305 -57.10993194580078 -5.699999809265137
vertex -54.24624252319336 -57.60385513305664 -5.699999809265137
vertex -54.58481216430664 -58.7132568359375 -3.700000047683716
endloop
endfacet
facet normal -0.33011373108467534 -0.8006397508462076 -0.5000009139134421
outer loop
vertex -55.98590087890625 -58.13557052612305 -3.700000047683716
vertex -55.44416427612305 -57.10993194580078 -5.699999809265137
vertex -54.58481216430664 -58.7132568359375 -3.700000047683716
endloop
endfacet
facet normal -0.1731823919529825 -0.8485332371817714 -0.4999992045146342
outer loop
vertex -54.24624252319336 -57.60385513305664 -5.699999809265137
vertex -52.983238220214844 -57.861629486083984 -5.699999809265137
vertex -53.099910736083984 -59.016319274902344 -3.700000047683716
endloop
endfacet
facet normal -0.1731822348763094 -0.8485332223583623 -0.49999928407686844
outer loop
vertex -54.58481216430664 -58.7132568359375 -3.700000047683716
vertex -54.24624252319336 -57.60385513305664 -5.699999809265137
vertex -53.099910736083984 -59.016319274902344 -3.700000047683716
endloop
endfacet
facet normal -0.00006026658513159393 -0.8660220253566596 -0.5000058479308895
outer loop
vertex 26.78940200805664 -58.91259002685547 -3.8893399238586426
vertex 27.072769165039062 -59.02192687988281 -3.700000047683716
vertex 21.910720825195312 -58.91225051879883 -3.8893399238586426
endloop
endfacet
facet normal -0.00006060101682738785 -0.8660258611257167 -0.4999992041883444
outer loop
vertex -53.099910736083984 -59.016319274902344 -3.700000047683716
vertex -52.983238220214844 -57.861629486083984 -5.699999809265137
vertex -7.634922981262207 -59.019500732421875 -3.700000047683716
endloop
endfacet
facet normal -0.000060291109128800976 -0.8660247951485153 -0.5000010505518507
outer loop
vertex 22.350061416625977 -57.86689758300781 -5.699999809265137
vertex 26.350061416625977 -57.8671760559082 -5.699999809265137
vertex 26.350061416625977 -58.30018997192383 -4.949999809265137
endloop
endfacet
facet normal -0.00006051564735827496 -0.8660242025578578 -0.5000020769175695
outer loop
vertex 7.464242458343506 -58.630279541015625 -4.375974655151367
vertex 7.789401531219482 -58.91126251220703 -3.8893399238586426
vertex -7.634922981262207 -59.019500732421875 -3.700000047683716
endloop
endfacet
facet normal -0.00006047352500788359 -0.8660246102503066 -0.5000013707818783
outer loop
vertex -7.634922981262207 -59.019500732421875 -3.700000047683716
vertex -52.983238220214844 -57.861629486083984 -5.699999809265137
vertex 7.464242458343506 -58.630279541015625 -4.375974655151367
endloop
endfacet
facet normal -0.00006053548456645874 -0.8660258334307791 -0.49999925216542024
outer loop
vertex 7.464242458343506 -58.630279541015625 -4.375974655151367
vertex -52.983238220214844 -57.861629486083984 -5.699999809265137
vertex 7.350061416625977 -58.298858642578125 -4.949999809265137
endloop
endfacet
facet normal -0.00006056049417926335 -0.8660267024822843 -0.4999977469150114
outer loop
vertex -52.983238220214844 -57.861629486083984 -5.699999809265137
vertex 7.350061416625977 -57.865848541259766 -5.699999809265137
vertex 7.350061416625977 -58.298858642578125 -4.949999809265137
endloop
endfacet
facet normal -0.000060571628180073985 -0.8660222229501476 -0.5000055056572504
outer loop
vertex 7.789401531219482 -58.91126251220703 -3.8893399238586426
vertex 8.072768211364746 -59.020599365234375 -3.700000047683716
vertex -7.634922981262207 -59.019500732421875 -3.700000047683716
endloop
endfacet
facet normal -0.00006111714933540218 -0.8660267024529551 -0.49999774689807835
outer loop
vertex 22.350061416625977 -58.29990768432617 -4.949999809265137
vertex 22.350061416625977 -57.86689758300781 -5.699999809265137
vertex 26.350061416625977 -58.30018997192383 -4.949999809265137
endloop
endfacet
facet normal -0.00006066340688961137 -0.8660254116992078 -0.4999999826111684
outer loop
vertex 67.20014190673828 -57.870033264160156 -5.699999809265137
vertex 67.26720428466797 -59.02473831176758 -3.700000047683716
vertex 41.35006332397461 -58.30123519897461 -4.949999809265137
endloop
endfacet
facet normal -0.000060668117591138144 -0.8660267616929185 -0.4999976443455074
outer loop
vertex 27.072769165039062 -59.02192687988281 -3.700000047683716
vertex 21.627355575561523 -59.02154541015625 -3.700000047683716
vertex 21.910720825195312 -58.91225051879883 -3.8893399238586426
endloop
endfacet
facet normal -0.000060941617674219645 -0.8660272653181029 -0.49999677200134734
outer loop
vertex 26.78940200805664 -58.91259002685547 -3.8893399238586426
vertex 22.23587989807129 -58.63131332397461 -4.375974655151367
vertex 26.464242935180664 -58.63161087036133 -4.375974655151367
endloop
endfacet
facet normal -0.0000609414820954625 -0.8660253386396725 -0.5000001091201645
outer loop
vertex 22.23587989807129 -58.63131332397461 -4.375974655151367
vertex 22.350061416625977 -58.29990768432617 -4.949999809265137
vertex 26.464242935180664 -58.63161087036133 -4.375974655151367
endloop
endfacet
facet normal -0.000060641295852936473 -0.8660267788122233 -0.49999761469706777
outer loop
vertex 67.26720428466797 -59.02473831176758 -3.700000047683716
vertex 40.62735366821289 -59.02287292480469 -3.700000047683716
vertex 40.91072082519531 -58.913578033447266 -3.8893399238586426
endloop
endfacet
facet normal -0.00006111709154151144 -0.8660258835166472 -0.499999165343215
outer loop
vertex 26.464242935180664 -58.63161087036133 -4.375974655151367
vertex 22.350061416625977 -58.29990768432617 -4.949999809265137
vertex 26.350061416625977 -58.30018997192383 -4.949999809265137
endloop
endfacet
facet normal -0.000060577010236224526 -0.8660267024814178 -0.4999977469145112
outer loop
vertex 41.35006332397461 -57.86822509765625 -5.699999809265137
vertex 67.20014190673828 -57.870033264160156 -5.699999809265137
vertex 41.35006332397461 -58.30123519897461 -4.949999809265137
endloop
endfacet
facet normal -0.00006065798725402253 -0.8660253630727838 -0.5000000668352569
outer loop
vertex 67.26720428466797 -59.02473831176758 -3.700000047683716
vertex 41.23588180541992 -58.63264083862305 -4.375974655151367
vertex 41.35006332397461 -58.30123519897461 -4.949999809265137
endloop
endfacet
facet normal -0.00006026675955256832 -0.8660245317605845 -0.500001506754508
outer loop
vertex 26.78940200805664 -58.91259002685547 -3.8893399238586426
vertex 21.910720825195312 -58.91225051879883 -3.8893399238586426
vertex 22.23587989807129 -58.63131332397461 -4.375974655151367
endloop
endfacet
facet normal -0.000060602240101605014 -0.8660244345734299 -0.5000016750463337
outer loop
vertex 67.26720428466797 -59.02473831176758 -3.700000047683716
vertex 40.91072082519531 -58.913578033447266 -3.8893399238586426
vertex 41.23588180541992 -58.63264083862305 -4.375974655151367
endloop
endfacet
facet normal 0.10031973745598229 -0.860195354900044 -0.49999990168514047
outer loop
vertex 67.26720428466797 -59.02473831176758 -3.700000047683716
vertex 67.3858642578125 -57.84837341308594 -5.699999809265137
vertex 67.44756317138672 -59.00370407104492 -3.700000047683716
endloop
endfacet
facet normal 0.10030870346702556 -0.8601964663277991 -0.5000002033258907
outer loop
vertex 67.44756317138672 -59.00370407104492 -3.700000047683716
vertex 67.3858642578125 -57.84837341308594 -5.699999809265137
vertex 67.58557891845703 -58.98760986328125 -3.700000047683716
endloop
endfacet
facet normal 0.10032019606723608 -0.8601953268280126 -0.4999998579642596
outer loop
vertex 67.26720428466797 -59.02473831176758 -3.700000047683716
vertex 67.20014190673828 -57.870033264160156 -5.699999809265137
vertex 67.3858642578125 -57.84837341308594 -5.699999809265137
endloop
endfacet
facet normal 0 0 -1
outer loop
vertex 61.49180603027344 -56.53752899169922 -0.15000000596046448
vertex 61.49180603027344 -57.0625 -0.15000000596046448
vertex 53.49180603027344 -56.53715515136719 -0.15000000596046448
endloop
endfacet
facet normal 1 0 0
outer loop
vertex 53.49180603027344 -57.0625 -0.15000000596046448
vertex 53.49180603027344 -56.53715515136719 -1.9500000476837158
vertex 53.49180603027344 -56.53715515136719 -0.15000000596046448
endloop
endfacet
facet normal 0 1 0
outer loop
vertex 61.49180603027344 -57.0625 -1.9500000476837158
vertex 53.49180603027344 -57.0625 -1.9500000476837158
vertex 53.49180603027344 -57.0625 -0.15000000596046448
endloop
endfacet
facet normal 0 1 0
outer loop
vertex 61.49180603027344 -57.0625 -1.9500000476837158
vertex 53.49180603027344 -57.0625 -0.15000000596046448
vertex 61.49180603027344 -57.0625 -0.15000000596046448
endloop
endfacet
facet normal -1 0 0
outer loop
vertex 61.49180603027344 -56.53752899169922 -1.9500000476837158
vertex 61.49180603027344 -57.0625 -1.9500000476837158
vertex 61.49180603027344 -56.53752899169922 -0.15000000596046448
endloop
endfacet
facet normal 0 0 1
outer loop
vertex 61.49180603027344 -56.53752899169922 -1.9500000476837158
vertex 53.49180603027344 -56.53715515136719 -1.9500000476837158
vertex 53.49180603027344 -57.0625 -1.9500000476837158
endloop
endfacet
facet normal -1 0 0
outer loop
vertex 61.49180603027344 -56.53752899169922 -0.15000000596046448
vertex 61.49180603027344 -57.0625 -1.9500000476837158
vertex 61.49180603027344 -57.0625 -0.15000000596046448
endloop
endfacet
facet normal 0 0 -1
outer loop
vertex 61.49180603027344 -57.0625 -0.15000000596046448
vertex 53.49180603027344 -57.0625 -0.15000000596046448
vertex 53.49180603027344 -56.53715515136719 -0.15000000596046448
endloop
endfacet
facet normal 1 0 0
outer loop
vertex 53.49180603027344 -57.0625 -1.9500000476837158
vertex 53.49180603027344 -56.53715515136719 -1.9500000476837158
vertex 53.49180603027344 -57.0625 -0.15000000596046448
endloop
endfacet
facet normal 0 0 1
outer loop
vertex 61.49180603027344 -56.53752899169922 -1.9500000476837158
vertex 53.49180603027344 -57.0625 -1.9500000476837158
vertex 61.49180603027344 -57.0625 -1.9500000476837158
endloop
endfacet
facet normal 1 0 0
outer loop
vertex -47.240055084228516 -56.53242492675781 -1.9500000476837158
vertex -47.240055084228516 -57.0625 -0.15000000596046448
vertex -47.240055084228516 -57.0625 -1.9500000476837158
endloop
endfacet
facet normal 0 0 1
outer loop
vertex -47.240055084228516 -57.0625 -1.9500000476837158
vertex -39.240055084228516 -56.53280258178711 -1.9500000476837158
vertex -47.240055084228516 -56.53242492675781 -1.9500000476837158
endloop
endfacet
facet normal 0 0 1
outer loop
vertex -39.240055084228516 -56.53280258178711 -1.9500000476837158
vertex -47.240055084228516 -57.0625 -1.9500000476837158
vertex -39.240055084228516 -57.0625 -1.9500000476837158
endloop
endfacet
facet normal 1 0 0
outer loop
vertex -47.240055084228516 -57.0625 -0.15000000596046448
vertex -47.240055084228516 -56.53242492675781 -1.9500000476837158
vertex -47.240055084228516 -56.53242492675781 -0.15000000596046448
endloop
endfacet
facet normal 0 1 0
outer loop
vertex -39.240055084228516 -57.0625 -1.9500000476837158
vertex -47.240055084228516 -57.0625 -1.9500000476837158
vertex -47.240055084228516 -57.0625 -0.15000000596046448
endloop
endfacet
facet normal 0 1 0
outer loop
vertex -39.240055084228516 -57.0625 -1.9500000476837158
vertex -47.240055084228516 -57.0625 -0.15000000596046448
vertex -39.240055084228516 -57.0625 -0.15000000596046448
endloop
endfacet
facet normal -1 0 0
outer loop
vertex -39.240055084228516 -56.53280258178711 -1.9500000476837158
vertex -39.240055084228516 -57.0625 -1.9500000476837158
vertex -39.240055084228516 -56.53280258178711 -0.15000000596046448
endloop
endfacet
facet normal -1 0 0
outer loop
vertex -39.240055084228516 -56.53280258178711 -0.15000000596046448
vertex -39.240055084228516 -57.0625 -1.9500000476837158
vertex -39.240055084228516 -57.0625 -0.15000000596046448
endloop
endfacet
facet normal 0 0 -1
outer loop
vertex -39.240055084228516 -57.0625 -0.15000000596046448
vertex -47.240055084228516 -57.0625 -0.15000000596046448
vertex -47.240055084228516 -56.53242492675781 -0.15000000596046448
endloop
endfacet
facet normal 0 0 -1
outer loop
vertex -39.240055084228516 -56.53280258178711 -0.15000000596046448
vertex -39.240055084228516 -57.0625 -0.15000000596046448
vertex -47.240055084228516 -56.53242492675781 -0.15000000596046448
endloop
endfacet
facet normal 0 0 1
outer loop
vertex -45.03999328613281 56.5576286315918 -2.8499999046325684
vertex -41.43975830078125 57.65715408325195 -2.8499999046325684
vertex -45.039756774902344 57.65792465209961 -2.8499999046325684
endloop
endfacet
facet normal 0.9999999768977414 -0.0002149523588167218 0
outer loop
vertex -45.03999328613281 56.5576286315918 -2.8499999046325684
vertex -45.039756774902344 57.65792465209961 -2.8499999046325684
vertex -45.03999328613281 56.5576286315918 -1.0499999523162842
endloop
endfacet
facet normal -0.00021404698794827746 -0.9999999770919431 0
outer loop
vertex -45.039756774902344 57.65792465209961 -2.8499999046325684
vertex -41.43975830078125 57.65715408325195 -2.8499999046325684
vertex -41.43975830078125 57.65715408325195 -1.0499999523162842
endloop
endfacet
facet normal 0.9999999768977414 -0.0002149523588167218 0
outer loop
vertex -45.03999328613281 56.5576286315918 -1.0499999523162842
vertex -45.039756774902344 57.65792465209961 -2.8499999046325684
vertex -45.039756774902344 57.65792465209961 -1.0499999523162842
endloop
endfacet
facet normal -0.00021404698794827746 -0.9999999770919431 0
outer loop
vertex -45.039756774902344 57.65792465209961 -1.0499999523162842
vertex -45.039756774902344 57.65792465209961 -2.8499999046325684
vertex -41.43975830078125 57.65715408325195 -1.0499999523162842
endloop
endfacet
facet normal -0.9999999776388262 0.00021147658723918487 0
outer loop
vertex -41.43975830078125 57.65715408325195 -2.8499999046325684
vertex -41.43999099731445 56.55681228637695 -2.8499999046325684
vertex -41.43975830078125 57.65715408325195 -1.0499999523162842
endloop
endfacet
facet normal -0.9999999776388262 0.00021147658723918487 0
outer loop
vertex -41.43975830078125 57.65715408325195 -1.0499999523162842
vertex -41.43999099731445 56.55681228637695 -2.8499999046325684
vertex -41.43999099731445 56.55681228637695 -1.0499999523162842
endloop
endfacet
facet normal 0 0 -1
outer loop
vertex -45.03999328613281 56.5576286315918 -1.0499999523162842
vertex -45.039756774902344 57.65792465209961 -1.0499999523162842
vertex -41.43999099731445 56.55681228637695 -1.0499999523162842
endloop
endfacet
facet normal 0 0 1
outer loop
vertex -41.43999099731445 56.55681228637695 -2.8499999046325684
vertex -41.43975830078125 57.65715408325195 -2.8499999046325684
vertex -45.03999328613281 56.5576286315918 -2.8499999046325684
endloop
endfacet
facet normal 0 0 -1
outer loop
vertex -41.43975830078125 57.65715408325195 -1.0499999523162842
vertex -41.43999099731445 56.55681228637695 -1.0499999523162842
vertex -45.039756774902344 57.65792465209961 -1.0499999523162842
endloop
endfacet
facet normal 0 0 -1
outer loop
vertex 55.69186782836914 56.534751892089844 -1.0499999523162842
vertex 55.69210433959961 57.63642501831055 -1.0499999523162842
vertex 59.2918701171875 56.533935546875 -1.0499999523162842
endloop
endfacet
facet normal 0 0 -1
outer loop
vertex 59.2921028137207 57.63565444946289 -1.0499999523162842
vertex 59.2918701171875 56.533935546875 -1.0499999523162842
vertex 55.69210433959961 57.63642501831055 -1.0499999523162842
endloop
endfacet
facet normal -0.9999999776946925 0.0002112122497545999 0
outer loop
vertex 59.2921028137207 57.63565444946289 -1.0499999523162842
vertex 59.2918701171875 56.533935546875 -2.8499999046325684
vertex 59.2918701171875 56.533935546875 -1.0499999523162842
endloop
endfacet
facet normal -0.00021404698794827746 -0.9999999770919431 0
outer loop
vertex 55.69210433959961 57.63642501831055 -1.0499999523162842
vertex 55.69210433959961 57.63642501831055 -2.8499999046325684
vertex 59.2921028137207 57.63565444946289 -1.0499999523162842
endloop
endfacet
facet normal -0.9999999776946925 0.0002112122497545999 0
outer loop
vertex 59.2921028137207 57.63565444946289 -2.8499999046325684
vertex 59.2918701171875 56.533935546875 -2.8499999046325684
vertex 59.2921028137207 57.63565444946289 -1.0499999523162842
endloop
endfacet
facet normal -0.00021404698794827746 -0.9999999770919431 0
outer loop
vertex 55.69210433959961 57.63642501831055 -2.8499999046325684
vertex 59.2921028137207 57.63565444946289 -2.8499999046325684
vertex 59.2921028137207 57.63565444946289 -1.0499999523162842
endloop
endfacet
facet normal 0 0 1
outer loop
vertex 55.69210433959961 57.63642501831055 -2.8499999046325684
vertex 55.69186782836914 56.534751892089844 -2.8499999046325684
vertex 59.2921028137207 57.63565444946289 -2.8499999046325684
endloop
endfacet
facet normal 0 0 1
outer loop
vertex 59.2918701171875 56.533935546875 -2.8499999046325684
vertex 59.2921028137207 57.63565444946289 -2.8499999046325684
vertex 55.69186782836914 56.534751892089844 -2.8499999046325684
endloop
endfacet
facet normal 0.9999999769554617 -0.00021468366558945773 0
outer loop
vertex 55.69186782836914 56.534751892089844 -1.0499999523162842
vertex 55.69210433959961 57.63642501831055 -2.8499999046325684
vertex 55.69210433959961 57.63642501831055 -1.0499999523162842
endloop
endfacet
facet normal 0.9999999769554617 -0.00021468366558945773 0
outer loop
vertex 55.69186782836914 56.534751892089844 -1.0499999523162842
vertex 55.69186782836914 56.534751892089844 -2.8499999046325684
vertex 55.69210433959961 57.63642501831055 -2.8499999046325684
endloop
endfacet
facet normal 0.8314695010489663 0 -0.5555703995223136
outer loop
vertex 26.464242935180664 -56.535884857177734 -4.375974655151367
vertex 26.78940200805664 -58.91259002685547 -3.8893399238586426
vertex 26.464242935180664 -58.63161087036133 -4.375974655151367
endloop
endfacet
facet normal 0.19509040787318935 0 -0.9807852633251953
outer loop
vertex 27.850061416625977 -59.02198028564453 -3.450000047683716
vertex 27.276037216186523 -56.53592300415039 -3.564180612564087
vertex 27.850061416625977 -56.535953521728516 -3.450000047683716
endloop
endfacet
facet normal 0 0 -1
outer loop
vertex 27.850061416625977 -56.535953521728516 -3.450000047683716
vertex 39.85006332397461 -59.02281951904297 -3.450000047683716
vertex 27.850061416625977 -59.02198028564453 -3.450000047683716
endloop
endfacet
facet normal 0 0 -1
outer loop
vertex 39.85006332397461 -59.02281951904297 -3.450000047683716
vertex 27.850061416625977 -56.535953521728516 -3.450000047683716
vertex 39.85006332397461 -56.53651428222656 -3.450000047683716
endloop
endfacet
facet normal 0.9807850135586839 0 -0.1950916635294606
outer loop
vertex 26.464242935180664 -58.63161087036133 -4.375974655151367
vertex 26.350061416625977 -56.53588104248047 -4.949999809265137
vertex 26.464242935180664 -56.535884857177734 -4.375974655151367
endloop
endfacet
facet normal -1 0 0
outer loop
vertex 41.35006332397461 -58.30123519897461 -4.949999809265137
vertex 41.35006332397461 -56.53658676147461 -4.949999809265137
vertex 41.35006332397461 -57.86822509765625 -5.699999809265137
endloop
endfacet
facet normal -1 0 0
outer loop
vertex 41.35006332397461 -56.53658676147461 -4.949999809265137
vertex 41.35006332397461 -56.53658676147461 -5.699999809265137
vertex 41.35006332397461 -57.86822509765625 -5.699999809265137
endloop
endfacet
facet normal -0.9807850135586837 0 -0.19509166352946058
outer loop
vertex 41.23588180541992 -56.53657913208008 -4.375974655151367
vertex 41.35006332397461 -56.53658676147461 -4.949999809265137
vertex 41.35006332397461 -58.30123519897461 -4.949999809265137
endloop
endfacet
facet normal -0.9807850135586839 0 -0.1950916635294606
outer loop
vertex 41.23588180541992 -58.63264083862305 -4.375974655151367
vertex 41.23588180541992 -56.53657913208008 -4.375974655151367
vertex 41.35006332397461 -58.30123519897461 -4.949999809265137
endloop
endfacet
facet normal -0.8314679956250159 0 -0.5555726525408882
outer loop
vertex 40.91072082519531 -56.536563873291016 -3.8893399238586426
vertex 41.23588180541992 -56.53657913208008 -4.375974655151367
vertex 41.23588180541992 -58.63264083862305 -4.375974655151367
endloop
endfacet
facet normal -0.8314679956250158 0 -0.5555726525408882
outer loop
vertex 40.91072082519531 -58.913578033447266 -3.8893399238586426
vertex 40.91072082519531 -56.536563873291016 -3.8893399238586426
vertex 41.23588180541992 -58.63264083862305 -4.375974655151367
endloop
endfacet
facet normal -0.5555703394032014 4.355444471751036e-7 -0.8314695412191728
outer loop
vertex 40.62735366821289 -59.02287292480469 -3.700000047683716
vertex 40.42408752441406 -56.53654098510742 -3.564180612564087
vertex 40.91072082519531 -58.913578033447266 -3.8893399238586426
endloop
endfacet
facet normal -0.555574022535417 0 -0.8314670802165386
outer loop
vertex 40.62735366821289 -59.02287292480469 -3.700000047683716
vertex 40.42408752441406 -59.02286148071289 -3.564180612564087
vertex 40.42408752441406 -56.53654098510742 -3.564180612564087
endloop
endfacet
facet normal -0.5555718102198659 0 -0.8314685584488576
outer loop
vertex 40.42408752441406 -56.53654098510742 -3.564180612564087
vertex 40.91072082519531 -56.536563873291016 -3.8893399238586426
vertex 40.91072082519531 -58.913578033447266 -3.8893399238586426
endloop
endfacet
facet normal 0.8314695010489662 0 -0.5555703995223135
outer loop
vertex 26.78940200805664 -56.5359001159668 -3.8893399238586426
vertex 26.78940200805664 -58.91259002685547 -3.8893399238586426
vertex 26.464242935180664 -56.535884857177734 -4.375974655151367
endloop
endfacet
facet normal 0.19509040787318935 0 -0.9807852633251953
outer loop
vertex 27.276037216186523 -56.53592300415039 -3.564180612564087
vertex 27.850061416625977 -59.02198028564453 -3.450000047683716
vertex 27.276037216186523 -59.021942138671875 -3.564180612564087
endloop
endfacet
facet normal 0.980785013558684 0 -0.1950916635294606
outer loop
vertex 26.350061416625977 -56.53588104248047 -4.949999809265137
vertex 26.464242935180664 -58.63161087036133 -4.375974655151367
vertex 26.350061416625977 -58.30018997192383 -4.949999809265137
endloop
endfacet
facet normal 1 0 0
outer loop
vertex 26.350061416625977 -57.8671760559082 -5.699999809265137
vertex 26.350061416625977 -56.53588104248047 -5.699999809265137
vertex 26.350061416625977 -56.53588104248047 -4.949999809265137
endloop
endfacet
facet normal -0.19509040787318935 0 -0.9807852633251952
outer loop
vertex 39.85006332397461 -56.53651428222656 -3.450000047683716
vertex 40.42408752441406 -59.02286148071289 -3.564180612564087
vertex 39.85006332397461 -59.02281951904297 -3.450000047683716
endloop
endfacet
facet normal -0.19509040787318935 0 -0.9807852633251952
outer loop
vertex 40.42408752441406 -59.02286148071289 -3.564180612564087
vertex 39.85006332397461 -56.53651428222656 -3.450000047683716
vertex 40.42408752441406 -56.53654098510742 -3.564180612564087
endloop
endfacet
facet normal 1 0 0
outer loop
vertex 26.350061416625977 -56.53588104248047 -4.949999809265137
vertex 26.350061416625977 -58.30018997192383 -4.949999809265137
vertex 26.350061416625977 -57.8671760559082 -5.699999809265137
endloop
endfacet
facet normal 0.555570223264923 0 -0.8314696188204134
outer loop
vertex 26.78940200805664 -56.5359001159668 -3.8893399238586426
vertex 27.072769165039062 -59.02192687988281 -3.700000047683716
vertex 26.78940200805664 -58.91259002685547 -3.8893399238586426
endloop
endfacet
facet normal 0.5555704184514962 0 -0.8314694884008849
outer loop
vertex 27.276037216186523 -56.53592300415039 -3.564180612564087
vertex 27.276037216186523 -59.021942138671875 -3.564180612564087
vertex 27.072769165039062 -59.02192687988281 -3.700000047683716
endloop
endfacet
facet normal 0.5555703047950133 1.3442154439692887e-8 -0.8314695643437442
outer loop
vertex 27.072769165039062 -59.02192687988281 -3.700000047683716
vertex 26.78940200805664 -56.5359001159668 -3.8893399238586426
vertex 27.276037216186523 -56.53592300415039 -3.564180612564087
endloop
endfacet
facet normal 0 0 -1
outer loop
vertex 20.850061416625977 -59.02149200439453 -3.450000047683716
vertex 8.850061416625977 -56.53506088256836 -3.450000047683716
vertex 20.850061416625977 -56.535621643066406 -3.450000047683716
endloop
endfacet
facet normal 0 0 -1
outer loop
vertex 8.850061416625977 -56.53506088256836 -3.450000047683716
vertex 20.850061416625977 -59.02149200439453 -3.450000047683716
vertex 8.850061416625977 -59.020652770996094 -3.450000047683716
endloop
endfacet
facet normal 0.1950900960897925 0 -0.9807853253427458
outer loop
vertex 8.850061416625977 -59.020652770996094 -3.450000047683716
vertex 8.276036262512207 -56.5350341796875 -3.564180612564087
vertex 8.850061416625977 -56.53506088256836 -3.450000047683716
endloop
endfacet
facet normal 0.1950900960897925 0 -0.9807853253427457
outer loop
vertex 8.276036262512207 -56.5350341796875 -3.564180612564087
vertex 8.850061416625977 -59.020652770996094 -3.450000047683716
vertex 8.276036262512207 -59.02061080932617 -3.564180612564087
endloop
endfacet
facet normal 0.5555706811503046 0 -0.8314693128710082
outer loop
vertex 7.789401531219482 -56.535011291503906 -3.8893399238586426
vertex 8.276036262512207 -56.5350341796875 -3.564180612564087
vertex 8.276036262512207 -59.02061080932617 -3.564180612564087
endloop
endfacet
facet normal 0.5555704184485991 -7.439475857854756e-8 -0.8314694884028174
outer loop
vertex 7.789401531219482 -56.535011291503906 -3.8893399238586426
vertex 8.276036262512207 -59.02061080932617 -3.564180612564087
vertex 8.072768211364746 -59.020599365234375 -3.700000047683716
endloop
endfacet
facet normal 0.8314695010489663 0 -0.5555703995223136
outer loop
vertex 7.789401531219482 -58.91126251220703 -3.8893399238586426
vertex 7.464242458343506 -56.534996032714844 -4.375974655151367
vertex 7.789401531219482 -56.535011291503906 -3.8893399238586426
endloop
endfacet
facet normal 0.5555708695925228 0 -0.8314691869577658
outer loop
vertex 7.789401531219482 -56.535011291503906 -3.8893399238586426
vertex 8.072768211364746 -59.020599365234375 -3.700000047683716
vertex 7.789401531219482 -58.91126251220703 -3.8893399238586426
endloop
endfacet
facet normal 0.8314695010489663 0 -0.5555703995223136
outer loop
vertex 7.464242458343506 -56.534996032714844 -4.375974655151367
vertex 7.789401531219482 -58.91126251220703 -3.8893399238586426
vertex 7.464242458343506 -58.630279541015625 -4.375974655151367
endloop
endfacet
facet normal 0.980785169451003 0 -0.19509087980981338
outer loop
vertex 7.464242458343506 -58.630279541015625 -4.375974655151367
vertex 7.350061416625977 -56.53498840332031 -4.949999809265137
vertex 7.464242458343506 -56.534996032714844 -4.375974655151367
endloop
endfacet
facet normal 0.9807851694510032 0 -0.19509087980981343
outer loop
vertex 7.350061416625977 -56.53498840332031 -4.949999809265137
vertex 7.464242458343506 -58.630279541015625 -4.375974655151367
vertex 7.350061416625977 -58.298858642578125 -4.949999809265137
endloop
endfacet
facet normal 1 0 0
outer loop
vertex 7.350061416625977 -57.865848541259766 -5.699999809265137
vertex 7.350061416625977 -56.53498840332031 -5.699999809265137
vertex 7.350061416625977 -56.53498840332031 -4.949999809265137
endloop
endfacet
facet normal 1 0 0
outer loop
vertex 7.350061416625977 -56.53498840332031 -4.949999809265137
vertex 7.350061416625977 -58.298858642578125 -4.949999809265137
vertex 7.350061416625977 -57.865848541259766 -5.699999809265137
endloop
endfacet
facet normal -0.1950897843073725 0 -0.9807853873599989
outer loop
vertex 21.424087524414062 -59.02153015136719 -3.564180612564087
vertex 20.850061416625977 -56.535621643066406 -3.450000047683716
vertex 21.424087524414062 -56.535648345947266 -3.564180612564087
endloop
endfacet
facet normal -0.19508978430737248 0 -0.9807853873599988
outer loop
vertex 20.850061416625977 -56.535621643066406 -3.450000047683716
vertex 21.424087524414062 -59.02153015136719 -3.564180612564087
vertex 20.850061416625977 -59.02149200439453 -3.450000047683716
endloop
endfacet
facet normal -1 0 0
outer loop
vertex 22.350061416625977 -58.29990768432617 -4.949999809265137
vertex 22.350061416625977 -56.53569412231445 -4.949999809265137
vertex 22.350061416625977 -57.86689758300781 -5.699999809265137
endloop
endfacet
facet normal -1 0 0
outer loop
vertex 22.350061416625977 -56.53569412231445 -5.699999809265137
vertex 22.350061416625977 -57.86689758300781 -5.699999809265137
vertex 22.350061416625977 -56.53569412231445 -4.949999809265137
endloop
endfacet
facet normal -0.5555718102198659 0 -0.8314685584488576
outer loop
vertex 21.424087524414062 -56.535648345947266 -3.564180612564087
vertex 21.910720825195312 -56.53567123413086 -3.8893399238586426
vertex 21.910720825195312 -58.91225051879883 -3.8893399238586426
endloop
endfacet
facet normal -0.9807850135586839 0 -0.1950916635294606
outer loop
vertex 22.350061416625977 -58.29990768432617 -4.949999809265137
vertex 22.23587989807129 -56.53568649291992 -4.375974655151367
vertex 22.350061416625977 -56.53569412231445 -4.949999809265137
endloop
endfacet
facet normal -0.5555727355063835 -2.7405017125605693e-7 -0.831467940188844
outer loop
vertex 21.627355575561523 -59.02154541015625 -3.700000047683716
vertex 21.424087524414062 -56.535648345947266 -3.564180612564087
vertex 21.910720825195312 -58.91225051879883 -3.8893399238586426
endloop
endfacet
facet normal -0.5555704184514964 0 -0.8314694884008849
outer loop
vertex 21.627355575561523 -59.02154541015625 -3.700000047683716
vertex 21.424087524414062 -59.02153015136719 -3.564180612564087
vertex 21.424087524414062 -56.535648345947266 -3.564180612564087
endloop
endfacet
facet normal -0.8314695010489663 0 -0.5555703995223136
outer loop
vertex 21.910720825195312 -58.91225051879883 -3.8893399238586426
vertex 21.910720825195312 -56.53567123413086 -3.8893399238586426
vertex 22.23587989807129 -58.63131332397461 -4.375974655151367
endloop
endfacet
facet normal -0.980785013558684 0 -0.1950916635294606
outer loop
vertex 22.23587989807129 -58.63131332397461 -4.375974655151367
vertex 22.23587989807129 -56.53568649291992 -4.375974655151367
vertex 22.350061416625977 -58.29990768432617 -4.949999809265137
endloop
endfacet
facet normal -0.8314695010489662 0 -0.5555703995223135
outer loop
vertex 21.910720825195312 -56.53567123413086 -3.8893399238586426
vertex 22.23587989807129 -56.53568649291992 -4.375974655151367
vertex 22.23587989807129 -58.63131332397461 -4.375974655151367
endloop
endfacet
endsolid auto-kdk-case
